2025-08-19 11:33:13,615 [INFO] Activator:176 - 


2025-08-19 11:33:13,620 [INFO] Activator:177 - !SESSION log4j initialized
2025-08-19 11:33:21,235 [INFO] LogOutputStream:77 - [STDOUT_REDIRECT] 
2025-08-19 11:33:24,311 [INFO] ApplicationProperties:184 - Using Application install path: C:\ST\STM32CubeIDE_1.19.0\STM32CubeIDE\plugins\com.st.stm32cube.common.mx_6.15.0.202507011659
2025-08-19 11:33:24,325 [INFO] DbMcusXml:78 - Set database path to: C:\ST\STM32CubeIDE_1.19.0\STM32CubeIDE\plugins\com.st.stm32cube.common.mx_6.15.0.202507011659\\db\/mcu/
2025-08-19 11:33:24,325 [INFO] ApiDb:274 - Set plugin database path to: C:\ST\STM32CubeIDE_1.19.0\STM32CubeIDE\plugins\com.st.stm32cube.common.mx_6.15.0.202507011659\\db\/plugins/boardmanager/
2025-08-19 11:33:24,326 [WARN] ApiDb:259 - Overriding images path with different value:  => C:\ST\STM32CubeIDE_1.19.0\STM32CubeIDE\plugins\com.st.stm32cube.common.mx_6.15.0.202507011659\\db\/plugins/mcufinder/images/
2025-08-19 11:33:24,333 [INFO] ApiDb:250 - Set database path to: C:\Users\USERIT\.stmcufinder\plugins\mcufinder//mcu/
2025-08-19 11:33:24,334 [INFO] DbMcusAds:125 - Set database path to: C:\Users\USERIT\.stmcufinder\plugins\mcufinder//mcu/
2025-08-19 11:33:24,336 [INFO] CrossReferenceDbSqlite:203 - Set database path to: C:\Users\USERIT\.stmcufinder\plugins\mcufinder//mcu/cs/
2025-08-19 11:33:24,445 [INFO] RulesReader:64 - Compatibility file has been processed (317 Rules)
2025-08-19 11:33:24,523 [INFO] DbMcusXml:78 - Set database path to: C:\ST\STM32CubeIDE_1.19.0\STM32CubeIDE\plugins\com.st.stm32cube.common.mx_6.15.0.202507011659\\db\/mcu/
2025-08-19 11:33:24,523 [INFO] ApiDb:274 - Set plugin database path to: C:\ST\STM32CubeIDE_1.19.0\STM32CubeIDE\plugins\com.st.stm32cube.common.mx_6.15.0.202507011659\\db\/plugins/boardmanager/
2025-08-19 11:33:24,523 [INFO] ApiDb:261 - Set plugin images path to: C:\ST\STM32CubeIDE_1.19.0\STM32CubeIDE\plugins\com.st.stm32cube.common.mx_6.15.0.202507011659\\db\/plugins/mcufinder/images/
2025-08-19 11:33:24,523 [WARN] DbFile:41 - Overriding database path with different value: C:\Users\USERIT\.stmcufinder\plugins\mcufinder/ => C:\Users\USERIT\.stmcufinder\plugins\mcufinder
2025-08-19 11:33:24,524 [INFO] ApiDb:250 - Set database path to: C:\Users\USERIT\.stmcufinder\plugins\mcufinder//mcu/
2025-08-19 11:33:24,524 [WARN] DbFile:41 - Overriding database path with different value: C:\Users\USERIT\.stmcufinder\plugins\mcufinder/ => C:\Users\USERIT\.stmcufinder\plugins\mcufinder
2025-08-19 11:33:24,524 [INFO] DbMcusAds:125 - Set database path to: C:\Users\USERIT\.stmcufinder\plugins\mcufinder//mcu/
2025-08-19 11:33:24,524 [WARN] DbFile:41 - Overriding database path with different value: C:\Users\USERIT\.stmcufinder\plugins\mcufinder/ => C:\Users\USERIT\.stmcufinder\plugins\mcufinder
2025-08-19 11:33:24,524 [WARN] DbFile:41 - Overriding database path with different value: C:\Users\USERIT\.stmcufinder\plugins\mcufinder/ => C:\Users\USERIT\.stmcufinder\plugins\mcufinder
2025-08-19 11:33:24,524 [INFO] CrossReferenceDbSqlite:203 - Set database path to: C:\Users\USERIT\.stmcufinder\plugins\mcufinder//mcu/cs/
2025-08-19 11:33:24,591 [INFO] MainPanel:274 - HeapMemory: 268435456
2025-08-19 11:33:24,687 [INFO] DbMcusXml:78 - Set database path to: C:\ST\STM32CubeIDE_1.19.0\STM32CubeIDE\plugins\com.st.stm32cube.common.mx_6.15.0.202507011659\\db\/mcu/
2025-08-19 11:33:24,687 [INFO] ApiDb:274 - Set plugin database path to: C:\ST\STM32CubeIDE_1.19.0\STM32CubeIDE\plugins\com.st.stm32cube.common.mx_6.15.0.202507011659\\db\/plugins/boardmanager/
2025-08-19 11:33:24,687 [INFO] ApiDb:261 - Set plugin images path to: C:\ST\STM32CubeIDE_1.19.0\STM32CubeIDE\plugins\com.st.stm32cube.common.mx_6.15.0.202507011659\\db\/plugins/mcufinder/images/
2025-08-19 11:33:24,687 [WARN] DbFile:41 - Overriding database path with different value: C:\Users\USERIT\.stmcufinder\plugins\mcufinder/ => C:\Users\USERIT\.stmcufinder\plugins\mcufinder
2025-08-19 11:33:24,687 [INFO] ApiDb:250 - Set database path to: C:\Users\USERIT\.stmcufinder\plugins\mcufinder//mcu/
2025-08-19 11:33:24,688 [WARN] DbFile:41 - Overriding database path with different value: C:\Users\USERIT\.stmcufinder\plugins\mcufinder/ => C:\Users\USERIT\.stmcufinder\plugins\mcufinder
2025-08-19 11:33:24,688 [INFO] DbMcusAds:125 - Set database path to: C:\Users\USERIT\.stmcufinder\plugins\mcufinder//mcu/
2025-08-19 11:33:24,688 [WARN] DbFile:41 - Overriding database path with different value: C:\Users\USERIT\.stmcufinder\plugins\mcufinder/ => C:\Users\USERIT\.stmcufinder\plugins\mcufinder
2025-08-19 11:33:24,688 [WARN] DbFile:41 - Overriding database path with different value: C:\Users\USERIT\.stmcufinder\plugins\mcufinder/ => C:\Users\USERIT\.stmcufinder\plugins\mcufinder
2025-08-19 11:33:24,689 [INFO] CrossReferenceDbSqlite:203 - Set database path to: C:\Users\USERIT\.stmcufinder\plugins\mcufinder//mcu/cs/
2025-08-19 11:33:24,704 [INFO] ApplicationProperties:184 - Using Application install path: C:\ST\STM32CubeIDE_1.19.0\STM32CubeIDE\plugins\com.st.stm32cube.common.mx_6.15.0.202507011659
2025-08-19 11:33:24,705 [INFO] PluginManage:196 - Search for loadable plugins [exclusion list=, ]
2025-08-19 11:33:24,707 [INFO] PluginManage:310 - Check plugin analytics
2025-08-19 11:33:24,903 [INFO] AnalyticsPlugin:253 - Accepted Software Licenses: 
2025-08-19 11:33:24,904 [INFO] AnalyticsPlugin:255 - Accepted CMSIS Pack Licenses: 
2025-08-19 11:33:24,904 [INFO] AnalyticsPlugin:257 - Accepted Firmware Licenses: FW.F7.1.17.0
2025-08-19 11:33:24,906 [INFO] PluginManage:359 - Loaded plugin analytics (category:tool,tabindex:-1)
2025-08-19 11:33:24,906 [INFO] PluginManage:310 - Check plugin cadmodel
2025-08-19 11:33:24,922 [INFO] CADModel:105 - Init CAD model plugin
2025-08-19 11:33:24,922 [INFO] PluginManage:359 - Loaded plugin cadmodel (category:power,tabindex:5)
2025-08-19 11:33:24,922 [INFO] PluginManage:310 - Check plugin clock
2025-08-19 11:33:24,940 [INFO] PluginManage:359 - Loaded plugin clock (category:base,tabindex:2)
2025-08-19 11:33:24,940 [INFO] PluginManage:310 - Check plugin ddr
2025-08-19 11:33:24,942 [INFO] PluginManage:359 - Loaded plugin ddr (category:tool,tabindex:6)
2025-08-19 11:33:24,942 [INFO] PluginManage:310 - Check plugin filemanager
2025-08-19 11:33:25,077 [INFO] PluginManage:359 - Loaded plugin filemanager (category:base,tabindex:10)
2025-08-19 11:33:25,077 [INFO] PluginManage:310 - Check plugin ipmanager
2025-08-19 11:33:25,084 [INFO] PluginManage:359 - Loaded plugin ipmanager (category:base,tabindex:5)
2025-08-19 11:33:25,084 [INFO] PluginManage:310 - Check plugin lpbam
2025-08-19 11:33:25,101 [INFO] PluginManage:359 - Loaded plugin lpbam (category:base,tabindex:0)
2025-08-19 11:33:25,101 [INFO] PluginManage:310 - Check plugin memorymap
2025-08-19 11:33:25,129 [INFO] PluginManage:359 - Loaded plugin memorymap (category:base,tabindex:4)
2025-08-19 11:33:25,130 [INFO] PluginManage:310 - Check plugin pinoutandconfiguration
2025-08-19 11:33:25,157 [INFO] PluginManage:359 - Loaded plugin pinoutandconfiguration (category:base,tabindex:1)
2025-08-19 11:33:25,158 [INFO] PluginManage:310 - Check plugin pinoutconfig
2025-08-19 11:33:25,276 [WARN] SupportedApi:132 - Cannot load RTOS API schema: s4s-elt-must-match.1: The content of 'definitions' must match (annotation?, (simpleType | complexType)?, (unique | key | keyref)*)). A problem was found starting at: attribute.
2025-08-19 11:33:25,409 [INFO] PluginManage:359 - Loaded plugin pinoutconfig (category:base,tabindex:0)
2025-08-19 11:33:25,410 [INFO] PluginManage:310 - Check plugin power
2025-08-19 11:33:25,434 [INFO] PluginManage:359 - Loaded plugin power (category:power,tabindex:4)
2025-08-19 11:33:25,434 [INFO] PluginManage:310 - Check plugin projectmanager
2025-08-19 11:33:25,450 [INFO] PluginManage:359 - Loaded plugin projectmanager (category:projectmanager,tabindex:4)
2025-08-19 11:33:25,450 [INFO] PluginManage:310 - Check plugin rif
2025-08-19 11:33:25,470 [INFO] PluginManage:359 - Loaded plugin rif (category:base,tabindex:3)
2025-08-19 11:33:25,470 [INFO] PluginManage:310 - Check plugin thirdparty
2025-08-19 11:33:25,782 [INFO] PluginManage:359 - Loaded plugin thirdparty (category:base,tabindex:-1)
2025-08-19 11:33:25,782 [WARN] IntegrityCheckThread:84 - waiting for thirdparty lock release [integrity check]
2025-08-19 11:33:25,782 [INFO] PluginManage:310 - Check plugin tools
2025-08-19 11:33:25,782 [INFO] IntegrityCheckThread:86 - entering critical section [integrity check]
2025-08-19 11:33:25,782 [INFO] ThirdPartyUpdaterWithRetryManager:70 - Updater plugin not ready yet. [1/15]
2025-08-19 11:33:25,822 [INFO] PluginManage:359 - Loaded plugin tools (category:base,tabindex:7)
2025-08-19 11:33:25,822 [INFO] PluginManage:310 - Check plugin tutovideos
2025-08-19 11:33:26,038 [INFO] PluginManage:359 - Loaded plugin tutovideos (category:base,tabindex:-1)
2025-08-19 11:33:26,038 [INFO] PluginManage:310 - Check plugin updater
2025-08-19 11:33:26,060 [INFO] PluginManage:359 - Loaded plugin updater (category:base,tabindex:12)
2025-08-19 11:33:26,060 [INFO] PluginManage:310 - Check plugin userauth
2025-08-19 11:33:26,064 [INFO] UserAuth:118 - Init User Auth plugin
2025-08-19 11:33:26,064 [INFO] PluginManage:359 - Loaded plugin userauth (category:base,tabindex:14)
2025-08-19 11:33:26,065 [INFO] PluginManage:283 - PluginManage : Loaded plugins [18]
2025-08-19 11:33:26,282 [INFO] PinOutPanel:1589 - setPackage(No Configuration,No Configuration)
2025-08-19 11:33:26,356 [INFO] CADModel:165 - CPN selected for project level
2025-08-19 11:33:26,356 [INFO] CADModel:114 - Register for checkConnection events
2025-08-19 11:33:26,380 [INFO] IPUIPlugin:80 - create IPUIPlugin
2025-08-19 11:33:26,380 [INFO] PluginManager:220 - loadIPPluginJar : add adc
2025-08-19 11:33:26,417 [INFO] IPUIPlugin:80 - create IPUIPlugin
2025-08-19 11:33:26,418 [INFO] PluginManager:220 - loadIPPluginJar : add aes
2025-08-19 11:33:26,461 [INFO] IPUIPlugin:80 - create IPUIPlugin
2025-08-19 11:33:26,461 [INFO] PluginManager:220 - loadIPPluginJar : add can
2025-08-19 11:33:26,487 [INFO] IPUIPlugin:80 - create IPUIPlugin
2025-08-19 11:33:26,488 [INFO] PluginManager:220 - loadIPPluginJar : add comp
2025-08-19 11:33:26,525 [INFO] IPUIPlugin:80 - create IPUIPlugin
2025-08-19 11:33:26,525 [INFO] PluginManager:220 - loadIPPluginJar : add cryp
2025-08-19 11:33:26,538 [INFO] IPUIPlugin:80 - create IPUIPlugin
2025-08-19 11:33:26,538 [INFO] PluginManager:220 - loadIPPluginJar : add ddr_ctrl_phy
2025-08-19 11:33:26,575 [INFO] IPUIPlugin:80 - create IPUIPlugin
2025-08-19 11:33:26,575 [INFO] PluginManager:220 - loadIPPluginJar : add dfsdm
2025-08-19 11:33:26,590 [INFO] IPUIPlugin:80 - create IPUIPlugin
2025-08-19 11:33:26,590 [INFO] PluginManager:220 - loadIPPluginJar : add dma
2025-08-19 11:33:26,649 [INFO] IPUIPlugin:80 - create IPUIPlugin
2025-08-19 11:33:26,649 [INFO] PluginManager:220 - loadIPPluginJar : add dma3
2025-08-19 11:33:26,700 [INFO] IPUIPlugin:80 - create IPUIPlugin
2025-08-19 11:33:26,700 [INFO] PluginManager:220 - loadIPPluginJar : add extmemmanager
2025-08-19 11:33:26,725 [INFO] IPUIPlugin:80 - create IPUIPlugin
2025-08-19 11:33:26,725 [INFO] PluginManager:220 - loadIPPluginJar : add fatfs
2025-08-19 11:33:26,775 [INFO] IPUIPlugin:80 - create IPUIPlugin
2025-08-19 11:33:26,775 [INFO] PluginManager:220 - loadIPPluginJar : add fmc
2025-08-19 11:33:26,790 [INFO] IPUIPlugin:80 - create IPUIPlugin
2025-08-19 11:33:26,790 [INFO] PluginManager:220 - loadIPPluginJar : add freertos
2025-08-19 11:33:26,812 [INFO] IPUIPlugin:80 - create IPUIPlugin
2025-08-19 11:33:26,813 [INFO] PluginManager:220 - loadIPPluginJar : add genericplugin
2025-08-19 11:33:26,934 [INFO] IPUIPlugin:80 - create IPUIPlugin
2025-08-19 11:33:26,934 [INFO] PluginManager:220 - loadIPPluginJar : add gfxmmu
2025-08-19 11:33:27,116 [INFO] IPUIPlugin:80 - create IPUIPlugin
2025-08-19 11:33:27,116 [INFO] PluginManager:220 - loadIPPluginJar : add gic
2025-08-19 11:33:27,131 [INFO] IPUIPlugin:80 - create IPUIPlugin
2025-08-19 11:33:27,131 [INFO] PluginManager:220 - loadIPPluginJar : add gpio
2025-08-19 11:33:27,265 [INFO] IPUIPlugin:80 - create IPUIPlugin
2025-08-19 11:33:27,265 [INFO] PluginManager:220 - loadIPPluginJar : add gtzc
2025-08-19 11:33:27,307 [INFO] IPUIPlugin:80 - create IPUIPlugin
2025-08-19 11:33:27,308 [INFO] PluginManager:220 - loadIPPluginJar : add hash
2025-08-19 11:33:27,375 [INFO] IPUIPlugin:80 - create IPUIPlugin
2025-08-19 11:33:27,375 [INFO] PluginManager:220 - loadIPPluginJar : add i2c
2025-08-19 11:33:27,445 [INFO] IPUIPlugin:80 - create IPUIPlugin
2025-08-19 11:33:27,445 [INFO] PluginManager:220 - loadIPPluginJar : add i2s
2025-08-19 11:33:27,506 [INFO] IPUIPlugin:80 - create IPUIPlugin
2025-08-19 11:33:27,506 [INFO] PluginManager:220 - loadIPPluginJar : add i3c
2025-08-19 11:33:27,649 [INFO] IPUIPlugin:80 - create IPUIPlugin
2025-08-19 11:33:27,649 [INFO] PluginManager:220 - loadIPPluginJar : add ipddr
2025-08-19 11:33:27,791 [INFO] IPUIPlugin:80 - create IPUIPlugin
2025-08-19 11:33:27,791 [INFO] PluginManager:220 - loadIPPluginJar : add linkedlist
2025-08-19 11:33:27,869 [INFO] IPUIPlugin:80 - create IPUIPlugin
2025-08-19 11:33:27,870 [INFO] PluginManager:220 - loadIPPluginJar : add lorawan
2025-08-19 11:33:27,956 [INFO] IPUIPlugin:80 - create IPUIPlugin
2025-08-19 11:33:27,956 [INFO] PluginManager:220 - loadIPPluginJar : add ltdc
2025-08-19 11:33:27,982 [INFO] IPUIPlugin:80 - create IPUIPlugin
2025-08-19 11:33:27,982 [INFO] PluginManager:220 - loadIPPluginJar : add mdma
2025-08-19 11:33:28,007 [INFO] IPUIPlugin:80 - create IPUIPlugin
2025-08-19 11:33:28,007 [INFO] PluginManager:220 - loadIPPluginJar : add nvic
2025-08-19 11:33:28,110 [INFO] IPUIPlugin:80 - create IPUIPlugin
2025-08-19 11:33:28,111 [INFO] PluginManager:220 - loadIPPluginJar : add opamp
2025-08-19 11:33:28,265 [INFO] IPUIPlugin:80 - create IPUIPlugin
2025-08-19 11:33:28,265 [INFO] PluginManager:220 - loadIPPluginJar : add openamp
2025-08-19 11:33:28,381 [INFO] IPUIPlugin:80 - create IPUIPlugin
2025-08-19 11:33:28,381 [INFO] PluginManager:220 - loadIPPluginJar : add pdm2pcm
2025-08-19 11:33:28,407 [INFO] IPUIPlugin:80 - create IPUIPlugin
2025-08-19 11:33:28,410 [INFO] PluginManager:220 - loadIPPluginJar : add plateformsettings
2025-08-19 11:33:28,467 [INFO] IPUIPlugin:80 - create IPUIPlugin
2025-08-19 11:33:28,467 [INFO] PluginManager:220 - loadIPPluginJar : add quadspi
2025-08-19 11:33:28,524 [INFO] IPUIPlugin:80 - create IPUIPlugin
2025-08-19 11:33:28,525 [INFO] PluginManager:220 - loadIPPluginJar : add radio
2025-08-19 11:33:28,550 [INFO] IPUIPlugin:80 - create IPUIPlugin
2025-08-19 11:33:28,550 [INFO] PluginManager:220 - loadIPPluginJar : add resmgrutility
2025-08-19 11:33:28,649 [INFO] IPUIPlugin:80 - create IPUIPlugin
2025-08-19 11:33:28,650 [INFO] PluginManager:220 - loadIPPluginJar : add sai
2025-08-19 11:33:28,728 [INFO] IPUIPlugin:80 - create IPUIPlugin
2025-08-19 11:33:28,729 [INFO] PluginManager:220 - loadIPPluginJar : add spi
2025-08-19 11:33:28,784 [INFO] ThirdPartyUpdaterWithRetryManager:70 - Updater plugin not ready yet. [2/15]
2025-08-19 11:33:28,846 [INFO] IPUIPlugin:80 - create IPUIPlugin
2025-08-19 11:33:28,847 [INFO] PluginManager:220 - loadIPPluginJar : add stm32_wpan
2025-08-19 11:33:28,901 [INFO] IPUIPlugin:80 - create IPUIPlugin
2025-08-19 11:33:28,901 [INFO] PluginManager:220 - loadIPPluginJar : add tim
2025-08-19 11:33:29,019 [INFO] IPUIPlugin:80 - create IPUIPlugin
2025-08-19 11:33:29,019 [INFO] PluginManager:220 - loadIPPluginJar : add touchsensing
2025-08-19 11:33:29,052 [INFO] IPUIPlugin:80 - create IPUIPlugin
2025-08-19 11:33:29,052 [INFO] PluginManager:220 - loadIPPluginJar : add tracer_emb
2025-08-19 11:33:29,088 [INFO] IPUIPlugin:80 - create IPUIPlugin
2025-08-19 11:33:29,089 [INFO] PluginManager:220 - loadIPPluginJar : add ts
2025-08-19 11:33:29,122 [INFO] IPUIPlugin:80 - create IPUIPlugin
2025-08-19 11:33:29,122 [INFO] PluginManager:220 - loadIPPluginJar : add tsc
2025-08-19 11:33:29,154 [INFO] IPUIPlugin:80 - create IPUIPlugin
2025-08-19 11:33:29,154 [INFO] PluginManager:220 - loadIPPluginJar : add ucpd
2025-08-19 11:33:29,221 [INFO] IPUIPlugin:80 - create IPUIPlugin
2025-08-19 11:33:29,221 [INFO] PluginManager:220 - loadIPPluginJar : add usart
2025-08-19 11:33:29,279 [INFO] IPUIPlugin:80 - create IPUIPlugin
2025-08-19 11:33:29,279 [INFO] PluginManager:220 - loadIPPluginJar : add usbx
2025-08-19 11:33:29,410 [FATAL] Updater:351 - Updater called before beeing initialized
2025-08-19 11:33:29,455 [INFO] RulesReader:64 - Compatibility file has been processed (317 Rules)
2025-08-19 11:33:29,472 [INFO] RulesReader:64 - Compatibility file has been processed (317 Rules)
2025-08-19 11:33:29,481 [INFO] CADModel:165 - CPN selected for project level
2025-08-19 11:33:29,481 [INFO] CADModel:114 - Register for checkConnection events
2025-08-19 11:33:29,482 [FATAL] Updater:351 - Updater called before beeing initialized
2025-08-19 11:33:29,482 [ERROR] CADModel:125 - Updater not yet initialized, retry later 
2025-08-19 11:33:29,652 [FATAL] Updater:351 - Updater called before beeing initialized
2025-08-19 11:33:29,656 [INFO] CADModel:165 - CPN selected for project level
2025-08-19 11:33:29,656 [INFO] CADModel:114 - Register for checkConnection events
2025-08-19 11:33:29,656 [FATAL] Updater:351 - Updater called before beeing initialized
2025-08-19 11:33:29,656 [ERROR] CADModel:125 - Updater not yet initialized, retry later 
2025-08-19 11:33:29,660 [FATAL] Updater:351 - Updater called before beeing initialized
2025-08-19 11:33:29,799 [FATAL] Updater:351 - Updater called before beeing initialized
2025-08-19 11:33:29,811 [INFO] DbMcusAds:53 - JSON generation date=Tue Jul 08 15:14:23 ICT 2025 (1751962463582)
2025-08-19 11:33:29,811 [FATAL] Updater:351 - Updater called before beeing initialized
2025-08-19 11:33:29,847 [WARN] DetailPanel:346 - Failed to get advertising image, set to default
2025-08-19 11:33:29,925 [FATAL] Updater:351 - Updater called before beeing initialized
2025-08-19 11:33:29,927 [FATAL] Updater:351 - Updater called before beeing initialized
2025-08-19 11:33:29,928 [FATAL] Updater:351 - Updater called before beeing initialized
2025-08-19 11:33:29,928 [WARN] DetailPanel:346 - Failed to get advertising image, set to default
2025-08-19 11:33:29,929 [FATAL] Updater:351 - Updater called before beeing initialized
2025-08-19 11:33:30,006 [ERROR] Updater:1198 - MainUpdater not yet initialized. External WinMGr cannot be set.
2025-08-19 11:33:30,019 [INFO] Updater:1134 - Updater Version found : 6.15.0
2025-08-19 11:33:30,033 [INFO] ApplicationProperties:184 - Using Application install path: C:\ST\STM32CubeIDE_1.19.0\STM32CubeIDE\plugins\com.st.stm32cube.common.mx_6.15.0.202507011659
2025-08-19 11:33:31,723 [ERROR] LogOutputStream:75 - [STDERR_REDIRECT] Aug 19, 2025 11:33:31 AM java.util.prefs.WindowsPreferences <init>
2025-08-19 11:33:31,740 [ERROR] LogOutputStream:75 - [STDERR_REDIRECT] WARNING: Could not open/create prefs root node Software\JavaSoft\Prefs at root 0xffffffff80000002. Windows RegCreateKeyEx(...) returned error code 5.
2025-08-19 11:33:31,741 [ERROR] LogOutputStream:75 - [STDERR_REDIRECT] 
2025-08-19 11:33:31,797 [INFO] ThirdPartyUpdaterWithRetryManager:70 - Updater plugin not ready yet. [3/15]
2025-08-19 11:33:32,405 [INFO] MainUpdater:2872 - connection check result : 10
2025-08-19 11:33:32,405 [INFO] MainUpdater:3604 - Updater definition file requires update
2025-08-19 11:33:32,406 [INFO] MainUpdater:289 - Updater Check For Update Now.
2025-08-19 11:33:32,407 [INFO] MicroXplorer:498 - Change Database Version : DB.6.0.150
2025-08-19 11:33:32,434 [INFO] McuFinderGlobals:63 - Set McuFinder mode to 2 (CubeIDE integrated)
2025-08-19 11:33:32,450 [INFO] UserAuth:487 - Internet connection configuration mode: 1
2025-08-19 11:33:32,474 [INFO] ServerAccessManage:452 - Complete download http(s) 200
2025-08-19 11:33:32,476 [INFO] ServerAccessManage:509 - Download File updaters.zip
2025-08-19 11:33:32,502 [INFO] JxBrowserEngine:152 - Initiate JxBrowser Engine with user profile folder
2025-08-19 11:33:32,626 [INFO] FileExtend:248 - Unzip File : updaters.zip
2025-08-19 11:33:32,626 [INFO] FileExtend:263 - Standard Zip Deflate
2025-08-19 11:33:34,175 [INFO] ServerAccessManage:452 - Complete download http(s) 200
2025-08-19 11:33:34,175 [INFO] ServerAccessManage:509 - Download File PacksControlFlags.xml
2025-08-19 11:33:34,842 [INFO] ServerAccessManage:452 - Complete download http(s) 200
2025-08-19 11:33:34,842 [INFO] ServerAccessManage:509 - Download File cubemx.pidx
2025-08-19 11:33:34,912 [WARN] MainUpdater:1193 - Updater busy. Cannot search thirdparties
2025-08-19 11:33:34,912 [INFO] ThirdPartyUpdaterWithRetryManager:96 - Updater plugin is busy. [1/15]
2025-08-19 11:33:35,323 [INFO] LoadServerUpdatesThread:375 - End of LoadServerUpdate Thread
2025-08-19 11:33:35,729 [INFO] CheckServerUpdateThread:120 - End of CheckServer Thread
2025-08-19 11:33:36,863 [INFO] WebApp:169 - Instantiating new browser for Auth
2025-08-19 11:33:38,432 [INFO] WebApp:463 - Apply proxy settings
2025-08-19 11:33:38,433 [INFO] WebApp:548 - Chromium requires no authentication
2025-08-19 11:33:38,454 [INFO] WebApp:491 - Direct internet connection detected
2025-08-19 11:33:38,583 [INFO] WebApp:900 - Register for checkConnection events
2025-08-19 11:33:38,583 [INFO] WebApp:463 - Apply proxy settings
2025-08-19 11:33:38,583 [INFO] WebApp:548 - Chromium requires no authentication
2025-08-19 11:33:38,584 [INFO] WebApp:491 - Direct internet connection detected
2025-08-19 11:33:38,831 [INFO] WebApp:191 - Connection restablished
2025-08-19 11:33:38,836 [WARN] PackLoader:240 - Cannot read IP mode file for STMicroelectronics.FP-SNS-MOTENVWB1.1.4.0
2025-08-19 11:33:38,876 [WARN] PackLoader:240 - Cannot read IP mode file for STMicroelectronics.FP-ATR-ASTRA1.2.0.2
2025-08-19 11:33:38,932 [WARN] PackLoader:240 - Cannot read IP mode file for STMicroelectronics.X-CUBE-SMBUS.2.1.0
2025-08-19 11:33:38,967 [WARN] PackLoader:240 - Cannot read IP mode file for STMicroelectronics.X-CUBE-ST60.1.0.0
2025-08-19 11:33:39,184 [WARN] PackLoader:240 - Cannot read IP mode file for STMicroelectronics.X-CUBE-AZRTOS-F7.1.1.0
2025-08-19 11:33:39,190 [INFO] WebApp:225 - Starting web application
2025-08-19 11:33:39,190 [INFO] WebApp:593 - Web application path used C:\ST\STM32CubeIDE_1.19.0\STM32CubeIDE\plugins\com.st.stm32cube.common.mx_6.15.0.202507011659\db\plugins\mcufinder\reactClient1\index.html
2025-08-19 11:33:39,752 [WARN] PackLoader:240 - Cannot read IP mode file for Infineon.AIROC-Wi-Fi-Bluetooth-STM32.1.7.1
2025-08-19 11:33:39,932 [WARN] PackLoader:240 - Cannot read IP mode file for STMicroelectronics.X-CUBE-DISPLAY.3.0.0
2025-08-19 11:33:39,979 [WARN] PackLoader:240 - Cannot read IP mode file for STMicroelectronics.X-CUBE-NFC10.1.0.0
2025-08-19 11:33:40,021 [WARN] PackLoader:240 - Cannot read IP mode file for emotas.I-CUBE-CANOPEN.1.3.0
2025-08-19 11:33:40,056 [INFO] UserAuth:487 - Internet connection configuration mode: 1
2025-08-19 11:33:40,107 [WARN] PackLoader:240 - Cannot read IP mode file for STMicroelectronics.FP-SNS-STBOX1.2.1.0
2025-08-19 11:33:40,177 [WARN] PackLoader:240 - Cannot read IP mode file for STMicroelectronics.FP-SNS-SMARTAG2.1.2.0
2025-08-19 11:33:40,209 [WARN] PackLoader:240 - Cannot read IP mode file for STMicroelectronics.FP-SNS-FLIGHT1.5.1.0
2025-08-19 11:33:40,255 [INFO] LogOutputStream:77 - [STDOUT_REDIRECT] 1 : Invalid condition id : UX_CORESTACK_Condition cause : null
2025-08-19 11:33:40,256 [INFO] LogOutputStream:77 - [STDOUT_REDIRECT] 1 : Invalid condition id : UX_CORESTACK_Condition cause : null
2025-08-19 11:33:40,260 [INFO] LogOutputStream:77 - [STDOUT_REDIRECT] 1 : Invalid condition id : UX_CORESTACK_Condition cause : null
2025-08-19 11:33:40,263 [INFO] LogOutputStream:77 - [STDOUT_REDIRECT] 1 : Invalid condition id : UX_CORESTACK_Condition cause : null
2025-08-19 11:33:40,267 [INFO] LogOutputStream:77 - [STDOUT_REDIRECT] 1 : Invalid condition id : UX_CORESTACK_Condition cause : null
2025-08-19 11:33:40,280 [WARN] PackLoader:240 - Cannot read IP mode file for STMicroelectronics.X-CUBE-AZRTOS-WL.2.0.0
2025-08-19 11:33:40,361 [WARN] PackLoader:240 - Cannot read IP mode file for STMicroelectronics.FP-SNS-MOTENV1.5.0.0
2025-08-19 11:33:40,416 [WARN] PackLoader:240 - Cannot read IP mode file for WES.I-CUBE-Cesium.1.3.0
2025-08-19 11:33:40,440 [WARN] PackLoader:240 - Cannot read IP mode file for STMicroelectronics.X-CUBE-BLE2.3.3.0
2025-08-19 11:33:40,472 [WARN] PackLoader:240 - Cannot read IP mode file for STMicroelectronics.X-CUBE-NFC9.1.0.0
2025-08-19 11:33:40,502 [WARN] PackLoader:240 - Cannot read IP mode file for STMicroelectronics.X-CUBE-BLE1.7.1.0
2025-08-19 11:33:40,528 [WARN] PackLoader:240 - Cannot read IP mode file for wolfSSL.I-CUBE-wolfMQTT.1.19.2
2025-08-19 11:33:40,557 [WARN] PackLoader:240 - Cannot read IP mode file for STMicroelectronics.X-CUBE-AI.10.1.0
2025-08-19 11:33:40,631 [WARN] PackLoader:240 - Cannot read IP mode file for STMicroelectronics.X-CUBE-AZRTOS-G0.1.1.0
2025-08-19 11:33:40,736 [WARN] PackLoader:240 - Cannot read IP mode file for STMicroelectronics.X-CUBE-SAFEA1.1.2.2
2025-08-19 11:33:40,851 [WARN] PackLoader:240 - Cannot read IP mode file for STMicroelectronics.X-CUBE-NFC4.3.0.0
2025-08-19 11:33:40,898 [WARN] PackLoader:240 - Cannot read IP mode file for EmbeddedOffice.I-CUBE-FS-RTOS.1.0.1
2025-08-19 11:33:40,934 [WARN] PackLoader:240 - Cannot read IP mode file for STMicroelectronics.X-CUBE-WB05N.2.0.0
2025-08-19 11:33:40,973 [WARN] PackLoader:240 - Cannot read IP mode file for wolfSSL.I-CUBE-wolfTPM.3.8.0
2025-08-19 11:33:40,999 [WARN] PackLoader:240 - Cannot read IP mode file for STMicroelectronics.X-CUBE-TCPP.4.2.0
2025-08-19 11:33:41,046 [WARN] PackLoader:240 - Cannot read IP mode file for RealThread.X-CUBE-RT-Thread_Nano.4.1.1
2025-08-19 11:33:41,079 [WARN] PackLoader:240 - Cannot read IP mode file for STMicroelectronics.FP-ATR-SIGFOX1.3.2.0
2025-08-19 11:33:41,141 [WARN] PackLoader:240 - Cannot read IP mode file for ITTIA_DB.I-CUBE-ITTIADB.8.9.0
2025-08-19 11:33:41,176 [WARN] PackLoader:240 - Cannot read IP mode file for STMicroelectronics.X-CUBE-ST67W61.1.0.0
2025-08-19 11:33:41,207 [WARN] PackLoader:240 - Cannot read IP mode file for STMicroelectronics.X-CUBE-AI.10.2.0
2025-08-19 11:33:41,320 [WARN] PackLoader:240 - Cannot read IP mode file for SEGGER.I-CUBE-embOS.1.3.1
2025-08-19 11:33:41,836 [WARN] PackLoader:240 - Cannot read IP mode file for STMicroelectronics.X-CUBE-ALGOBUILD.1.4.0
2025-08-19 11:33:42,114 [WARN] PackLoader:240 - Cannot read IP mode file for STMicroelectronics.X-CUBE-MEMS1.11.3.0
2025-08-19 11:33:42,304 [WARN] PackLoader:240 - Cannot read IP mode file for STMicroelectronics.X-CUBE-PM33A1.1.0.0
2025-08-19 11:33:42,355 [WARN] PackLoader:240 - Cannot read IP mode file for STMicroelectronics.X-CUBE-AZRTOS-F4.1.1.0
2025-08-19 11:33:42,385 [WARN] PackLoader:240 - Cannot read IP mode file for STMicroelectronics.X-CUBE-ISPU.2.1.0
2025-08-19 11:33:42,436 [INFO] WebApp:194 - Connection lost
2025-08-19 11:33:42,436 [WARN] PackLoader:240 - Cannot read IP mode file for STMicroelectronics.X-CUBE-AZRTOS-L5.2.0.0
2025-08-19 11:33:42,471 [WARN] PackLoader:240 - Cannot read IP mode file for STMicroelectronics.X-CUBE-NFC6.3.1.0
2025-08-19 11:33:42,504 [WARN] PackLoader:240 - Cannot read IP mode file for STMicroelectronics.X-CUBE-FREERTOS.1.3.1
2025-08-19 11:33:42,540 [WARN] PackLoader:240 - Cannot read IP mode file for STMicroelectronics.X-CUBE-DPower.1.3.0
2025-08-19 11:33:42,606 [WARN] ConditionMgr:438 - getConditionDescription Invalid condition id : LAN8742 Phy interface Condition cause : null
2025-08-19 11:33:42,607 [WARN] PackLoader:240 - Cannot read IP mode file for STMicroelectronics.X-CUBE-AZRTOS-L4.2.0.0
2025-08-19 11:33:42,610 [WARN] ConditionMgr:1044 - genDependencies : Invalid condition id : LAN8742 Phy interface Condition cause : null
2025-08-19 11:33:42,611 [WARN] ConditionMgr:1044 - genDependencies : Invalid condition id : LAN8742 Phy interface Condition cause : null
2025-08-19 11:33:42,612 [WARN] ConditionMgr:1044 - genDependencies : Invalid condition id : LAN8742 Phy interface Condition cause : null
2025-08-19 11:33:42,651 [WARN] PackLoader:240 - Cannot read IP mode file for STMicroelectronics.X-CUBE-SFXS2LP1.4.0.0
2025-08-19 11:33:42,793 [WARN] ConditionMgr:438 - getConditionDescription Invalid condition id : UX DEVICE CLASS RTOS Condition cause : null
2025-08-19 11:33:42,793 [WARN] ConditionMgr:438 - getConditionDescription Invalid condition id : UX DEVICE CLASS RTOS Condition cause : null
2025-08-19 11:33:42,796 [WARN] PackLoader:240 - Cannot read IP mode file for STMicroelectronics.X-CUBE-AZRTOS-WB.2.0.0
2025-08-19 11:33:42,796 [WARN] ConditionMgr:1044 - genDependencies : Invalid condition id : UX DEVICE CLASS RTOS Condition cause : null
2025-08-19 11:33:42,796 [WARN] ConditionMgr:1044 - genDependencies : Invalid condition id : UX DEVICE CLASS RTOS Condition cause : null
2025-08-19 11:33:42,797 [WARN] ConditionMgr:1044 - genDependencies : Invalid condition id : UX DEVICE CLASS RTOS Condition cause : null
2025-08-19 11:33:42,797 [WARN] ConditionMgr:1044 - genDependencies : Invalid condition id : UX DEVICE CLASS RTOS Condition cause : null
2025-08-19 11:33:42,797 [WARN] ConditionMgr:1044 - genDependencies : Invalid condition id : UX DEVICE CLASS RTOS Condition cause : null
2025-08-19 11:33:42,834 [WARN] PackLoader:240 - Cannot read IP mode file for STMicroelectronics.X-CUBE-GNSS1.7.0.1
2025-08-19 11:33:42,952 [WARN] PackLoader:240 - Cannot read IP mode file for STMicroelectronics.X-CUBE-TOUCHGFX.4.25.0
2025-08-19 11:33:42,981 [WARN] PackLoader:240 - Cannot read IP mode file for STMicroelectronics.FP-SNS-STBOX1.2.0.0
2025-08-19 11:33:43,015 [WARN] ConditionMgr:438 - getConditionDescription Invalid condition id : Cortex-A Device cause : null
2025-08-19 11:33:43,083 [WARN] ConditionMgr:1044 - genDependencies : Invalid condition id : Cortex-A Device cause : null
2025-08-19 11:33:43,083 [WARN] ConditionMgr:1044 - genDependencies : Invalid condition id : Cortex-A Device cause : null
2025-08-19 11:33:43,083 [WARN] ConditionMgr:1044 - genDependencies : Invalid condition id : Cortex-A Device cause : null
2025-08-19 11:33:43,141 [WARN] PackLoader:240 - Cannot read IP mode file for STMicroelectronics.X-CUBE-SUBG2.5.0.0
2025-08-19 11:33:43,213 [WARN] PackLoader:240 - Cannot read IP mode file for STMicroelectronics.X-CUBE-AZRTOS-H7RS.1.1.0
2025-08-19 11:33:43,228 [INFO] WebApp:191 - Connection restablished
2025-08-19 11:33:43,249 [WARN] PackLoader:240 - Cannot read IP mode file for Cesanta.I-CUBE-Mongoose.7.13.0
2025-08-19 11:33:43,297 [WARN] PackLoader:240 - Cannot read IP mode file for STMicroelectronics.X-CUBE-AZRTOS-G4.2.0.0
2025-08-19 11:33:43,326 [WARN] PackLoader:240 - Cannot read IP mode file for wolfSSL.I-CUBE-wolfSSH.1.4.20
2025-08-19 11:33:43,352 [WARN] PackLoader:240 - Cannot read IP mode file for STMicroelectronics.X-CUBE-NFC7.2.0.0
2025-08-19 11:33:43,392 [WARN] PackLoader:240 - Cannot read IP mode file for STMicroelectronics.X-CUBE-IPS.3.1.0
2025-08-19 11:33:43,432 [WARN] PackLoader:240 - Cannot read IP mode file for STMicroelectronics.X-CUBE-ALS.1.0.2
2025-08-19 11:33:43,464 [WARN] PackLoader:240 - Cannot read IP mode file for portGmbH.I-Cube-SoM-uGOAL.1.1.0
2025-08-19 11:33:43,499 [WARN] PackLoader:240 - Cannot read IP mode file for STMicroelectronics.X-CUBE-TOF1.3.4.3
2025-08-19 11:33:43,514 [INFO] ThirdParty:978 - Integrity check success = true
2025-08-19 11:33:43,514 [INFO] IntegrityCheckThread:100 - exiting critical section [integrity check]
2025-08-19 11:33:43,514 [INFO] IntegrityCheckThread:103 - End integrity checks thread
2025-08-19 11:34:07,931 [INFO] McuFinderGlobals:63 - Set McuFinder mode to 2 (CubeIDE integrated)
2025-08-19 11:34:07,991 [INFO] MainUpdater:2872 - connection check result : 10
2025-08-19 11:34:08,039 [INFO] McuFinderGlobals:76 - Set McuFinderConnectedMode to true
2025-08-19 11:34:08,258 [INFO] ServerAccessManage:452 - Complete download http(s) 200
2025-08-19 11:34:08,259 [INFO] ServerAccessManage:509 - Download File mcusAds.json._tmp_
2025-08-19 11:34:08,379 [INFO] LoadUrlFilesThread:156 - End of LoadUrlFiles Thread
2025-08-19 11:34:08,528 [INFO] ServerAccessManage:452 - Complete download http(s) 200
2025-08-19 11:34:08,529 [INFO] ServerAccessManage:509 - Download File cube-finder-db.zip
2025-08-19 11:34:11,332 [INFO] FileExtend:248 - Unzip File : cube-finder-db.zip
2025-08-19 11:34:11,333 [INFO] FileExtend:263 - Standard Zip Deflate
2025-08-19 11:34:12,465 [INFO] LoadUrlFilesThread:156 - End of LoadUrlFiles Thread
2025-08-19 11:34:13,558 [INFO] ServerAccessManage:452 - Complete download http(s) 200
2025-08-19 11:34:13,559 [INFO] ServerAccessManage:509 - Download File crdb.zip
2025-08-19 11:34:14,716 [INFO] FileExtend:248 - Unzip File : crdb.zip
2025-08-19 11:34:14,716 [INFO] FileExtend:263 - Standard Zip Deflate
2025-08-19 11:34:14,869 [INFO] LoadUrlFilesThread:156 - End of LoadUrlFiles Thread
2025-08-19 11:34:14,984 [INFO] ServerAccessManage:452 - Complete download http(s) 200
2025-08-19 11:34:14,984 [INFO] ServerAccessManage:509 - Download File tutoVideoDB.zip
2025-08-19 11:34:14,993 [INFO] FileExtend:248 - Unzip File : tutoVideoDB.zip
2025-08-19 11:34:14,993 [INFO] FileExtend:263 - Standard Zip Deflate
2025-08-19 11:34:15,117 [INFO] LoadUrlFilesThread:156 - End of LoadUrlFiles Thread
2025-08-19 11:34:15,122 [WARN] DbFile:41 - Overriding database path with different value: C:\Users\USERIT\.stmcufinder\plugins\mcufinder/ => C:\Users\USERIT\.stmcufinder\plugins\mcufinder
2025-08-19 11:34:15,235 [INFO] ServerAccessManage:452 - Complete download http(s) 200
2025-08-19 11:34:15,236 [INFO] ServerAccessManage:509 - Download File api_config.json
2025-08-19 11:34:15,346 [INFO] LoadUrlFilesThread:156 - End of LoadUrlFiles Thread
2025-08-19 11:34:15,349 [INFO] DbMcusAds:53 - JSON generation date=Tue Jul 08 15:14:23 ICT 2025 (1751962463582)
2025-08-19 11:34:15,367 [INFO] LoadUrlFilesThread:185 - End of LoadServerUrlFiles without Thread
2025-08-19 11:34:15,368 [INFO] TargetSelectorAdapter:259 - Refresh data is successful
2025-08-19 11:34:15,619 [INFO] ApiDb:581 - Connected to CubeFinder SQLite database (C:\Users\USERIT\.stmcufinder\plugins\mcufinder\mcu\cube-finder-db.db)
2025-08-19 11:34:15,688 [INFO] ApiDb:668 - CubeFinder database Data Model version=2.1
2025-08-19 11:34:15,688 [INFO] ApiDb:669 - CubeFinder database Configuration version=3.0.39
2025-08-19 11:34:15,688 [INFO] ApiDb:670 - CubeFinder database generation date=2025-07-24 (1753349077)
2025-08-19 11:34:15,689 [INFO] ApiDb:671 - CubeFinder database FW Pack versions=[FP-ATR-ASTRA1_V2.0.0, FP-SNS-FLIGHT1_V5.1.0, FP-SNS-MOTENV1_V5.0.0, FP-SNS-MOTENVWB1_V1.4.0, FP-SNS-SMARTAG2_V1.2.0, FP-SNS-STBOX1_V2.0.0, STM32Cube_FW_C0_V1.4.0, STM32Cube_FW_F4_V1.28.2, STM32Cube_FW_F7_V1.17.3, STM32Cube_FW_G0_V1.6.2, STM32Cube_FW_G4_V1.6.1, STM32Cube_FW_H5_V1.5.0, STM32Cube_FW_H7RS_V1.2.0, STM32Cube_FW_H7_V1.12.1, STM32Cube_FW_L0_V1.12.2, STM32Cube_FW_L4_V1.18.1, STM32Cube_FW_L5_V1.5.1, STM32Cube_FW_N6_V1.2.0, STM32Cube_FW_U0_V1.3.0, STM32Cube_FW_U3_V1.2.0, STM32Cube_FW_U5_V1.8.0, STM32Cube_FW_WB0_V1.3.0, STM32Cube_FW_WBA_V1.7.0, STM32Cube_FW_WB_V1.23.0, STM32Cube_FW_WL3_V1.2.0, STM32Cube_FW_WL_V1.3.1, X-CUBE-ALGOBUILD_V1.4.0, X-CUBE-ALS_V1.0.2, X-CUBE-AZRTOS-F4_V1.1.0, X-CUBE-AZRTOS-F7_V1.1.0, X-CUBE-AZRTOS-G0_V1.1.0, X-CUBE-AZRTOS-G4_V2.0.0, X-CUBE-AZRTOS-H7RS_V1.1.0, X-CUBE-AZRTOS-H7_V3.4.0, X-CUBE-AZRTOS-L4_V2.0.0, X-CUBE-AZRTOS-L5_V2.0.0, X-CUBE-AZRTOS-WB_V2.0.0, X-CUBE-AZRTOS-WL_V2.0.0, X-CUBE-BLE1_V7.1.0, X-CUBE-BLE2_V3.3.0, X-CUBE-BLEMGR_V4.1.0, X-CUBE-EEPRMA1_V5.2.0, X-CUBE-FREERTOS_V1.3.1, X-CUBE-GNSS1_V6.0.0, X-CUBE-MEMS1_V11.3.0, X-CUBE-NFC4_V3.0.0, X-CUBE-NFC7_V2.0.0, X-CUBE-SFXS2LP1_V4.0.0, X-CUBE-ST67W61_V1.0.0, X-CUBE-SUBG2_V5.0.0, X-CUBE-TOF1_V3.4.3]
2025-08-19 11:34:17,873 [INFO] ApiDb:240 - Found 880 in-development CPN: [B-G473E-ZEST1S, B-WB1M-WPAN1, B-WBA5M-WPAN, B-WL5M-SUBG1, NUCLEO-C031C6, NUCLEO-C051C8, NUCLEO-C071RB, NUCLEO-C092RC, NUCLEO-H503RB, NUCLEO-H533RE, NUCLEO-H563ZI, NUCLEO-H7S3L8, NUCLEO-N657X0-Q, NUCLEO-U031R8, NUCLEO-U083RC, NUCLEO-U385RG-Q, NUCLEO-U545RE-Q, NUCLEO-U5A5ZJ-Q, NUCLEO-WB05KZ, NUCLEO-WB07CC, NUCLEO-WB09KE, NUCLEO-WBA52CG, NUCLEO-WBA55CG, NUCLEO-WL33CC1, NUCLEO-WL33CC2, STEVAL-PROTEUS1, STEVAL-SMARTAG2, STEVAL-STWINBX1, STM320518-EVAL, STM32C0116-DK, STM32C011D6Y3TR, STM32C011D6Y6TR, STM32C011F4P3, STM32C011F4P6, STM32C011F4U3, STM32C011F4U6TR, STM32C011F6P3, STM32C011F6P6, STM32C011F6U3, STM32C011F6U6TR, STM32C011J4M3, STM32C011J4M6, STM32C011J6M3, STM32C011J6M6, STM32C0316-DK, STM32C031C4T3, STM32C031C4T6, STM32C031C4U3, STM32C031C4U6, STM32C031C6T3, STM32C031C6T6, STM32C031C6U3, STM32C031C6U6, STM32C031F4P3, STM32C031F4P6, STM32C031F6P3, STM32C031F6P6, STM32C031G4U3, STM32C031G4U6, STM32C031G6U3, STM32C031G6U6, STM32C031K4T3, STM32C031K4T6, STM32C031K4U3, STM32C031K4U6, STM32C031K6T3, STM32C031K6T6, STM32C031K6U3, STM32C031K6U6, STM32C051C6T6, STM32C051C6U6, STM32C051C8T6, STM32C051C8U6, STM32C051D8Y6TR, STM32C051F6P6, STM32C051F8P6, STM32C051G6U6, STM32C051G8U6, STM32C051K6T6, STM32C051K6U6, STM32C051K8T6, STM32C071C8T6, STM32C071C8T6N, STM32C071C8U6, STM32C071C8U6N, STM32C071CBT6, STM32C071CBT6N, STM32C071CBU6, STM32C071CBU6N, STM32C071F8P6, STM32C071F8P6N, STM32C071FBP6, STM32C071FBP6N, STM32C071FBY6TR, STM32C071G8U6, STM32C071G8U6N, STM32C071GBU6, STM32C071GBU6N, STM32C071K8T6, STM32C071K8T6N, STM32C071K8U6, STM32C071K8U6N, STM32C071KBT6, STM32C071KBT6N, STM32C071KBU6, STM32C071KBU6N, STM32C071R8T6, STM32C071R8T6N, STM32C071RBI6N, STM32C071RBT6, STM32C071RBT6N, STM32C091CBT6, STM32C091CBU6, STM32C091CCT6, STM32C091CCU6, STM32C091ECY6TR, STM32C091FBP6, STM32C091FCP6, STM32C091GBU6, STM32C091GCU6, STM32C091KBT6, STM32C091KBU6, STM32C091KCT6, STM32C091KCU6, STM32C091RBT6, STM32C091RCI6, STM32C091RCT6, STM32C092CBT6, STM32C092CBU6, STM32C092CCT6, STM32C092CCU6, STM32C092ECY6TR, STM32C092FBP6, STM32C092FCP6, STM32C092GBU6, STM32C092GCU6, STM32C092KBT6, STM32C092KBU6, STM32C092KCT6, STM32C092KCU6, STM32C092RBT6, STM32C092RCI6, STM32C092RCT6, STM32G071K8TXN, STM32G071K8UXN, STM32G081GBU6N, STM32G081KBT6N, STM32G081KBUXN, STM32G0B1CCT6N, STM32G0B1KCT6, STM32G0B1NEY6TR, STM32G0B1RCT6N, STM32G0C1CCT6, STM32G0C1CCT6N, STM32G0C1CCU6N, STM32G0C1CET6N, STM32G0C1CEU6N, STM32G0C1KCT6, STM32G0C1NEY6TR, STM32G0C1RCI6N, STM32G0C1RCT6N, STM32G0C1REI6N, STM32G0C1RET6N, STM32G0C1VCI6, STM32G0C1VEI6, STM32G411C6T3, STM32G411C6T6, STM32G411C6U3, STM32G411C6U6, STM32G411C8T3, STM32G411C8T6, STM32G411C8U3, STM32G411C8U6, STM32G411CBT3, STM32G411CBT6, STM32G411CBU3, STM32G411CBU6, STM32G411K6T3, STM32G411K6T6, STM32G411K6U3, STM32G411K6U6, STM32G411K8T3, STM32G411K8T6, STM32G411K8U3, STM32G411K8U6, STM32G411KBT3, STM32G411KBT6, STM32G411KBU3, STM32G411KBU6, STM32G411M6T3, STM32G411M6T6, STM32G411M8T3, STM32G411M8T6, STM32G411MBT3, STM32G411MBT6, STM32G411R6T3, STM32G411R6T6, STM32G411R8T3, STM32G411R8T6, STM32G411RBT3, STM32G411RBT6, STM32G414CBT3, STM32G414CBT6, STM32G414CBU3, STM32G414CBU6, STM32G414CCT3, STM32G414CCT6, STM32G414CCU3, STM32G414CCU6, STM32G414MBT3, STM32G414MBT6, STM32G414MCT3, STM32G414MCT6, STM32G414RBT3, STM32G414RBT6, STM32G414RCT3, STM32G414RCT6, STM32G414VBT3, STM32G414VBT6, STM32G414VCT3, STM32G414VCT6, STM32G431CBT3Z, STM32G431RBT3Z, STM32G471CCT6, STM32G471CCU6, STM32G471CET3, STM32G471CET6, STM32G471CEU3, STM32G471CEU6, STM32G471MCT6, STM32G471MET3, STM32G471MET6, STM32G471MEY6TR, STM32G471QCT6, STM32G471QET3, STM32G471RCT6, STM32G471RET3, STM32G471RET6, STM32G471VCH6, STM32G471VCI6, STM32G471VCT6, STM32G471VEH3, STM32G471VEH6, STM32G471VEI3, STM32G471VEI6, STM32G471VET3, STM32G471VET6, STM32G473QET3Z, STM32G473RET3Z, STM32G474CCT6, STM32G491RET3Z, STM32H503CBT6, STM32H503CBU6, STM32H503EBY6TR, STM32H503KBU6, STM32H503RBT6, STM32H523CCT6, STM32H523CCU6, STM32H523CET6, STM32H523CEU6, STM32H523HEY6TR, STM32H523RCT6, STM32H523RET6, STM32H523VCI6, STM32H523VCT6, STM32H523VEI6, STM32H523VET6, STM32H523ZCJ6, STM32H523ZCT6, STM32H523ZEJ6, STM32H523ZET6, STM32H533CET6, STM32H533CEU6, STM32H533HEY6TR, STM32H533RET6, STM32H533VEI6, STM32H533VET6, STM32H533ZEJ6, STM32H533ZET6, STM32H562AGI6, STM32H562AII6, STM32H562IGK6, STM32H562IGT6, STM32H562IIK6, STM32H562IIT6, STM32H562RGT6, STM32H562RGV6, STM32H562RIT6, STM32H562RIV6, STM32H562VGT6, STM32H562VIT6, STM32H562ZGT6, STM32H562ZIT6, STM32H563AGI6, STM32H563AII3Q, STM32H563AII6, STM32H563IGK6, STM32H563IGT6, STM32H563IIK3Q, STM32H563IIK6, STM32H563IIT3Q, STM32H563IIT6, STM32H563MIY3QTR, STM32H563RGT6, STM32H563RGV6, STM32H563RIT6, STM32H563RIV6, STM32H563VGT6, STM32H563VIT3Q, STM32H563VIT6, STM32H563ZGT6, STM32H563ZIT3Q, STM32H563ZIT6, STM32H573AII3Q, STM32H573AII6, STM32H573I-DK, STM32H573IIK3Q, STM32H573IIK6, STM32H573IIT3Q, STM32H573IIT6, STM32H573MIY3QTR, STM32H573RIT6, STM32H573RIV6, STM32H573VIT3Q, STM32H573VIT6, STM32H573ZIT3Q, STM32H573ZIT6, STM32H7R3A8I6, STM32H7R3I8K6, STM32H7R3I8T6, STM32H7R3L8H6, STM32H7R3L8H6H, STM32H7R3R8V6, STM32H7R3V8H6, STM32H7R3V8T6, STM32H7R3V8Y6TR, STM32H7R3Z8J6, STM32H7R3Z8T6, STM32H7R7A8I6, STM32H7R7I8K6, STM32H7R7I8T6, STM32H7R7L8H6, STM32H7R7L8H6H, STM32H7R7Z8J6, STM32H7S3A8I6, STM32H7S3I8K6, STM32H7S3I8T6, STM32H7S3L8H6, STM32H7S3L8H6H, STM32H7S3R8V6, STM32H7S3V8H6, STM32H7S3V8T6, STM32H7S3V8Y6TR, STM32H7S3Z8J6, STM32H7S3Z8T6, STM32H7S78-DK, STM32H7S7A8I6, STM32H7S7I8K6, STM32H7S7I8T6, STM32H7S7L8H6, STM32H7S7L8H6H, STM32H7S7Z8J6, STM32L4R5QGI6STR, STM32MP131AAE3, STM32MP131AAF3, STM32MP131AAG3, STM32MP131CAE3, STM32MP131CAF3, STM32MP131CAG3, STM32MP131DAE7, STM32MP131DAF7, STM32MP131DAG7, STM32MP131FAE7, STM32MP131FAF7, STM32MP131FAG7, STM32MP133AAE3, STM32MP133AAF3, STM32MP133AAG3, STM32MP133CAE3, STM32MP133CAF3, STM32MP133CAG3, STM32MP133DAE7, STM32MP133DAF7, STM32MP133DAG7, STM32MP133FAE7, STM32MP133FAF7, STM32MP133FAG7, STM32MP135AAE3, STM32MP135AAF3, STM32MP135AAG3, STM32MP135CAE3, STM32MP135CAF3, STM32MP135CAG3, STM32MP135DAE7, STM32MP135DAF7, STM32MP135DAG7, STM32MP135F-DK, STM32MP135FAE7, STM32MP135FAF7, STM32MP135FAF7T, STM32MP135FAF7U, STM32MP135FAG7, STM32MP211AAL3, STM32MP211AAM3, STM32MP211AAN3, STM32MP211AAO3, STM32MP211CAL3, STM32MP211CAM3, STM32MP211CAN3, STM32MP211CAO3, STM32MP211DAL3, STM32MP211DAM3, STM32MP211DAN3, STM32MP211DAO3, STM32MP211FAL3, STM32MP211FAM3, STM32MP211FAN3, STM32MP211FAO3, STM32MP213AAL3, STM32MP213AAM3, STM32MP213AAN3, STM32MP213AAO3, STM32MP213CAL3, STM32MP213CAM3, STM32MP213CAN3, STM32MP213CAO3, STM32MP213DAL3, STM32MP213DAM3, STM32MP213DAN3, STM32MP213DAO3, STM32MP213FAL3, STM32MP213FAM3, STM32MP213FAN3, STM32MP213FAO3, STM32MP215AAL3, STM32MP215AAM3, STM32MP215AAN3, STM32MP215AAO3, STM32MP215CAL3, STM32MP215CAM3, STM32MP215CAN3, STM32MP215CAO3, STM32MP215DAL3, STM32MP215DAM3, STM32MP215DAN3, STM32MP215DAO3, STM32MP215F-DK, STM32MP215FAL3, STM32MP215FAM3, STM32MP215FAN3, STM32MP215FAO3, STM32MP231AAJ3, STM32MP231AAK3, STM32MP231AAL3, STM32MP231CAJ3, STM32MP231CAK3, STM32MP231CAL3, STM32MP231DAJ3, STM32MP231DAK3, STM32MP231DAL3, STM32MP231FAJ3, STM32MP231FAK3, STM32MP231FAL3, STM32MP233AAJ3, STM32MP233AAK3, STM32MP233AAL3, STM32MP233CAJ3, STM32MP233CAK3, STM32MP233CAL3, STM32MP233DAJ3, STM32MP233DAK3, STM32MP233DAL3, STM32MP233FAJ3, STM32MP233FAK3, STM32MP233FAL3, STM32MP235AAJ3, STM32MP235AAK3, STM32MP235AAL3, STM32MP235CAJ3, STM32MP235CAK3, STM32MP235CAL3, STM32MP235DAJ3, STM32MP235DAK3, STM32MP235DAL3, STM32MP235FAJ3, STM32MP235FAK3, STM32MP235FAL3, STM32MP251AAI3, STM32MP251AAK3, STM32MP251AAL3, STM32MP251CAI3, STM32MP251CAK3, STM32MP251CAL3, STM32MP251DAI3, STM32MP251DAK3, STM32MP251DAL3, STM32MP251FAI3, STM32MP251FAK3, STM32MP251FAL3, STM32MP253AAI3, STM32MP253AAK3, STM32MP253AAL3, STM32MP253CAI3, STM32MP253CAK3, STM32MP253CAL3, STM32MP253DAI3, STM32MP253DAK3, STM32MP253DAL3, STM32MP253FAI3, STM32MP253FAK3, STM32MP253FAL3, STM32MP255AAI3, STM32MP255AAK3, STM32MP255AAL3, STM32MP255CAI3, STM32MP255CAK3, STM32MP255CAL3, STM32MP255DAI3, STM32MP255DAK3, STM32MP255DAL3, STM32MP255FAI3, STM32MP255FAK3, STM32MP255FAL3, STM32MP257AAI3, STM32MP257AAK3, STM32MP257AAL3, STM32MP257CAI3, STM32MP257CAK3, STM32MP257CAL3, STM32MP257DAI3, STM32MP257DAK3, STM32MP257DAL3, STM32MP257F-DK, STM32MP257F-EV1, STM32MP257FAI3, STM32MP257FAK3, STM32MP257FAL3, STM32N645A0H3Q, STM32N645B0H3Q, STM32N645I0H3Q, STM32N645L0H3Q, STM32N645X0H3Q, STM32N645Z0H3Q, STM32N647A0H3Q, STM32N647B0H3Q, STM32N647I0H3Q, STM32N647L0H3Q, STM32N647X0H3Q, STM32N647Z0H3Q, STM32N655A0H3Q, STM32N655B0H3Q, STM32N655I0H3Q, STM32N655L0H3Q, STM32N655X0H3Q, STM32N655Z0H3Q, STM32N6570-DK, STM32N657A0H3Q, STM32N657B0H3Q, STM32N657I0H3Q, STM32N657L0H3Q, STM32N657X0H3Q, STM32N657Z0H3Q, STM32U031C6T6, STM32U031C6U6, STM32U031C8T6, STM32U031C8U6, STM32U031F4P6, STM32U031F6P6, STM32U031F8P6, STM32U031G6Y6TR, STM32U031G8Y6TR, STM32U031K4U6, STM32U031K6U6, STM32U031K8U6, STM32U031R6I6, STM32U031R6T6, STM32U031R8I6, STM32U031R8T6, STM32U073C8T6, STM32U073C8U6, STM32U073CBT6, STM32U073CBU6, STM32U073CCT6, STM32U073CCU6, STM32U073H8Y6TR, STM32U073HBY6TR, STM32U073HCY6TR, STM32U073K8U6, STM32U073KBU6, STM32U073KCU6, STM32U073M8I6, STM32U073M8T6, STM32U073MBI6, STM32U073MBT6, STM32U073MCI6, STM32U073MCT6, STM32U073R8I6, STM32U073R8T6, STM32U073RBI6, STM32U073RBT6, STM32U073RCI6, STM32U073RCT6, STM32U083C-DK, STM32U083CCT6, STM32U083CCU6, STM32U083HCY6TR, STM32U083KCU6, STM32U083MCI6, STM32U083MCT6, STM32U083RCI6, STM32U083RCT6, STM32U375CET6, STM32U375CET6Q, STM32U375CEU6, STM32U375CEU6Q, STM32U375CEY6QTR, STM32U375CGT6, STM32U375CGT6Q, STM32U375CGU6, STM32U375CGU6Q, STM32U375CGY6QTR, STM32U375KEU6, STM32U375KGU6, STM32U375REI6, STM32U375REI6Q, STM32U375RET6, STM32U375RET6Q, STM32U375REY6GTR, STM32U375REY6QTR, STM32U375RGI6, STM32U375RGI6Q, STM32U375RGT6, STM32U375RGT6Q, STM32U375RGY6GTR, STM32U375RGY6QTR, STM32U375VEI6, STM32U375VEI6Q, STM32U375VET6, STM32U375VET6Q, STM32U375VGI6, STM32U375VGI6Q, STM32U375VGT6, STM32U375VGT6Q, STM32U385CGT6, STM32U385CGT6Q, STM32U385CGU6, STM32U385CGU6Q, STM32U385CGY6QTR, STM32U385KGU6, STM32U385RGI6, STM32U385RGI6Q, STM32U385RGT6, STM32U385RGT6Q, STM32U385RGY6GTR, STM32U385RGY6QTR, STM32U385VGI6, STM32U385VGI6Q, STM32U385VGT6, STM32U385VGT6Q, STM32U535CBT6, STM32U535CBT6Q, STM32U535CBU6, STM32U535CBU6Q, STM32U535CCT6, STM32U535CCT6Q, STM32U535CCU6, STM32U535CCU6Q, STM32U535CET6, STM32U535CET6Q, STM32U535CEU6, STM32U535CEU6Q, STM32U535JEY6QTR, STM32U535NCY6QTR, STM32U535NEY6QTR, STM32U535RBI6, STM32U535RBI6Q, STM32U535RBT6, STM32U535RBT6Q, STM32U535RCI6, STM32U535RCI6Q, STM32U535RCT6, STM32U535RCT6Q, STM32U535REI6, STM32U535REI6Q, STM32U535RET6, STM32U535RET6Q, STM32U535VCI6, STM32U535VCI6Q, STM32U535VCT6, STM32U535VCT6Q, STM32U535VEI6, STM32U535VEI6Q, STM32U535VET6, STM32U535VET6Q, STM32U545CET6, STM32U545CET6Q, STM32U545CEU6, STM32U545CEU6Q, STM32U545JEY6QTR, STM32U545NEY6QTR, STM32U545REI6, STM32U545REI6Q, STM32U545RET6, STM32U545RET6Q, STM32U545VEI6, STM32U545VEI6Q, STM32U545VET6, STM32U545VET6Q, STM32U595AIH6, STM32U595AIH6Q, STM32U595AJH6, STM32U595AJH6Q, STM32U595QII6, STM32U595QII6Q, STM32U595QJI6, STM32U595QJI6Q, STM32U595RIT6, STM32U595RIT6Q, STM32U595RJT6, STM32U595RJT6Q, STM32U595VIT6, STM32U595VIT6Q, STM32U595VJT6, STM32U595VJT6Q, STM32U595ZIT6, STM32U595ZIT6Q, STM32U595ZIY6QTR, STM32U595ZJT6, STM32U595ZJT6Q, STM32U595ZJY6QTR, STM32U599BJY6QTR, STM32U599NIH6Q, STM32U599NJH6Q, STM32U599VIT6Q, STM32U599VJT6, STM32U599VJT6Q, STM32U599ZIT6Q, STM32U599ZIY6QTR, STM32U599ZJT6Q, STM32U599ZJY6QTR, STM32U5A5AJH6, STM32U5A5AJH6Q, STM32U5A5QII3Q , STM32U5A5QJI6, STM32U5A5QJI6Q, STM32U5A5RJT6, STM32U5A5RJT6Q, STM32U5A5VJT6, STM32U5A5VJT6Q, STM32U5A5ZJT6, STM32U5A5ZJT6Q, STM32U5A5ZJY6QTR, STM32U5A9BJY6QTR, STM32U5A9J-DK, STM32U5A9NJH6Q, STM32U5A9VJT6Q, STM32U5A9ZJT6Q, STM32U5A9ZJY6QTR, STM32U5F7VIT6, STM32U5F7VIT6Q, STM32U5F7VJT6, STM32U5F7VJT6Q, STM32U5F9BJY6QTR, STM32U5F9NJH6Q, STM32U5F9VIT6Q, STM32U5F9VJT6Q, STM32U5F9ZIJ6QTR, STM32U5F9ZIT6Q, STM32U5F9ZJJ6QTR, STM32U5F9ZJT6Q, STM32U5G7VJT6, STM32U5G7VJT6Q, STM32U5G9BJY6QTR, STM32U5G9J-DK1, STM32U5G9J-DK2, STM32U5G9NJH6Q, STM32U5G9VJT6Q, STM32U5G9ZJJ6QTR, STM32U5G9ZJT6Q, STM32WB05KZV6TR, STM32WB05KZV7TR, STM32WB05TZF6TR, STM32WB05TZF7TR, STM32WB06CCF6TR, STM32WB06CCF7TR, STM32WB06CCV6TR, STM32WB06CCV7TR, STM32WB06KCV6TR, STM32WB06KCV7TR, STM32WB07CCF6TR, STM32WB07CCF7TR, STM32WB07CCV6TR, STM32WB07CCV7TR, STM32WB07KCV6TR, STM32WB07KCV7TR, STM32WB09KEV6TR, STM32WB09KEV7TR, STM32WB09TEF6TR, STM32WB09TEF7TR, STM32WB1MMCH6, STM32WBA50KGU6, STM32WBA50KGU6TR, STM32WBA52CEU6, STM32WBA52CEU6TR, STM32WBA52CEU7, STM32WBA52CEU7TR, STM32WBA52CGU6, STM32WBA52CGU6TR, STM32WBA52CGU6U, STM32WBA52CGU7, STM32WBA52CGU7TR, STM32WBA52KEU6, STM32WBA52KEU6TR, STM32WBA52KGU6, STM32WBA52KGU6TR, STM32WBA54CEU6, STM32WBA54CEU6TR, STM32WBA54CEU7, STM32WBA54CEU7TR, STM32WBA54CGU6, STM32WBA54CGU6TR, STM32WBA54CGU7, STM32WBA54CGU7TR, STM32WBA54KEU6, STM32WBA54KEU6TR, STM32WBA54KEU7, STM32WBA54KEU7TR, STM32WBA54KGU6, STM32WBA54KGU6TR, STM32WBA54KGU7, STM32WBA54KGU7TR, STM32WBA55CEU6, STM32WBA55CEU6TR, STM32WBA55CEU7, STM32WBA55CEU7TR, STM32WBA55CGU6, STM32WBA55CGU6TR, STM32WBA55CGU6U, STM32WBA55CGU7, STM32WBA55CGU7TR, STM32WBA55G-DK1, STM32WBA55HEF6, STM32WBA55HEF7, STM32WBA55HGF6, STM32WBA55HGF7, STM32WBA55UEI6, STM32WBA55UEI6TR, STM32WBA55UEI7, STM32WBA55UEI7TR, STM32WBA55UGI6, STM32WBA55UGI6TR, STM32WBA55UGI7, STM32WBA55UGI7TR, STM32WBA5MMGH6TR, STM32WBA62MGF6, STM32WBA62MIF6, STM32WBA65MGF7, STM32WBA65MIF6, STM32WBA65MIF7, STM32WL30K8V6, STM32WL30KBV6, STM32WL31C8V6, STM32WL31CBV6, STM32WL31K8V6, STM32WL31KBV6, STM32WL33C8V6, STM32WL33C8V6X, STM32WL33CBV6, STM32WL33CBV6X, STM32WL33CCV6, STM32WL33CCV6A, STM32WL33CCV6X, STM32WL33K8V7, STM32WL33K8V7X, STM32WL33KBV7 , STM32WL33KBV7X, STM32WL33KCV7, STM32WL33KCV7X, STM32WL5MOCH6, STM32WL5MOCH6TR]
2025-08-19 11:34:17,879 [INFO] DbMcus:218 - Found 4801 MCUs, 4801 are supported
2025-08-19 11:34:17,887 [INFO] ApiDb:423 - Load user favorites file C:\Users\USERIT/.stm32cubeide/favorites.mcus.txt: 1 item(s)
2025-08-19 11:34:17,887 [INFO] ApiDb:427 - User favorites MCUs=[STM32F767ZIT6]
2025-08-19 11:34:17,887 [INFO] DbMcus:224 - Set 1 / 1 favorites MCUs
2025-08-19 11:34:18,441 [INFO] ApiDb:668 - CubeFinder database Data Model version=2.1
2025-08-19 11:34:18,441 [INFO] ApiDb:669 - CubeFinder database Configuration version=3.0.39
2025-08-19 11:34:18,441 [INFO] ApiDb:670 - CubeFinder database generation date=2025-07-24 (1753349077)
2025-08-19 11:34:18,441 [INFO] ApiDb:671 - CubeFinder database FW Pack versions=[FP-ATR-ASTRA1_V2.0.0, FP-SNS-FLIGHT1_V5.1.0, FP-SNS-MOTENV1_V5.0.0, FP-SNS-MOTENVWB1_V1.4.0, FP-SNS-SMARTAG2_V1.2.0, FP-SNS-STBOX1_V2.0.0, STM32Cube_FW_C0_V1.4.0, STM32Cube_FW_F4_V1.28.2, STM32Cube_FW_F7_V1.17.3, STM32Cube_FW_G0_V1.6.2, STM32Cube_FW_G4_V1.6.1, STM32Cube_FW_H5_V1.5.0, STM32Cube_FW_H7RS_V1.2.0, STM32Cube_FW_H7_V1.12.1, STM32Cube_FW_L0_V1.12.2, STM32Cube_FW_L4_V1.18.1, STM32Cube_FW_L5_V1.5.1, STM32Cube_FW_N6_V1.2.0, STM32Cube_FW_U0_V1.3.0, STM32Cube_FW_U3_V1.2.0, STM32Cube_FW_U5_V1.8.0, STM32Cube_FW_WB0_V1.3.0, STM32Cube_FW_WBA_V1.7.0, STM32Cube_FW_WB_V1.23.0, STM32Cube_FW_WL3_V1.2.0, STM32Cube_FW_WL_V1.3.1, X-CUBE-ALGOBUILD_V1.4.0, X-CUBE-ALS_V1.0.2, X-CUBE-AZRTOS-F4_V1.1.0, X-CUBE-AZRTOS-F7_V1.1.0, X-CUBE-AZRTOS-G0_V1.1.0, X-CUBE-AZRTOS-G4_V2.0.0, X-CUBE-AZRTOS-H7RS_V1.1.0, X-CUBE-AZRTOS-H7_V3.4.0, X-CUBE-AZRTOS-L4_V2.0.0, X-CUBE-AZRTOS-L5_V2.0.0, X-CUBE-AZRTOS-WB_V2.0.0, X-CUBE-AZRTOS-WL_V2.0.0, X-CUBE-BLE1_V7.1.0, X-CUBE-BLE2_V3.3.0, X-CUBE-BLEMGR_V4.1.0, X-CUBE-EEPRMA1_V5.2.0, X-CUBE-FREERTOS_V1.3.1, X-CUBE-GNSS1_V6.0.0, X-CUBE-MEMS1_V11.3.0, X-CUBE-NFC4_V3.0.0, X-CUBE-NFC7_V2.0.0, X-CUBE-SFXS2LP1_V4.0.0, X-CUBE-ST67W61_V1.0.0, X-CUBE-SUBG2_V5.0.0, X-CUBE-TOF1_V3.4.3]
2025-08-19 11:34:18,488 [INFO] DbBoardsSqlite:226 - include board P-NUCLEO-WB55-NUCLEO as a kit item of type 'Nucleo-64'
2025-08-19 11:34:18,488 [INFO] DbBoardsSqlite:226 - include board P-NUCLEO-WB55-USBDONGLE as a kit item of type 'Nucleo USB Dongle'
2025-08-19 11:34:18,489 [INFO] DbBoardsSqlite:226 - include board STEVAL-IDP005V1 as a kit item of type 'Evaluation Board'
2025-08-19 11:34:18,489 [INFO] DbBoardsSqlite:226 - include board STEVAL-IDP005V2 as a kit item of type 'Evaluation Board'
2025-08-19 11:34:18,548 [INFO] ApiDb:240 - Found 880 in-development CPN: [B-G473E-ZEST1S, B-WB1M-WPAN1, B-WBA5M-WPAN, B-WL5M-SUBG1, NUCLEO-C031C6, NUCLEO-C051C8, NUCLEO-C071RB, NUCLEO-C092RC, NUCLEO-H503RB, NUCLEO-H533RE, NUCLEO-H563ZI, NUCLEO-H7S3L8, NUCLEO-N657X0-Q, NUCLEO-U031R8, NUCLEO-U083RC, NUCLEO-U385RG-Q, NUCLEO-U545RE-Q, NUCLEO-U5A5ZJ-Q, NUCLEO-WB05KZ, NUCLEO-WB07CC, NUCLEO-WB09KE, NUCLEO-WBA52CG, NUCLEO-WBA55CG, NUCLEO-WL33CC1, NUCLEO-WL33CC2, STEVAL-PROTEUS1, STEVAL-SMARTAG2, STEVAL-STWINBX1, STM320518-EVAL, STM32C0116-DK, STM32C011D6Y3TR, STM32C011D6Y6TR, STM32C011F4P3, STM32C011F4P6, STM32C011F4U3, STM32C011F4U6TR, STM32C011F6P3, STM32C011F6P6, STM32C011F6U3, STM32C011F6U6TR, STM32C011J4M3, STM32C011J4M6, STM32C011J6M3, STM32C011J6M6, STM32C0316-DK, STM32C031C4T3, STM32C031C4T6, STM32C031C4U3, STM32C031C4U6, STM32C031C6T3, STM32C031C6T6, STM32C031C6U3, STM32C031C6U6, STM32C031F4P3, STM32C031F4P6, STM32C031F6P3, STM32C031F6P6, STM32C031G4U3, STM32C031G4U6, STM32C031G6U3, STM32C031G6U6, STM32C031K4T3, STM32C031K4T6, STM32C031K4U3, STM32C031K4U6, STM32C031K6T3, STM32C031K6T6, STM32C031K6U3, STM32C031K6U6, STM32C051C6T6, STM32C051C6U6, STM32C051C8T6, STM32C051C8U6, STM32C051D8Y6TR, STM32C051F6P6, STM32C051F8P6, STM32C051G6U6, STM32C051G8U6, STM32C051K6T6, STM32C051K6U6, STM32C051K8T6, STM32C071C8T6, STM32C071C8T6N, STM32C071C8U6, STM32C071C8U6N, STM32C071CBT6, STM32C071CBT6N, STM32C071CBU6, STM32C071CBU6N, STM32C071F8P6, STM32C071F8P6N, STM32C071FBP6, STM32C071FBP6N, STM32C071FBY6TR, STM32C071G8U6, STM32C071G8U6N, STM32C071GBU6, STM32C071GBU6N, STM32C071K8T6, STM32C071K8T6N, STM32C071K8U6, STM32C071K8U6N, STM32C071KBT6, STM32C071KBT6N, STM32C071KBU6, STM32C071KBU6N, STM32C071R8T6, STM32C071R8T6N, STM32C071RBI6N, STM32C071RBT6, STM32C071RBT6N, STM32C091CBT6, STM32C091CBU6, STM32C091CCT6, STM32C091CCU6, STM32C091ECY6TR, STM32C091FBP6, STM32C091FCP6, STM32C091GBU6, STM32C091GCU6, STM32C091KBT6, STM32C091KBU6, STM32C091KCT6, STM32C091KCU6, STM32C091RBT6, STM32C091RCI6, STM32C091RCT6, STM32C092CBT6, STM32C092CBU6, STM32C092CCT6, STM32C092CCU6, STM32C092ECY6TR, STM32C092FBP6, STM32C092FCP6, STM32C092GBU6, STM32C092GCU6, STM32C092KBT6, STM32C092KBU6, STM32C092KCT6, STM32C092KCU6, STM32C092RBT6, STM32C092RCI6, STM32C092RCT6, STM32G071K8TXN, STM32G071K8UXN, STM32G081GBU6N, STM32G081KBT6N, STM32G081KBUXN, STM32G0B1CCT6N, STM32G0B1KCT6, STM32G0B1NEY6TR, STM32G0B1RCT6N, STM32G0C1CCT6, STM32G0C1CCT6N, STM32G0C1CCU6N, STM32G0C1CET6N, STM32G0C1CEU6N, STM32G0C1KCT6, STM32G0C1NEY6TR, STM32G0C1RCI6N, STM32G0C1RCT6N, STM32G0C1REI6N, STM32G0C1RET6N, STM32G0C1VCI6, STM32G0C1VEI6, STM32G411C6T3, STM32G411C6T6, STM32G411C6U3, STM32G411C6U6, STM32G411C8T3, STM32G411C8T6, STM32G411C8U3, STM32G411C8U6, STM32G411CBT3, STM32G411CBT6, STM32G411CBU3, STM32G411CBU6, STM32G411K6T3, STM32G411K6T6, STM32G411K6U3, STM32G411K6U6, STM32G411K8T3, STM32G411K8T6, STM32G411K8U3, STM32G411K8U6, STM32G411KBT3, STM32G411KBT6, STM32G411KBU3, STM32G411KBU6, STM32G411M6T3, STM32G411M6T6, STM32G411M8T3, STM32G411M8T6, STM32G411MBT3, STM32G411MBT6, STM32G411R6T3, STM32G411R6T6, STM32G411R8T3, STM32G411R8T6, STM32G411RBT3, STM32G411RBT6, STM32G414CBT3, STM32G414CBT6, STM32G414CBU3, STM32G414CBU6, STM32G414CCT3, STM32G414CCT6, STM32G414CCU3, STM32G414CCU6, STM32G414MBT3, STM32G414MBT6, STM32G414MCT3, STM32G414MCT6, STM32G414RBT3, STM32G414RBT6, STM32G414RCT3, STM32G414RCT6, STM32G414VBT3, STM32G414VBT6, STM32G414VCT3, STM32G414VCT6, STM32G431CBT3Z, STM32G431RBT3Z, STM32G471CCT6, STM32G471CCU6, STM32G471CET3, STM32G471CET6, STM32G471CEU3, STM32G471CEU6, STM32G471MCT6, STM32G471MET3, STM32G471MET6, STM32G471MEY6TR, STM32G471QCT6, STM32G471QET3, STM32G471RCT6, STM32G471RET3, STM32G471RET6, STM32G471VCH6, STM32G471VCI6, STM32G471VCT6, STM32G471VEH3, STM32G471VEH6, STM32G471VEI3, STM32G471VEI6, STM32G471VET3, STM32G471VET6, STM32G473QET3Z, STM32G473RET3Z, STM32G474CCT6, STM32G491RET3Z, STM32H503CBT6, STM32H503CBU6, STM32H503EBY6TR, STM32H503KBU6, STM32H503RBT6, STM32H523CCT6, STM32H523CCU6, STM32H523CET6, STM32H523CEU6, STM32H523HEY6TR, STM32H523RCT6, STM32H523RET6, STM32H523VCI6, STM32H523VCT6, STM32H523VEI6, STM32H523VET6, STM32H523ZCJ6, STM32H523ZCT6, STM32H523ZEJ6, STM32H523ZET6, STM32H533CET6, STM32H533CEU6, STM32H533HEY6TR, STM32H533RET6, STM32H533VEI6, STM32H533VET6, STM32H533ZEJ6, STM32H533ZET6, STM32H562AGI6, STM32H562AII6, STM32H562IGK6, STM32H562IGT6, STM32H562IIK6, STM32H562IIT6, STM32H562RGT6, STM32H562RGV6, STM32H562RIT6, STM32H562RIV6, STM32H562VGT6, STM32H562VIT6, STM32H562ZGT6, STM32H562ZIT6, STM32H563AGI6, STM32H563AII3Q, STM32H563AII6, STM32H563IGK6, STM32H563IGT6, STM32H563IIK3Q, STM32H563IIK6, STM32H563IIT3Q, STM32H563IIT6, STM32H563MIY3QTR, STM32H563RGT6, STM32H563RGV6, STM32H563RIT6, STM32H563RIV6, STM32H563VGT6, STM32H563VIT3Q, STM32H563VIT6, STM32H563ZGT6, STM32H563ZIT3Q, STM32H563ZIT6, STM32H573AII3Q, STM32H573AII6, STM32H573I-DK, STM32H573IIK3Q, STM32H573IIK6, STM32H573IIT3Q, STM32H573IIT6, STM32H573MIY3QTR, STM32H573RIT6, STM32H573RIV6, STM32H573VIT3Q, STM32H573VIT6, STM32H573ZIT3Q, STM32H573ZIT6, STM32H7R3A8I6, STM32H7R3I8K6, STM32H7R3I8T6, STM32H7R3L8H6, STM32H7R3L8H6H, STM32H7R3R8V6, STM32H7R3V8H6, STM32H7R3V8T6, STM32H7R3V8Y6TR, STM32H7R3Z8J6, STM32H7R3Z8T6, STM32H7R7A8I6, STM32H7R7I8K6, STM32H7R7I8T6, STM32H7R7L8H6, STM32H7R7L8H6H, STM32H7R7Z8J6, STM32H7S3A8I6, STM32H7S3I8K6, STM32H7S3I8T6, STM32H7S3L8H6, STM32H7S3L8H6H, STM32H7S3R8V6, STM32H7S3V8H6, STM32H7S3V8T6, STM32H7S3V8Y6TR, STM32H7S3Z8J6, STM32H7S3Z8T6, STM32H7S78-DK, STM32H7S7A8I6, STM32H7S7I8K6, STM32H7S7I8T6, STM32H7S7L8H6, STM32H7S7L8H6H, STM32H7S7Z8J6, STM32L4R5QGI6STR, STM32MP131AAE3, STM32MP131AAF3, STM32MP131AAG3, STM32MP131CAE3, STM32MP131CAF3, STM32MP131CAG3, STM32MP131DAE7, STM32MP131DAF7, STM32MP131DAG7, STM32MP131FAE7, STM32MP131FAF7, STM32MP131FAG7, STM32MP133AAE3, STM32MP133AAF3, STM32MP133AAG3, STM32MP133CAE3, STM32MP133CAF3, STM32MP133CAG3, STM32MP133DAE7, STM32MP133DAF7, STM32MP133DAG7, STM32MP133FAE7, STM32MP133FAF7, STM32MP133FAG7, STM32MP135AAE3, STM32MP135AAF3, STM32MP135AAG3, STM32MP135CAE3, STM32MP135CAF3, STM32MP135CAG3, STM32MP135DAE7, STM32MP135DAF7, STM32MP135DAG7, STM32MP135F-DK, STM32MP135FAE7, STM32MP135FAF7, STM32MP135FAF7T, STM32MP135FAF7U, STM32MP135FAG7, STM32MP211AAL3, STM32MP211AAM3, STM32MP211AAN3, STM32MP211AAO3, STM32MP211CAL3, STM32MP211CAM3, STM32MP211CAN3, STM32MP211CAO3, STM32MP211DAL3, STM32MP211DAM3, STM32MP211DAN3, STM32MP211DAO3, STM32MP211FAL3, STM32MP211FAM3, STM32MP211FAN3, STM32MP211FAO3, STM32MP213AAL3, STM32MP213AAM3, STM32MP213AAN3, STM32MP213AAO3, STM32MP213CAL3, STM32MP213CAM3, STM32MP213CAN3, STM32MP213CAO3, STM32MP213DAL3, STM32MP213DAM3, STM32MP213DAN3, STM32MP213DAO3, STM32MP213FAL3, STM32MP213FAM3, STM32MP213FAN3, STM32MP213FAO3, STM32MP215AAL3, STM32MP215AAM3, STM32MP215AAN3, STM32MP215AAO3, STM32MP215CAL3, STM32MP215CAM3, STM32MP215CAN3, STM32MP215CAO3, STM32MP215DAL3, STM32MP215DAM3, STM32MP215DAN3, STM32MP215DAO3, STM32MP215F-DK, STM32MP215FAL3, STM32MP215FAM3, STM32MP215FAN3, STM32MP215FAO3, STM32MP231AAJ3, STM32MP231AAK3, STM32MP231AAL3, STM32MP231CAJ3, STM32MP231CAK3, STM32MP231CAL3, STM32MP231DAJ3, STM32MP231DAK3, STM32MP231DAL3, STM32MP231FAJ3, STM32MP231FAK3, STM32MP231FAL3, STM32MP233AAJ3, STM32MP233AAK3, STM32MP233AAL3, STM32MP233CAJ3, STM32MP233CAK3, STM32MP233CAL3, STM32MP233DAJ3, STM32MP233DAK3, STM32MP233DAL3, STM32MP233FAJ3, STM32MP233FAK3, STM32MP233FAL3, STM32MP235AAJ3, STM32MP235AAK3, STM32MP235AAL3, STM32MP235CAJ3, STM32MP235CAK3, STM32MP235CAL3, STM32MP235DAJ3, STM32MP235DAK3, STM32MP235DAL3, STM32MP235FAJ3, STM32MP235FAK3, STM32MP235FAL3, STM32MP251AAI3, STM32MP251AAK3, STM32MP251AAL3, STM32MP251CAI3, STM32MP251CAK3, STM32MP251CAL3, STM32MP251DAI3, STM32MP251DAK3, STM32MP251DAL3, STM32MP251FAI3, STM32MP251FAK3, STM32MP251FAL3, STM32MP253AAI3, STM32MP253AAK3, STM32MP253AAL3, STM32MP253CAI3, STM32MP253CAK3, STM32MP253CAL3, STM32MP253DAI3, STM32MP253DAK3, STM32MP253DAL3, STM32MP253FAI3, STM32MP253FAK3, STM32MP253FAL3, STM32MP255AAI3, STM32MP255AAK3, STM32MP255AAL3, STM32MP255CAI3, STM32MP255CAK3, STM32MP255CAL3, STM32MP255DAI3, STM32MP255DAK3, STM32MP255DAL3, STM32MP255FAI3, STM32MP255FAK3, STM32MP255FAL3, STM32MP257AAI3, STM32MP257AAK3, STM32MP257AAL3, STM32MP257CAI3, STM32MP257CAK3, STM32MP257CAL3, STM32MP257DAI3, STM32MP257DAK3, STM32MP257DAL3, STM32MP257F-DK, STM32MP257F-EV1, STM32MP257FAI3, STM32MP257FAK3, STM32MP257FAL3, STM32N645A0H3Q, STM32N645B0H3Q, STM32N645I0H3Q, STM32N645L0H3Q, STM32N645X0H3Q, STM32N645Z0H3Q, STM32N647A0H3Q, STM32N647B0H3Q, STM32N647I0H3Q, STM32N647L0H3Q, STM32N647X0H3Q, STM32N647Z0H3Q, STM32N655A0H3Q, STM32N655B0H3Q, STM32N655I0H3Q, STM32N655L0H3Q, STM32N655X0H3Q, STM32N655Z0H3Q, STM32N6570-DK, STM32N657A0H3Q, STM32N657B0H3Q, STM32N657I0H3Q, STM32N657L0H3Q, STM32N657X0H3Q, STM32N657Z0H3Q, STM32U031C6T6, STM32U031C6U6, STM32U031C8T6, STM32U031C8U6, STM32U031F4P6, STM32U031F6P6, STM32U031F8P6, STM32U031G6Y6TR, STM32U031G8Y6TR, STM32U031K4U6, STM32U031K6U6, STM32U031K8U6, STM32U031R6I6, STM32U031R6T6, STM32U031R8I6, STM32U031R8T6, STM32U073C8T6, STM32U073C8U6, STM32U073CBT6, STM32U073CBU6, STM32U073CCT6, STM32U073CCU6, STM32U073H8Y6TR, STM32U073HBY6TR, STM32U073HCY6TR, STM32U073K8U6, STM32U073KBU6, STM32U073KCU6, STM32U073M8I6, STM32U073M8T6, STM32U073MBI6, STM32U073MBT6, STM32U073MCI6, STM32U073MCT6, STM32U073R8I6, STM32U073R8T6, STM32U073RBI6, STM32U073RBT6, STM32U073RCI6, STM32U073RCT6, STM32U083C-DK, STM32U083CCT6, STM32U083CCU6, STM32U083HCY6TR, STM32U083KCU6, STM32U083MCI6, STM32U083MCT6, STM32U083RCI6, STM32U083RCT6, STM32U375CET6, STM32U375CET6Q, STM32U375CEU6, STM32U375CEU6Q, STM32U375CEY6QTR, STM32U375CGT6, STM32U375CGT6Q, STM32U375CGU6, STM32U375CGU6Q, STM32U375CGY6QTR, STM32U375KEU6, STM32U375KGU6, STM32U375REI6, STM32U375REI6Q, STM32U375RET6, STM32U375RET6Q, STM32U375REY6GTR, STM32U375REY6QTR, STM32U375RGI6, STM32U375RGI6Q, STM32U375RGT6, STM32U375RGT6Q, STM32U375RGY6GTR, STM32U375RGY6QTR, STM32U375VEI6, STM32U375VEI6Q, STM32U375VET6, STM32U375VET6Q, STM32U375VGI6, STM32U375VGI6Q, STM32U375VGT6, STM32U375VGT6Q, STM32U385CGT6, STM32U385CGT6Q, STM32U385CGU6, STM32U385CGU6Q, STM32U385CGY6QTR, STM32U385KGU6, STM32U385RGI6, STM32U385RGI6Q, STM32U385RGT6, STM32U385RGT6Q, STM32U385RGY6GTR, STM32U385RGY6QTR, STM32U385VGI6, STM32U385VGI6Q, STM32U385VGT6, STM32U385VGT6Q, STM32U535CBT6, STM32U535CBT6Q, STM32U535CBU6, STM32U535CBU6Q, STM32U535CCT6, STM32U535CCT6Q, STM32U535CCU6, STM32U535CCU6Q, STM32U535CET6, STM32U535CET6Q, STM32U535CEU6, STM32U535CEU6Q, STM32U535JEY6QTR, STM32U535NCY6QTR, STM32U535NEY6QTR, STM32U535RBI6, STM32U535RBI6Q, STM32U535RBT6, STM32U535RBT6Q, STM32U535RCI6, STM32U535RCI6Q, STM32U535RCT6, STM32U535RCT6Q, STM32U535REI6, STM32U535REI6Q, STM32U535RET6, STM32U535RET6Q, STM32U535VCI6, STM32U535VCI6Q, STM32U535VCT6, STM32U535VCT6Q, STM32U535VEI6, STM32U535VEI6Q, STM32U535VET6, STM32U535VET6Q, STM32U545CET6, STM32U545CET6Q, STM32U545CEU6, STM32U545CEU6Q, STM32U545JEY6QTR, STM32U545NEY6QTR, STM32U545REI6, STM32U545REI6Q, STM32U545RET6, STM32U545RET6Q, STM32U545VEI6, STM32U545VEI6Q, STM32U545VET6, STM32U545VET6Q, STM32U595AIH6, STM32U595AIH6Q, STM32U595AJH6, STM32U595AJH6Q, STM32U595QII6, STM32U595QII6Q, STM32U595QJI6, STM32U595QJI6Q, STM32U595RIT6, STM32U595RIT6Q, STM32U595RJT6, STM32U595RJT6Q, STM32U595VIT6, STM32U595VIT6Q, STM32U595VJT6, STM32U595VJT6Q, STM32U595ZIT6, STM32U595ZIT6Q, STM32U595ZIY6QTR, STM32U595ZJT6, STM32U595ZJT6Q, STM32U595ZJY6QTR, STM32U599BJY6QTR, STM32U599NIH6Q, STM32U599NJH6Q, STM32U599VIT6Q, STM32U599VJT6, STM32U599VJT6Q, STM32U599ZIT6Q, STM32U599ZIY6QTR, STM32U599ZJT6Q, STM32U599ZJY6QTR, STM32U5A5AJH6, STM32U5A5AJH6Q, STM32U5A5QII3Q , STM32U5A5QJI6, STM32U5A5QJI6Q, STM32U5A5RJT6, STM32U5A5RJT6Q, STM32U5A5VJT6, STM32U5A5VJT6Q, STM32U5A5ZJT6, STM32U5A5ZJT6Q, STM32U5A5ZJY6QTR, STM32U5A9BJY6QTR, STM32U5A9J-DK, STM32U5A9NJH6Q, STM32U5A9VJT6Q, STM32U5A9ZJT6Q, STM32U5A9ZJY6QTR, STM32U5F7VIT6, STM32U5F7VIT6Q, STM32U5F7VJT6, STM32U5F7VJT6Q, STM32U5F9BJY6QTR, STM32U5F9NJH6Q, STM32U5F9VIT6Q, STM32U5F9VJT6Q, STM32U5F9ZIJ6QTR, STM32U5F9ZIT6Q, STM32U5F9ZJJ6QTR, STM32U5F9ZJT6Q, STM32U5G7VJT6, STM32U5G7VJT6Q, STM32U5G9BJY6QTR, STM32U5G9J-DK1, STM32U5G9J-DK2, STM32U5G9NJH6Q, STM32U5G9VJT6Q, STM32U5G9ZJJ6QTR, STM32U5G9ZJT6Q, STM32WB05KZV6TR, STM32WB05KZV7TR, STM32WB05TZF6TR, STM32WB05TZF7TR, STM32WB06CCF6TR, STM32WB06CCF7TR, STM32WB06CCV6TR, STM32WB06CCV7TR, STM32WB06KCV6TR, STM32WB06KCV7TR, STM32WB07CCF6TR, STM32WB07CCF7TR, STM32WB07CCV6TR, STM32WB07CCV7TR, STM32WB07KCV6TR, STM32WB07KCV7TR, STM32WB09KEV6TR, STM32WB09KEV7TR, STM32WB09TEF6TR, STM32WB09TEF7TR, STM32WB1MMCH6, STM32WBA50KGU6, STM32WBA50KGU6TR, STM32WBA52CEU6, STM32WBA52CEU6TR, STM32WBA52CEU7, STM32WBA52CEU7TR, STM32WBA52CGU6, STM32WBA52CGU6TR, STM32WBA52CGU6U, STM32WBA52CGU7, STM32WBA52CGU7TR, STM32WBA52KEU6, STM32WBA52KEU6TR, STM32WBA52KGU6, STM32WBA52KGU6TR, STM32WBA54CEU6, STM32WBA54CEU6TR, STM32WBA54CEU7, STM32WBA54CEU7TR, STM32WBA54CGU6, STM32WBA54CGU6TR, STM32WBA54CGU7, STM32WBA54CGU7TR, STM32WBA54KEU6, STM32WBA54KEU6TR, STM32WBA54KEU7, STM32WBA54KEU7TR, STM32WBA54KGU6, STM32WBA54KGU6TR, STM32WBA54KGU7, STM32WBA54KGU7TR, STM32WBA55CEU6, STM32WBA55CEU6TR, STM32WBA55CEU7, STM32WBA55CEU7TR, STM32WBA55CGU6, STM32WBA55CGU6TR, STM32WBA55CGU6U, STM32WBA55CGU7, STM32WBA55CGU7TR, STM32WBA55G-DK1, STM32WBA55HEF6, STM32WBA55HEF7, STM32WBA55HGF6, STM32WBA55HGF7, STM32WBA55UEI6, STM32WBA55UEI6TR, STM32WBA55UEI7, STM32WBA55UEI7TR, STM32WBA55UGI6, STM32WBA55UGI6TR, STM32WBA55UGI7, STM32WBA55UGI7TR, STM32WBA5MMGH6TR, STM32WBA62MGF6, STM32WBA62MIF6, STM32WBA65MGF7, STM32WBA65MIF6, STM32WBA65MIF7, STM32WL30K8V6, STM32WL30KBV6, STM32WL31C8V6, STM32WL31CBV6, STM32WL31K8V6, STM32WL31KBV6, STM32WL33C8V6, STM32WL33C8V6X, STM32WL33CBV6, STM32WL33CBV6X, STM32WL33CCV6, STM32WL33CCV6A, STM32WL33CCV6X, STM32WL33K8V7, STM32WL33K8V7X, STM32WL33KBV7 , STM32WL33KBV7X, STM32WL33KCV7, STM32WL33KCV7X, STM32WL5MOCH6, STM32WL5MOCH6TR]
2025-08-19 11:34:18,823 [INFO] BoardInfo:889 - No configuration file found for board P-NUCLEO-WB55
2025-08-19 11:34:18,824 [INFO] DbBoards:161 - Kit is not supported: P-NUCLEO-WB55
2025-08-19 11:34:18,831 [INFO] BoardInfo:889 - No configuration file found for board STEVAL-BFA001V1B
2025-08-19 11:34:18,833 [INFO] DbBoards:161 - Kit is not supported: STEVAL-BFA001V1B
2025-08-19 11:34:18,834 [INFO] BoardInfo:889 - No configuration file found for board STEVAL-BFA001V2B
2025-08-19 11:34:18,835 [INFO] DbBoards:161 - Kit is not supported: STEVAL-BFA001V2B
2025-08-19 11:34:19,155 [INFO] DbBoards:168 - Found 212 boards, 209 are supported
2025-08-19 11:34:19,155 [INFO] DbBoards:169 - Found 212 boards, 43 of them is supported for  Bsp
2025-08-19 11:34:19,159 [INFO] ApiDb:423 - Load user favorites file C:\Users\USERIT/.stm32cubeide/favorites.boards.txt: 0 item(s)
2025-08-19 11:34:19,159 [INFO] ApiDb:427 - User favorites Boards=[]
2025-08-19 11:34:19,159 [INFO] DbBoards:198 - Set 0 / 0 favorites Boards
2025-08-19 11:34:19,161 [INFO] ApiDb:668 - CubeFinder database Data Model version=2.1
2025-08-19 11:34:19,161 [INFO] ApiDb:669 - CubeFinder database Configuration version=3.0.39
2025-08-19 11:34:19,162 [INFO] ApiDb:670 - CubeFinder database generation date=2025-07-24 (1753349077)
2025-08-19 11:34:19,162 [INFO] ApiDb:671 - CubeFinder database FW Pack versions=[FP-ATR-ASTRA1_V2.0.0, FP-SNS-FLIGHT1_V5.1.0, FP-SNS-MOTENV1_V5.0.0, FP-SNS-MOTENVWB1_V1.4.0, FP-SNS-SMARTAG2_V1.2.0, FP-SNS-STBOX1_V2.0.0, STM32Cube_FW_C0_V1.4.0, STM32Cube_FW_F4_V1.28.2, STM32Cube_FW_F7_V1.17.3, STM32Cube_FW_G0_V1.6.2, STM32Cube_FW_G4_V1.6.1, STM32Cube_FW_H5_V1.5.0, STM32Cube_FW_H7RS_V1.2.0, STM32Cube_FW_H7_V1.12.1, STM32Cube_FW_L0_V1.12.2, STM32Cube_FW_L4_V1.18.1, STM32Cube_FW_L5_V1.5.1, STM32Cube_FW_N6_V1.2.0, STM32Cube_FW_U0_V1.3.0, STM32Cube_FW_U3_V1.2.0, STM32Cube_FW_U5_V1.8.0, STM32Cube_FW_WB0_V1.3.0, STM32Cube_FW_WBA_V1.7.0, STM32Cube_FW_WB_V1.23.0, STM32Cube_FW_WL3_V1.2.0, STM32Cube_FW_WL_V1.3.1, X-CUBE-ALGOBUILD_V1.4.0, X-CUBE-ALS_V1.0.2, X-CUBE-AZRTOS-F4_V1.1.0, X-CUBE-AZRTOS-F7_V1.1.0, X-CUBE-AZRTOS-G0_V1.1.0, X-CUBE-AZRTOS-G4_V2.0.0, X-CUBE-AZRTOS-H7RS_V1.1.0, X-CUBE-AZRTOS-H7_V3.4.0, X-CUBE-AZRTOS-L4_V2.0.0, X-CUBE-AZRTOS-L5_V2.0.0, X-CUBE-AZRTOS-WB_V2.0.0, X-CUBE-AZRTOS-WL_V2.0.0, X-CUBE-BLE1_V7.1.0, X-CUBE-BLE2_V3.3.0, X-CUBE-BLEMGR_V4.1.0, X-CUBE-EEPRMA1_V5.2.0, X-CUBE-FREERTOS_V1.3.1, X-CUBE-GNSS1_V6.0.0, X-CUBE-MEMS1_V11.3.0, X-CUBE-NFC4_V3.0.0, X-CUBE-NFC7_V2.0.0, X-CUBE-SFXS2LP1_V4.0.0, X-CUBE-ST67W61_V1.0.0, X-CUBE-SUBG2_V5.0.0, X-CUBE-TOF1_V3.4.3]
2025-08-19 11:34:19,763 [ERROR] DbExamplesSqlite:437 - Missing JSON key: board_cpn
2025-08-19 11:34:19,763 [ERROR] DbExamplesSqlite:437 - Missing JSON key: board_cpn
2025-08-19 11:34:19,763 [ERROR] DbExamplesSqlite:437 - Missing JSON key: board_cpn
2025-08-19 11:34:19,764 [ERROR] DbExamplesSqlite:437 - Missing JSON key: board_cpn
2025-08-19 11:34:19,884 [ERROR] DbExamplesSqlite:437 - Missing JSON key: board_cpn
2025-08-19 11:34:19,885 [ERROR] DbExamplesSqlite:437 - Missing JSON key: board_cpn
2025-08-19 11:34:19,885 [ERROR] DbExamplesSqlite:437 - Missing JSON key: board_cpn
2025-08-19 11:34:19,886 [ERROR] DbExamplesSqlite:437 - Missing JSON key: board_cpn
2025-08-19 11:34:19,886 [ERROR] DbExamplesSqlite:437 - Missing JSON key: board_cpn
2025-08-19 11:34:19,887 [ERROR] DbExamplesSqlite:437 - Missing JSON key: board_cpn
2025-08-19 11:34:19,887 [ERROR] DbExamplesSqlite:437 - Missing JSON key: board_cpn
2025-08-19 11:34:19,887 [ERROR] DbExamplesSqlite:437 - Missing JSON key: board_cpn
2025-08-19 11:34:19,887 [ERROR] DbExamplesSqlite:437 - Missing JSON key: board_cpn
2025-08-19 11:34:20,056 [ERROR] DbExamplesSqlite:437 - Missing JSON key: board_cpn
2025-08-19 11:34:20,057 [ERROR] DbExamplesSqlite:437 - Missing JSON key: board_cpn
2025-08-19 11:34:20,060 [INFO] DbExamplesSqlite:395 - Ignored 33 examples not supported by CubeIDE
2025-08-19 11:34:20,060 [INFO] DbExamplesSqlite:396 - Found 10866 examples active
2025-08-19 11:34:20,060 [INFO] DbExamplesSqlite:397 - Found 0 examples obsolete
2025-08-19 11:34:20,060 [INFO] DbExamplesSqlite:398 - Found 0 examples under development
2025-08-19 11:34:20,061 [INFO] DbExamplesSqlite:399 - Found 65 examples not building
2025-08-19 11:34:20,062 [INFO] DbExamples:125 - Found 10898 examples
2025-08-19 11:34:20,080 [INFO] DbExamples:222 - Found 134 boards with related examples
2025-08-19 11:34:20,081 [INFO] DbExamples:235 - Found 111 MCUs with related examples
2025-08-19 11:34:20,103 [INFO] ApiDb:414 - User favorites file not found: C:\Users\USERIT/.stm32cubeide/favorites.examples.txt
2025-08-19 11:34:20,103 [INFO] DbExamples:250 - Set 0 / 0 favorites Examples
2025-08-19 11:34:20,552 [INFO] McuFinderGlobals:76 - Set McuFinderConnectedMode to true
2025-08-19 11:34:20,564 [INFO] MultiScanPanel:200 - Auto-refresh data requested => check proxy status ongoing
2025-08-19 11:34:20,568 [INFO] FinderPluginLoader:96 - Searching for filters in installed packs
2025-08-19 11:34:22,189 [INFO] LoadUrlFilesThread:185 - End of LoadServerUrlFiles without Thread
2025-08-19 11:34:22,311 [INFO] DetailPanel:341 - Set advertising image to C:/Users/USERIT/STM32Cube/Repository/\en.2400x1350px.jpeg
2025-08-19 11:35:00,853 [INFO] MainUpdater:2872 - connection check result : 10
2025-08-19 11:35:00,853 [INFO] MainUpdater:2872 - connection check result : 10
2025-08-19 11:35:03,292 [INFO] MicroXplorer:468 - Change Database Path : 
2025-08-19 11:35:03,293 [INFO] MicroXplorer:498 - Change Database Version : DB.6.0.150
2025-08-19 11:35:03,298 [WARN] ThirdParty:871 - waiting for thirdparty lock release [close project]
2025-08-19 11:35:03,298 [INFO] ThirdParty:873 - entering critical section [close project]
2025-08-19 11:35:03,298 [INFO] ThirdParty:883 - exiting critical section [close project]
2025-08-19 11:35:03,301 [INFO] PinOutPanel:1589 - setPackage(No Configuration,No Configuration)
2025-08-19 11:35:03,304 [INFO] UtilMem:75 - Begin LoadConfig() Used Memory: 851968000 Bytes (1073741824)
2025-08-19 11:35:03,306 [INFO] MicroXplorer:468 - Change Database Path : 
2025-08-19 11:35:03,306 [INFO] MicroXplorer:498 - Change Database Version : DB.6.0.150
2025-08-19 11:35:03,306 [INFO] OpenFileManager:355 - Change cursor
2025-08-19 11:35:03,401 [INFO] Mcu:2029 - Initializing MCU STM32F767ZITx STM32F767ZITx STM32F767ZIT6
2025-08-19 11:35:06,351 [INFO] Context:786 - Trying to add GPIOservice into a context  which must be forbidden
2025-08-19 11:35:07,290 [INFO] ImportTextPane:234 - (OptionalMessage_ERROR) Unable to find key (Mcu.ThirdPartyNb) in loaded IOC file
2025-08-19 11:35:07,291 [INFO] ImportTextPane:234 - (OptionalMessage_ERROR) Unable to find key (Mcu.PinsNb) in loaded IOC file
2025-08-19 11:35:07,292 [INFO] ImportTextPane:234 - (OptionalMessage_ERROR) Pin0 (VP_RIF_VS_RIF1) cannot be retrieved for this MCU
2025-08-19 11:35:07,292 [INFO] ImportTextPane:234 - (OptionalMessage_ERROR) Unable to find key (Mcu.IPNb) in loaded IOC file
2025-08-19 11:35:07,423 [INFO] RtosManager:558 - Registered RTOS mode: class=CMSIS, group=RTOS, mode=CMSIS_V1, owner=FREERTOS
2025-08-19 11:35:07,423 [INFO] RtosManager:558 - Registered RTOS mode: class=CMSIS, group=RTOS2, mode=CMSIS_V2, owner=FREERTOS
2025-08-19 11:35:07,423 [INFO] RtosManager:558 - Registered RTOS mode: class=RTOS, group=Core, mode=CMSIS_V1, owner=FREERTOS
2025-08-19 11:35:07,423 [INFO] RtosManager:558 - Registered RTOS mode: class=RTOS, group=Core, mode=CMSIS_V2, owner=FREERTOS
2025-08-19 11:35:07,423 [WARN] ModelIntegratedComponent:184 - Missing modes for component STMicroelectronics:FreeRTOS:0.0.1:STMicroelectronics:RTOS:FreeRTOS:Core:::10.2.0:
2025-08-19 11:35:07,454 [WARN] ModelIntegratedComponent:63 - No mode defined for component null
2025-08-19 11:35:07,454 [WARN] ModelIntegratedComponent:63 - No mode defined for component null
2025-08-19 11:35:07,454 [WARN] ModelIntegratedComponent:63 - No mode defined for component null
2025-08-19 11:35:07,455 [WARN] ModelIntegratedComponent:63 - No mode defined for component null
2025-08-19 11:35:07,455 [WARN] ModelIntegratedComponent:63 - No mode defined for component null
2025-08-19 11:35:07,455 [WARN] ModelIntegratedComponent:63 - No mode defined for component null
2025-08-19 11:35:07,455 [WARN] ModelIntegratedComponent:63 - No mode defined for component null
2025-08-19 11:35:07,455 [WARN] ModelIntegratedComponent:63 - No mode defined for component null
2025-08-19 11:35:07,455 [WARN] ModelIntegratedComponent:63 - No mode defined for component null
2025-08-19 11:35:07,455 [WARN] ModelIntegratedComponent:63 - No mode defined for component null
2025-08-19 11:35:07,455 [WARN] ModelIntegratedComponent:63 - No mode defined for component null
2025-08-19 11:35:07,455 [WARN] ModelIntegratedComponent:63 - No mode defined for component null
2025-08-19 11:35:07,455 [WARN] ModelIntegratedComponent:63 - No mode defined for component null
2025-08-19 11:35:07,455 [WARN] ModelIntegratedComponent:63 - No mode defined for component null
2025-08-19 11:35:07,455 [WARN] ModelIntegratedComponent:63 - No mode defined for component null
2025-08-19 11:35:07,455 [WARN] ModelIntegratedComponent:63 - No mode defined for component null
2025-08-19 11:35:07,455 [WARN] ModelIntegratedComponent:63 - No mode defined for component null
2025-08-19 11:35:07,455 [WARN] ModelIntegratedComponent:63 - No mode defined for component null
2025-08-19 11:35:07,455 [WARN] ModelIntegratedComponent:63 - No mode defined for component null
2025-08-19 11:35:07,455 [WARN] ModelIntegratedComponent:63 - No mode defined for component null
2025-08-19 11:35:07,455 [WARN] ModelIntegratedComponent:63 - No mode defined for component null
2025-08-19 11:35:07,456 [WARN] ModelIntegratedComponent:63 - No mode defined for component null
2025-08-19 11:35:07,456 [WARN] ModelIntegratedComponent:63 - No mode defined for component null
2025-08-19 11:35:07,456 [WARN] ModelIntegratedComponent:63 - No mode defined for component null
2025-08-19 11:35:07,456 [WARN] ModelIntegratedComponent:63 - No mode defined for component null
2025-08-19 11:35:07,456 [WARN] ModelIntegratedComponent:63 - No mode defined for component null
2025-08-19 11:35:07,456 [WARN] ModelIntegratedComponent:63 - No mode defined for component null
2025-08-19 11:35:07,456 [WARN] ModelIntegratedComponent:63 - No mode defined for component null
2025-08-19 11:35:07,456 [WARN] ModelIntegratedComponent:63 - No mode defined for component null
2025-08-19 11:35:07,456 [WARN] ModelIntegratedComponent:63 - No mode defined for component null
2025-08-19 11:35:07,456 [WARN] ModelIntegratedComponent:63 - No mode defined for component null
2025-08-19 11:35:07,456 [WARN] ModelIntegratedComponent:63 - No mode defined for component null
2025-08-19 11:35:07,456 [WARN] ModelIntegratedComponent:63 - No mode defined for component null
2025-08-19 11:35:07,456 [WARN] ModelIntegratedComponent:63 - No mode defined for component null
2025-08-19 11:35:07,456 [WARN] ModelIntegratedComponent:63 - No mode defined for component null
2025-08-19 11:35:07,457 [WARN] ModelPack:524 - Component already loaded: STMicroelectronics:HAL Drivers:0.0.0:STMicroelectronics:Device:STMicro_Driver:XSPI:HAL::0.0.1:HAL_XSPI
2025-08-19 11:35:07,553 [INFO] ThirdPartyModel:298 - Start build external matchings
2025-08-19 11:35:08,020 [INFO] ThirdPartyModel:316 - End build external matchings
2025-08-19 11:35:08,471 [INFO] UtilMem:75 - End LoadConfig() Used Memory: 729943448 Bytes (1073741824)
2025-08-19 11:35:08,523 [WARN] ThirdParty:833 - waiting for thirdparty lock release [change project]
2025-08-19 11:35:08,523 [INFO] ThirdParty:835 - entering critical section [change project]
2025-08-19 11:35:08,524 [INFO] ThirdParty:1030 - CMSIS Pack Vendor :STMicroelectronics X-CUBE-PM33A1 1.0.0
2025-08-19 11:35:08,524 [INFO] ThirdParty:1030 - CMSIS Pack Vendor :STMicroelectronics USBPD 4.1
2025-08-19 11:35:08,524 [INFO] ThirdParty:1030 - CMSIS Pack Vendor :STMicroelectronics X-CUBE-NFC9 1.0.0
2025-08-19 11:35:08,524 [INFO] ThirdParty:1030 - CMSIS Pack Vendor :STMicroelectronics USB_HOST 2.0.0
2025-08-19 11:35:08,524 [INFO] ThirdParty:1030 - CMSIS Pack Vendor :STMicroelectronics FP-SNS-MOTENVWB1 1.4.0
2025-08-19 11:35:08,524 [INFO] ThirdParty:1030 - CMSIS Pack Vendor :STMicroelectronics X-CUBE-AZRTOS-F4 1.1.0
2025-08-19 11:35:08,524 [INFO] ThirdParty:1030 - CMSIS Pack Vendor :STMicroelectronics LIBJPEG 8.0.0
2025-08-19 11:35:08,524 [INFO] ThirdParty:1030 - CMSIS Pack Vendor :STMicroelectronics FP-ATR-ASTRA1 2.0.2
2025-08-19 11:35:08,524 [INFO] ThirdParty:1030 - CMSIS Pack Vendor :STMicroelectronics X-CUBE-BLE1 7.1.0
2025-08-19 11:35:08,525 [INFO] ThirdParty:1030 - CMSIS Pack Vendor :STMicroelectronics X-CUBE-SMBUS 2.1.0
2025-08-19 11:35:08,525 [INFO] ThirdParty:1030 - CMSIS Pack Vendor :wolfSSL I-CUBE-wolfMQTT 1.19.2
2025-08-19 11:35:08,525 [INFO] ThirdParty:1030 - CMSIS Pack Vendor :STMicroelectronics USB_DEVICE 3.0.0
2025-08-19 11:35:08,525 [INFO] ThirdParty:1030 - CMSIS Pack Vendor :STMicroelectronics X-CUBE-ISPU 2.1.0
2025-08-19 11:35:08,525 [INFO] ThirdParty:1030 - CMSIS Pack Vendor :STMicroelectronics X-CUBE-AZRTOS-WB 2.0.0
2025-08-19 11:35:08,525 [INFO] ThirdParty:1030 - CMSIS Pack Vendor :STMicroelectronics X-CUBE-ST60 1.0.0
2025-08-19 11:35:08,525 [INFO] ThirdParty:1030 - CMSIS Pack Vendor :STMicroelectronics X-CUBE-GNSS1 7.0.1
2025-08-19 11:35:08,525 [INFO] ThirdParty:1030 - CMSIS Pack Vendor :STMicroelectronics X-CUBE-AZRTOS-F7 1.1.0
2025-08-19 11:35:08,525 [INFO] ThirdParty:1030 - CMSIS Pack Vendor :STMicroelectronics X-CUBE-AZRTOS-L5 2.0.0
2025-08-19 11:35:08,525 [INFO] ThirdParty:1030 - CMSIS Pack Vendor :STMicroelectronics X-CUBE-TOUCHGFX 4.25.0
2025-08-19 11:35:08,525 [INFO] ThirdParty:1030 - CMSIS Pack Vendor :STMicroelectronics USB_DEVICE 2.0.0
2025-08-19 11:35:08,525 [INFO] ThirdParty:1030 - CMSIS Pack Vendor :STMicroelectronics X-CUBE-NFC6 3.1.0
2025-08-19 11:35:08,525 [INFO] ThirdParty:1030 - CMSIS Pack Vendor :STMicroelectronics X-CUBE-AI 10.1.0
2025-08-19 11:35:08,525 [INFO] ThirdParty:1030 - CMSIS Pack Vendor :STMicroelectronics FP-SNS-STBOX1 2.0.0
2025-08-19 11:35:08,525 [INFO] ThirdParty:1030 - CMSIS Pack Vendor :quantropi X-CUBE-qispace-sdk-base 2.1.0
2025-08-19 11:35:08,525 [INFO] ThirdParty:1030 - CMSIS Pack Vendor :STMicroelectronics FreeRTOS 0.0.1
2025-08-19 11:35:08,526 [INFO] ThirdParty:1030 - CMSIS Pack Vendor :STMicroelectronics X-CUBE-AZRTOS-G0 1.1.0
2025-08-19 11:35:08,526 [INFO] ThirdParty:1030 - CMSIS Pack Vendor :STMicroelectronics X-CUBE-SAFEA1 1.2.2
2025-08-19 11:35:08,526 [INFO] ThirdParty:1030 - CMSIS Pack Vendor :STMicroelectronics X-CUBE-NFC4 3.0.0
2025-08-19 11:35:08,526 [INFO] ThirdParty:1030 - CMSIS Pack Vendor :STMicroelectronics X-CUBE-SUBG2 5.0.0
2025-08-19 11:35:08,526 [INFO] ThirdParty:1030 - CMSIS Pack Vendor :STMicroelectronics X-CUBE-AZRTOS-H7RS 1.1.0
2025-08-19 11:35:08,526 [INFO] ThirdParty:1030 - CMSIS Pack Vendor :STMicroelectronics STM32_WPAN 1.0.0
2025-08-19 11:35:08,526 [INFO] ThirdParty:1030 - CMSIS Pack Vendor :EmbeddedOffice I-CUBE-FS-RTOS 1.0.1
2025-08-19 11:35:08,526 [INFO] ThirdParty:1030 - CMSIS Pack Vendor :STMicroelectronics lwIP 2.0.3
2025-08-19 11:35:08,526 [INFO] ThirdParty:1030 - CMSIS Pack Vendor :Cesanta I-CUBE-Mongoose 7.13.0
2025-08-19 11:35:08,526 [INFO] ThirdParty:1030 - CMSIS Pack Vendor :STMicroelectronics USB_HOST 1.0.0
2025-08-19 11:35:08,526 [INFO] ThirdParty:1030 - CMSIS Pack Vendor :Infineon AIROC-Wi-Fi-Bluetooth-STM32 1.7.1
2025-08-19 11:35:08,526 [INFO] ThirdParty:1030 - CMSIS Pack Vendor :STMicroelectronics X-CUBE-AZRTOS-G4 2.0.0
2025-08-19 11:35:08,526 [INFO] ThirdParty:1030 - CMSIS Pack Vendor :STMicroelectronics X-CUBE-WB05N 2.0.0
2025-08-19 11:35:08,526 [INFO] ThirdParty:1030 - CMSIS Pack Vendor :STMicroelectronics PDM2PCM 3.1.0
2025-08-19 11:35:08,526 [INFO] ThirdParty:1030 - CMSIS Pack Vendor :STMicroelectronics PDM2PCM 3.3.0
2025-08-19 11:35:08,526 [INFO] ThirdParty:1030 - CMSIS Pack Vendor :wolfSSL I-CUBE-wolfTPM 3.8.0
2025-08-19 11:35:08,526 [INFO] ThirdParty:1030 - CMSIS Pack Vendor :STMicroelectronics X-CUBE-DISPLAY 3.0.0
2025-08-19 11:35:08,526 [INFO] ThirdParty:1030 - CMSIS Pack Vendor :wolfSSL I-CUBE-wolfSSH 1.4.20
2025-08-19 11:35:08,527 [INFO] ThirdParty:1030 - CMSIS Pack Vendor :STMicroelectronics X-CUBE-NFC7 2.0.0
2025-08-19 11:35:08,527 [INFO] ThirdParty:1030 - CMSIS Pack Vendor :STMicroelectronics X-CUBE-TCPP 4.2.0
2025-08-19 11:35:08,527 [INFO] ThirdParty:1030 - CMSIS Pack Vendor :RealThread X-CUBE-RT-Thread_Nano 4.1.1
2025-08-19 11:35:08,527 [INFO] ThirdParty:1030 - CMSIS Pack Vendor :STMicroelectronics FP-ATR-SIGFOX1 3.2.0
2025-08-19 11:35:08,527 [INFO] ThirdParty:1030 - CMSIS Pack Vendor :STMicroelectronics X-CUBE-NFC10 1.0.0
2025-08-19 11:35:08,527 [INFO] ThirdParty:1030 - CMSIS Pack Vendor :STMicroelectronics X-CUBE-FREERTOS 1.3.1
2025-08-19 11:35:08,527 [INFO] ThirdParty:1030 - CMSIS Pack Vendor :STMicroelectronics HAL Drivers 0.0.0
2025-08-19 11:35:08,527 [INFO] ThirdParty:1030 - CMSIS Pack Vendor :STMicroelectronics MBEDTLS 2.16.2
2025-08-19 11:35:08,527 [INFO] ThirdParty:1030 - CMSIS Pack Vendor :STMicroelectronics X-CUBE-IPS 3.1.0
2025-08-19 11:35:08,527 [INFO] ThirdParty:1030 - CMSIS Pack Vendor :STMicroelectronics X-CUBE-ALS 1.0.2
2025-08-19 11:35:08,527 [INFO] ThirdParty:1030 - CMSIS Pack Vendor :emotas I-CUBE-CANOPEN 1.3.0
2025-08-19 11:35:08,528 [INFO] ThirdParty:1030 - CMSIS Pack Vendor :STMicroelectronics MBEDTLS 2.14.1
2025-08-19 11:35:08,528 [INFO] ThirdParty:1030 - CMSIS Pack Vendor :ITTIA_DB I-CUBE-ITTIADB 8.9.0
2025-08-19 11:35:08,528 [INFO] ThirdParty:1030 - CMSIS Pack Vendor :portGmbH I-Cube-SoM-uGOAL 1.1.0
2025-08-19 11:35:08,528 [INFO] ThirdParty:1030 - CMSIS Pack Vendor :STMicroelectronics X-CUBE-ST67W61 1.0.0
2025-08-19 11:35:08,528 [INFO] ThirdParty:1030 - CMSIS Pack Vendor :STMicroelectronics FP-SNS-STBOX1 2.1.0
2025-08-19 11:35:08,528 [INFO] ThirdParty:1030 - CMSIS Pack Vendor :STMicroelectronics X-CUBE-AI 10.2.0
2025-08-19 11:35:08,528 [INFO] ThirdParty:1030 - CMSIS Pack Vendor :STMicroelectronics ThreadX 1.0.0
2025-08-19 11:35:08,528 [INFO] ThirdParty:1030 - CMSIS Pack Vendor :STMicroelectronics FP-SNS-SMARTAG2 1.2.0
2025-08-19 11:35:08,528 [INFO] ThirdParty:1030 - CMSIS Pack Vendor :STMicroelectronics FP-SNS-FLIGHT1 5.1.0
2025-08-19 11:35:08,528 [INFO] ThirdParty:1030 - CMSIS Pack Vendor :STMicroelectronics X-CUBE-AZRTOS-WL 2.0.0
2025-08-19 11:35:08,528 [INFO] ThirdParty:1030 - CMSIS Pack Vendor :SEGGER I-CUBE-embOS 1.3.1
2025-08-19 11:35:08,528 [INFO] ThirdParty:1030 - CMSIS Pack Vendor :STMicroelectronics X-CUBE-ALGOBUILD 1.4.0
2025-08-19 11:35:08,528 [INFO] ThirdParty:1030 - CMSIS Pack Vendor :STMicroelectronics X-CUBE-DPower 1.3.0
2025-08-19 11:35:08,528 [INFO] ThirdParty:1030 - CMSIS Pack Vendor :STMicroelectronics X-CUBE-MEMS1 11.3.0
2025-08-19 11:35:08,528 [INFO] ThirdParty:1030 - CMSIS Pack Vendor :STMicroelectronics FP-SNS-MOTENV1 5.0.0
2025-08-19 11:35:08,529 [INFO] ThirdParty:1030 - CMSIS Pack Vendor :STMicroelectronics USB_DEVICE 1.0.0
2025-08-19 11:35:08,529 [INFO] ThirdParty:1030 - CMSIS Pack Vendor :STMicroelectronics X-CUBE-AZRTOS-L4 2.0.0
2025-08-19 11:35:08,529 [INFO] ThirdParty:1030 - CMSIS Pack Vendor :STMicroelectronics ThreadX 0.0.2
2025-08-19 11:35:08,529 [INFO] ThirdParty:1030 - CMSIS Pack Vendor :WES I-CUBE-Cesium 1.3.0
2025-08-19 11:35:08,529 [INFO] ThirdParty:1030 - CMSIS Pack Vendor :STMicroelectronics lwIP 2.1.2
2025-08-19 11:35:08,529 [INFO] ThirdParty:1030 - CMSIS Pack Vendor :STMicroelectronics X-CUBE-SFXS2LP1 4.0.0
2025-08-19 11:35:08,529 [INFO] ThirdParty:1030 - CMSIS Pack Vendor :STMicroelectronics X-CUBE-BLE2 3.3.0
2025-08-19 11:35:08,529 [INFO] ThirdParty:1030 - CMSIS Pack Vendor :STMicroelectronics X-CUBE-TOF1 3.4.3
2025-08-19 11:35:08,530 [INFO] ThirdParty:1030 - CMSIS Pack Vendor :STMicroelectronics PDM2PCM 3.2.0
2025-08-19 11:35:08,530 [INFO] ThirdParty:841 - exiting critical section [change project]
2025-08-19 11:35:09,245 [INFO] PinOutPanel:1589 - setPackage(No Configuration,No Configuration)
2025-08-19 11:35:09,247 [INFO] PinOutPanel:1589 - setPackage(STM32F767ZITx,LQFP144)
2025-08-19 11:35:09,814 [INFO] UtilMem:75 - Before build in PCC Used Memory: 758307568 Bytes (1073741824)
2025-08-19 11:35:10,605 [INFO] UtilMem:75 - After build in PCC Used Memory: 839109552 Bytes (1073741824)
2025-08-19 11:35:10,639 [INFO] IPUIPlugin:80 - create IPUIPlugin
2025-08-19 11:35:10,640 [INFO] IPUIPlugin:80 - create IPUIPlugin
2025-08-19 11:35:10,640 [INFO] IPUIPlugin:80 - create IPUIPlugin
2025-08-19 11:35:10,640 [INFO] IPUIPlugin:80 - create IPUIPlugin
2025-08-19 11:35:10,640 [INFO] IPUIPlugin:80 - create IPUIPlugin
2025-08-19 11:35:10,640 [INFO] IPUIPlugin:80 - create IPUIPlugin
2025-08-19 11:35:10,640 [INFO] IPUIPlugin:80 - create IPUIPlugin
2025-08-19 11:35:10,640 [INFO] IPUIPlugin:80 - create IPUIPlugin
2025-08-19 11:35:10,641 [INFO] IPUIPlugin:80 - create IPUIPlugin
2025-08-19 11:35:10,641 [INFO] IPUIPlugin:80 - create IPUIPlugin
2025-08-19 11:35:10,641 [INFO] IPUIPlugin:80 - create IPUIPlugin
2025-08-19 11:35:10,641 [INFO] IPUIPlugin:80 - create IPUIPlugin
2025-08-19 11:35:10,641 [INFO] IPUIPlugin:80 - create IPUIPlugin
2025-08-19 11:35:10,641 [INFO] IPUIPlugin:80 - create IPUIPlugin
2025-08-19 11:35:10,641 [INFO] IPUIPlugin:80 - create IPUIPlugin
2025-08-19 11:35:10,642 [INFO] IPUIPlugin:80 - create IPUIPlugin
2025-08-19 11:35:10,642 [INFO] IPUIPlugin:80 - create IPUIPlugin
2025-08-19 11:35:10,642 [INFO] IPUIPlugin:80 - create IPUIPlugin
2025-08-19 11:35:10,642 [INFO] IPUIPlugin:80 - create IPUIPlugin
2025-08-19 11:35:10,642 [INFO] IPUIPlugin:80 - create IPUIPlugin
2025-08-19 11:35:10,642 [INFO] IPUIPlugin:80 - create IPUIPlugin
2025-08-19 11:35:10,642 [INFO] IPUIPlugin:80 - create IPUIPlugin
2025-08-19 11:35:10,642 [INFO] IPUIPlugin:80 - create IPUIPlugin
2025-08-19 11:35:10,643 [INFO] IPUIPlugin:80 - create IPUIPlugin
2025-08-19 11:35:10,643 [INFO] IPUIPlugin:80 - create IPUIPlugin
2025-08-19 11:35:10,643 [INFO] IPUIPlugin:80 - create IPUIPlugin
2025-08-19 11:35:10,643 [INFO] IPUIPlugin:80 - create IPUIPlugin
2025-08-19 11:35:10,643 [INFO] IPUIPlugin:80 - create IPUIPlugin
2025-08-19 11:35:10,643 [INFO] IPUIPlugin:80 - create IPUIPlugin
2025-08-19 11:35:10,644 [INFO] IPUIPlugin:80 - create IPUIPlugin
2025-08-19 11:35:10,644 [INFO] IPUIPlugin:80 - create IPUIPlugin
2025-08-19 11:35:10,644 [INFO] IPUIPlugin:80 - create IPUIPlugin
2025-08-19 11:35:10,644 [INFO] IPUIPlugin:80 - create IPUIPlugin
2025-08-19 11:35:10,644 [INFO] IPUIPlugin:80 - create IPUIPlugin
2025-08-19 11:35:10,645 [INFO] IPUIPlugin:80 - create IPUIPlugin
2025-08-19 11:35:10,645 [INFO] IPUIPlugin:80 - create IPUIPlugin
2025-08-19 11:35:10,645 [INFO] IPUIPlugin:80 - create IPUIPlugin
2025-08-19 11:35:10,645 [INFO] IPUIPlugin:80 - create IPUIPlugin
2025-08-19 11:35:10,645 [INFO] IPUIPlugin:80 - create IPUIPlugin
2025-08-19 11:35:10,645 [INFO] IPUIPlugin:80 - create IPUIPlugin
2025-08-19 11:35:10,646 [INFO] IPUIPlugin:80 - create IPUIPlugin
2025-08-19 11:35:10,646 [INFO] IPUIPlugin:80 - create IPUIPlugin
2025-08-19 11:35:10,646 [INFO] IPUIPlugin:80 - create IPUIPlugin
2025-08-19 11:35:10,646 [INFO] IPUIPlugin:80 - create IPUIPlugin
2025-08-19 11:35:10,646 [INFO] IPUIPlugin:80 - create IPUIPlugin
2025-08-19 11:35:10,647 [INFO] IPUIPlugin:80 - create IPUIPlugin
2025-08-19 11:35:10,647 [INFO] IPUIPlugin:80 - create IPUIPlugin
2025-08-19 11:35:10,648 [INFO] IPUIPlugin:80 - create IPUIPlugin
2025-08-19 11:35:10,648 [INFO] IPUIPlugin:80 - create IPUIPlugin
2025-08-19 11:35:10,648 [INFO] IPUIPlugin:80 - create IPUIPlugin
2025-08-19 11:35:10,649 [INFO] IPUIPlugin:80 - create IPUIPlugin
2025-08-19 11:35:10,649 [INFO] IPUIPlugin:80 - create IPUIPlugin
2025-08-19 11:35:10,649 [INFO] IPUIPlugin:80 - create IPUIPlugin
2025-08-19 11:35:10,649 [INFO] IPUIPlugin:80 - create IPUIPlugin
2025-08-19 11:35:10,649 [INFO] IPUIPlugin:80 - create IPUIPlugin
2025-08-19 11:35:10,650 [INFO] IPUIPlugin:80 - create IPUIPlugin
2025-08-19 11:35:10,650 [INFO] IPUIPlugin:80 - create IPUIPlugin
2025-08-19 11:35:10,650 [INFO] IPUIPlugin:80 - create IPUIPlugin
2025-08-19 11:35:10,650 [INFO] IPUIPlugin:80 - create IPUIPlugin
2025-08-19 11:35:10,651 [INFO] IPUIPlugin:80 - create IPUIPlugin
2025-08-19 11:35:10,651 [INFO] IPUIPlugin:80 - create IPUIPlugin
2025-08-19 11:35:10,651 [INFO] IPUIPlugin:80 - create IPUIPlugin
2025-08-19 11:35:10,651 [INFO] IPUIPlugin:80 - create IPUIPlugin
2025-08-19 11:35:10,652 [INFO] IPUIPlugin:80 - create IPUIPlugin
2025-08-19 11:35:10,652 [INFO] IPUIPlugin:80 - create IPUIPlugin
2025-08-19 11:35:10,652 [INFO] IPUIPlugin:80 - create IPUIPlugin
2025-08-19 11:35:10,652 [INFO] IPUIPlugin:80 - create IPUIPlugin
2025-08-19 11:35:10,653 [INFO] IPUIPlugin:80 - create IPUIPlugin
2025-08-19 11:35:10,653 [INFO] IPUIPlugin:80 - create IPUIPlugin
2025-08-19 11:35:10,653 [INFO] IPUIPlugin:80 - create IPUIPlugin
2025-08-19 11:35:10,654 [INFO] IPUIPlugin:80 - create IPUIPlugin
2025-08-19 11:35:10,655 [INFO] IPUIPlugin:80 - create IPUIPlugin
2025-08-19 11:35:10,655 [INFO] IPUIPlugin:80 - create IPUIPlugin
2025-08-19 11:35:10,656 [INFO] IPUIPlugin:80 - create IPUIPlugin
2025-08-19 11:35:10,656 [INFO] IPUIPlugin:80 - create IPUIPlugin
2025-08-19 11:35:10,657 [INFO] IPUIPlugin:80 - create IPUIPlugin
2025-08-19 11:35:10,657 [INFO] IPUIPlugin:80 - create IPUIPlugin
2025-08-19 11:35:10,657 [INFO] IPUIPlugin:80 - create IPUIPlugin
2025-08-19 11:35:10,658 [INFO] IPUIPlugin:80 - create IPUIPlugin
2025-08-19 11:35:10,731 [INFO] ApiDbMcu:532 - Load IP Config File for PDM2PCM
2025-08-19 11:35:10,907 [INFO] CADModel:165 - CPN selected for project levelSTM32F767ZIT6
2025-08-19 11:35:10,907 [INFO] CADModel:114 - Register for checkConnection events
2025-08-19 11:35:10,953 [INFO] OpenFileManager:386 - Restore cursor
2025-08-19 11:35:13,233 [INFO] UtilMem:75 - End SaveConfig() Used Memory: 720372288 Bytes (1073741824)
2025-08-19 11:35:13,326 [INFO] UtilMem:75 - End SaveConfig() Used Memory: 752345880 Bytes (1073741824)
2025-08-19 11:35:13,771 [INFO] BlockDiagram:2775 - set Specific Code input for plugin: RCC
2025-08-19 11:35:13,771 [INFO] BlockDiagram:2775 - set Specific Code input for plugin: NVIC
2025-08-19 11:35:13,771 [INFO] BlockDiagram:2775 - set Specific Code input for plugin: CORTEX_M7
2025-08-19 11:35:13,774 [INFO] CodeGenerator:892 - code generatio: config db path: C:\ST\STM32CubeIDE_1.19.0\STM32CubeIDE\plugins\com.st.stm32cube.common.mx_6.15.0.202507011659\\db\
2025-08-19 11:35:14,046 [INFO] CodeEngine:265 - oldGeneratedFile, C:\Users\USERIT\STM32CubeIDE\MAD_Lab\Lab_04\MXTmpFiles\license.tmp_save
2025-08-19 11:35:14,500 [INFO] CodeEngine:289 - Generated code: C:\Users\USERIT\STM32CubeIDE\MAD_Lab\Lab_04\MXTmpFiles\license.tmp
2025-08-19 11:35:14,610 [INFO] CodeEngine:265 - oldGeneratedFile, C:\Users\USERIT\STM32CubeIDE\MAD_Lab\Lab_04\MXTmpFiles\cortex.tmp_save
2025-08-19 11:35:14,817 [INFO] CodeEngine:289 - Generated code: C:\Users\USERIT\STM32CubeIDE\MAD_Lab\Lab_04\MXTmpFiles\cortex.tmp
2025-08-19 11:35:14,852 [INFO] CodeEngine:265 - oldGeneratedFile, C:\Users\USERIT\STM32CubeIDE\MAD_Lab\Lab_04\Core\Src\stm32f7xx_it.c_save
2025-08-19 11:35:15,079 [INFO] CodeEngine:289 - Generated code: C:\Users\USERIT\STM32CubeIDE\MAD_Lab\Lab_04\Core\Src\stm32f7xx_it.c
2025-08-19 11:35:15,102 [INFO] CodeEngine:265 - oldGeneratedFile, C:\Users\USERIT\STM32CubeIDE\MAD_Lab\Lab_04\Core\Inc\stm32f7xx_it.h_save
2025-08-19 11:35:15,198 [INFO] CodeEngine:289 - Generated code: C:\Users\USERIT\STM32CubeIDE\MAD_Lab\Lab_04\Core\Inc\stm32f7xx_it.h
2025-08-19 11:35:15,250 [INFO] CodeEngine:265 - oldGeneratedFile, C:\Users\USERIT\STM32CubeIDE\MAD_Lab\Lab_04\Core\Src\stm32f7xx_hal_msp.c_save
2025-08-19 11:35:15,449 [INFO] CodeEngine:289 - Generated code: C:\Users\USERIT\STM32CubeIDE\MAD_Lab\Lab_04\Core\Src\stm32f7xx_hal_msp.c
2025-08-19 11:35:15,463 [INFO] CodeEngine:265 - oldGeneratedFile, C:\Users\USERIT\STM32CubeIDE\MAD_Lab\Lab_04\MXTmpFiles\system.tmp_save
2025-08-19 11:35:15,539 [INFO] CodeEngine:289 - Generated code: C:\Users\USERIT\STM32CubeIDE\MAD_Lab\Lab_04\MXTmpFiles\system.tmp
2025-08-19 11:35:15,562 [INFO] CodeEngine:321 - oldGeneratedFile, C:\Users\USERIT\STM32CubeIDE\MAD_Lab\Lab_04\Core\Inc\stm32f7xx_hal_conf.h_save
2025-08-19 11:35:15,702 [INFO] CodeEngine:345 - Generated code: C:\Users\USERIT\STM32CubeIDE\MAD_Lab\Lab_04\Core\Inc\stm32f7xx_hal_conf.h
2025-08-19 11:35:15,762 [INFO] ApiDbMcu:532 - Load IP Config File for RCC
2025-08-19 11:35:15,773 [INFO] CodeEngine:265 - oldGeneratedFile, C:\Users\USERIT\STM32CubeIDE\MAD_Lab\Lab_04\Core\Inc\main.h_save
2025-08-19 11:35:15,917 [INFO] CodeEngine:289 - Generated code: C:\Users\USERIT\STM32CubeIDE\MAD_Lab\Lab_04\Core\Inc\main.h
2025-08-19 11:35:15,933 [INFO] CodeEngine:265 - oldGeneratedFile, C:\Users\USERIT\STM32CubeIDE\MAD_Lab\Lab_04\Core\Src\main.c_save
2025-08-19 11:35:16,069 [INFO] CodeEngine:289 - Generated code: C:\Users\USERIT\STM32CubeIDE\MAD_Lab\Lab_04\Core\Src\main.c
2025-08-19 11:35:16,403 [INFO] ProjectBuilder:3606 - Time for Copy HAL[1] : 151mS.
2025-08-19 11:35:16,410 [INFO] ProjectBuilder:5216 - Project Generator version: 4.7.0-B52
2025-08-19 11:35:16,500 [INFO] ConfigFileManager:1595 - The Die is : DIE451
2025-08-19 11:35:16,523 [INFO] ApiDbMcu:532 - Load IP Config File for FATFS
2025-08-19 11:35:16,541 [INFO] ApiDbMcu:532 - Load IP Config File for FREERTOS
2025-08-19 11:35:16,555 [INFO] ApiDbMcu:532 - Load IP Config File for LIBJPEG
2025-08-19 11:35:16,571 [INFO] ApiDbMcu:532 - Load IP Config File for LWIP
2025-08-19 11:35:16,588 [INFO] ApiDbMcu:532 - Load IP Config File for MBEDTLS
2025-08-19 11:35:16,607 [INFO] ApiDbMcu:532 - Load IP Config File for USB_DEVICE
2025-08-19 11:35:16,619 [INFO] ApiDbMcu:532 - Load IP Config File for USB_HOST
2025-08-19 11:35:17,427 [INFO] LogOutputStream:77 - [STDOUT_REDIRECT] 
2025-08-19 11:35:25,005 [INFO] ProjectBuilder:5496 - Time for Generating toolchain IDE Files: 8595mS.
2025-08-19 11:35:25,006 [INFO] ProjectBuilder:3463 - Time for Copy CMSIS : 1mS.
2025-08-19 11:35:25,008 [INFO] ProjectBuilder:3463 - Time for Copy CMSIS : 0mS.
2025-08-19 11:35:28,125 [INFO] McuFinderGlobals:76 - Set McuFinderConnectedMode to true
2025-08-19 11:35:28,134 [INFO] ApiDb:448 - Save user favorites file C:\Users\USERIT/.stm32cubeide/favorites.mcus.txt: 1 item(s)
2025-08-19 11:35:28,136 [INFO] ApiDb:452 - User favorites MCUs=[STM32F767ZIT6]
2025-08-19 11:38:52,405 [INFO] UtilMem:75 - End SaveConfig() Used Memory: 883988552 Bytes (1073741824)
2025-08-19 11:38:52,565 [INFO] UtilMem:75 - End SaveConfig() Used Memory: 919113800 Bytes (1073741824)
2025-08-19 11:38:52,794 [INFO] UtilMem:75 - End SaveConfig() Used Memory: 958438504 Bytes (1073741824)
2025-08-19 11:38:52,986 [INFO] ProjectBuilder:2395 - IP not ready for code generation: NVIC
2025-08-19 11:38:55,648 [INFO] BlockDiagram:2775 - set Specific Code input for plugin: RCC
2025-08-19 11:38:55,648 [INFO] BlockDiagram:2775 - set Specific Code input for plugin: NVIC
2025-08-19 11:38:55,648 [INFO] BlockDiagram:2775 - set Specific Code input for plugin: CORTEX_M7
2025-08-19 11:38:55,650 [INFO] BlockDiagram:2775 - set Specific Code input for plugin: GPIO
2025-08-19 11:38:55,652 [INFO] CodeGenerator:892 - code generatio: config db path: C:\ST\STM32CubeIDE_1.19.0\STM32CubeIDE\plugins\com.st.stm32cube.common.mx_6.15.0.202507011659\\db\
2025-08-19 11:38:55,819 [INFO] CodeEngine:265 - oldGeneratedFile, C:\Users\USERIT\STM32CubeIDE\MAD_Lab\Lab_04\MXTmpFiles\license.tmp_save
2025-08-19 11:38:56,036 [INFO] CodeEngine:289 - Generated code: C:\Users\USERIT\STM32CubeIDE\MAD_Lab\Lab_04\MXTmpFiles\license.tmp
2025-08-19 11:38:56,092 [INFO] CodeEngine:265 - oldGeneratedFile, C:\Users\USERIT\STM32CubeIDE\MAD_Lab\Lab_04\MXTmpFiles\gpio.tmp_save
2025-08-19 11:38:56,256 [INFO] CodeEngine:289 - Generated code: C:\Users\USERIT\STM32CubeIDE\MAD_Lab\Lab_04\MXTmpFiles\gpio.tmp
2025-08-19 11:38:56,297 [INFO] CodeEngine:265 - oldGeneratedFile, C:\Users\USERIT\STM32CubeIDE\MAD_Lab\Lab_04\MXTmpFiles\cortex.tmp_save
2025-08-19 11:38:56,419 [INFO] CodeEngine:289 - Generated code: C:\Users\USERIT\STM32CubeIDE\MAD_Lab\Lab_04\MXTmpFiles\cortex.tmp
2025-08-19 11:38:56,439 [INFO] CodeEngine:265 - oldGeneratedFile, C:\Users\USERIT\STM32CubeIDE\MAD_Lab\Lab_04\Core\Src\stm32f7xx_it.c_save
2025-08-19 11:38:56,578 [INFO] CodeEngine:289 - Generated code: C:\Users\USERIT\STM32CubeIDE\MAD_Lab\Lab_04\Core\Src\stm32f7xx_it.c
2025-08-19 11:38:56,590 [INFO] CodeEngine:265 - oldGeneratedFile, C:\Users\USERIT\STM32CubeIDE\MAD_Lab\Lab_04\Core\Inc\stm32f7xx_it.h_save
2025-08-19 11:38:56,661 [INFO] CodeEngine:289 - Generated code: C:\Users\USERIT\STM32CubeIDE\MAD_Lab\Lab_04\Core\Inc\stm32f7xx_it.h
2025-08-19 11:38:56,683 [INFO] CodeEngine:265 - oldGeneratedFile, C:\Users\USERIT\STM32CubeIDE\MAD_Lab\Lab_04\Core\Src\stm32f7xx_hal_msp.c_save
2025-08-19 11:38:56,872 [INFO] CodeEngine:289 - Generated code: C:\Users\USERIT\STM32CubeIDE\MAD_Lab\Lab_04\Core\Src\stm32f7xx_hal_msp.c
2025-08-19 11:38:56,879 [INFO] CodeEngine:265 - oldGeneratedFile, C:\Users\USERIT\STM32CubeIDE\MAD_Lab\Lab_04\MXTmpFiles\system.tmp_save
2025-08-19 11:38:56,942 [INFO] CodeEngine:289 - Generated code: C:\Users\USERIT\STM32CubeIDE\MAD_Lab\Lab_04\MXTmpFiles\system.tmp
2025-08-19 11:38:56,963 [INFO] CodeEngine:321 - oldGeneratedFile, C:\Users\USERIT\STM32CubeIDE\MAD_Lab\Lab_04\Core\Inc\stm32f7xx_hal_conf.h_save
2025-08-19 11:38:57,097 [INFO] CodeEngine:345 - Generated code: C:\Users\USERIT\STM32CubeIDE\MAD_Lab\Lab_04\Core\Inc\stm32f7xx_hal_conf.h
2025-08-19 11:38:57,135 [INFO] CodeEngine:265 - oldGeneratedFile, C:\Users\USERIT\STM32CubeIDE\MAD_Lab\Lab_04\Core\Inc\main.h_save
2025-08-19 11:38:57,262 [INFO] CodeEngine:289 - Generated code: C:\Users\USERIT\STM32CubeIDE\MAD_Lab\Lab_04\Core\Inc\main.h
2025-08-19 11:38:57,272 [INFO] CodeEngine:265 - oldGeneratedFile, C:\Users\USERIT\STM32CubeIDE\MAD_Lab\Lab_04\Core\Src\main.c_save
2025-08-19 11:38:57,417 [INFO] CodeEngine:289 - Generated code: C:\Users\USERIT\STM32CubeIDE\MAD_Lab\Lab_04\Core\Src\main.c
2025-08-19 11:38:57,762 [INFO] ProjectBuilder:3606 - Time for Copy HAL[1] : 172mS.
2025-08-19 11:38:57,766 [INFO] ProjectBuilder:5216 - Project Generator version: 4.7.0-B52
2025-08-19 11:38:57,843 [INFO] ConfigFileManager:1595 - The Die is : DIE451
2025-08-19 11:38:59,773 [INFO] ProjectBuilder:5496 - Time for Generating toolchain IDE Files: 2006mS.
2025-08-19 11:38:59,774 [INFO] ProjectBuilder:3463 - Time for Copy CMSIS : 1mS.
2025-08-19 11:38:59,778 [INFO] ProjectBuilder:3463 - Time for Copy CMSIS : 1mS.
2025-08-19 11:39:02,519 [ERROR] LogOutputStream:75 - [STDERR_REDIRECT] 
2025-08-19 11:39:11,561 [INFO] Activator:176 - 


2025-08-19 11:39:11,563 [INFO] Activator:177 - !SESSION log4j initialized
2025-08-19 11:39:17,026 [INFO] LogOutputStream:77 - [STDOUT_REDIRECT] 
2025-08-19 11:39:18,244 [INFO] ApplicationProperties:184 - Using Application install path: C:\ST\STM32CubeIDE_1.19.0\STM32CubeIDE\plugins\com.st.stm32cube.common.mx_6.15.0.202507011659
2025-08-19 11:39:18,256 [INFO] DbMcusXml:78 - Set database path to: C:\ST\STM32CubeIDE_1.19.0\STM32CubeIDE\plugins\com.st.stm32cube.common.mx_6.15.0.202507011659\\db\/mcu/
2025-08-19 11:39:18,257 [INFO] ApiDb:274 - Set plugin database path to: C:\ST\STM32CubeIDE_1.19.0\STM32CubeIDE\plugins\com.st.stm32cube.common.mx_6.15.0.202507011659\\db\/plugins/boardmanager/
2025-08-19 11:39:18,257 [WARN] ApiDb:259 - Overriding images path with different value:  => C:\ST\STM32CubeIDE_1.19.0\STM32CubeIDE\plugins\com.st.stm32cube.common.mx_6.15.0.202507011659\\db\/plugins/mcufinder/images/
2025-08-19 11:39:18,261 [INFO] ApiDb:250 - Set database path to: C:\Users\USERIT\.stmcufinder\plugins\mcufinder//mcu/
2025-08-19 11:39:18,262 [INFO] DbMcusAds:125 - Set database path to: C:\Users\USERIT\.stmcufinder\plugins\mcufinder//mcu/
2025-08-19 11:39:18,264 [INFO] CrossReferenceDbSqlite:203 - Set database path to: C:\Users\USERIT\.stmcufinder\plugins\mcufinder//mcu/cs/
2025-08-19 11:39:18,356 [INFO] RulesReader:64 - Compatibility file has been processed (317 Rules)
2025-08-19 11:39:18,427 [INFO] DbMcusXml:78 - Set database path to: C:\ST\STM32CubeIDE_1.19.0\STM32CubeIDE\plugins\com.st.stm32cube.common.mx_6.15.0.202507011659\\db\/mcu/
2025-08-19 11:39:18,427 [INFO] ApiDb:274 - Set plugin database path to: C:\ST\STM32CubeIDE_1.19.0\STM32CubeIDE\plugins\com.st.stm32cube.common.mx_6.15.0.202507011659\\db\/plugins/boardmanager/
2025-08-19 11:39:18,427 [INFO] ApiDb:261 - Set plugin images path to: C:\ST\STM32CubeIDE_1.19.0\STM32CubeIDE\plugins\com.st.stm32cube.common.mx_6.15.0.202507011659\\db\/plugins/mcufinder/images/
2025-08-19 11:39:18,428 [WARN] DbFile:41 - Overriding database path with different value: C:\Users\USERIT\.stmcufinder\plugins\mcufinder/ => C:\Users\USERIT\.stmcufinder\plugins\mcufinder
2025-08-19 11:39:18,428 [INFO] ApiDb:250 - Set database path to: C:\Users\USERIT\.stmcufinder\plugins\mcufinder//mcu/
2025-08-19 11:39:18,428 [WARN] DbFile:41 - Overriding database path with different value: C:\Users\USERIT\.stmcufinder\plugins\mcufinder/ => C:\Users\USERIT\.stmcufinder\plugins\mcufinder
2025-08-19 11:39:18,428 [INFO] DbMcusAds:125 - Set database path to: C:\Users\USERIT\.stmcufinder\plugins\mcufinder//mcu/
2025-08-19 11:39:18,428 [WARN] DbFile:41 - Overriding database path with different value: C:\Users\USERIT\.stmcufinder\plugins\mcufinder/ => C:\Users\USERIT\.stmcufinder\plugins\mcufinder
2025-08-19 11:39:18,428 [WARN] DbFile:41 - Overriding database path with different value: C:\Users\USERIT\.stmcufinder\plugins\mcufinder/ => C:\Users\USERIT\.stmcufinder\plugins\mcufinder
2025-08-19 11:39:18,428 [INFO] CrossReferenceDbSqlite:203 - Set database path to: C:\Users\USERIT\.stmcufinder\plugins\mcufinder//mcu/cs/
2025-08-19 11:39:18,502 [INFO] MainPanel:274 - HeapMemory: 268435456
2025-08-19 11:39:18,612 [INFO] DbMcusXml:78 - Set database path to: C:\ST\STM32CubeIDE_1.19.0\STM32CubeIDE\plugins\com.st.stm32cube.common.mx_6.15.0.202507011659\\db\/mcu/
2025-08-19 11:39:18,612 [INFO] ApiDb:274 - Set plugin database path to: C:\ST\STM32CubeIDE_1.19.0\STM32CubeIDE\plugins\com.st.stm32cube.common.mx_6.15.0.202507011659\\db\/plugins/boardmanager/
2025-08-19 11:39:18,612 [INFO] ApiDb:261 - Set plugin images path to: C:\ST\STM32CubeIDE_1.19.0\STM32CubeIDE\plugins\com.st.stm32cube.common.mx_6.15.0.202507011659\\db\/plugins/mcufinder/images/
2025-08-19 11:39:18,612 [WARN] DbFile:41 - Overriding database path with different value: C:\Users\USERIT\.stmcufinder\plugins\mcufinder/ => C:\Users\USERIT\.stmcufinder\plugins\mcufinder
2025-08-19 11:39:18,612 [INFO] ApiDb:250 - Set database path to: C:\Users\USERIT\.stmcufinder\plugins\mcufinder//mcu/
2025-08-19 11:39:18,612 [WARN] DbFile:41 - Overriding database path with different value: C:\Users\USERIT\.stmcufinder\plugins\mcufinder/ => C:\Users\USERIT\.stmcufinder\plugins\mcufinder
2025-08-19 11:39:18,612 [INFO] DbMcusAds:125 - Set database path to: C:\Users\USERIT\.stmcufinder\plugins\mcufinder//mcu/
2025-08-19 11:39:18,612 [WARN] DbFile:41 - Overriding database path with different value: C:\Users\USERIT\.stmcufinder\plugins\mcufinder/ => C:\Users\USERIT\.stmcufinder\plugins\mcufinder
2025-08-19 11:39:18,612 [WARN] DbFile:41 - Overriding database path with different value: C:\Users\USERIT\.stmcufinder\plugins\mcufinder/ => C:\Users\USERIT\.stmcufinder\plugins\mcufinder
2025-08-19 11:39:18,613 [INFO] CrossReferenceDbSqlite:203 - Set database path to: C:\Users\USERIT\.stmcufinder\plugins\mcufinder//mcu/cs/
2025-08-19 11:39:18,630 [INFO] ApplicationProperties:184 - Using Application install path: C:\ST\STM32CubeIDE_1.19.0\STM32CubeIDE\plugins\com.st.stm32cube.common.mx_6.15.0.202507011659
2025-08-19 11:39:18,631 [INFO] PluginManage:196 - Search for loadable plugins [exclusion list=, ]
2025-08-19 11:39:18,631 [INFO] PluginManage:310 - Check plugin analytics
2025-08-19 11:39:18,788 [INFO] AnalyticsPlugin:253 - Accepted Software Licenses: 
2025-08-19 11:39:18,788 [INFO] AnalyticsPlugin:255 - Accepted CMSIS Pack Licenses: 
2025-08-19 11:39:18,788 [INFO] AnalyticsPlugin:257 - Accepted Firmware Licenses: FW.F7.1.17.0
2025-08-19 11:39:18,790 [INFO] PluginManage:359 - Loaded plugin analytics (category:tool,tabindex:-1)
2025-08-19 11:39:18,791 [INFO] PluginManage:310 - Check plugin cadmodel
2025-08-19 11:39:18,794 [INFO] CADModel:105 - Init CAD model plugin
2025-08-19 11:39:18,794 [INFO] PluginManage:359 - Loaded plugin cadmodel (category:power,tabindex:5)
2025-08-19 11:39:18,795 [INFO] PluginManage:310 - Check plugin clock
2025-08-19 11:39:18,801 [INFO] PluginManage:359 - Loaded plugin clock (category:base,tabindex:2)
2025-08-19 11:39:18,801 [INFO] PluginManage:310 - Check plugin ddr
2025-08-19 11:39:18,803 [INFO] PluginManage:359 - Loaded plugin ddr (category:tool,tabindex:6)
2025-08-19 11:39:18,803 [INFO] PluginManage:310 - Check plugin filemanager
2025-08-19 11:39:18,918 [INFO] PluginManage:359 - Loaded plugin filemanager (category:base,tabindex:10)
2025-08-19 11:39:18,918 [INFO] PluginManage:310 - Check plugin ipmanager
2025-08-19 11:39:18,923 [INFO] PluginManage:359 - Loaded plugin ipmanager (category:base,tabindex:5)
2025-08-19 11:39:18,923 [INFO] PluginManage:310 - Check plugin lpbam
2025-08-19 11:39:18,931 [INFO] PluginManage:359 - Loaded plugin lpbam (category:base,tabindex:0)
2025-08-19 11:39:18,931 [INFO] PluginManage:310 - Check plugin memorymap
2025-08-19 11:39:18,942 [INFO] PluginManage:359 - Loaded plugin memorymap (category:base,tabindex:4)
2025-08-19 11:39:18,942 [INFO] PluginManage:310 - Check plugin pinoutandconfiguration
2025-08-19 11:39:18,947 [INFO] PluginManage:359 - Loaded plugin pinoutandconfiguration (category:base,tabindex:1)
2025-08-19 11:39:18,947 [INFO] PluginManage:310 - Check plugin pinoutconfig
2025-08-19 11:39:19,018 [WARN] SupportedApi:132 - Cannot load RTOS API schema: s4s-elt-must-match.1: The content of 'definitions' must match (annotation?, (simpleType | complexType)?, (unique | key | keyref)*)). A problem was found starting at: attribute.
2025-08-19 11:39:19,150 [INFO] PluginManage:359 - Loaded plugin pinoutconfig (category:base,tabindex:0)
2025-08-19 11:39:19,150 [INFO] PluginManage:310 - Check plugin power
2025-08-19 11:39:19,157 [INFO] PluginManage:359 - Loaded plugin power (category:power,tabindex:4)
2025-08-19 11:39:19,157 [INFO] PluginManage:310 - Check plugin projectmanager
2025-08-19 11:39:19,170 [INFO] PluginManage:359 - Loaded plugin projectmanager (category:projectmanager,tabindex:4)
2025-08-19 11:39:19,170 [INFO] PluginManage:310 - Check plugin rif
2025-08-19 11:39:19,178 [INFO] PluginManage:359 - Loaded plugin rif (category:base,tabindex:3)
2025-08-19 11:39:19,178 [INFO] PluginManage:310 - Check plugin thirdparty
2025-08-19 11:39:19,298 [INFO] PluginManage:359 - Loaded plugin thirdparty (category:base,tabindex:-1)
2025-08-19 11:39:19,298 [WARN] IntegrityCheckThread:84 - waiting for thirdparty lock release [integrity check]
2025-08-19 11:39:19,298 [INFO] PluginManage:310 - Check plugin tools
2025-08-19 11:39:19,298 [INFO] IntegrityCheckThread:86 - entering critical section [integrity check]
2025-08-19 11:39:19,299 [INFO] ThirdPartyUpdaterWithRetryManager:70 - Updater plugin not ready yet. [1/15]
2025-08-19 11:39:19,301 [INFO] PluginManage:359 - Loaded plugin tools (category:base,tabindex:7)
2025-08-19 11:39:19,301 [INFO] PluginManage:310 - Check plugin tutovideos
2025-08-19 11:39:19,493 [INFO] PluginManage:359 - Loaded plugin tutovideos (category:base,tabindex:-1)
2025-08-19 11:39:19,494 [INFO] PluginManage:310 - Check plugin updater
2025-08-19 11:39:19,513 [INFO] PluginManage:359 - Loaded plugin updater (category:base,tabindex:12)
2025-08-19 11:39:19,513 [INFO] PluginManage:310 - Check plugin userauth
2025-08-19 11:39:19,518 [INFO] UserAuth:118 - Init User Auth plugin
2025-08-19 11:39:19,518 [INFO] PluginManage:359 - Loaded plugin userauth (category:base,tabindex:14)
2025-08-19 11:39:19,519 [INFO] PluginManage:283 - PluginManage : Loaded plugins [18]
2025-08-19 11:39:19,758 [INFO] PinOutPanel:1589 - setPackage(No Configuration,No Configuration)
2025-08-19 11:39:19,847 [INFO] CADModel:165 - CPN selected for project level
2025-08-19 11:39:19,847 [INFO] CADModel:114 - Register for checkConnection events
2025-08-19 11:39:19,863 [INFO] IPUIPlugin:80 - create IPUIPlugin
2025-08-19 11:39:19,863 [INFO] PluginManager:220 - loadIPPluginJar : add adc
2025-08-19 11:39:19,866 [INFO] IPUIPlugin:80 - create IPUIPlugin
2025-08-19 11:39:19,866 [INFO] PluginManager:220 - loadIPPluginJar : add aes
2025-08-19 11:39:19,868 [INFO] IPUIPlugin:80 - create IPUIPlugin
2025-08-19 11:39:19,869 [INFO] PluginManager:220 - loadIPPluginJar : add can
2025-08-19 11:39:19,870 [INFO] IPUIPlugin:80 - create IPUIPlugin
2025-08-19 11:39:19,870 [INFO] PluginManager:220 - loadIPPluginJar : add comp
2025-08-19 11:39:19,872 [INFO] IPUIPlugin:80 - create IPUIPlugin
2025-08-19 11:39:19,872 [INFO] PluginManager:220 - loadIPPluginJar : add cryp
2025-08-19 11:39:19,875 [INFO] IPUIPlugin:80 - create IPUIPlugin
2025-08-19 11:39:19,875 [INFO] PluginManager:220 - loadIPPluginJar : add ddr_ctrl_phy
2025-08-19 11:39:19,877 [INFO] IPUIPlugin:80 - create IPUIPlugin
2025-08-19 11:39:19,877 [INFO] PluginManager:220 - loadIPPluginJar : add dfsdm
2025-08-19 11:39:19,882 [INFO] IPUIPlugin:80 - create IPUIPlugin
2025-08-19 11:39:19,882 [INFO] PluginManager:220 - loadIPPluginJar : add dma
2025-08-19 11:39:19,884 [INFO] IPUIPlugin:80 - create IPUIPlugin
2025-08-19 11:39:19,884 [INFO] PluginManager:220 - loadIPPluginJar : add dma3
2025-08-19 11:39:19,887 [INFO] IPUIPlugin:80 - create IPUIPlugin
2025-08-19 11:39:19,887 [INFO] PluginManager:220 - loadIPPluginJar : add extmemmanager
2025-08-19 11:39:19,888 [INFO] IPUIPlugin:80 - create IPUIPlugin
2025-08-19 11:39:19,888 [INFO] PluginManager:220 - loadIPPluginJar : add fatfs
2025-08-19 11:39:19,891 [INFO] IPUIPlugin:80 - create IPUIPlugin
2025-08-19 11:39:19,891 [INFO] PluginManager:220 - loadIPPluginJar : add fmc
2025-08-19 11:39:19,895 [INFO] IPUIPlugin:80 - create IPUIPlugin
2025-08-19 11:39:19,896 [INFO] PluginManager:220 - loadIPPluginJar : add freertos
2025-08-19 11:39:19,897 [INFO] IPUIPlugin:80 - create IPUIPlugin
2025-08-19 11:39:19,897 [INFO] PluginManager:220 - loadIPPluginJar : add genericplugin
2025-08-19 11:39:19,898 [INFO] IPUIPlugin:80 - create IPUIPlugin
2025-08-19 11:39:19,899 [INFO] PluginManager:220 - loadIPPluginJar : add gfxmmu
2025-08-19 11:39:19,903 [INFO] IPUIPlugin:80 - create IPUIPlugin
2025-08-19 11:39:19,903 [INFO] PluginManager:220 - loadIPPluginJar : add gic
2025-08-19 11:39:19,907 [INFO] IPUIPlugin:80 - create IPUIPlugin
2025-08-19 11:39:19,907 [INFO] PluginManager:220 - loadIPPluginJar : add gpio
2025-08-19 11:39:19,910 [INFO] IPUIPlugin:80 - create IPUIPlugin
2025-08-19 11:39:19,910 [INFO] PluginManager:220 - loadIPPluginJar : add gtzc
2025-08-19 11:39:19,912 [INFO] IPUIPlugin:80 - create IPUIPlugin
2025-08-19 11:39:19,913 [INFO] PluginManager:220 - loadIPPluginJar : add hash
2025-08-19 11:39:19,915 [INFO] IPUIPlugin:80 - create IPUIPlugin
2025-08-19 11:39:19,916 [INFO] PluginManager:220 - loadIPPluginJar : add i2c
2025-08-19 11:39:19,918 [INFO] IPUIPlugin:80 - create IPUIPlugin
2025-08-19 11:39:19,918 [INFO] PluginManager:220 - loadIPPluginJar : add i2s
2025-08-19 11:39:19,921 [INFO] IPUIPlugin:80 - create IPUIPlugin
2025-08-19 11:39:19,921 [INFO] PluginManager:220 - loadIPPluginJar : add i3c
2025-08-19 11:39:19,924 [INFO] IPUIPlugin:80 - create IPUIPlugin
2025-08-19 11:39:19,925 [INFO] PluginManager:220 - loadIPPluginJar : add ipddr
2025-08-19 11:39:19,932 [INFO] IPUIPlugin:80 - create IPUIPlugin
2025-08-19 11:39:19,933 [INFO] PluginManager:220 - loadIPPluginJar : add linkedlist
2025-08-19 11:39:19,936 [INFO] IPUIPlugin:80 - create IPUIPlugin
2025-08-19 11:39:19,937 [INFO] PluginManager:220 - loadIPPluginJar : add lorawan
2025-08-19 11:39:19,938 [INFO] IPUIPlugin:80 - create IPUIPlugin
2025-08-19 11:39:19,938 [INFO] PluginManager:220 - loadIPPluginJar : add ltdc
2025-08-19 11:39:19,943 [INFO] IPUIPlugin:80 - create IPUIPlugin
2025-08-19 11:39:19,944 [INFO] PluginManager:220 - loadIPPluginJar : add mdma
2025-08-19 11:39:19,947 [INFO] IPUIPlugin:80 - create IPUIPlugin
2025-08-19 11:39:19,948 [INFO] PluginManager:220 - loadIPPluginJar : add nvic
2025-08-19 11:39:19,951 [INFO] IPUIPlugin:80 - create IPUIPlugin
2025-08-19 11:39:19,952 [INFO] PluginManager:220 - loadIPPluginJar : add opamp
2025-08-19 11:39:19,955 [INFO] IPUIPlugin:80 - create IPUIPlugin
2025-08-19 11:39:19,955 [INFO] PluginManager:220 - loadIPPluginJar : add openamp
2025-08-19 11:39:19,958 [INFO] IPUIPlugin:80 - create IPUIPlugin
2025-08-19 11:39:19,958 [INFO] PluginManager:220 - loadIPPluginJar : add pdm2pcm
2025-08-19 11:39:19,965 [INFO] IPUIPlugin:80 - create IPUIPlugin
2025-08-19 11:39:19,968 [INFO] PluginManager:220 - loadIPPluginJar : add plateformsettings
2025-08-19 11:39:19,970 [INFO] IPUIPlugin:80 - create IPUIPlugin
2025-08-19 11:39:19,971 [INFO] PluginManager:220 - loadIPPluginJar : add quadspi
2025-08-19 11:39:19,972 [INFO] IPUIPlugin:80 - create IPUIPlugin
2025-08-19 11:39:19,973 [INFO] PluginManager:220 - loadIPPluginJar : add radio
2025-08-19 11:39:19,977 [INFO] IPUIPlugin:80 - create IPUIPlugin
2025-08-19 11:39:19,977 [INFO] PluginManager:220 - loadIPPluginJar : add resmgrutility
2025-08-19 11:39:19,980 [INFO] IPUIPlugin:80 - create IPUIPlugin
2025-08-19 11:39:19,980 [INFO] PluginManager:220 - loadIPPluginJar : add sai
2025-08-19 11:39:19,983 [INFO] IPUIPlugin:80 - create IPUIPlugin
2025-08-19 11:39:19,983 [INFO] PluginManager:220 - loadIPPluginJar : add spi
2025-08-19 11:39:19,989 [INFO] IPUIPlugin:80 - create IPUIPlugin
2025-08-19 11:39:19,989 [INFO] PluginManager:220 - loadIPPluginJar : add stm32_wpan
2025-08-19 11:39:19,992 [INFO] IPUIPlugin:80 - create IPUIPlugin
2025-08-19 11:39:19,992 [INFO] PluginManager:220 - loadIPPluginJar : add tim
2025-08-19 11:39:19,996 [INFO] IPUIPlugin:80 - create IPUIPlugin
2025-08-19 11:39:19,996 [INFO] PluginManager:220 - loadIPPluginJar : add touchsensing
2025-08-19 11:39:19,999 [INFO] IPUIPlugin:80 - create IPUIPlugin
2025-08-19 11:39:19,999 [INFO] PluginManager:220 - loadIPPluginJar : add tracer_emb
2025-08-19 11:39:20,001 [INFO] IPUIPlugin:80 - create IPUIPlugin
2025-08-19 11:39:20,002 [INFO] PluginManager:220 - loadIPPluginJar : add ts
2025-08-19 11:39:20,003 [INFO] IPUIPlugin:80 - create IPUIPlugin
2025-08-19 11:39:20,003 [INFO] PluginManager:220 - loadIPPluginJar : add tsc
2025-08-19 11:39:20,004 [INFO] IPUIPlugin:80 - create IPUIPlugin
2025-08-19 11:39:20,005 [INFO] PluginManager:220 - loadIPPluginJar : add ucpd
2025-08-19 11:39:20,007 [INFO] IPUIPlugin:80 - create IPUIPlugin
2025-08-19 11:39:20,007 [INFO] PluginManager:220 - loadIPPluginJar : add usart
2025-08-19 11:39:20,009 [INFO] IPUIPlugin:80 - create IPUIPlugin
2025-08-19 11:39:20,010 [INFO] PluginManager:220 - loadIPPluginJar : add usbx
2025-08-19 11:39:20,140 [FATAL] Updater:351 - Updater called before beeing initialized
2025-08-19 11:39:20,164 [INFO] RulesReader:64 - Compatibility file has been processed (317 Rules)
2025-08-19 11:39:20,174 [INFO] RulesReader:64 - Compatibility file has been processed (317 Rules)
2025-08-19 11:39:20,182 [INFO] CADModel:165 - CPN selected for project level
2025-08-19 11:39:20,183 [INFO] CADModel:114 - Register for checkConnection events
2025-08-19 11:39:20,183 [FATAL] Updater:351 - Updater called before beeing initialized
2025-08-19 11:39:20,183 [ERROR] CADModel:125 - Updater not yet initialized, retry later 
2025-08-19 11:39:20,316 [FATAL] Updater:351 - Updater called before beeing initialized
2025-08-19 11:39:20,318 [INFO] CADModel:165 - CPN selected for project level
2025-08-19 11:39:20,318 [INFO] CADModel:114 - Register for checkConnection events
2025-08-19 11:39:20,318 [FATAL] Updater:351 - Updater called before beeing initialized
2025-08-19 11:39:20,318 [ERROR] CADModel:125 - Updater not yet initialized, retry later 
2025-08-19 11:39:20,321 [FATAL] Updater:351 - Updater called before beeing initialized
2025-08-19 11:39:20,415 [FATAL] Updater:351 - Updater called before beeing initialized
2025-08-19 11:39:20,418 [INFO] DbMcusAds:53 - JSON generation date=Tue Jul 08 15:14:23 ICT 2025 (1751962463582)
2025-08-19 11:39:20,419 [FATAL] Updater:351 - Updater called before beeing initialized
2025-08-19 11:39:20,448 [WARN] DetailPanel:346 - Failed to get advertising image, set to default
2025-08-19 11:39:20,550 [FATAL] Updater:351 - Updater called before beeing initialized
2025-08-19 11:39:20,552 [FATAL] Updater:351 - Updater called before beeing initialized
2025-08-19 11:39:20,552 [FATAL] Updater:351 - Updater called before beeing initialized
2025-08-19 11:39:20,552 [WARN] DetailPanel:346 - Failed to get advertising image, set to default
2025-08-19 11:39:20,553 [FATAL] Updater:351 - Updater called before beeing initialized
2025-08-19 11:39:20,596 [ERROR] Updater:1198 - MainUpdater not yet initialized. External WinMGr cannot be set.
2025-08-19 11:39:20,598 [INFO] Updater:1134 - Updater Version found : 6.15.0
2025-08-19 11:39:20,611 [INFO] ApplicationProperties:184 - Using Application install path: C:\ST\STM32CubeIDE_1.19.0\STM32CubeIDE\plugins\com.st.stm32cube.common.mx_6.15.0.202507011659
2025-08-19 11:39:22,186 [ERROR] LogOutputStream:75 - [STDERR_REDIRECT] Aug 19, 2025 11:39:22 AM java.util.prefs.WindowsPreferences <init>
2025-08-19 11:39:22,188 [ERROR] LogOutputStream:75 - [STDERR_REDIRECT] WARNING: Could not open/create prefs root node Software\JavaSoft\Prefs at root 0xffffffff80000002. Windows RegCreateKeyEx(...) returned error code 5.
2025-08-19 11:39:22,188 [ERROR] LogOutputStream:75 - [STDERR_REDIRECT] 
2025-08-19 11:39:22,300 [INFO] ThirdPartyUpdaterWithRetryManager:70 - Updater plugin not ready yet. [2/15]
2025-08-19 11:39:22,494 [INFO] MainUpdater:2872 - connection check result : 10
2025-08-19 11:39:22,496 [INFO] MainUpdater:289 - Updater Check For Update Now.
2025-08-19 11:39:22,496 [INFO] MicroXplorer:498 - Change Database Version : DB.6.0.150
2025-08-19 11:39:22,512 [INFO] McuFinderGlobals:63 - Set McuFinder mode to 2 (CubeIDE integrated)
2025-08-19 11:39:22,513 [INFO] UserAuth:487 - Internet connection configuration mode: 1
2025-08-19 11:39:22,538 [INFO] JxBrowserEngine:152 - Initiate JxBrowser Engine with user profile folder
2025-08-19 11:39:22,682 [INFO] CheckServerUpdateThread:120 - End of CheckServer Thread
2025-08-19 11:39:23,125 [INFO] WebApp:169 - Instantiating new browser for Auth
2025-08-19 11:39:23,872 [INFO] WebApp:463 - Apply proxy settings
2025-08-19 11:39:23,873 [INFO] WebApp:548 - Chromium requires no authentication
2025-08-19 11:39:23,890 [INFO] WebApp:491 - Direct internet connection detected
2025-08-19 11:39:23,925 [INFO] WebApp:900 - Register for checkConnection events
2025-08-19 11:39:23,925 [INFO] WebApp:463 - Apply proxy settings
2025-08-19 11:39:23,925 [INFO] WebApp:548 - Chromium requires no authentication
2025-08-19 11:39:23,926 [INFO] WebApp:491 - Direct internet connection detected
2025-08-19 11:39:24,095 [INFO] WebApp:225 - Starting web application
2025-08-19 11:39:24,095 [INFO] WebApp:593 - Web application path used C:\ST\STM32CubeIDE_1.19.0\STM32CubeIDE\plugins\com.st.stm32cube.common.mx_6.15.0.202507011659\db\plugins\mcufinder\reactClient1\index.html
2025-08-19 11:39:24,192 [INFO] UserAuth:487 - Internet connection configuration mode: 1
2025-08-19 11:39:24,624 [INFO] WebApp:191 - Connection restablished
2025-08-19 11:39:25,502 [WARN] PackLoader:240 - Cannot read IP mode file for STMicroelectronics.FP-SNS-MOTENVWB1.1.4.0
2025-08-19 11:39:25,514 [WARN] PackLoader:240 - Cannot read IP mode file for STMicroelectronics.FP-ATR-ASTRA1.2.0.2
2025-08-19 11:39:25,525 [WARN] PackLoader:240 - Cannot read IP mode file for STMicroelectronics.X-CUBE-SMBUS.2.1.0
2025-08-19 11:39:25,531 [WARN] PackLoader:240 - Cannot read IP mode file for STMicroelectronics.X-CUBE-ST60.1.0.0
2025-08-19 11:39:25,564 [WARN] PackLoader:240 - Cannot read IP mode file for STMicroelectronics.X-CUBE-AZRTOS-F7.1.1.0
2025-08-19 11:39:25,597 [WARN] PackLoader:240 - Cannot read IP mode file for Infineon.AIROC-Wi-Fi-Bluetooth-STM32.1.7.1
2025-08-19 11:39:25,612 [WARN] PackLoader:240 - Cannot read IP mode file for STMicroelectronics.X-CUBE-DISPLAY.3.0.0
2025-08-19 11:39:25,630 [WARN] PackLoader:240 - Cannot read IP mode file for STMicroelectronics.X-CUBE-NFC10.1.0.0
2025-08-19 11:39:25,639 [WARN] PackLoader:240 - Cannot read IP mode file for emotas.I-CUBE-CANOPEN.1.3.0
2025-08-19 11:39:25,648 [WARN] PackLoader:240 - Cannot read IP mode file for STMicroelectronics.FP-SNS-STBOX1.2.1.0
2025-08-19 11:39:25,656 [WARN] PackLoader:240 - Cannot read IP mode file for STMicroelectronics.FP-SNS-SMARTAG2.1.2.0
2025-08-19 11:39:25,664 [WARN] PackLoader:240 - Cannot read IP mode file for STMicroelectronics.FP-SNS-FLIGHT1.5.1.0
2025-08-19 11:39:25,677 [INFO] LogOutputStream:77 - [STDOUT_REDIRECT] 1 : Invalid condition id : UX_CORESTACK_Condition cause : null
2025-08-19 11:39:25,678 [INFO] LogOutputStream:77 - [STDOUT_REDIRECT] 1 : Invalid condition id : UX_CORESTACK_Condition cause : null
2025-08-19 11:39:25,681 [INFO] LogOutputStream:77 - [STDOUT_REDIRECT] 1 : Invalid condition id : UX_CORESTACK_Condition cause : null
2025-08-19 11:39:25,682 [INFO] LogOutputStream:77 - [STDOUT_REDIRECT] 1 : Invalid condition id : UX_CORESTACK_Condition cause : null
2025-08-19 11:39:25,684 [INFO] LogOutputStream:77 - [STDOUT_REDIRECT] 1 : Invalid condition id : UX_CORESTACK_Condition cause : null
2025-08-19 11:39:25,688 [WARN] PackLoader:240 - Cannot read IP mode file for STMicroelectronics.X-CUBE-AZRTOS-WL.2.0.0
2025-08-19 11:39:25,696 [WARN] PackLoader:240 - Cannot read IP mode file for STMicroelectronics.FP-SNS-MOTENV1.5.0.0
2025-08-19 11:39:25,711 [WARN] PackLoader:240 - Cannot read IP mode file for WES.I-CUBE-Cesium.1.3.0
2025-08-19 11:39:25,718 [WARN] PackLoader:240 - Cannot read IP mode file for STMicroelectronics.X-CUBE-BLE2.3.3.0
2025-08-19 11:39:25,726 [WARN] PackLoader:240 - Cannot read IP mode file for STMicroelectronics.X-CUBE-NFC9.1.0.0
2025-08-19 11:39:25,736 [WARN] PackLoader:240 - Cannot read IP mode file for STMicroelectronics.X-CUBE-BLE1.7.1.0
2025-08-19 11:39:25,743 [WARN] PackLoader:240 - Cannot read IP mode file for wolfSSL.I-CUBE-wolfMQTT.1.19.2
2025-08-19 11:39:25,748 [WARN] PackLoader:240 - Cannot read IP mode file for STMicroelectronics.X-CUBE-AI.10.1.0
2025-08-19 11:39:25,765 [WARN] PackLoader:240 - Cannot read IP mode file for STMicroelectronics.X-CUBE-AZRTOS-G0.1.1.0
2025-08-19 11:39:25,794 [WARN] PackLoader:240 - Cannot read IP mode file for STMicroelectronics.X-CUBE-SAFEA1.1.2.2
2025-08-19 11:39:25,803 [WARN] PackLoader:240 - Cannot read IP mode file for STMicroelectronics.X-CUBE-NFC4.3.0.0
2025-08-19 11:39:25,817 [WARN] PackLoader:240 - Cannot read IP mode file for EmbeddedOffice.I-CUBE-FS-RTOS.1.0.1
2025-08-19 11:39:25,824 [WARN] PackLoader:240 - Cannot read IP mode file for STMicroelectronics.X-CUBE-WB05N.2.0.0
2025-08-19 11:39:25,830 [WARN] PackLoader:240 - Cannot read IP mode file for wolfSSL.I-CUBE-wolfTPM.3.8.0
2025-08-19 11:39:25,838 [WARN] PackLoader:240 - Cannot read IP mode file for STMicroelectronics.X-CUBE-TCPP.4.2.0
2025-08-19 11:39:25,847 [WARN] PackLoader:240 - Cannot read IP mode file for RealThread.X-CUBE-RT-Thread_Nano.4.1.1
2025-08-19 11:39:25,854 [WARN] PackLoader:240 - Cannot read IP mode file for STMicroelectronics.FP-ATR-SIGFOX1.3.2.0
2025-08-19 11:39:25,861 [WARN] PackLoader:240 - Cannot read IP mode file for ITTIA_DB.I-CUBE-ITTIADB.8.9.0
2025-08-19 11:39:25,869 [WARN] PackLoader:240 - Cannot read IP mode file for STMicroelectronics.X-CUBE-ST67W61.1.0.0
2025-08-19 11:39:25,873 [WARN] PackLoader:240 - Cannot read IP mode file for STMicroelectronics.X-CUBE-AI.10.2.0
2025-08-19 11:39:25,903 [WARN] PackLoader:240 - Cannot read IP mode file for SEGGER.I-CUBE-embOS.1.3.1
2025-08-19 11:39:25,955 [WARN] PackLoader:240 - Cannot read IP mode file for STMicroelectronics.X-CUBE-ALGOBUILD.1.4.0
2025-08-19 11:39:26,025 [WARN] PackLoader:240 - Cannot read IP mode file for STMicroelectronics.X-CUBE-MEMS1.11.3.0
2025-08-19 11:39:26,310 [WARN] PackLoader:240 - Cannot read IP mode file for STMicroelectronics.X-CUBE-PM33A1.1.0.0
2025-08-19 11:39:26,334 [WARN] PackLoader:240 - Cannot read IP mode file for STMicroelectronics.X-CUBE-AZRTOS-F4.1.1.0
2025-08-19 11:39:26,342 [WARN] PackLoader:240 - Cannot read IP mode file for STMicroelectronics.X-CUBE-ISPU.2.1.0
2025-08-19 11:39:26,358 [WARN] PackLoader:240 - Cannot read IP mode file for STMicroelectronics.X-CUBE-AZRTOS-L5.2.0.0
2025-08-19 11:39:26,366 [WARN] PackLoader:240 - Cannot read IP mode file for STMicroelectronics.X-CUBE-NFC6.3.1.0
2025-08-19 11:39:26,373 [WARN] PackLoader:240 - Cannot read IP mode file for STMicroelectronics.X-CUBE-FREERTOS.1.3.1
2025-08-19 11:39:26,379 [WARN] PackLoader:240 - Cannot read IP mode file for STMicroelectronics.X-CUBE-DPower.1.3.0
2025-08-19 11:39:26,404 [WARN] ConditionMgr:438 - getConditionDescription Invalid condition id : LAN8742 Phy interface Condition cause : null
2025-08-19 11:39:26,405 [WARN] PackLoader:240 - Cannot read IP mode file for STMicroelectronics.X-CUBE-AZRTOS-L4.2.0.0
2025-08-19 11:39:26,406 [WARN] ConditionMgr:1044 - genDependencies : Invalid condition id : LAN8742 Phy interface Condition cause : null
2025-08-19 11:39:26,406 [WARN] ConditionMgr:1044 - genDependencies : Invalid condition id : LAN8742 Phy interface Condition cause : null
2025-08-19 11:39:26,406 [WARN] ConditionMgr:1044 - genDependencies : Invalid condition id : LAN8742 Phy interface Condition cause : null
2025-08-19 11:39:26,414 [WARN] PackLoader:240 - Cannot read IP mode file for STMicroelectronics.X-CUBE-SFXS2LP1.4.0.0
2025-08-19 11:39:26,426 [WARN] ConditionMgr:438 - getConditionDescription Invalid condition id : UX DEVICE CLASS RTOS Condition cause : null
2025-08-19 11:39:26,426 [WARN] ConditionMgr:438 - getConditionDescription Invalid condition id : UX DEVICE CLASS RTOS Condition cause : null
2025-08-19 11:39:26,428 [WARN] PackLoader:240 - Cannot read IP mode file for STMicroelectronics.X-CUBE-AZRTOS-WB.2.0.0
2025-08-19 11:39:26,428 [WARN] ConditionMgr:1044 - genDependencies : Invalid condition id : UX DEVICE CLASS RTOS Condition cause : null
2025-08-19 11:39:26,428 [WARN] ConditionMgr:1044 - genDependencies : Invalid condition id : UX DEVICE CLASS RTOS Condition cause : null
2025-08-19 11:39:26,429 [WARN] ConditionMgr:1044 - genDependencies : Invalid condition id : UX DEVICE CLASS RTOS Condition cause : null
2025-08-19 11:39:26,429 [WARN] ConditionMgr:1044 - genDependencies : Invalid condition id : UX DEVICE CLASS RTOS Condition cause : null
2025-08-19 11:39:26,429 [WARN] ConditionMgr:1044 - genDependencies : Invalid condition id : UX DEVICE CLASS RTOS Condition cause : null
2025-08-19 11:39:26,435 [WARN] PackLoader:240 - Cannot read IP mode file for STMicroelectronics.X-CUBE-GNSS1.7.0.1
2025-08-19 11:39:26,442 [WARN] PackLoader:240 - Cannot read IP mode file for STMicroelectronics.X-CUBE-TOUCHGFX.4.25.0
2025-08-19 11:39:26,447 [WARN] PackLoader:240 - Cannot read IP mode file for STMicroelectronics.FP-SNS-STBOX1.2.0.0
2025-08-19 11:39:26,453 [WARN] ConditionMgr:438 - getConditionDescription Invalid condition id : Cortex-A Device cause : null
2025-08-19 11:39:26,469 [WARN] ConditionMgr:1044 - genDependencies : Invalid condition id : Cortex-A Device cause : null
2025-08-19 11:39:26,469 [WARN] ConditionMgr:1044 - genDependencies : Invalid condition id : Cortex-A Device cause : null
2025-08-19 11:39:26,469 [WARN] ConditionMgr:1044 - genDependencies : Invalid condition id : Cortex-A Device cause : null
2025-08-19 11:39:26,481 [WARN] PackLoader:240 - Cannot read IP mode file for STMicroelectronics.X-CUBE-SUBG2.5.0.0
2025-08-19 11:39:26,505 [WARN] PackLoader:240 - Cannot read IP mode file for STMicroelectronics.X-CUBE-AZRTOS-H7RS.1.1.0
2025-08-19 11:39:26,515 [WARN] PackLoader:240 - Cannot read IP mode file for Cesanta.I-CUBE-Mongoose.7.13.0
2025-08-19 11:39:26,539 [WARN] PackLoader:240 - Cannot read IP mode file for STMicroelectronics.X-CUBE-AZRTOS-G4.2.0.0
2025-08-19 11:39:26,546 [WARN] PackLoader:240 - Cannot read IP mode file for wolfSSL.I-CUBE-wolfSSH.1.4.20
2025-08-19 11:39:26,555 [WARN] PackLoader:240 - Cannot read IP mode file for STMicroelectronics.X-CUBE-NFC7.2.0.0
2025-08-19 11:39:26,573 [WARN] PackLoader:240 - Cannot read IP mode file for STMicroelectronics.X-CUBE-IPS.3.1.0
2025-08-19 11:39:26,585 [WARN] PackLoader:240 - Cannot read IP mode file for STMicroelectronics.X-CUBE-ALS.1.0.2
2025-08-19 11:39:26,592 [WARN] PackLoader:240 - Cannot read IP mode file for portGmbH.I-Cube-SoM-uGOAL.1.1.0
2025-08-19 11:39:26,602 [WARN] PackLoader:240 - Cannot read IP mode file for STMicroelectronics.X-CUBE-TOF1.3.4.3
2025-08-19 11:39:26,612 [INFO] ThirdParty:978 - Integrity check success = true
2025-08-19 11:39:26,612 [INFO] IntegrityCheckThread:100 - exiting critical section [integrity check]
2025-08-19 11:39:26,612 [INFO] IntegrityCheckThread:103 - End integrity checks thread
2025-08-19 11:39:26,994 [INFO] McuFinderGlobals:63 - Set McuFinder mode to 2 (CubeIDE integrated)
2025-08-19 11:39:27,001 [INFO] MainUpdater:2872 - connection check result : 10
2025-08-19 11:39:27,002 [INFO] MainUpdater:2872 - connection check result : 10
2025-08-19 11:39:27,037 [INFO] MicroXplorer:468 - Change Database Path : 
2025-08-19 11:39:27,037 [INFO] MicroXplorer:498 - Change Database Version : DB.6.0.150
2025-08-19 11:39:27,045 [WARN] ThirdParty:871 - waiting for thirdparty lock release [close project]
2025-08-19 11:39:27,045 [INFO] ThirdParty:873 - entering critical section [close project]
2025-08-19 11:39:27,046 [INFO] ThirdParty:883 - exiting critical section [close project]
2025-08-19 11:39:27,048 [INFO] PinOutPanel:1589 - setPackage(No Configuration,No Configuration)
2025-08-19 11:39:27,049 [INFO] UtilMem:75 - Begin LoadConfig() Used Memory: 239078704 Bytes (309329920)
2025-08-19 11:39:27,051 [INFO] MicroXplorer:468 - Change Database Path : 
2025-08-19 11:39:27,051 [INFO] MicroXplorer:498 - Change Database Version : DB.6.0.150
2025-08-19 11:39:27,051 [INFO] OpenFileManager:355 - Change cursor
2025-08-19 11:39:27,088 [INFO] Mcu:2029 - Initializing MCU STM32F767ZITx STM32F767ZITx STM32F767ZIT6
2025-08-19 11:39:29,652 [INFO] Context:786 - Trying to add GPIOservice into a context  which must be forbidden
2025-08-19 11:39:30,379 [INFO] ImportTextPane:234 - (OptionalMessage_ERROR) Pin1 (VP_RIF_VS_RIF1) cannot be retrieved for this MCU
2025-08-19 11:39:30,493 [INFO] RtosManager:558 - Registered RTOS mode: class=CMSIS, group=RTOS, mode=CMSIS_V1, owner=FREERTOS
2025-08-19 11:39:30,494 [INFO] RtosManager:558 - Registered RTOS mode: class=CMSIS, group=RTOS2, mode=CMSIS_V2, owner=FREERTOS
2025-08-19 11:39:30,494 [INFO] RtosManager:558 - Registered RTOS mode: class=RTOS, group=Core, mode=CMSIS_V1, owner=FREERTOS
2025-08-19 11:39:30,494 [INFO] RtosManager:558 - Registered RTOS mode: class=RTOS, group=Core, mode=CMSIS_V2, owner=FREERTOS
2025-08-19 11:39:30,494 [WARN] ModelIntegratedComponent:184 - Missing modes for component STMicroelectronics:FreeRTOS:0.0.1:STMicroelectronics:RTOS:FreeRTOS:Core:::10.2.0:
2025-08-19 11:39:30,514 [WARN] ModelIntegratedComponent:63 - No mode defined for component null
2025-08-19 11:39:30,514 [WARN] ModelIntegratedComponent:63 - No mode defined for component null
2025-08-19 11:39:30,514 [WARN] ModelIntegratedComponent:63 - No mode defined for component null
2025-08-19 11:39:30,514 [WARN] ModelIntegratedComponent:63 - No mode defined for component null
2025-08-19 11:39:30,514 [WARN] ModelIntegratedComponent:63 - No mode defined for component null
2025-08-19 11:39:30,514 [WARN] ModelIntegratedComponent:63 - No mode defined for component null
2025-08-19 11:39:30,514 [WARN] ModelIntegratedComponent:63 - No mode defined for component null
2025-08-19 11:39:30,514 [WARN] ModelIntegratedComponent:63 - No mode defined for component null
2025-08-19 11:39:30,515 [WARN] ModelIntegratedComponent:63 - No mode defined for component null
2025-08-19 11:39:30,515 [WARN] ModelIntegratedComponent:63 - No mode defined for component null
2025-08-19 11:39:30,515 [WARN] ModelIntegratedComponent:63 - No mode defined for component null
2025-08-19 11:39:30,515 [WARN] ModelIntegratedComponent:63 - No mode defined for component null
2025-08-19 11:39:30,515 [WARN] ModelIntegratedComponent:63 - No mode defined for component null
2025-08-19 11:39:30,515 [WARN] ModelIntegratedComponent:63 - No mode defined for component null
2025-08-19 11:39:30,515 [WARN] ModelIntegratedComponent:63 - No mode defined for component null
2025-08-19 11:39:30,515 [WARN] ModelIntegratedComponent:63 - No mode defined for component null
2025-08-19 11:39:30,515 [WARN] ModelIntegratedComponent:63 - No mode defined for component null
2025-08-19 11:39:30,515 [WARN] ModelIntegratedComponent:63 - No mode defined for component null
2025-08-19 11:39:30,515 [WARN] ModelIntegratedComponent:63 - No mode defined for component null
2025-08-19 11:39:30,515 [WARN] ModelIntegratedComponent:63 - No mode defined for component null
2025-08-19 11:39:30,515 [WARN] ModelIntegratedComponent:63 - No mode defined for component null
2025-08-19 11:39:30,515 [WARN] ModelIntegratedComponent:63 - No mode defined for component null
2025-08-19 11:39:30,515 [WARN] ModelIntegratedComponent:63 - No mode defined for component null
2025-08-19 11:39:30,516 [WARN] ModelIntegratedComponent:63 - No mode defined for component null
2025-08-19 11:39:30,516 [WARN] ModelIntegratedComponent:63 - No mode defined for component null
2025-08-19 11:39:30,516 [WARN] ModelIntegratedComponent:63 - No mode defined for component null
2025-08-19 11:39:30,516 [WARN] ModelIntegratedComponent:63 - No mode defined for component null
2025-08-19 11:39:30,516 [WARN] ModelIntegratedComponent:63 - No mode defined for component null
2025-08-19 11:39:30,516 [WARN] ModelIntegratedComponent:63 - No mode defined for component null
2025-08-19 11:39:30,516 [WARN] ModelIntegratedComponent:63 - No mode defined for component null
2025-08-19 11:39:30,516 [WARN] ModelIntegratedComponent:63 - No mode defined for component null
2025-08-19 11:39:30,516 [WARN] ModelIntegratedComponent:63 - No mode defined for component null
2025-08-19 11:39:30,516 [WARN] ModelIntegratedComponent:63 - No mode defined for component null
2025-08-19 11:39:30,516 [WARN] ModelIntegratedComponent:63 - No mode defined for component null
2025-08-19 11:39:30,516 [WARN] ModelIntegratedComponent:63 - No mode defined for component null
2025-08-19 11:39:30,516 [WARN] ModelPack:524 - Component already loaded: STMicroelectronics:HAL Drivers:0.0.0:STMicroelectronics:Device:STMicro_Driver:XSPI:HAL::0.0.1:HAL_XSPI
2025-08-19 11:39:30,619 [INFO] ThirdPartyModel:298 - Start build external matchings
2025-08-19 11:39:30,971 [INFO] ThirdPartyModel:316 - End build external matchings
2025-08-19 11:39:31,719 [INFO] ApiDb:581 - Connected to CubeFinder SQLite database (C:\Users\USERIT\.stmcufinder\plugins\mcufinder\mcu\cube-finder-db.db)
2025-08-19 11:39:31,899 [INFO] ApiDb:668 - CubeFinder database Data Model version=2.1
2025-08-19 11:39:31,899 [INFO] ApiDb:669 - CubeFinder database Configuration version=3.0.39
2025-08-19 11:39:31,899 [INFO] ApiDb:670 - CubeFinder database generation date=2025-07-24 (1753349077)
2025-08-19 11:39:31,900 [INFO] ApiDb:671 - CubeFinder database FW Pack versions=[FP-ATR-ASTRA1_V2.0.0, FP-SNS-FLIGHT1_V5.1.0, FP-SNS-MOTENV1_V5.0.0, FP-SNS-MOTENVWB1_V1.4.0, FP-SNS-SMARTAG2_V1.2.0, FP-SNS-STBOX1_V2.0.0, STM32Cube_FW_C0_V1.4.0, STM32Cube_FW_F4_V1.28.2, STM32Cube_FW_F7_V1.17.3, STM32Cube_FW_G0_V1.6.2, STM32Cube_FW_G4_V1.6.1, STM32Cube_FW_H5_V1.5.0, STM32Cube_FW_H7RS_V1.2.0, STM32Cube_FW_H7_V1.12.1, STM32Cube_FW_L0_V1.12.2, STM32Cube_FW_L4_V1.18.1, STM32Cube_FW_L5_V1.5.1, STM32Cube_FW_N6_V1.2.0, STM32Cube_FW_U0_V1.3.0, STM32Cube_FW_U3_V1.2.0, STM32Cube_FW_U5_V1.8.0, STM32Cube_FW_WB0_V1.3.0, STM32Cube_FW_WBA_V1.7.0, STM32Cube_FW_WB_V1.23.0, STM32Cube_FW_WL3_V1.2.0, STM32Cube_FW_WL_V1.3.1, X-CUBE-ALGOBUILD_V1.4.0, X-CUBE-ALS_V1.0.2, X-CUBE-AZRTOS-F4_V1.1.0, X-CUBE-AZRTOS-F7_V1.1.0, X-CUBE-AZRTOS-G0_V1.1.0, X-CUBE-AZRTOS-G4_V2.0.0, X-CUBE-AZRTOS-H7RS_V1.1.0, X-CUBE-AZRTOS-H7_V3.4.0, X-CUBE-AZRTOS-L4_V2.0.0, X-CUBE-AZRTOS-L5_V2.0.0, X-CUBE-AZRTOS-WB_V2.0.0, X-CUBE-AZRTOS-WL_V2.0.0, X-CUBE-BLE1_V7.1.0, X-CUBE-BLE2_V3.3.0, X-CUBE-BLEMGR_V4.1.0, X-CUBE-EEPRMA1_V5.2.0, X-CUBE-FREERTOS_V1.3.1, X-CUBE-GNSS1_V6.0.0, X-CUBE-MEMS1_V11.3.0, X-CUBE-NFC4_V3.0.0, X-CUBE-NFC7_V2.0.0, X-CUBE-SFXS2LP1_V4.0.0, X-CUBE-ST67W61_V1.0.0, X-CUBE-SUBG2_V5.0.0, X-CUBE-TOF1_V3.4.3]
2025-08-19 11:39:31,987 [INFO] DbBoardsSqlite:226 - include board P-NUCLEO-WB55-NUCLEO as a kit item of type 'Nucleo-64'
2025-08-19 11:39:31,987 [INFO] DbBoardsSqlite:226 - include board P-NUCLEO-WB55-USBDONGLE as a kit item of type 'Nucleo USB Dongle'
2025-08-19 11:39:31,988 [INFO] DbBoardsSqlite:226 - include board STEVAL-IDP005V1 as a kit item of type 'Evaluation Board'
2025-08-19 11:39:31,988 [INFO] DbBoardsSqlite:226 - include board STEVAL-IDP005V2 as a kit item of type 'Evaluation Board'
2025-08-19 11:39:32,330 [INFO] ApiDb:240 - Found 880 in-development CPN: [B-G473E-ZEST1S, B-WB1M-WPAN1, B-WBA5M-WPAN, B-WL5M-SUBG1, NUCLEO-C031C6, NUCLEO-C051C8, NUCLEO-C071RB, NUCLEO-C092RC, NUCLEO-H503RB, NUCLEO-H533RE, NUCLEO-H563ZI, NUCLEO-H7S3L8, NUCLEO-N657X0-Q, NUCLEO-U031R8, NUCLEO-U083RC, NUCLEO-U385RG-Q, NUCLEO-U545RE-Q, NUCLEO-U5A5ZJ-Q, NUCLEO-WB05KZ, NUCLEO-WB07CC, NUCLEO-WB09KE, NUCLEO-WBA52CG, NUCLEO-WBA55CG, NUCLEO-WL33CC1, NUCLEO-WL33CC2, STEVAL-PROTEUS1, STEVAL-SMARTAG2, STEVAL-STWINBX1, STM320518-EVAL, STM32C0116-DK, STM32C011D6Y3TR, STM32C011D6Y6TR, STM32C011F4P3, STM32C011F4P6, STM32C011F4U3, STM32C011F4U6TR, STM32C011F6P3, STM32C011F6P6, STM32C011F6U3, STM32C011F6U6TR, STM32C011J4M3, STM32C011J4M6, STM32C011J6M3, STM32C011J6M6, STM32C0316-DK, STM32C031C4T3, STM32C031C4T6, STM32C031C4U3, STM32C031C4U6, STM32C031C6T3, STM32C031C6T6, STM32C031C6U3, STM32C031C6U6, STM32C031F4P3, STM32C031F4P6, STM32C031F6P3, STM32C031F6P6, STM32C031G4U3, STM32C031G4U6, STM32C031G6U3, STM32C031G6U6, STM32C031K4T3, STM32C031K4T6, STM32C031K4U3, STM32C031K4U6, STM32C031K6T3, STM32C031K6T6, STM32C031K6U3, STM32C031K6U6, STM32C051C6T6, STM32C051C6U6, STM32C051C8T6, STM32C051C8U6, STM32C051D8Y6TR, STM32C051F6P6, STM32C051F8P6, STM32C051G6U6, STM32C051G8U6, STM32C051K6T6, STM32C051K6U6, STM32C051K8T6, STM32C071C8T6, STM32C071C8T6N, STM32C071C8U6, STM32C071C8U6N, STM32C071CBT6, STM32C071CBT6N, STM32C071CBU6, STM32C071CBU6N, STM32C071F8P6, STM32C071F8P6N, STM32C071FBP6, STM32C071FBP6N, STM32C071FBY6TR, STM32C071G8U6, STM32C071G8U6N, STM32C071GBU6, STM32C071GBU6N, STM32C071K8T6, STM32C071K8T6N, STM32C071K8U6, STM32C071K8U6N, STM32C071KBT6, STM32C071KBT6N, STM32C071KBU6, STM32C071KBU6N, STM32C071R8T6, STM32C071R8T6N, STM32C071RBI6N, STM32C071RBT6, STM32C071RBT6N, STM32C091CBT6, STM32C091CBU6, STM32C091CCT6, STM32C091CCU6, STM32C091ECY6TR, STM32C091FBP6, STM32C091FCP6, STM32C091GBU6, STM32C091GCU6, STM32C091KBT6, STM32C091KBU6, STM32C091KCT6, STM32C091KCU6, STM32C091RBT6, STM32C091RCI6, STM32C091RCT6, STM32C092CBT6, STM32C092CBU6, STM32C092CCT6, STM32C092CCU6, STM32C092ECY6TR, STM32C092FBP6, STM32C092FCP6, STM32C092GBU6, STM32C092GCU6, STM32C092KBT6, STM32C092KBU6, STM32C092KCT6, STM32C092KCU6, STM32C092RBT6, STM32C092RCI6, STM32C092RCT6, STM32G071K8TXN, STM32G071K8UXN, STM32G081GBU6N, STM32G081KBT6N, STM32G081KBUXN, STM32G0B1CCT6N, STM32G0B1KCT6, STM32G0B1NEY6TR, STM32G0B1RCT6N, STM32G0C1CCT6, STM32G0C1CCT6N, STM32G0C1CCU6N, STM32G0C1CET6N, STM32G0C1CEU6N, STM32G0C1KCT6, STM32G0C1NEY6TR, STM32G0C1RCI6N, STM32G0C1RCT6N, STM32G0C1REI6N, STM32G0C1RET6N, STM32G0C1VCI6, STM32G0C1VEI6, STM32G411C6T3, STM32G411C6T6, STM32G411C6U3, STM32G411C6U6, STM32G411C8T3, STM32G411C8T6, STM32G411C8U3, STM32G411C8U6, STM32G411CBT3, STM32G411CBT6, STM32G411CBU3, STM32G411CBU6, STM32G411K6T3, STM32G411K6T6, STM32G411K6U3, STM32G411K6U6, STM32G411K8T3, STM32G411K8T6, STM32G411K8U3, STM32G411K8U6, STM32G411KBT3, STM32G411KBT6, STM32G411KBU3, STM32G411KBU6, STM32G411M6T3, STM32G411M6T6, STM32G411M8T3, STM32G411M8T6, STM32G411MBT3, STM32G411MBT6, STM32G411R6T3, STM32G411R6T6, STM32G411R8T3, STM32G411R8T6, STM32G411RBT3, STM32G411RBT6, STM32G414CBT3, STM32G414CBT6, STM32G414CBU3, STM32G414CBU6, STM32G414CCT3, STM32G414CCT6, STM32G414CCU3, STM32G414CCU6, STM32G414MBT3, STM32G414MBT6, STM32G414MCT3, STM32G414MCT6, STM32G414RBT3, STM32G414RBT6, STM32G414RCT3, STM32G414RCT6, STM32G414VBT3, STM32G414VBT6, STM32G414VCT3, STM32G414VCT6, STM32G431CBT3Z, STM32G431RBT3Z, STM32G471CCT6, STM32G471CCU6, STM32G471CET3, STM32G471CET6, STM32G471CEU3, STM32G471CEU6, STM32G471MCT6, STM32G471MET3, STM32G471MET6, STM32G471MEY6TR, STM32G471QCT6, STM32G471QET3, STM32G471RCT6, STM32G471RET3, STM32G471RET6, STM32G471VCH6, STM32G471VCI6, STM32G471VCT6, STM32G471VEH3, STM32G471VEH6, STM32G471VEI3, STM32G471VEI6, STM32G471VET3, STM32G471VET6, STM32G473QET3Z, STM32G473RET3Z, STM32G474CCT6, STM32G491RET3Z, STM32H503CBT6, STM32H503CBU6, STM32H503EBY6TR, STM32H503KBU6, STM32H503RBT6, STM32H523CCT6, STM32H523CCU6, STM32H523CET6, STM32H523CEU6, STM32H523HEY6TR, STM32H523RCT6, STM32H523RET6, STM32H523VCI6, STM32H523VCT6, STM32H523VEI6, STM32H523VET6, STM32H523ZCJ6, STM32H523ZCT6, STM32H523ZEJ6, STM32H523ZET6, STM32H533CET6, STM32H533CEU6, STM32H533HEY6TR, STM32H533RET6, STM32H533VEI6, STM32H533VET6, STM32H533ZEJ6, STM32H533ZET6, STM32H562AGI6, STM32H562AII6, STM32H562IGK6, STM32H562IGT6, STM32H562IIK6, STM32H562IIT6, STM32H562RGT6, STM32H562RGV6, STM32H562RIT6, STM32H562RIV6, STM32H562VGT6, STM32H562VIT6, STM32H562ZGT6, STM32H562ZIT6, STM32H563AGI6, STM32H563AII3Q, STM32H563AII6, STM32H563IGK6, STM32H563IGT6, STM32H563IIK3Q, STM32H563IIK6, STM32H563IIT3Q, STM32H563IIT6, STM32H563MIY3QTR, STM32H563RGT6, STM32H563RGV6, STM32H563RIT6, STM32H563RIV6, STM32H563VGT6, STM32H563VIT3Q, STM32H563VIT6, STM32H563ZGT6, STM32H563ZIT3Q, STM32H563ZIT6, STM32H573AII3Q, STM32H573AII6, STM32H573I-DK, STM32H573IIK3Q, STM32H573IIK6, STM32H573IIT3Q, STM32H573IIT6, STM32H573MIY3QTR, STM32H573RIT6, STM32H573RIV6, STM32H573VIT3Q, STM32H573VIT6, STM32H573ZIT3Q, STM32H573ZIT6, STM32H7R3A8I6, STM32H7R3I8K6, STM32H7R3I8T6, STM32H7R3L8H6, STM32H7R3L8H6H, STM32H7R3R8V6, STM32H7R3V8H6, STM32H7R3V8T6, STM32H7R3V8Y6TR, STM32H7R3Z8J6, STM32H7R3Z8T6, STM32H7R7A8I6, STM32H7R7I8K6, STM32H7R7I8T6, STM32H7R7L8H6, STM32H7R7L8H6H, STM32H7R7Z8J6, STM32H7S3A8I6, STM32H7S3I8K6, STM32H7S3I8T6, STM32H7S3L8H6, STM32H7S3L8H6H, STM32H7S3R8V6, STM32H7S3V8H6, STM32H7S3V8T6, STM32H7S3V8Y6TR, STM32H7S3Z8J6, STM32H7S3Z8T6, STM32H7S78-DK, STM32H7S7A8I6, STM32H7S7I8K6, STM32H7S7I8T6, STM32H7S7L8H6, STM32H7S7L8H6H, STM32H7S7Z8J6, STM32L4R5QGI6STR, STM32MP131AAE3, STM32MP131AAF3, STM32MP131AAG3, STM32MP131CAE3, STM32MP131CAF3, STM32MP131CAG3, STM32MP131DAE7, STM32MP131DAF7, STM32MP131DAG7, STM32MP131FAE7, STM32MP131FAF7, STM32MP131FAG7, STM32MP133AAE3, STM32MP133AAF3, STM32MP133AAG3, STM32MP133CAE3, STM32MP133CAF3, STM32MP133CAG3, STM32MP133DAE7, STM32MP133DAF7, STM32MP133DAG7, STM32MP133FAE7, STM32MP133FAF7, STM32MP133FAG7, STM32MP135AAE3, STM32MP135AAF3, STM32MP135AAG3, STM32MP135CAE3, STM32MP135CAF3, STM32MP135CAG3, STM32MP135DAE7, STM32MP135DAF7, STM32MP135DAG7, STM32MP135F-DK, STM32MP135FAE7, STM32MP135FAF7, STM32MP135FAF7T, STM32MP135FAF7U, STM32MP135FAG7, STM32MP211AAL3, STM32MP211AAM3, STM32MP211AAN3, STM32MP211AAO3, STM32MP211CAL3, STM32MP211CAM3, STM32MP211CAN3, STM32MP211CAO3, STM32MP211DAL3, STM32MP211DAM3, STM32MP211DAN3, STM32MP211DAO3, STM32MP211FAL3, STM32MP211FAM3, STM32MP211FAN3, STM32MP211FAO3, STM32MP213AAL3, STM32MP213AAM3, STM32MP213AAN3, STM32MP213AAO3, STM32MP213CAL3, STM32MP213CAM3, STM32MP213CAN3, STM32MP213CAO3, STM32MP213DAL3, STM32MP213DAM3, STM32MP213DAN3, STM32MP213DAO3, STM32MP213FAL3, STM32MP213FAM3, STM32MP213FAN3, STM32MP213FAO3, STM32MP215AAL3, STM32MP215AAM3, STM32MP215AAN3, STM32MP215AAO3, STM32MP215CAL3, STM32MP215CAM3, STM32MP215CAN3, STM32MP215CAO3, STM32MP215DAL3, STM32MP215DAM3, STM32MP215DAN3, STM32MP215DAO3, STM32MP215F-DK, STM32MP215FAL3, STM32MP215FAM3, STM32MP215FAN3, STM32MP215FAO3, STM32MP231AAJ3, STM32MP231AAK3, STM32MP231AAL3, STM32MP231CAJ3, STM32MP231CAK3, STM32MP231CAL3, STM32MP231DAJ3, STM32MP231DAK3, STM32MP231DAL3, STM32MP231FAJ3, STM32MP231FAK3, STM32MP231FAL3, STM32MP233AAJ3, STM32MP233AAK3, STM32MP233AAL3, STM32MP233CAJ3, STM32MP233CAK3, STM32MP233CAL3, STM32MP233DAJ3, STM32MP233DAK3, STM32MP233DAL3, STM32MP233FAJ3, STM32MP233FAK3, STM32MP233FAL3, STM32MP235AAJ3, STM32MP235AAK3, STM32MP235AAL3, STM32MP235CAJ3, STM32MP235CAK3, STM32MP235CAL3, STM32MP235DAJ3, STM32MP235DAK3, STM32MP235DAL3, STM32MP235FAJ3, STM32MP235FAK3, STM32MP235FAL3, STM32MP251AAI3, STM32MP251AAK3, STM32MP251AAL3, STM32MP251CAI3, STM32MP251CAK3, STM32MP251CAL3, STM32MP251DAI3, STM32MP251DAK3, STM32MP251DAL3, STM32MP251FAI3, STM32MP251FAK3, STM32MP251FAL3, STM32MP253AAI3, STM32MP253AAK3, STM32MP253AAL3, STM32MP253CAI3, STM32MP253CAK3, STM32MP253CAL3, STM32MP253DAI3, STM32MP253DAK3, STM32MP253DAL3, STM32MP253FAI3, STM32MP253FAK3, STM32MP253FAL3, STM32MP255AAI3, STM32MP255AAK3, STM32MP255AAL3, STM32MP255CAI3, STM32MP255CAK3, STM32MP255CAL3, STM32MP255DAI3, STM32MP255DAK3, STM32MP255DAL3, STM32MP255FAI3, STM32MP255FAK3, STM32MP255FAL3, STM32MP257AAI3, STM32MP257AAK3, STM32MP257AAL3, STM32MP257CAI3, STM32MP257CAK3, STM32MP257CAL3, STM32MP257DAI3, STM32MP257DAK3, STM32MP257DAL3, STM32MP257F-DK, STM32MP257F-EV1, STM32MP257FAI3, STM32MP257FAK3, STM32MP257FAL3, STM32N645A0H3Q, STM32N645B0H3Q, STM32N645I0H3Q, STM32N645L0H3Q, STM32N645X0H3Q, STM32N645Z0H3Q, STM32N647A0H3Q, STM32N647B0H3Q, STM32N647I0H3Q, STM32N647L0H3Q, STM32N647X0H3Q, STM32N647Z0H3Q, STM32N655A0H3Q, STM32N655B0H3Q, STM32N655I0H3Q, STM32N655L0H3Q, STM32N655X0H3Q, STM32N655Z0H3Q, STM32N6570-DK, STM32N657A0H3Q, STM32N657B0H3Q, STM32N657I0H3Q, STM32N657L0H3Q, STM32N657X0H3Q, STM32N657Z0H3Q, STM32U031C6T6, STM32U031C6U6, STM32U031C8T6, STM32U031C8U6, STM32U031F4P6, STM32U031F6P6, STM32U031F8P6, STM32U031G6Y6TR, STM32U031G8Y6TR, STM32U031K4U6, STM32U031K6U6, STM32U031K8U6, STM32U031R6I6, STM32U031R6T6, STM32U031R8I6, STM32U031R8T6, STM32U073C8T6, STM32U073C8U6, STM32U073CBT6, STM32U073CBU6, STM32U073CCT6, STM32U073CCU6, STM32U073H8Y6TR, STM32U073HBY6TR, STM32U073HCY6TR, STM32U073K8U6, STM32U073KBU6, STM32U073KCU6, STM32U073M8I6, STM32U073M8T6, STM32U073MBI6, STM32U073MBT6, STM32U073MCI6, STM32U073MCT6, STM32U073R8I6, STM32U073R8T6, STM32U073RBI6, STM32U073RBT6, STM32U073RCI6, STM32U073RCT6, STM32U083C-DK, STM32U083CCT6, STM32U083CCU6, STM32U083HCY6TR, STM32U083KCU6, STM32U083MCI6, STM32U083MCT6, STM32U083RCI6, STM32U083RCT6, STM32U375CET6, STM32U375CET6Q, STM32U375CEU6, STM32U375CEU6Q, STM32U375CEY6QTR, STM32U375CGT6, STM32U375CGT6Q, STM32U375CGU6, STM32U375CGU6Q, STM32U375CGY6QTR, STM32U375KEU6, STM32U375KGU6, STM32U375REI6, STM32U375REI6Q, STM32U375RET6, STM32U375RET6Q, STM32U375REY6GTR, STM32U375REY6QTR, STM32U375RGI6, STM32U375RGI6Q, STM32U375RGT6, STM32U375RGT6Q, STM32U375RGY6GTR, STM32U375RGY6QTR, STM32U375VEI6, STM32U375VEI6Q, STM32U375VET6, STM32U375VET6Q, STM32U375VGI6, STM32U375VGI6Q, STM32U375VGT6, STM32U375VGT6Q, STM32U385CGT6, STM32U385CGT6Q, STM32U385CGU6, STM32U385CGU6Q, STM32U385CGY6QTR, STM32U385KGU6, STM32U385RGI6, STM32U385RGI6Q, STM32U385RGT6, STM32U385RGT6Q, STM32U385RGY6GTR, STM32U385RGY6QTR, STM32U385VGI6, STM32U385VGI6Q, STM32U385VGT6, STM32U385VGT6Q, STM32U535CBT6, STM32U535CBT6Q, STM32U535CBU6, STM32U535CBU6Q, STM32U535CCT6, STM32U535CCT6Q, STM32U535CCU6, STM32U535CCU6Q, STM32U535CET6, STM32U535CET6Q, STM32U535CEU6, STM32U535CEU6Q, STM32U535JEY6QTR, STM32U535NCY6QTR, STM32U535NEY6QTR, STM32U535RBI6, STM32U535RBI6Q, STM32U535RBT6, STM32U535RBT6Q, STM32U535RCI6, STM32U535RCI6Q, STM32U535RCT6, STM32U535RCT6Q, STM32U535REI6, STM32U535REI6Q, STM32U535RET6, STM32U535RET6Q, STM32U535VCI6, STM32U535VCI6Q, STM32U535VCT6, STM32U535VCT6Q, STM32U535VEI6, STM32U535VEI6Q, STM32U535VET6, STM32U535VET6Q, STM32U545CET6, STM32U545CET6Q, STM32U545CEU6, STM32U545CEU6Q, STM32U545JEY6QTR, STM32U545NEY6QTR, STM32U545REI6, STM32U545REI6Q, STM32U545RET6, STM32U545RET6Q, STM32U545VEI6, STM32U545VEI6Q, STM32U545VET6, STM32U545VET6Q, STM32U595AIH6, STM32U595AIH6Q, STM32U595AJH6, STM32U595AJH6Q, STM32U595QII6, STM32U595QII6Q, STM32U595QJI6, STM32U595QJI6Q, STM32U595RIT6, STM32U595RIT6Q, STM32U595RJT6, STM32U595RJT6Q, STM32U595VIT6, STM32U595VIT6Q, STM32U595VJT6, STM32U595VJT6Q, STM32U595ZIT6, STM32U595ZIT6Q, STM32U595ZIY6QTR, STM32U595ZJT6, STM32U595ZJT6Q, STM32U595ZJY6QTR, STM32U599BJY6QTR, STM32U599NIH6Q, STM32U599NJH6Q, STM32U599VIT6Q, STM32U599VJT6, STM32U599VJT6Q, STM32U599ZIT6Q, STM32U599ZIY6QTR, STM32U599ZJT6Q, STM32U599ZJY6QTR, STM32U5A5AJH6, STM32U5A5AJH6Q, STM32U5A5QII3Q , STM32U5A5QJI6, STM32U5A5QJI6Q, STM32U5A5RJT6, STM32U5A5RJT6Q, STM32U5A5VJT6, STM32U5A5VJT6Q, STM32U5A5ZJT6, STM32U5A5ZJT6Q, STM32U5A5ZJY6QTR, STM32U5A9BJY6QTR, STM32U5A9J-DK, STM32U5A9NJH6Q, STM32U5A9VJT6Q, STM32U5A9ZJT6Q, STM32U5A9ZJY6QTR, STM32U5F7VIT6, STM32U5F7VIT6Q, STM32U5F7VJT6, STM32U5F7VJT6Q, STM32U5F9BJY6QTR, STM32U5F9NJH6Q, STM32U5F9VIT6Q, STM32U5F9VJT6Q, STM32U5F9ZIJ6QTR, STM32U5F9ZIT6Q, STM32U5F9ZJJ6QTR, STM32U5F9ZJT6Q, STM32U5G7VJT6, STM32U5G7VJT6Q, STM32U5G9BJY6QTR, STM32U5G9J-DK1, STM32U5G9J-DK2, STM32U5G9NJH6Q, STM32U5G9VJT6Q, STM32U5G9ZJJ6QTR, STM32U5G9ZJT6Q, STM32WB05KZV6TR, STM32WB05KZV7TR, STM32WB05TZF6TR, STM32WB05TZF7TR, STM32WB06CCF6TR, STM32WB06CCF7TR, STM32WB06CCV6TR, STM32WB06CCV7TR, STM32WB06KCV6TR, STM32WB06KCV7TR, STM32WB07CCF6TR, STM32WB07CCF7TR, STM32WB07CCV6TR, STM32WB07CCV7TR, STM32WB07KCV6TR, STM32WB07KCV7TR, STM32WB09KEV6TR, STM32WB09KEV7TR, STM32WB09TEF6TR, STM32WB09TEF7TR, STM32WB1MMCH6, STM32WBA50KGU6, STM32WBA50KGU6TR, STM32WBA52CEU6, STM32WBA52CEU6TR, STM32WBA52CEU7, STM32WBA52CEU7TR, STM32WBA52CGU6, STM32WBA52CGU6TR, STM32WBA52CGU6U, STM32WBA52CGU7, STM32WBA52CGU7TR, STM32WBA52KEU6, STM32WBA52KEU6TR, STM32WBA52KGU6, STM32WBA52KGU6TR, STM32WBA54CEU6, STM32WBA54CEU6TR, STM32WBA54CEU7, STM32WBA54CEU7TR, STM32WBA54CGU6, STM32WBA54CGU6TR, STM32WBA54CGU7, STM32WBA54CGU7TR, STM32WBA54KEU6, STM32WBA54KEU6TR, STM32WBA54KEU7, STM32WBA54KEU7TR, STM32WBA54KGU6, STM32WBA54KGU6TR, STM32WBA54KGU7, STM32WBA54KGU7TR, STM32WBA55CEU6, STM32WBA55CEU6TR, STM32WBA55CEU7, STM32WBA55CEU7TR, STM32WBA55CGU6, STM32WBA55CGU6TR, STM32WBA55CGU6U, STM32WBA55CGU7, STM32WBA55CGU7TR, STM32WBA55G-DK1, STM32WBA55HEF6, STM32WBA55HEF7, STM32WBA55HGF6, STM32WBA55HGF7, STM32WBA55UEI6, STM32WBA55UEI6TR, STM32WBA55UEI7, STM32WBA55UEI7TR, STM32WBA55UGI6, STM32WBA55UGI6TR, STM32WBA55UGI7, STM32WBA55UGI7TR, STM32WBA5MMGH6TR, STM32WBA62MGF6, STM32WBA62MIF6, STM32WBA65MGF7, STM32WBA65MIF6, STM32WBA65MIF7, STM32WL30K8V6, STM32WL30KBV6, STM32WL31C8V6, STM32WL31CBV6, STM32WL31K8V6, STM32WL31KBV6, STM32WL33C8V6, STM32WL33C8V6X, STM32WL33CBV6, STM32WL33CBV6X, STM32WL33CCV6, STM32WL33CCV6A, STM32WL33CCV6X, STM32WL33K8V7, STM32WL33K8V7X, STM32WL33KBV7 , STM32WL33KBV7X, STM32WL33KCV7, STM32WL33KCV7X, STM32WL5MOCH6, STM32WL5MOCH6TR]
2025-08-19 11:39:32,562 [INFO] BoardInfo:889 - No configuration file found for board P-NUCLEO-WB55
2025-08-19 11:39:32,563 [INFO] DbBoards:161 - Kit is not supported: P-NUCLEO-WB55
2025-08-19 11:39:32,572 [INFO] BoardInfo:889 - No configuration file found for board STEVAL-BFA001V1B
2025-08-19 11:39:32,573 [INFO] DbBoards:161 - Kit is not supported: STEVAL-BFA001V1B
2025-08-19 11:39:32,574 [INFO] BoardInfo:889 - No configuration file found for board STEVAL-BFA001V2B
2025-08-19 11:39:32,576 [INFO] DbBoards:161 - Kit is not supported: STEVAL-BFA001V2B
2025-08-19 11:39:32,807 [INFO] DbBoards:168 - Found 212 boards, 209 are supported
2025-08-19 11:39:32,807 [INFO] DbBoards:169 - Found 212 boards, 43 of them is supported for  Bsp
2025-08-19 11:39:32,811 [INFO] ApiDb:668 - CubeFinder database Data Model version=2.1
2025-08-19 11:39:32,811 [INFO] ApiDb:669 - CubeFinder database Configuration version=3.0.39
2025-08-19 11:39:32,811 [INFO] ApiDb:670 - CubeFinder database generation date=2025-07-24 (1753349077)
2025-08-19 11:39:32,811 [INFO] ApiDb:671 - CubeFinder database FW Pack versions=[FP-ATR-ASTRA1_V2.0.0, FP-SNS-FLIGHT1_V5.1.0, FP-SNS-MOTENV1_V5.0.0, FP-SNS-MOTENVWB1_V1.4.0, FP-SNS-SMARTAG2_V1.2.0, FP-SNS-STBOX1_V2.0.0, STM32Cube_FW_C0_V1.4.0, STM32Cube_FW_F4_V1.28.2, STM32Cube_FW_F7_V1.17.3, STM32Cube_FW_G0_V1.6.2, STM32Cube_FW_G4_V1.6.1, STM32Cube_FW_H5_V1.5.0, STM32Cube_FW_H7RS_V1.2.0, STM32Cube_FW_H7_V1.12.1, STM32Cube_FW_L0_V1.12.2, STM32Cube_FW_L4_V1.18.1, STM32Cube_FW_L5_V1.5.1, STM32Cube_FW_N6_V1.2.0, STM32Cube_FW_U0_V1.3.0, STM32Cube_FW_U3_V1.2.0, STM32Cube_FW_U5_V1.8.0, STM32Cube_FW_WB0_V1.3.0, STM32Cube_FW_WBA_V1.7.0, STM32Cube_FW_WB_V1.23.0, STM32Cube_FW_WL3_V1.2.0, STM32Cube_FW_WL_V1.3.1, X-CUBE-ALGOBUILD_V1.4.0, X-CUBE-ALS_V1.0.2, X-CUBE-AZRTOS-F4_V1.1.0, X-CUBE-AZRTOS-F7_V1.1.0, X-CUBE-AZRTOS-G0_V1.1.0, X-CUBE-AZRTOS-G4_V2.0.0, X-CUBE-AZRTOS-H7RS_V1.1.0, X-CUBE-AZRTOS-H7_V3.4.0, X-CUBE-AZRTOS-L4_V2.0.0, X-CUBE-AZRTOS-L5_V2.0.0, X-CUBE-AZRTOS-WB_V2.0.0, X-CUBE-AZRTOS-WL_V2.0.0, X-CUBE-BLE1_V7.1.0, X-CUBE-BLE2_V3.3.0, X-CUBE-BLEMGR_V4.1.0, X-CUBE-EEPRMA1_V5.2.0, X-CUBE-FREERTOS_V1.3.1, X-CUBE-GNSS1_V6.0.0, X-CUBE-MEMS1_V11.3.0, X-CUBE-NFC4_V3.0.0, X-CUBE-NFC7_V2.0.0, X-CUBE-SFXS2LP1_V4.0.0, X-CUBE-ST67W61_V1.0.0, X-CUBE-SUBG2_V5.0.0, X-CUBE-TOF1_V3.4.3]
2025-08-19 11:39:34,745 [INFO] ApiDb:240 - Found 880 in-development CPN: [B-G473E-ZEST1S, B-WB1M-WPAN1, B-WBA5M-WPAN, B-WL5M-SUBG1, NUCLEO-C031C6, NUCLEO-C051C8, NUCLEO-C071RB, NUCLEO-C092RC, NUCLEO-H503RB, NUCLEO-H533RE, NUCLEO-H563ZI, NUCLEO-H7S3L8, NUCLEO-N657X0-Q, NUCLEO-U031R8, NUCLEO-U083RC, NUCLEO-U385RG-Q, NUCLEO-U545RE-Q, NUCLEO-U5A5ZJ-Q, NUCLEO-WB05KZ, NUCLEO-WB07CC, NUCLEO-WB09KE, NUCLEO-WBA52CG, NUCLEO-WBA55CG, NUCLEO-WL33CC1, NUCLEO-WL33CC2, STEVAL-PROTEUS1, STEVAL-SMARTAG2, STEVAL-STWINBX1, STM320518-EVAL, STM32C0116-DK, STM32C011D6Y3TR, STM32C011D6Y6TR, STM32C011F4P3, STM32C011F4P6, STM32C011F4U3, STM32C011F4U6TR, STM32C011F6P3, STM32C011F6P6, STM32C011F6U3, STM32C011F6U6TR, STM32C011J4M3, STM32C011J4M6, STM32C011J6M3, STM32C011J6M6, STM32C0316-DK, STM32C031C4T3, STM32C031C4T6, STM32C031C4U3, STM32C031C4U6, STM32C031C6T3, STM32C031C6T6, STM32C031C6U3, STM32C031C6U6, STM32C031F4P3, STM32C031F4P6, STM32C031F6P3, STM32C031F6P6, STM32C031G4U3, STM32C031G4U6, STM32C031G6U3, STM32C031G6U6, STM32C031K4T3, STM32C031K4T6, STM32C031K4U3, STM32C031K4U6, STM32C031K6T3, STM32C031K6T6, STM32C031K6U3, STM32C031K6U6, STM32C051C6T6, STM32C051C6U6, STM32C051C8T6, STM32C051C8U6, STM32C051D8Y6TR, STM32C051F6P6, STM32C051F8P6, STM32C051G6U6, STM32C051G8U6, STM32C051K6T6, STM32C051K6U6, STM32C051K8T6, STM32C071C8T6, STM32C071C8T6N, STM32C071C8U6, STM32C071C8U6N, STM32C071CBT6, STM32C071CBT6N, STM32C071CBU6, STM32C071CBU6N, STM32C071F8P6, STM32C071F8P6N, STM32C071FBP6, STM32C071FBP6N, STM32C071FBY6TR, STM32C071G8U6, STM32C071G8U6N, STM32C071GBU6, STM32C071GBU6N, STM32C071K8T6, STM32C071K8T6N, STM32C071K8U6, STM32C071K8U6N, STM32C071KBT6, STM32C071KBT6N, STM32C071KBU6, STM32C071KBU6N, STM32C071R8T6, STM32C071R8T6N, STM32C071RBI6N, STM32C071RBT6, STM32C071RBT6N, STM32C091CBT6, STM32C091CBU6, STM32C091CCT6, STM32C091CCU6, STM32C091ECY6TR, STM32C091FBP6, STM32C091FCP6, STM32C091GBU6, STM32C091GCU6, STM32C091KBT6, STM32C091KBU6, STM32C091KCT6, STM32C091KCU6, STM32C091RBT6, STM32C091RCI6, STM32C091RCT6, STM32C092CBT6, STM32C092CBU6, STM32C092CCT6, STM32C092CCU6, STM32C092ECY6TR, STM32C092FBP6, STM32C092FCP6, STM32C092GBU6, STM32C092GCU6, STM32C092KBT6, STM32C092KBU6, STM32C092KCT6, STM32C092KCU6, STM32C092RBT6, STM32C092RCI6, STM32C092RCT6, STM32G071K8TXN, STM32G071K8UXN, STM32G081GBU6N, STM32G081KBT6N, STM32G081KBUXN, STM32G0B1CCT6N, STM32G0B1KCT6, STM32G0B1NEY6TR, STM32G0B1RCT6N, STM32G0C1CCT6, STM32G0C1CCT6N, STM32G0C1CCU6N, STM32G0C1CET6N, STM32G0C1CEU6N, STM32G0C1KCT6, STM32G0C1NEY6TR, STM32G0C1RCI6N, STM32G0C1RCT6N, STM32G0C1REI6N, STM32G0C1RET6N, STM32G0C1VCI6, STM32G0C1VEI6, STM32G411C6T3, STM32G411C6T6, STM32G411C6U3, STM32G411C6U6, STM32G411C8T3, STM32G411C8T6, STM32G411C8U3, STM32G411C8U6, STM32G411CBT3, STM32G411CBT6, STM32G411CBU3, STM32G411CBU6, STM32G411K6T3, STM32G411K6T6, STM32G411K6U3, STM32G411K6U6, STM32G411K8T3, STM32G411K8T6, STM32G411K8U3, STM32G411K8U6, STM32G411KBT3, STM32G411KBT6, STM32G411KBU3, STM32G411KBU6, STM32G411M6T3, STM32G411M6T6, STM32G411M8T3, STM32G411M8T6, STM32G411MBT3, STM32G411MBT6, STM32G411R6T3, STM32G411R6T6, STM32G411R8T3, STM32G411R8T6, STM32G411RBT3, STM32G411RBT6, STM32G414CBT3, STM32G414CBT6, STM32G414CBU3, STM32G414CBU6, STM32G414CCT3, STM32G414CCT6, STM32G414CCU3, STM32G414CCU6, STM32G414MBT3, STM32G414MBT6, STM32G414MCT3, STM32G414MCT6, STM32G414RBT3, STM32G414RBT6, STM32G414RCT3, STM32G414RCT6, STM32G414VBT3, STM32G414VBT6, STM32G414VCT3, STM32G414VCT6, STM32G431CBT3Z, STM32G431RBT3Z, STM32G471CCT6, STM32G471CCU6, STM32G471CET3, STM32G471CET6, STM32G471CEU3, STM32G471CEU6, STM32G471MCT6, STM32G471MET3, STM32G471MET6, STM32G471MEY6TR, STM32G471QCT6, STM32G471QET3, STM32G471RCT6, STM32G471RET3, STM32G471RET6, STM32G471VCH6, STM32G471VCI6, STM32G471VCT6, STM32G471VEH3, STM32G471VEH6, STM32G471VEI3, STM32G471VEI6, STM32G471VET3, STM32G471VET6, STM32G473QET3Z, STM32G473RET3Z, STM32G474CCT6, STM32G491RET3Z, STM32H503CBT6, STM32H503CBU6, STM32H503EBY6TR, STM32H503KBU6, STM32H503RBT6, STM32H523CCT6, STM32H523CCU6, STM32H523CET6, STM32H523CEU6, STM32H523HEY6TR, STM32H523RCT6, STM32H523RET6, STM32H523VCI6, STM32H523VCT6, STM32H523VEI6, STM32H523VET6, STM32H523ZCJ6, STM32H523ZCT6, STM32H523ZEJ6, STM32H523ZET6, STM32H533CET6, STM32H533CEU6, STM32H533HEY6TR, STM32H533RET6, STM32H533VEI6, STM32H533VET6, STM32H533ZEJ6, STM32H533ZET6, STM32H562AGI6, STM32H562AII6, STM32H562IGK6, STM32H562IGT6, STM32H562IIK6, STM32H562IIT6, STM32H562RGT6, STM32H562RGV6, STM32H562RIT6, STM32H562RIV6, STM32H562VGT6, STM32H562VIT6, STM32H562ZGT6, STM32H562ZIT6, STM32H563AGI6, STM32H563AII3Q, STM32H563AII6, STM32H563IGK6, STM32H563IGT6, STM32H563IIK3Q, STM32H563IIK6, STM32H563IIT3Q, STM32H563IIT6, STM32H563MIY3QTR, STM32H563RGT6, STM32H563RGV6, STM32H563RIT6, STM32H563RIV6, STM32H563VGT6, STM32H563VIT3Q, STM32H563VIT6, STM32H563ZGT6, STM32H563ZIT3Q, STM32H563ZIT6, STM32H573AII3Q, STM32H573AII6, STM32H573I-DK, STM32H573IIK3Q, STM32H573IIK6, STM32H573IIT3Q, STM32H573IIT6, STM32H573MIY3QTR, STM32H573RIT6, STM32H573RIV6, STM32H573VIT3Q, STM32H573VIT6, STM32H573ZIT3Q, STM32H573ZIT6, STM32H7R3A8I6, STM32H7R3I8K6, STM32H7R3I8T6, STM32H7R3L8H6, STM32H7R3L8H6H, STM32H7R3R8V6, STM32H7R3V8H6, STM32H7R3V8T6, STM32H7R3V8Y6TR, STM32H7R3Z8J6, STM32H7R3Z8T6, STM32H7R7A8I6, STM32H7R7I8K6, STM32H7R7I8T6, STM32H7R7L8H6, STM32H7R7L8H6H, STM32H7R7Z8J6, STM32H7S3A8I6, STM32H7S3I8K6, STM32H7S3I8T6, STM32H7S3L8H6, STM32H7S3L8H6H, STM32H7S3R8V6, STM32H7S3V8H6, STM32H7S3V8T6, STM32H7S3V8Y6TR, STM32H7S3Z8J6, STM32H7S3Z8T6, STM32H7S78-DK, STM32H7S7A8I6, STM32H7S7I8K6, STM32H7S7I8T6, STM32H7S7L8H6, STM32H7S7L8H6H, STM32H7S7Z8J6, STM32L4R5QGI6STR, STM32MP131AAE3, STM32MP131AAF3, STM32MP131AAG3, STM32MP131CAE3, STM32MP131CAF3, STM32MP131CAG3, STM32MP131DAE7, STM32MP131DAF7, STM32MP131DAG7, STM32MP131FAE7, STM32MP131FAF7, STM32MP131FAG7, STM32MP133AAE3, STM32MP133AAF3, STM32MP133AAG3, STM32MP133CAE3, STM32MP133CAF3, STM32MP133CAG3, STM32MP133DAE7, STM32MP133DAF7, STM32MP133DAG7, STM32MP133FAE7, STM32MP133FAF7, STM32MP133FAG7, STM32MP135AAE3, STM32MP135AAF3, STM32MP135AAG3, STM32MP135CAE3, STM32MP135CAF3, STM32MP135CAG3, STM32MP135DAE7, STM32MP135DAF7, STM32MP135DAG7, STM32MP135F-DK, STM32MP135FAE7, STM32MP135FAF7, STM32MP135FAF7T, STM32MP135FAF7U, STM32MP135FAG7, STM32MP211AAL3, STM32MP211AAM3, STM32MP211AAN3, STM32MP211AAO3, STM32MP211CAL3, STM32MP211CAM3, STM32MP211CAN3, STM32MP211CAO3, STM32MP211DAL3, STM32MP211DAM3, STM32MP211DAN3, STM32MP211DAO3, STM32MP211FAL3, STM32MP211FAM3, STM32MP211FAN3, STM32MP211FAO3, STM32MP213AAL3, STM32MP213AAM3, STM32MP213AAN3, STM32MP213AAO3, STM32MP213CAL3, STM32MP213CAM3, STM32MP213CAN3, STM32MP213CAO3, STM32MP213DAL3, STM32MP213DAM3, STM32MP213DAN3, STM32MP213DAO3, STM32MP213FAL3, STM32MP213FAM3, STM32MP213FAN3, STM32MP213FAO3, STM32MP215AAL3, STM32MP215AAM3, STM32MP215AAN3, STM32MP215AAO3, STM32MP215CAL3, STM32MP215CAM3, STM32MP215CAN3, STM32MP215CAO3, STM32MP215DAL3, STM32MP215DAM3, STM32MP215DAN3, STM32MP215DAO3, STM32MP215F-DK, STM32MP215FAL3, STM32MP215FAM3, STM32MP215FAN3, STM32MP215FAO3, STM32MP231AAJ3, STM32MP231AAK3, STM32MP231AAL3, STM32MP231CAJ3, STM32MP231CAK3, STM32MP231CAL3, STM32MP231DAJ3, STM32MP231DAK3, STM32MP231DAL3, STM32MP231FAJ3, STM32MP231FAK3, STM32MP231FAL3, STM32MP233AAJ3, STM32MP233AAK3, STM32MP233AAL3, STM32MP233CAJ3, STM32MP233CAK3, STM32MP233CAL3, STM32MP233DAJ3, STM32MP233DAK3, STM32MP233DAL3, STM32MP233FAJ3, STM32MP233FAK3, STM32MP233FAL3, STM32MP235AAJ3, STM32MP235AAK3, STM32MP235AAL3, STM32MP235CAJ3, STM32MP235CAK3, STM32MP235CAL3, STM32MP235DAJ3, STM32MP235DAK3, STM32MP235DAL3, STM32MP235FAJ3, STM32MP235FAK3, STM32MP235FAL3, STM32MP251AAI3, STM32MP251AAK3, STM32MP251AAL3, STM32MP251CAI3, STM32MP251CAK3, STM32MP251CAL3, STM32MP251DAI3, STM32MP251DAK3, STM32MP251DAL3, STM32MP251FAI3, STM32MP251FAK3, STM32MP251FAL3, STM32MP253AAI3, STM32MP253AAK3, STM32MP253AAL3, STM32MP253CAI3, STM32MP253CAK3, STM32MP253CAL3, STM32MP253DAI3, STM32MP253DAK3, STM32MP253DAL3, STM32MP253FAI3, STM32MP253FAK3, STM32MP253FAL3, STM32MP255AAI3, STM32MP255AAK3, STM32MP255AAL3, STM32MP255CAI3, STM32MP255CAK3, STM32MP255CAL3, STM32MP255DAI3, STM32MP255DAK3, STM32MP255DAL3, STM32MP255FAI3, STM32MP255FAK3, STM32MP255FAL3, STM32MP257AAI3, STM32MP257AAK3, STM32MP257AAL3, STM32MP257CAI3, STM32MP257CAK3, STM32MP257CAL3, STM32MP257DAI3, STM32MP257DAK3, STM32MP257DAL3, STM32MP257F-DK, STM32MP257F-EV1, STM32MP257FAI3, STM32MP257FAK3, STM32MP257FAL3, STM32N645A0H3Q, STM32N645B0H3Q, STM32N645I0H3Q, STM32N645L0H3Q, STM32N645X0H3Q, STM32N645Z0H3Q, STM32N647A0H3Q, STM32N647B0H3Q, STM32N647I0H3Q, STM32N647L0H3Q, STM32N647X0H3Q, STM32N647Z0H3Q, STM32N655A0H3Q, STM32N655B0H3Q, STM32N655I0H3Q, STM32N655L0H3Q, STM32N655X0H3Q, STM32N655Z0H3Q, STM32N6570-DK, STM32N657A0H3Q, STM32N657B0H3Q, STM32N657I0H3Q, STM32N657L0H3Q, STM32N657X0H3Q, STM32N657Z0H3Q, STM32U031C6T6, STM32U031C6U6, STM32U031C8T6, STM32U031C8U6, STM32U031F4P6, STM32U031F6P6, STM32U031F8P6, STM32U031G6Y6TR, STM32U031G8Y6TR, STM32U031K4U6, STM32U031K6U6, STM32U031K8U6, STM32U031R6I6, STM32U031R6T6, STM32U031R8I6, STM32U031R8T6, STM32U073C8T6, STM32U073C8U6, STM32U073CBT6, STM32U073CBU6, STM32U073CCT6, STM32U073CCU6, STM32U073H8Y6TR, STM32U073HBY6TR, STM32U073HCY6TR, STM32U073K8U6, STM32U073KBU6, STM32U073KCU6, STM32U073M8I6, STM32U073M8T6, STM32U073MBI6, STM32U073MBT6, STM32U073MCI6, STM32U073MCT6, STM32U073R8I6, STM32U073R8T6, STM32U073RBI6, STM32U073RBT6, STM32U073RCI6, STM32U073RCT6, STM32U083C-DK, STM32U083CCT6, STM32U083CCU6, STM32U083HCY6TR, STM32U083KCU6, STM32U083MCI6, STM32U083MCT6, STM32U083RCI6, STM32U083RCT6, STM32U375CET6, STM32U375CET6Q, STM32U375CEU6, STM32U375CEU6Q, STM32U375CEY6QTR, STM32U375CGT6, STM32U375CGT6Q, STM32U375CGU6, STM32U375CGU6Q, STM32U375CGY6QTR, STM32U375KEU6, STM32U375KGU6, STM32U375REI6, STM32U375REI6Q, STM32U375RET6, STM32U375RET6Q, STM32U375REY6GTR, STM32U375REY6QTR, STM32U375RGI6, STM32U375RGI6Q, STM32U375RGT6, STM32U375RGT6Q, STM32U375RGY6GTR, STM32U375RGY6QTR, STM32U375VEI6, STM32U375VEI6Q, STM32U375VET6, STM32U375VET6Q, STM32U375VGI6, STM32U375VGI6Q, STM32U375VGT6, STM32U375VGT6Q, STM32U385CGT6, STM32U385CGT6Q, STM32U385CGU6, STM32U385CGU6Q, STM32U385CGY6QTR, STM32U385KGU6, STM32U385RGI6, STM32U385RGI6Q, STM32U385RGT6, STM32U385RGT6Q, STM32U385RGY6GTR, STM32U385RGY6QTR, STM32U385VGI6, STM32U385VGI6Q, STM32U385VGT6, STM32U385VGT6Q, STM32U535CBT6, STM32U535CBT6Q, STM32U535CBU6, STM32U535CBU6Q, STM32U535CCT6, STM32U535CCT6Q, STM32U535CCU6, STM32U535CCU6Q, STM32U535CET6, STM32U535CET6Q, STM32U535CEU6, STM32U535CEU6Q, STM32U535JEY6QTR, STM32U535NCY6QTR, STM32U535NEY6QTR, STM32U535RBI6, STM32U535RBI6Q, STM32U535RBT6, STM32U535RBT6Q, STM32U535RCI6, STM32U535RCI6Q, STM32U535RCT6, STM32U535RCT6Q, STM32U535REI6, STM32U535REI6Q, STM32U535RET6, STM32U535RET6Q, STM32U535VCI6, STM32U535VCI6Q, STM32U535VCT6, STM32U535VCT6Q, STM32U535VEI6, STM32U535VEI6Q, STM32U535VET6, STM32U535VET6Q, STM32U545CET6, STM32U545CET6Q, STM32U545CEU6, STM32U545CEU6Q, STM32U545JEY6QTR, STM32U545NEY6QTR, STM32U545REI6, STM32U545REI6Q, STM32U545RET6, STM32U545RET6Q, STM32U545VEI6, STM32U545VEI6Q, STM32U545VET6, STM32U545VET6Q, STM32U595AIH6, STM32U595AIH6Q, STM32U595AJH6, STM32U595AJH6Q, STM32U595QII6, STM32U595QII6Q, STM32U595QJI6, STM32U595QJI6Q, STM32U595RIT6, STM32U595RIT6Q, STM32U595RJT6, STM32U595RJT6Q, STM32U595VIT6, STM32U595VIT6Q, STM32U595VJT6, STM32U595VJT6Q, STM32U595ZIT6, STM32U595ZIT6Q, STM32U595ZIY6QTR, STM32U595ZJT6, STM32U595ZJT6Q, STM32U595ZJY6QTR, STM32U599BJY6QTR, STM32U599NIH6Q, STM32U599NJH6Q, STM32U599VIT6Q, STM32U599VJT6, STM32U599VJT6Q, STM32U599ZIT6Q, STM32U599ZIY6QTR, STM32U599ZJT6Q, STM32U599ZJY6QTR, STM32U5A5AJH6, STM32U5A5AJH6Q, STM32U5A5QII3Q , STM32U5A5QJI6, STM32U5A5QJI6Q, STM32U5A5RJT6, STM32U5A5RJT6Q, STM32U5A5VJT6, STM32U5A5VJT6Q, STM32U5A5ZJT6, STM32U5A5ZJT6Q, STM32U5A5ZJY6QTR, STM32U5A9BJY6QTR, STM32U5A9J-DK, STM32U5A9NJH6Q, STM32U5A9VJT6Q, STM32U5A9ZJT6Q, STM32U5A9ZJY6QTR, STM32U5F7VIT6, STM32U5F7VIT6Q, STM32U5F7VJT6, STM32U5F7VJT6Q, STM32U5F9BJY6QTR, STM32U5F9NJH6Q, STM32U5F9VIT6Q, STM32U5F9VJT6Q, STM32U5F9ZIJ6QTR, STM32U5F9ZIT6Q, STM32U5F9ZJJ6QTR, STM32U5F9ZJT6Q, STM32U5G7VJT6, STM32U5G7VJT6Q, STM32U5G9BJY6QTR, STM32U5G9J-DK1, STM32U5G9J-DK2, STM32U5G9NJH6Q, STM32U5G9VJT6Q, STM32U5G9ZJJ6QTR, STM32U5G9ZJT6Q, STM32WB05KZV6TR, STM32WB05KZV7TR, STM32WB05TZF6TR, STM32WB05TZF7TR, STM32WB06CCF6TR, STM32WB06CCF7TR, STM32WB06CCV6TR, STM32WB06CCV7TR, STM32WB06KCV6TR, STM32WB06KCV7TR, STM32WB07CCF6TR, STM32WB07CCF7TR, STM32WB07CCV6TR, STM32WB07CCV7TR, STM32WB07KCV6TR, STM32WB07KCV7TR, STM32WB09KEV6TR, STM32WB09KEV7TR, STM32WB09TEF6TR, STM32WB09TEF7TR, STM32WB1MMCH6, STM32WBA50KGU6, STM32WBA50KGU6TR, STM32WBA52CEU6, STM32WBA52CEU6TR, STM32WBA52CEU7, STM32WBA52CEU7TR, STM32WBA52CGU6, STM32WBA52CGU6TR, STM32WBA52CGU6U, STM32WBA52CGU7, STM32WBA52CGU7TR, STM32WBA52KEU6, STM32WBA52KEU6TR, STM32WBA52KGU6, STM32WBA52KGU6TR, STM32WBA54CEU6, STM32WBA54CEU6TR, STM32WBA54CEU7, STM32WBA54CEU7TR, STM32WBA54CGU6, STM32WBA54CGU6TR, STM32WBA54CGU7, STM32WBA54CGU7TR, STM32WBA54KEU6, STM32WBA54KEU6TR, STM32WBA54KEU7, STM32WBA54KEU7TR, STM32WBA54KGU6, STM32WBA54KGU6TR, STM32WBA54KGU7, STM32WBA54KGU7TR, STM32WBA55CEU6, STM32WBA55CEU6TR, STM32WBA55CEU7, STM32WBA55CEU7TR, STM32WBA55CGU6, STM32WBA55CGU6TR, STM32WBA55CGU6U, STM32WBA55CGU7, STM32WBA55CGU7TR, STM32WBA55G-DK1, STM32WBA55HEF6, STM32WBA55HEF7, STM32WBA55HGF6, STM32WBA55HGF7, STM32WBA55UEI6, STM32WBA55UEI6TR, STM32WBA55UEI7, STM32WBA55UEI7TR, STM32WBA55UGI6, STM32WBA55UGI6TR, STM32WBA55UGI7, STM32WBA55UGI7TR, STM32WBA5MMGH6TR, STM32WBA62MGF6, STM32WBA62MIF6, STM32WBA65MGF7, STM32WBA65MIF6, STM32WBA65MIF7, STM32WL30K8V6, STM32WL30KBV6, STM32WL31C8V6, STM32WL31CBV6, STM32WL31K8V6, STM32WL31KBV6, STM32WL33C8V6, STM32WL33C8V6X, STM32WL33CBV6, STM32WL33CBV6X, STM32WL33CCV6, STM32WL33CCV6A, STM32WL33CCV6X, STM32WL33K8V7, STM32WL33K8V7X, STM32WL33KBV7 , STM32WL33KBV7X, STM32WL33KCV7, STM32WL33KCV7X, STM32WL5MOCH6, STM32WL5MOCH6TR]
2025-08-19 11:39:34,750 [INFO] DbMcus:218 - Found 4801 MCUs, 4801 are supported
2025-08-19 11:39:34,751 [INFO] ApiDb:423 - Load user favorites file C:\Users\USERIT/.stm32cubeide/favorites.mcus.txt: 1 item(s)
2025-08-19 11:39:34,751 [INFO] ApiDb:427 - User favorites MCUs=[STM32F767ZIT6]
2025-08-19 11:39:34,751 [INFO] DbMcus:224 - Set 1 / 1 favorites MCUs
2025-08-19 11:39:35,221 [INFO] ApiDb:423 - Load user favorites file C:\Users\USERIT/.stm32cubeide/favorites.boards.txt: 0 item(s)
2025-08-19 11:39:35,221 [INFO] ApiDb:427 - User favorites Boards=[]
2025-08-19 11:39:35,221 [INFO] DbBoards:198 - Set 0 / 0 favorites Boards
2025-08-19 11:39:35,281 [INFO] UtilMem:75 - End LoadConfig() Used Memory: 302099072 Bytes (555745280)
2025-08-19 11:39:35,439 [WARN] ThirdParty:833 - waiting for thirdparty lock release [change project]
2025-08-19 11:39:35,439 [INFO] ThirdParty:835 - entering critical section [change project]
2025-08-19 11:39:35,439 [INFO] ThirdParty:1030 - CMSIS Pack Vendor :STMicroelectronics X-CUBE-PM33A1 1.0.0
2025-08-19 11:39:35,439 [INFO] ThirdParty:1030 - CMSIS Pack Vendor :STMicroelectronics USBPD 4.1
2025-08-19 11:39:35,439 [INFO] ThirdParty:1030 - CMSIS Pack Vendor :STMicroelectronics X-CUBE-NFC9 1.0.0
2025-08-19 11:39:35,439 [INFO] ThirdParty:1030 - CMSIS Pack Vendor :STMicroelectronics USB_HOST 2.0.0
2025-08-19 11:39:35,439 [INFO] ThirdParty:1030 - CMSIS Pack Vendor :STMicroelectronics FP-SNS-MOTENVWB1 1.4.0
2025-08-19 11:39:35,439 [INFO] ThirdParty:1030 - CMSIS Pack Vendor :STMicroelectronics X-CUBE-AZRTOS-F4 1.1.0
2025-08-19 11:39:35,439 [INFO] ThirdParty:1030 - CMSIS Pack Vendor :STMicroelectronics LIBJPEG 8.0.0
2025-08-19 11:39:35,439 [INFO] ThirdParty:1030 - CMSIS Pack Vendor :STMicroelectronics FP-ATR-ASTRA1 2.0.2
2025-08-19 11:39:35,439 [INFO] ThirdParty:1030 - CMSIS Pack Vendor :STMicroelectronics X-CUBE-BLE1 7.1.0
2025-08-19 11:39:35,439 [INFO] ThirdParty:1030 - CMSIS Pack Vendor :STMicroelectronics X-CUBE-SMBUS 2.1.0
2025-08-19 11:39:35,440 [INFO] ThirdParty:1030 - CMSIS Pack Vendor :wolfSSL I-CUBE-wolfMQTT 1.19.2
2025-08-19 11:39:35,440 [INFO] ThirdParty:1030 - CMSIS Pack Vendor :STMicroelectronics USB_DEVICE 3.0.0
2025-08-19 11:39:35,440 [INFO] ThirdParty:1030 - CMSIS Pack Vendor :STMicroelectronics X-CUBE-ISPU 2.1.0
2025-08-19 11:39:35,440 [INFO] ThirdParty:1030 - CMSIS Pack Vendor :STMicroelectronics X-CUBE-AZRTOS-WB 2.0.0
2025-08-19 11:39:35,440 [INFO] ThirdParty:1030 - CMSIS Pack Vendor :STMicroelectronics X-CUBE-ST60 1.0.0
2025-08-19 11:39:35,440 [INFO] ThirdParty:1030 - CMSIS Pack Vendor :STMicroelectronics X-CUBE-GNSS1 7.0.1
2025-08-19 11:39:35,440 [INFO] ThirdParty:1030 - CMSIS Pack Vendor :STMicroelectronics X-CUBE-AZRTOS-F7 1.1.0
2025-08-19 11:39:35,440 [INFO] ThirdParty:1030 - CMSIS Pack Vendor :STMicroelectronics X-CUBE-AZRTOS-L5 2.0.0
2025-08-19 11:39:35,440 [INFO] ThirdParty:1030 - CMSIS Pack Vendor :STMicroelectronics X-CUBE-TOUCHGFX 4.25.0
2025-08-19 11:39:35,440 [INFO] ThirdParty:1030 - CMSIS Pack Vendor :STMicroelectronics USB_DEVICE 2.0.0
2025-08-19 11:39:35,440 [INFO] ThirdParty:1030 - CMSIS Pack Vendor :STMicroelectronics X-CUBE-NFC6 3.1.0
2025-08-19 11:39:35,440 [INFO] ThirdParty:1030 - CMSIS Pack Vendor :STMicroelectronics X-CUBE-AI 10.1.0
2025-08-19 11:39:35,440 [INFO] ThirdParty:1030 - CMSIS Pack Vendor :STMicroelectronics FP-SNS-STBOX1 2.0.0
2025-08-19 11:39:35,440 [INFO] ThirdParty:1030 - CMSIS Pack Vendor :quantropi X-CUBE-qispace-sdk-base 2.1.0
2025-08-19 11:39:35,440 [INFO] ThirdParty:1030 - CMSIS Pack Vendor :STMicroelectronics FreeRTOS 0.0.1
2025-08-19 11:39:35,440 [INFO] ThirdParty:1030 - CMSIS Pack Vendor :STMicroelectronics X-CUBE-AZRTOS-G0 1.1.0
2025-08-19 11:39:35,440 [INFO] ThirdParty:1030 - CMSIS Pack Vendor :STMicroelectronics X-CUBE-SAFEA1 1.2.2
2025-08-19 11:39:35,440 [INFO] ThirdParty:1030 - CMSIS Pack Vendor :STMicroelectronics X-CUBE-NFC4 3.0.0
2025-08-19 11:39:35,440 [INFO] ThirdParty:1030 - CMSIS Pack Vendor :STMicroelectronics X-CUBE-SUBG2 5.0.0
2025-08-19 11:39:35,440 [INFO] ThirdParty:1030 - CMSIS Pack Vendor :STMicroelectronics X-CUBE-AZRTOS-H7RS 1.1.0
2025-08-19 11:39:35,440 [INFO] ThirdParty:1030 - CMSIS Pack Vendor :STMicroelectronics STM32_WPAN 1.0.0
2025-08-19 11:39:35,440 [INFO] ThirdParty:1030 - CMSIS Pack Vendor :EmbeddedOffice I-CUBE-FS-RTOS 1.0.1
2025-08-19 11:39:35,440 [INFO] ThirdParty:1030 - CMSIS Pack Vendor :STMicroelectronics lwIP 2.0.3
2025-08-19 11:39:35,441 [INFO] ThirdParty:1030 - CMSIS Pack Vendor :Cesanta I-CUBE-Mongoose 7.13.0
2025-08-19 11:39:35,441 [INFO] ThirdParty:1030 - CMSIS Pack Vendor :STMicroelectronics USB_HOST 1.0.0
2025-08-19 11:39:35,441 [INFO] ThirdParty:1030 - CMSIS Pack Vendor :Infineon AIROC-Wi-Fi-Bluetooth-STM32 1.7.1
2025-08-19 11:39:35,441 [INFO] ThirdParty:1030 - CMSIS Pack Vendor :STMicroelectronics X-CUBE-AZRTOS-G4 2.0.0
2025-08-19 11:39:35,441 [INFO] ThirdParty:1030 - CMSIS Pack Vendor :STMicroelectronics X-CUBE-WB05N 2.0.0
2025-08-19 11:39:35,441 [INFO] ThirdParty:1030 - CMSIS Pack Vendor :STMicroelectronics PDM2PCM 3.1.0
2025-08-19 11:39:35,441 [INFO] ThirdParty:1030 - CMSIS Pack Vendor :STMicroelectronics PDM2PCM 3.3.0
2025-08-19 11:39:35,441 [INFO] ThirdParty:1030 - CMSIS Pack Vendor :wolfSSL I-CUBE-wolfTPM 3.8.0
2025-08-19 11:39:35,441 [INFO] ThirdParty:1030 - CMSIS Pack Vendor :STMicroelectronics X-CUBE-DISPLAY 3.0.0
2025-08-19 11:39:35,441 [INFO] ThirdParty:1030 - CMSIS Pack Vendor :wolfSSL I-CUBE-wolfSSH 1.4.20
2025-08-19 11:39:35,441 [INFO] ThirdParty:1030 - CMSIS Pack Vendor :STMicroelectronics X-CUBE-NFC7 2.0.0
2025-08-19 11:39:35,441 [INFO] ThirdParty:1030 - CMSIS Pack Vendor :STMicroelectronics X-CUBE-TCPP 4.2.0
2025-08-19 11:39:35,441 [INFO] ThirdParty:1030 - CMSIS Pack Vendor :RealThread X-CUBE-RT-Thread_Nano 4.1.1
2025-08-19 11:39:35,441 [INFO] ThirdParty:1030 - CMSIS Pack Vendor :STMicroelectronics FP-ATR-SIGFOX1 3.2.0
2025-08-19 11:39:35,441 [INFO] ThirdParty:1030 - CMSIS Pack Vendor :STMicroelectronics X-CUBE-NFC10 1.0.0
2025-08-19 11:39:35,441 [INFO] ThirdParty:1030 - CMSIS Pack Vendor :STMicroelectronics X-CUBE-FREERTOS 1.3.1
2025-08-19 11:39:35,441 [INFO] ThirdParty:1030 - CMSIS Pack Vendor :STMicroelectronics HAL Drivers 0.0.0
2025-08-19 11:39:35,441 [INFO] ThirdParty:1030 - CMSIS Pack Vendor :STMicroelectronics MBEDTLS 2.16.2
2025-08-19 11:39:35,441 [INFO] ThirdParty:1030 - CMSIS Pack Vendor :STMicroelectronics X-CUBE-IPS 3.1.0
2025-08-19 11:39:35,441 [INFO] ThirdParty:1030 - CMSIS Pack Vendor :STMicroelectronics X-CUBE-ALS 1.0.2
2025-08-19 11:39:35,441 [INFO] ThirdParty:1030 - CMSIS Pack Vendor :emotas I-CUBE-CANOPEN 1.3.0
2025-08-19 11:39:35,441 [INFO] ThirdParty:1030 - CMSIS Pack Vendor :STMicroelectronics MBEDTLS 2.14.1
2025-08-19 11:39:35,441 [INFO] ThirdParty:1030 - CMSIS Pack Vendor :ITTIA_DB I-CUBE-ITTIADB 8.9.0
2025-08-19 11:39:35,441 [INFO] ThirdParty:1030 - CMSIS Pack Vendor :portGmbH I-Cube-SoM-uGOAL 1.1.0
2025-08-19 11:39:35,441 [INFO] ThirdParty:1030 - CMSIS Pack Vendor :STMicroelectronics X-CUBE-ST67W61 1.0.0
2025-08-19 11:39:35,442 [INFO] ThirdParty:1030 - CMSIS Pack Vendor :STMicroelectronics FP-SNS-STBOX1 2.1.0
2025-08-19 11:39:35,442 [INFO] ThirdParty:1030 - CMSIS Pack Vendor :STMicroelectronics X-CUBE-AI 10.2.0
2025-08-19 11:39:35,442 [INFO] ThirdParty:1030 - CMSIS Pack Vendor :STMicroelectronics ThreadX 1.0.0
2025-08-19 11:39:35,442 [INFO] ThirdParty:1030 - CMSIS Pack Vendor :STMicroelectronics FP-SNS-SMARTAG2 1.2.0
2025-08-19 11:39:35,442 [INFO] ThirdParty:1030 - CMSIS Pack Vendor :STMicroelectronics FP-SNS-FLIGHT1 5.1.0
2025-08-19 11:39:35,442 [INFO] ThirdParty:1030 - CMSIS Pack Vendor :STMicroelectronics X-CUBE-AZRTOS-WL 2.0.0
2025-08-19 11:39:35,442 [INFO] ThirdParty:1030 - CMSIS Pack Vendor :SEGGER I-CUBE-embOS 1.3.1
2025-08-19 11:39:35,442 [INFO] ThirdParty:1030 - CMSIS Pack Vendor :STMicroelectronics X-CUBE-ALGOBUILD 1.4.0
2025-08-19 11:39:35,442 [INFO] ThirdParty:1030 - CMSIS Pack Vendor :STMicroelectronics X-CUBE-DPower 1.3.0
2025-08-19 11:39:35,442 [INFO] ThirdParty:1030 - CMSIS Pack Vendor :STMicroelectronics X-CUBE-MEMS1 11.3.0
2025-08-19 11:39:35,442 [INFO] ThirdParty:1030 - CMSIS Pack Vendor :STMicroelectronics FP-SNS-MOTENV1 5.0.0
2025-08-19 11:39:35,442 [INFO] ThirdParty:1030 - CMSIS Pack Vendor :STMicroelectronics USB_DEVICE 1.0.0
2025-08-19 11:39:35,442 [INFO] ThirdParty:1030 - CMSIS Pack Vendor :STMicroelectronics X-CUBE-AZRTOS-L4 2.0.0
2025-08-19 11:39:35,442 [INFO] ThirdParty:1030 - CMSIS Pack Vendor :STMicroelectronics ThreadX 0.0.2
2025-08-19 11:39:35,442 [INFO] ThirdParty:1030 - CMSIS Pack Vendor :WES I-CUBE-Cesium 1.3.0
2025-08-19 11:39:35,442 [INFO] ThirdParty:1030 - CMSIS Pack Vendor :STMicroelectronics lwIP 2.1.2
2025-08-19 11:39:35,442 [INFO] ThirdParty:1030 - CMSIS Pack Vendor :STMicroelectronics X-CUBE-SFXS2LP1 4.0.0
2025-08-19 11:39:35,442 [INFO] ThirdParty:1030 - CMSIS Pack Vendor :STMicroelectronics X-CUBE-BLE2 3.3.0
2025-08-19 11:39:35,442 [INFO] ThirdParty:1030 - CMSIS Pack Vendor :STMicroelectronics X-CUBE-TOF1 3.4.3
2025-08-19 11:39:35,442 [INFO] ThirdParty:1030 - CMSIS Pack Vendor :STMicroelectronics PDM2PCM 3.2.0
2025-08-19 11:39:35,442 [INFO] ThirdParty:841 - exiting critical section [change project]
2025-08-19 11:39:36,027 [INFO] PinOutPanel:1589 - setPackage(No Configuration,No Configuration)
2025-08-19 11:39:36,029 [INFO] PinOutPanel:1589 - setPackage(STM32F767ZITx,LQFP144)
2025-08-19 11:39:36,679 [INFO] UtilMem:75 - Before build in PCC Used Memory: 391277760 Bytes (555745280)
2025-08-19 11:39:37,421 [INFO] UtilMem:75 - After build in PCC Used Memory: 468872384 Bytes (555745280)
2025-08-19 11:39:37,463 [INFO] IPUIPlugin:80 - create IPUIPlugin
2025-08-19 11:39:37,464 [INFO] IPUIPlugin:80 - create IPUIPlugin
2025-08-19 11:39:37,464 [INFO] IPUIPlugin:80 - create IPUIPlugin
2025-08-19 11:39:37,464 [INFO] IPUIPlugin:80 - create IPUIPlugin
2025-08-19 11:39:37,464 [INFO] IPUIPlugin:80 - create IPUIPlugin
2025-08-19 11:39:37,464 [INFO] IPUIPlugin:80 - create IPUIPlugin
2025-08-19 11:39:37,465 [INFO] IPUIPlugin:80 - create IPUIPlugin
2025-08-19 11:39:37,465 [INFO] IPUIPlugin:80 - create IPUIPlugin
2025-08-19 11:39:37,465 [INFO] IPUIPlugin:80 - create IPUIPlugin
2025-08-19 11:39:37,465 [INFO] IPUIPlugin:80 - create IPUIPlugin
2025-08-19 11:39:37,465 [INFO] IPUIPlugin:80 - create IPUIPlugin
2025-08-19 11:39:37,465 [INFO] IPUIPlugin:80 - create IPUIPlugin
2025-08-19 11:39:37,466 [INFO] IPUIPlugin:80 - create IPUIPlugin
2025-08-19 11:39:37,466 [INFO] IPUIPlugin:80 - create IPUIPlugin
2025-08-19 11:39:37,466 [INFO] IPUIPlugin:80 - create IPUIPlugin
2025-08-19 11:39:37,466 [INFO] IPUIPlugin:80 - create IPUIPlugin
2025-08-19 11:39:37,466 [INFO] IPUIPlugin:80 - create IPUIPlugin
2025-08-19 11:39:37,466 [INFO] IPUIPlugin:80 - create IPUIPlugin
2025-08-19 11:39:37,466 [INFO] IPUIPlugin:80 - create IPUIPlugin
2025-08-19 11:39:37,466 [INFO] IPUIPlugin:80 - create IPUIPlugin
2025-08-19 11:39:37,466 [INFO] IPUIPlugin:80 - create IPUIPlugin
2025-08-19 11:39:37,467 [INFO] IPUIPlugin:80 - create IPUIPlugin
2025-08-19 11:39:37,467 [INFO] IPUIPlugin:80 - create IPUIPlugin
2025-08-19 11:39:37,467 [INFO] IPUIPlugin:80 - create IPUIPlugin
2025-08-19 11:39:37,467 [INFO] IPUIPlugin:80 - create IPUIPlugin
2025-08-19 11:39:37,467 [INFO] IPUIPlugin:80 - create IPUIPlugin
2025-08-19 11:39:37,467 [INFO] IPUIPlugin:80 - create IPUIPlugin
2025-08-19 11:39:37,467 [INFO] IPUIPlugin:80 - create IPUIPlugin
2025-08-19 11:39:37,468 [INFO] IPUIPlugin:80 - create IPUIPlugin
2025-08-19 11:39:37,468 [INFO] IPUIPlugin:80 - create IPUIPlugin
2025-08-19 11:39:37,468 [INFO] IPUIPlugin:80 - create IPUIPlugin
2025-08-19 11:39:37,468 [INFO] IPUIPlugin:80 - create IPUIPlugin
2025-08-19 11:39:37,468 [INFO] IPUIPlugin:80 - create IPUIPlugin
2025-08-19 11:39:37,469 [INFO] IPUIPlugin:80 - create IPUIPlugin
2025-08-19 11:39:37,469 [INFO] IPUIPlugin:80 - create IPUIPlugin
2025-08-19 11:39:37,469 [INFO] IPUIPlugin:80 - create IPUIPlugin
2025-08-19 11:39:37,469 [INFO] IPUIPlugin:80 - create IPUIPlugin
2025-08-19 11:39:37,469 [INFO] IPUIPlugin:80 - create IPUIPlugin
2025-08-19 11:39:37,470 [INFO] IPUIPlugin:80 - create IPUIPlugin
2025-08-19 11:39:37,470 [INFO] IPUIPlugin:80 - create IPUIPlugin
2025-08-19 11:39:37,470 [INFO] IPUIPlugin:80 - create IPUIPlugin
2025-08-19 11:39:37,471 [INFO] IPUIPlugin:80 - create IPUIPlugin
2025-08-19 11:39:37,471 [INFO] IPUIPlugin:80 - create IPUIPlugin
2025-08-19 11:39:37,472 [INFO] IPUIPlugin:80 - create IPUIPlugin
2025-08-19 11:39:37,472 [INFO] IPUIPlugin:80 - create IPUIPlugin
2025-08-19 11:39:37,472 [INFO] IPUIPlugin:80 - create IPUIPlugin
2025-08-19 11:39:37,472 [INFO] IPUIPlugin:80 - create IPUIPlugin
2025-08-19 11:39:37,473 [INFO] IPUIPlugin:80 - create IPUIPlugin
2025-08-19 11:39:37,473 [INFO] IPUIPlugin:80 - create IPUIPlugin
2025-08-19 11:39:37,473 [INFO] IPUIPlugin:80 - create IPUIPlugin
2025-08-19 11:39:37,495 [INFO] IPUIPlugin:80 - create IPUIPlugin
2025-08-19 11:39:37,496 [INFO] IPUIPlugin:80 - create IPUIPlugin
2025-08-19 11:39:37,496 [INFO] IPUIPlugin:80 - create IPUIPlugin
2025-08-19 11:39:37,496 [INFO] IPUIPlugin:80 - create IPUIPlugin
2025-08-19 11:39:37,496 [INFO] IPUIPlugin:80 - create IPUIPlugin
2025-08-19 11:39:37,497 [INFO] IPUIPlugin:80 - create IPUIPlugin
2025-08-19 11:39:37,497 [INFO] IPUIPlugin:80 - create IPUIPlugin
2025-08-19 11:39:37,497 [INFO] IPUIPlugin:80 - create IPUIPlugin
2025-08-19 11:39:37,498 [INFO] IPUIPlugin:80 - create IPUIPlugin
2025-08-19 11:39:37,499 [INFO] IPUIPlugin:80 - create IPUIPlugin
2025-08-19 11:39:37,499 [INFO] IPUIPlugin:80 - create IPUIPlugin
2025-08-19 11:39:37,500 [INFO] IPUIPlugin:80 - create IPUIPlugin
2025-08-19 11:39:37,500 [INFO] IPUIPlugin:80 - create IPUIPlugin
2025-08-19 11:39:37,500 [INFO] IPUIPlugin:80 - create IPUIPlugin
2025-08-19 11:39:37,501 [INFO] IPUIPlugin:80 - create IPUIPlugin
2025-08-19 11:39:37,501 [INFO] IPUIPlugin:80 - create IPUIPlugin
2025-08-19 11:39:37,501 [INFO] IPUIPlugin:80 - create IPUIPlugin
2025-08-19 11:39:37,502 [INFO] IPUIPlugin:80 - create IPUIPlugin
2025-08-19 11:39:37,502 [INFO] IPUIPlugin:80 - create IPUIPlugin
2025-08-19 11:39:37,502 [INFO] IPUIPlugin:80 - create IPUIPlugin
2025-08-19 11:39:37,503 [INFO] IPUIPlugin:80 - create IPUIPlugin
2025-08-19 11:39:37,503 [INFO] IPUIPlugin:80 - create IPUIPlugin
2025-08-19 11:39:37,504 [INFO] IPUIPlugin:80 - create IPUIPlugin
2025-08-19 11:39:37,504 [INFO] IPUIPlugin:80 - create IPUIPlugin
2025-08-19 11:39:37,504 [INFO] IPUIPlugin:80 - create IPUIPlugin
2025-08-19 11:39:37,505 [INFO] IPUIPlugin:80 - create IPUIPlugin
2025-08-19 11:39:37,505 [INFO] IPUIPlugin:80 - create IPUIPlugin
2025-08-19 11:39:37,506 [INFO] IPUIPlugin:80 - create IPUIPlugin
2025-08-19 11:39:37,507 [INFO] IPUIPlugin:80 - create IPUIPlugin
2025-08-19 11:39:37,579 [INFO] ApiDbMcu:532 - Load IP Config File for PDM2PCM
2025-08-19 11:39:37,732 [INFO] CADModel:165 - CPN selected for project levelSTM32F767ZIT6
2025-08-19 11:39:37,732 [INFO] CADModel:114 - Register for checkConnection events
2025-08-19 11:39:37,786 [INFO] OpenFileManager:386 - Restore cursor
2025-08-19 11:40:44,073 [INFO] Gpio:278 - dependency for GPIO []
2025-08-19 11:41:20,079 [INFO] Gpio:278 - dependency for GPIO []
2025-08-19 11:41:40,033 [INFO] UtilMem:75 - End SaveConfig() Used Memory: 790787152 Bytes (1073741824)
2025-08-19 11:41:40,869 [INFO] UtilMem:75 - End SaveConfig() Used Memory: 847320744 Bytes (1073741824)
2025-08-19 11:41:41,694 [INFO] BlockDiagram:2775 - set Specific Code input for plugin: RCC
2025-08-19 11:41:41,695 [INFO] BlockDiagram:2775 - set Specific Code input for plugin: NVIC
2025-08-19 11:41:41,695 [INFO] BlockDiagram:2775 - set Specific Code input for plugin: CORTEX_M7
2025-08-19 11:41:41,698 [INFO] BlockDiagram:2775 - set Specific Code input for plugin: GPIO
2025-08-19 11:41:41,701 [INFO] CodeGenerator:892 - code generatio: config db path: C:\ST\STM32CubeIDE_1.19.0\STM32CubeIDE\plugins\com.st.stm32cube.common.mx_6.15.0.202507011659\\db\
2025-08-19 11:41:42,055 [INFO] CodeEngine:265 - oldGeneratedFile, C:\Users\USERIT\STM32CubeIDE\MAD_Lab\Lab_04\MXTmpFiles\license.tmp_save
2025-08-19 11:41:42,652 [INFO] CodeEngine:289 - Generated code: C:\Users\USERIT\STM32CubeIDE\MAD_Lab\Lab_04\MXTmpFiles\license.tmp
2025-08-19 11:41:42,790 [INFO] CodeEngine:265 - oldGeneratedFile, C:\Users\USERIT\STM32CubeIDE\MAD_Lab\Lab_04\Core\Src\gpio.c_save
2025-08-19 11:41:43,089 [INFO] CodeEngine:289 - Generated code: C:\Users\USERIT\STM32CubeIDE\MAD_Lab\Lab_04\Core\Src\gpio.c
2025-08-19 11:41:43,115 [INFO] CodeEngine:265 - oldGeneratedFile, C:\Users\USERIT\STM32CubeIDE\MAD_Lab\Lab_04\Core\Inc\gpio.h_save
2025-08-19 11:41:43,248 [INFO] CodeEngine:289 - Generated code: C:\Users\USERIT\STM32CubeIDE\MAD_Lab\Lab_04\Core\Inc\gpio.h
2025-08-19 11:41:43,303 [INFO] CodeEngine:265 - oldGeneratedFile, C:\Users\USERIT\STM32CubeIDE\MAD_Lab\Lab_04\MXTmpFiles\cortex.tmp_save
2025-08-19 11:41:43,477 [INFO] CodeEngine:289 - Generated code: C:\Users\USERIT\STM32CubeIDE\MAD_Lab\Lab_04\MXTmpFiles\cortex.tmp
2025-08-19 11:41:43,499 [INFO] CodeEngine:265 - oldGeneratedFile, C:\Users\USERIT\STM32CubeIDE\MAD_Lab\Lab_04\Core\Src\stm32f7xx_it.c_save
2025-08-19 11:41:43,711 [INFO] CodeEngine:289 - Generated code: C:\Users\USERIT\STM32CubeIDE\MAD_Lab\Lab_04\Core\Src\stm32f7xx_it.c
2025-08-19 11:41:43,718 [INFO] CodeEngine:265 - oldGeneratedFile, C:\Users\USERIT\STM32CubeIDE\MAD_Lab\Lab_04\Core\Inc\stm32f7xx_it.h_save
2025-08-19 11:41:43,798 [INFO] CodeEngine:289 - Generated code: C:\Users\USERIT\STM32CubeIDE\MAD_Lab\Lab_04\Core\Inc\stm32f7xx_it.h
2025-08-19 11:41:43,824 [INFO] CodeEngine:265 - oldGeneratedFile, C:\Users\USERIT\STM32CubeIDE\MAD_Lab\Lab_04\Core\Src\stm32f7xx_hal_msp.c_save
2025-08-19 11:41:43,980 [INFO] CodeEngine:289 - Generated code: C:\Users\USERIT\STM32CubeIDE\MAD_Lab\Lab_04\Core\Src\stm32f7xx_hal_msp.c
2025-08-19 11:41:43,985 [INFO] CodeEngine:265 - oldGeneratedFile, C:\Users\USERIT\STM32CubeIDE\MAD_Lab\Lab_04\MXTmpFiles\system.tmp_save
2025-08-19 11:41:44,045 [INFO] CodeEngine:289 - Generated code: C:\Users\USERIT\STM32CubeIDE\MAD_Lab\Lab_04\MXTmpFiles\system.tmp
2025-08-19 11:41:44,064 [INFO] CodeEngine:321 - oldGeneratedFile, C:\Users\USERIT\STM32CubeIDE\MAD_Lab\Lab_04\Core\Inc\stm32f7xx_hal_conf.h_save
2025-08-19 11:41:44,208 [INFO] CodeEngine:345 - Generated code: C:\Users\USERIT\STM32CubeIDE\MAD_Lab\Lab_04\Core\Inc\stm32f7xx_hal_conf.h
2025-08-19 11:41:44,270 [INFO] ApiDbMcu:532 - Load IP Config File for RCC
2025-08-19 11:41:44,284 [INFO] CodeEngine:265 - oldGeneratedFile, C:\Users\USERIT\STM32CubeIDE\MAD_Lab\Lab_04\Core\Inc\main.h_save
2025-08-19 11:41:44,438 [INFO] CodeEngine:289 - Generated code: C:\Users\USERIT\STM32CubeIDE\MAD_Lab\Lab_04\Core\Inc\main.h
2025-08-19 11:41:44,444 [INFO] CodeEngine:265 - oldGeneratedFile, C:\Users\USERIT\STM32CubeIDE\MAD_Lab\Lab_04\Core\Src\main.c_save
2025-08-19 11:41:44,662 [INFO] CodeEngine:289 - Generated code: C:\Users\USERIT\STM32CubeIDE\MAD_Lab\Lab_04\Core\Src\main.c
2025-08-19 11:41:44,987 [INFO] ProjectBuilder:3606 - Time for Copy HAL[1] : 142mS.
2025-08-19 11:41:44,993 [INFO] ProjectBuilder:5216 - Project Generator version: 4.7.0-B52
2025-08-19 11:41:45,081 [INFO] ConfigFileManager:1595 - The Die is : DIE451
2025-08-19 11:41:45,091 [INFO] ApiDbMcu:532 - Load IP Config File for FATFS
2025-08-19 11:41:45,097 [INFO] ApiDbMcu:532 - Load IP Config File for FREERTOS
2025-08-19 11:41:45,100 [INFO] ApiDbMcu:532 - Load IP Config File for LIBJPEG
2025-08-19 11:41:45,109 [INFO] ApiDbMcu:532 - Load IP Config File for LWIP
2025-08-19 11:41:45,118 [INFO] ApiDbMcu:532 - Load IP Config File for MBEDTLS
2025-08-19 11:41:45,128 [INFO] ApiDbMcu:532 - Load IP Config File for USB_DEVICE
2025-08-19 11:41:45,132 [INFO] ApiDbMcu:532 - Load IP Config File for USB_HOST
2025-08-19 11:41:45,507 [INFO] LogOutputStream:77 - [STDOUT_REDIRECT] 
2025-08-19 11:41:46,621 [INFO] ProjectBuilder:5496 - Time for Generating toolchain IDE Files: 1626mS.
2025-08-19 11:41:46,622 [INFO] ProjectBuilder:3463 - Time for Copy CMSIS : 1mS.
2025-08-19 11:41:46,625 [INFO] ProjectBuilder:3463 - Time for Copy CMSIS : 0mS.
2025-08-19 12:11:54,025 [INFO] Gpio:278 - dependency for GPIO []
2025-08-19 12:11:54,093 [INFO] NvicIntPanel:101 - NVIC parent = com.st.microxplorer.plugins.ip.nvic.MultiNvicIntPanel[,0,0,0x0,invalid,layout=javax.swing.BoxLayout,alignmentX=0.0,alignmentY=0.0,border=,flags=9,maximumSize=,minimumSize=,preferredSize=]
2025-08-19 12:12:00,526 [INFO] Gpio:278 - dependency for GPIO []
2025-08-19 12:12:00,574 [INFO] NvicIntPanel:101 - NVIC parent = com.st.microxplorer.plugins.ip.nvic.MultiNvicIntPanel[,0,0,0x0,invalid,layout=javax.swing.BoxLayout,alignmentX=0.0,alignmentY=0.0,border=,flags=9,maximumSize=,minimumSize=,preferredSize=]
2025-08-19 12:12:19,918 [INFO] Gpio:278 - dependency for GPIO []
2025-08-19 12:13:31,609 [INFO] UtilMem:75 - End SaveConfig() Used Memory: 823059136 Bytes (985661440)
2025-08-19 12:13:32,538 [INFO] UtilMem:75 - End SaveConfig() Used Memory: 357150768 Bytes (985661440)
2025-08-19 12:13:32,942 [INFO] BlockDiagram:2775 - set Specific Code input for plugin: SYS
2025-08-19 12:13:32,943 [INFO] BlockDiagram:2775 - set Specific Code input for plugin: RCC
2025-08-19 12:13:32,943 [INFO] BlockDiagram:2775 - set Specific Code input for plugin: NVIC
2025-08-19 12:13:32,943 [INFO] BlockDiagram:2775 - set Specific Code input for plugin: USART
2025-08-19 12:13:32,943 [INFO] BlockDiagram:2775 - set Specific Code input for plugin: CORTEX_M7
2025-08-19 12:13:32,944 [INFO] BlockDiagram:2775 - set Specific Code input for plugin: GPIO
2025-08-19 12:13:32,947 [INFO] CodeGenerator:892 - code generatio: config db path: C:\ST\STM32CubeIDE_1.19.0\STM32CubeIDE\plugins\com.st.stm32cube.common.mx_6.15.0.202507011659\\db\
2025-08-19 12:13:33,096 [INFO] CodeEngine:265 - oldGeneratedFile, C:\Users\USERIT\STM32CubeIDE\MAD_Lab\Lab_04\MXTmpFiles\license.tmp_save
2025-08-19 12:13:33,466 [INFO] CodeEngine:289 - Generated code: C:\Users\USERIT\STM32CubeIDE\MAD_Lab\Lab_04\MXTmpFiles\license.tmp
2025-08-19 12:13:33,511 [INFO] CodeEngine:265 - oldGeneratedFile, C:\Users\USERIT\STM32CubeIDE\MAD_Lab\Lab_04\Core\Src\gpio.c_save
2025-08-19 12:13:33,719 [INFO] CodeEngine:289 - Generated code: C:\Users\USERIT\STM32CubeIDE\MAD_Lab\Lab_04\Core\Src\gpio.c
2025-08-19 12:13:33,732 [INFO] CodeEngine:265 - oldGeneratedFile, C:\Users\USERIT\STM32CubeIDE\MAD_Lab\Lab_04\Core\Inc\gpio.h_save
2025-08-19 12:13:33,874 [INFO] CodeEngine:289 - Generated code: C:\Users\USERIT\STM32CubeIDE\MAD_Lab\Lab_04\Core\Inc\gpio.h
2025-08-19 12:13:34,067 [INFO] CodeEngine:265 - oldGeneratedFile, C:\Users\USERIT\STM32CubeIDE\MAD_Lab\Lab_04\MXTmpFiles\cortex.tmp_save
2025-08-19 12:13:34,241 [INFO] CodeEngine:289 - Generated code: C:\Users\USERIT\STM32CubeIDE\MAD_Lab\Lab_04\MXTmpFiles\cortex.tmp
2025-08-19 12:13:34,266 [INFO] CodeEngine:265 - oldGeneratedFile, C:\Users\USERIT\STM32CubeIDE\MAD_Lab\Lab_04\Core\Src\usart.c_save
2025-08-19 12:13:34,468 [INFO] CodeEngine:289 - Generated code: C:\Users\USERIT\STM32CubeIDE\MAD_Lab\Lab_04\Core\Src\usart.c
2025-08-19 12:13:34,482 [INFO] CodeEngine:265 - oldGeneratedFile, C:\Users\USERIT\STM32CubeIDE\MAD_Lab\Lab_04\Core\Inc\usart.h_save
2025-08-19 12:13:34,584 [INFO] CodeEngine:289 - Generated code: C:\Users\USERIT\STM32CubeIDE\MAD_Lab\Lab_04\Core\Inc\usart.h
2025-08-19 12:13:34,613 [INFO] CodeEngine:265 - oldGeneratedFile, C:\Users\USERIT\STM32CubeIDE\MAD_Lab\Lab_04\Core\Src\stm32f7xx_it.c_save
2025-08-19 12:13:34,938 [INFO] CodeEngine:289 - Generated code: C:\Users\USERIT\STM32CubeIDE\MAD_Lab\Lab_04\Core\Src\stm32f7xx_it.c
2025-08-19 12:13:34,946 [INFO] CodeEngine:265 - oldGeneratedFile, C:\Users\USERIT\STM32CubeIDE\MAD_Lab\Lab_04\Core\Inc\stm32f7xx_it.h_save
2025-08-19 12:13:35,049 [INFO] CodeEngine:289 - Generated code: C:\Users\USERIT\STM32CubeIDE\MAD_Lab\Lab_04\Core\Inc\stm32f7xx_it.h
2025-08-19 12:13:35,091 [INFO] CodeEngine:265 - oldGeneratedFile, C:\Users\USERIT\STM32CubeIDE\MAD_Lab\Lab_04\Core\Src\stm32f7xx_hal_msp.c_save
2025-08-19 12:13:35,276 [INFO] CodeEngine:289 - Generated code: C:\Users\USERIT\STM32CubeIDE\MAD_Lab\Lab_04\Core\Src\stm32f7xx_hal_msp.c
2025-08-19 12:13:35,282 [INFO] CodeEngine:265 - oldGeneratedFile, C:\Users\USERIT\STM32CubeIDE\MAD_Lab\Lab_04\MXTmpFiles\system.tmp_save
2025-08-19 12:13:35,357 [INFO] CodeEngine:289 - Generated code: C:\Users\USERIT\STM32CubeIDE\MAD_Lab\Lab_04\MXTmpFiles\system.tmp
2025-08-19 12:13:35,385 [INFO] CodeEngine:321 - oldGeneratedFile, C:\Users\USERIT\STM32CubeIDE\MAD_Lab\Lab_04\Core\Inc\stm32f7xx_hal_conf.h_save
2025-08-19 12:13:35,547 [INFO] CodeEngine:345 - Generated code: C:\Users\USERIT\STM32CubeIDE\MAD_Lab\Lab_04\Core\Inc\stm32f7xx_hal_conf.h
2025-08-19 12:13:35,587 [INFO] ApiDbMcu:532 - Load IP Config File for USART3
2025-08-19 12:13:35,599 [INFO] CodeEngine:265 - oldGeneratedFile, C:\Users\USERIT\STM32CubeIDE\MAD_Lab\Lab_04\Core\Inc\main.h_save
2025-08-19 12:13:35,802 [INFO] CodeEngine:289 - Generated code: C:\Users\USERIT\STM32CubeIDE\MAD_Lab\Lab_04\Core\Inc\main.h
2025-08-19 12:13:35,810 [INFO] CodeEngine:265 - oldGeneratedFile, C:\Users\USERIT\STM32CubeIDE\MAD_Lab\Lab_04\Core\Src\main.c_save
2025-08-19 12:13:35,964 [INFO] CodeEngine:289 - Generated code: C:\Users\USERIT\STM32CubeIDE\MAD_Lab\Lab_04\Core\Src\main.c
2025-08-19 12:13:36,440 [INFO] ProjectBuilder:3606 - Time for Copy HAL[1] : 202mS.
2025-08-19 12:13:36,444 [INFO] ProjectBuilder:5216 - Project Generator version: 4.7.0-B52
2025-08-19 12:13:36,538 [INFO] ConfigFileManager:1595 - The Die is : DIE451
2025-08-19 12:13:37,794 [INFO] ProjectBuilder:5496 - Time for Generating toolchain IDE Files: 1350mS.
2025-08-19 12:13:37,795 [INFO] ProjectBuilder:3463 - Time for Copy CMSIS : 1mS.
2025-08-19 12:13:37,798 [INFO] ProjectBuilder:3463 - Time for Copy CMSIS : 0mS.
2025-08-19 12:31:19,837 [INFO] UtilMem:75 - End SaveConfig() Used Memory: 564498056 Bytes (947912704)
2025-08-19 12:31:20,066 [INFO] UtilMem:75 - End SaveConfig() Used Memory: 604761152 Bytes (947912704)
2025-08-19 12:31:20,364 [INFO] UtilMem:75 - End SaveConfig() Used Memory: 691270720 Bytes (947912704)
2025-08-19 12:31:20,969 [INFO] BlockDiagram:2775 - set Specific Code input for plugin: SYS
2025-08-19 12:31:20,970 [INFO] BlockDiagram:2775 - set Specific Code input for plugin: RCC
2025-08-19 12:31:20,970 [INFO] BlockDiagram:2775 - set Specific Code input for plugin: NVIC
2025-08-19 12:31:20,971 [INFO] BlockDiagram:2775 - set Specific Code input for plugin: USART
2025-08-19 12:31:20,971 [INFO] BlockDiagram:2775 - set Specific Code input for plugin: CORTEX_M7
2025-08-19 12:31:20,972 [INFO] BlockDiagram:2775 - set Specific Code input for plugin: GPIO
2025-08-19 12:31:20,974 [INFO] CodeGenerator:892 - code generatio: config db path: C:\ST\STM32CubeIDE_1.19.0\STM32CubeIDE\plugins\com.st.stm32cube.common.mx_6.15.0.202507011659\\db\
2025-08-19 12:31:21,410 [INFO] CodeEngine:265 - oldGeneratedFile, C:\Users\USERIT\STM32CubeIDE\MAD_Lab\Lab_04\MXTmpFiles\license.tmp_save
2025-08-19 12:31:21,727 [INFO] CodeEngine:289 - Generated code: C:\Users\USERIT\STM32CubeIDE\MAD_Lab\Lab_04\MXTmpFiles\license.tmp
2025-08-19 12:31:21,786 [INFO] CodeEngine:265 - oldGeneratedFile, C:\Users\USERIT\STM32CubeIDE\MAD_Lab\Lab_04\Core\Src\gpio.c_save
2025-08-19 12:31:22,010 [INFO] CodeEngine:289 - Generated code: C:\Users\USERIT\STM32CubeIDE\MAD_Lab\Lab_04\Core\Src\gpio.c
2025-08-19 12:31:22,019 [INFO] CodeEngine:265 - oldGeneratedFile, C:\Users\USERIT\STM32CubeIDE\MAD_Lab\Lab_04\Core\Inc\gpio.h_save
2025-08-19 12:31:22,103 [INFO] CodeEngine:289 - Generated code: C:\Users\USERIT\STM32CubeIDE\MAD_Lab\Lab_04\Core\Inc\gpio.h
2025-08-19 12:31:22,228 [INFO] CodeEngine:265 - oldGeneratedFile, C:\Users\USERIT\STM32CubeIDE\MAD_Lab\Lab_04\MXTmpFiles\cortex.tmp_save
2025-08-19 12:31:22,378 [INFO] CodeEngine:289 - Generated code: C:\Users\USERIT\STM32CubeIDE\MAD_Lab\Lab_04\MXTmpFiles\cortex.tmp
2025-08-19 12:31:22,406 [INFO] CodeEngine:265 - oldGeneratedFile, C:\Users\USERIT\STM32CubeIDE\MAD_Lab\Lab_04\Core\Src\usart.c_save
2025-08-19 12:31:22,610 [INFO] CodeEngine:289 - Generated code: C:\Users\USERIT\STM32CubeIDE\MAD_Lab\Lab_04\Core\Src\usart.c
2025-08-19 12:31:22,618 [INFO] CodeEngine:265 - oldGeneratedFile, C:\Users\USERIT\STM32CubeIDE\MAD_Lab\Lab_04\Core\Inc\usart.h_save
2025-08-19 12:31:22,698 [INFO] CodeEngine:289 - Generated code: C:\Users\USERIT\STM32CubeIDE\MAD_Lab\Lab_04\Core\Inc\usart.h
2025-08-19 12:31:22,716 [INFO] CodeEngine:265 - oldGeneratedFile, C:\Users\USERIT\STM32CubeIDE\MAD_Lab\Lab_04\Core\Src\stm32f7xx_it.c_save
2025-08-19 12:31:23,006 [INFO] CodeEngine:289 - Generated code: C:\Users\USERIT\STM32CubeIDE\MAD_Lab\Lab_04\Core\Src\stm32f7xx_it.c
2025-08-19 12:31:23,016 [INFO] CodeEngine:265 - oldGeneratedFile, C:\Users\USERIT\STM32CubeIDE\MAD_Lab\Lab_04\Core\Inc\stm32f7xx_it.h_save
2025-08-19 12:31:23,089 [INFO] CodeEngine:289 - Generated code: C:\Users\USERIT\STM32CubeIDE\MAD_Lab\Lab_04\Core\Inc\stm32f7xx_it.h
2025-08-19 12:31:23,108 [INFO] CodeEngine:265 - oldGeneratedFile, C:\Users\USERIT\STM32CubeIDE\MAD_Lab\Lab_04\Core\Src\stm32f7xx_hal_msp.c_save
2025-08-19 12:31:23,269 [INFO] CodeEngine:289 - Generated code: C:\Users\USERIT\STM32CubeIDE\MAD_Lab\Lab_04\Core\Src\stm32f7xx_hal_msp.c
2025-08-19 12:31:23,276 [INFO] CodeEngine:265 - oldGeneratedFile, C:\Users\USERIT\STM32CubeIDE\MAD_Lab\Lab_04\MXTmpFiles\system.tmp_save
2025-08-19 12:31:23,352 [INFO] CodeEngine:289 - Generated code: C:\Users\USERIT\STM32CubeIDE\MAD_Lab\Lab_04\MXTmpFiles\system.tmp
2025-08-19 12:31:23,381 [INFO] CodeEngine:321 - oldGeneratedFile, C:\Users\USERIT\STM32CubeIDE\MAD_Lab\Lab_04\Core\Inc\stm32f7xx_hal_conf.h_save
2025-08-19 12:31:23,546 [INFO] CodeEngine:345 - Generated code: C:\Users\USERIT\STM32CubeIDE\MAD_Lab\Lab_04\Core\Inc\stm32f7xx_hal_conf.h
2025-08-19 12:31:23,586 [INFO] CodeEngine:265 - oldGeneratedFile, C:\Users\USERIT\STM32CubeIDE\MAD_Lab\Lab_04\Core\Inc\main.h_save
2025-08-19 12:31:23,732 [INFO] CodeEngine:289 - Generated code: C:\Users\USERIT\STM32CubeIDE\MAD_Lab\Lab_04\Core\Inc\main.h
2025-08-19 12:31:23,740 [INFO] CodeEngine:265 - oldGeneratedFile, C:\Users\USERIT\STM32CubeIDE\MAD_Lab\Lab_04\Core\Src\main.c_save
2025-08-19 12:31:23,850 [INFO] CodeEngine:289 - Generated code: C:\Users\USERIT\STM32CubeIDE\MAD_Lab\Lab_04\Core\Src\main.c
2025-08-19 12:31:24,411 [INFO] ProjectBuilder:3606 - Time for Copy HAL[1] : 246mS.
2025-08-19 12:31:24,415 [INFO] ProjectBuilder:5216 - Project Generator version: 4.7.0-B52
2025-08-19 12:31:24,503 [INFO] ConfigFileManager:1595 - The Die is : DIE451
2025-08-19 12:31:25,726 [INFO] ProjectBuilder:5496 - Time for Generating toolchain IDE Files: 1311mS.
2025-08-19 12:31:25,727 [INFO] ProjectBuilder:3463 - Time for Copy CMSIS : 1mS.
2025-08-19 12:31:25,731 [INFO] ProjectBuilder:3463 - Time for Copy CMSIS : 0mS.
2025-08-19 12:37:48,781 [INFO] UtilMem:75 - End SaveConfig() Used Memory: 485990496 Bytes (947912704)
2025-08-19 12:38:02,419 [INFO] Gpio:278 - dependency for GPIO [USART3]
2025-08-19 12:39:42,913 [INFO] Gpio:278 - dependency for GPIO [USART3]
2025-08-19 12:39:49,856 [INFO] NvicIntPanel:101 - NVIC parent = com.st.microxplorer.plugins.ip.nvic.MultiNvicIntPanel[,2,27,650x344,layout=javax.swing.BoxLayout,alignmentX=0.0,alignmentY=0.0,border=,flags=9,maximumSize=,minimumSize=,preferredSize=]
2025-08-19 12:41:11,349 [INFO] Gpio:278 - dependency for GPIO [USART3]
2025-08-19 12:41:23,531 [INFO] Gpio:278 - dependency for GPIO [USART3]
2025-08-19 12:41:23,577 [INFO] NvicIntPanel:101 - NVIC parent = com.st.microxplorer.plugins.ip.nvic.MultiNvicIntPanel[,0,0,0x0,invalid,layout=javax.swing.BoxLayout,alignmentX=0.0,alignmentY=0.0,border=,flags=9,maximumSize=,minimumSize=,preferredSize=]
2025-08-19 12:43:50,268 [INFO] UtilMem:75 - End SaveConfig() Used Memory: 359407016 Bytes (947912704)
2025-08-19 12:43:52,824 [INFO] UtilMem:75 - End SaveConfig() Used Memory: 464272584 Bytes (947912704)
2025-08-19 12:43:53,154 [INFO] BlockDiagram:2775 - set Specific Code input for plugin: SYS
2025-08-19 12:43:53,155 [INFO] BlockDiagram:2775 - set Specific Code input for plugin: RCC
2025-08-19 12:43:53,156 [INFO] BlockDiagram:2775 - set Specific Code input for plugin: NVIC
2025-08-19 12:43:53,156 [INFO] BlockDiagram:2775 - set Specific Code input for plugin: USART
2025-08-19 12:43:53,156 [INFO] BlockDiagram:2775 - set Specific Code input for plugin: CORTEX_M7
2025-08-19 12:43:53,158 [INFO] BlockDiagram:2775 - set Specific Code input for plugin: GPIO
2025-08-19 12:43:53,159 [INFO] CodeGenerator:892 - code generatio: config db path: C:\ST\STM32CubeIDE_1.19.0\STM32CubeIDE\plugins\com.st.stm32cube.common.mx_6.15.0.202507011659\\db\
2025-08-19 12:43:53,321 [INFO] CodeEngine:265 - oldGeneratedFile, C:\Users\USERIT\STM32CubeIDE\MAD_Lab\Lab_04\MXTmpFiles\license.tmp_save
2025-08-19 12:43:53,538 [INFO] CodeEngine:289 - Generated code: C:\Users\USERIT\STM32CubeIDE\MAD_Lab\Lab_04\MXTmpFiles\license.tmp
2025-08-19 12:43:53,587 [INFO] CodeEngine:265 - oldGeneratedFile, C:\Users\USERIT\STM32CubeIDE\MAD_Lab\Lab_04\Core\Src\gpio.c_save
2025-08-19 12:43:53,795 [INFO] CodeEngine:289 - Generated code: C:\Users\USERIT\STM32CubeIDE\MAD_Lab\Lab_04\Core\Src\gpio.c
2025-08-19 12:43:53,805 [INFO] CodeEngine:265 - oldGeneratedFile, C:\Users\USERIT\STM32CubeIDE\MAD_Lab\Lab_04\Core\Inc\gpio.h_save
2025-08-19 12:43:53,886 [INFO] CodeEngine:289 - Generated code: C:\Users\USERIT\STM32CubeIDE\MAD_Lab\Lab_04\Core\Inc\gpio.h
2025-08-19 12:43:53,977 [INFO] CodeEngine:265 - oldGeneratedFile, C:\Users\USERIT\STM32CubeIDE\MAD_Lab\Lab_04\MXTmpFiles\cortex.tmp_save
2025-08-19 12:43:54,113 [INFO] CodeEngine:289 - Generated code: C:\Users\USERIT\STM32CubeIDE\MAD_Lab\Lab_04\MXTmpFiles\cortex.tmp
2025-08-19 12:43:54,138 [INFO] CodeEngine:265 - oldGeneratedFile, C:\Users\USERIT\STM32CubeIDE\MAD_Lab\Lab_04\Core\Src\usart.c_save
2025-08-19 12:43:54,314 [INFO] CodeEngine:289 - Generated code: C:\Users\USERIT\STM32CubeIDE\MAD_Lab\Lab_04\Core\Src\usart.c
2025-08-19 12:43:54,324 [INFO] CodeEngine:265 - oldGeneratedFile, C:\Users\USERIT\STM32CubeIDE\MAD_Lab\Lab_04\Core\Inc\usart.h_save
2025-08-19 12:43:54,396 [INFO] CodeEngine:289 - Generated code: C:\Users\USERIT\STM32CubeIDE\MAD_Lab\Lab_04\Core\Inc\usart.h
2025-08-19 12:43:54,415 [INFO] CodeEngine:265 - oldGeneratedFile, C:\Users\USERIT\STM32CubeIDE\MAD_Lab\Lab_04\Core\Src\stm32f7xx_it.c_save
2025-08-19 12:43:54,619 [INFO] CodeEngine:289 - Generated code: C:\Users\USERIT\STM32CubeIDE\MAD_Lab\Lab_04\Core\Src\stm32f7xx_it.c
2025-08-19 12:43:54,630 [INFO] CodeEngine:265 - oldGeneratedFile, C:\Users\USERIT\STM32CubeIDE\MAD_Lab\Lab_04\Core\Inc\stm32f7xx_it.h_save
2025-08-19 12:43:54,723 [INFO] CodeEngine:289 - Generated code: C:\Users\USERIT\STM32CubeIDE\MAD_Lab\Lab_04\Core\Inc\stm32f7xx_it.h
2025-08-19 12:43:54,743 [INFO] CodeEngine:265 - oldGeneratedFile, C:\Users\USERIT\STM32CubeIDE\MAD_Lab\Lab_04\Core\Src\stm32f7xx_hal_msp.c_save
2025-08-19 12:43:54,971 [INFO] CodeEngine:289 - Generated code: C:\Users\USERIT\STM32CubeIDE\MAD_Lab\Lab_04\Core\Src\stm32f7xx_hal_msp.c
2025-08-19 12:43:54,981 [INFO] CodeEngine:265 - oldGeneratedFile, C:\Users\USERIT\STM32CubeIDE\MAD_Lab\Lab_04\MXTmpFiles\system.tmp_save
2025-08-19 12:43:55,055 [INFO] CodeEngine:289 - Generated code: C:\Users\USERIT\STM32CubeIDE\MAD_Lab\Lab_04\MXTmpFiles\system.tmp
2025-08-19 12:43:55,081 [INFO] CodeEngine:321 - oldGeneratedFile, C:\Users\USERIT\STM32CubeIDE\MAD_Lab\Lab_04\Core\Inc\stm32f7xx_hal_conf.h_save
2025-08-19 12:43:55,246 [INFO] CodeEngine:345 - Generated code: C:\Users\USERIT\STM32CubeIDE\MAD_Lab\Lab_04\Core\Inc\stm32f7xx_hal_conf.h
2025-08-19 12:43:55,287 [INFO] CodeEngine:265 - oldGeneratedFile, C:\Users\USERIT\STM32CubeIDE\MAD_Lab\Lab_04\Core\Inc\main.h_save
2025-08-19 12:43:55,416 [INFO] CodeEngine:289 - Generated code: C:\Users\USERIT\STM32CubeIDE\MAD_Lab\Lab_04\Core\Inc\main.h
2025-08-19 12:43:55,424 [INFO] CodeEngine:265 - oldGeneratedFile, C:\Users\USERIT\STM32CubeIDE\MAD_Lab\Lab_04\Core\Src\main.c_save
2025-08-19 12:43:55,529 [INFO] CodeEngine:289 - Generated code: C:\Users\USERIT\STM32CubeIDE\MAD_Lab\Lab_04\Core\Src\main.c
2025-08-19 12:43:55,895 [INFO] ProjectBuilder:3606 - Time for Copy HAL[1] : 180mS.
2025-08-19 12:43:55,899 [INFO] ProjectBuilder:5216 - Project Generator version: 4.7.0-B52
2025-08-19 12:43:56,027 [INFO] ConfigFileManager:1595 - The Die is : DIE451
2025-08-19 12:43:57,478 [INFO] ProjectBuilder:5496 - Time for Generating toolchain IDE Files: 1579mS.
2025-08-19 12:43:57,480 [INFO] ProjectBuilder:3463 - Time for Copy CMSIS : 0mS.
2025-08-19 12:43:57,484 [INFO] ProjectBuilder:3463 - Time for Copy CMSIS : 0mS.
2025-08-19 12:52:08,214 [INFO] UtilMem:75 - End SaveConfig() Used Memory: 738058320 Bytes (947912704)
2025-08-19 12:52:08,703 [INFO] UtilMem:75 - End SaveConfig() Used Memory: 780001360 Bytes (947912704)
2025-08-19 12:52:08,909 [INFO] BlockDiagram:2775 - set Specific Code input for plugin: SYS
2025-08-19 12:52:08,922 [INFO] BlockDiagram:2775 - set Specific Code input for plugin: RCC
2025-08-19 12:52:08,922 [INFO] BlockDiagram:2775 - set Specific Code input for plugin: NVIC
2025-08-19 12:52:08,922 [INFO] BlockDiagram:2775 - set Specific Code input for plugin: USART
2025-08-19 12:52:08,922 [INFO] BlockDiagram:2775 - set Specific Code input for plugin: CORTEX_M7
2025-08-19 12:52:08,923 [INFO] BlockDiagram:2775 - set Specific Code input for plugin: GPIO
2025-08-19 12:52:08,925 [INFO] CodeGenerator:892 - code generatio: config db path: C:\ST\STM32CubeIDE_1.19.0\STM32CubeIDE\plugins\com.st.stm32cube.common.mx_6.15.0.202507011659\\db\
2025-08-19 12:52:09,049 [INFO] CodeEngine:265 - oldGeneratedFile, C:\Users\USERIT\STM32CubeIDE\MAD_Lab\Lab_04\MXTmpFiles\license.tmp_save
2025-08-19 12:52:09,147 [INFO] CodeEngine:289 - Generated code: C:\Users\USERIT\STM32CubeIDE\MAD_Lab\Lab_04\MXTmpFiles\license.tmp
2025-08-19 12:52:09,181 [INFO] CodeEngine:265 - oldGeneratedFile, C:\Users\USERIT\STM32CubeIDE\MAD_Lab\Lab_04\Core\Src\gpio.c_save
2025-08-19 12:52:09,326 [INFO] CodeEngine:289 - Generated code: C:\Users\USERIT\STM32CubeIDE\MAD_Lab\Lab_04\Core\Src\gpio.c
2025-08-19 12:52:09,335 [INFO] CodeEngine:265 - oldGeneratedFile, C:\Users\USERIT\STM32CubeIDE\MAD_Lab\Lab_04\Core\Inc\gpio.h_save
2025-08-19 12:52:09,396 [INFO] CodeEngine:289 - Generated code: C:\Users\USERIT\STM32CubeIDE\MAD_Lab\Lab_04\Core\Inc\gpio.h
2025-08-19 12:52:09,467 [INFO] CodeEngine:265 - oldGeneratedFile, C:\Users\USERIT\STM32CubeIDE\MAD_Lab\Lab_04\MXTmpFiles\cortex.tmp_save
2025-08-19 12:52:09,560 [INFO] CodeEngine:289 - Generated code: C:\Users\USERIT\STM32CubeIDE\MAD_Lab\Lab_04\MXTmpFiles\cortex.tmp
2025-08-19 12:52:09,576 [INFO] CodeEngine:265 - oldGeneratedFile, C:\Users\USERIT\STM32CubeIDE\MAD_Lab\Lab_04\Core\Src\usart.c_save
2025-08-19 12:52:09,715 [INFO] CodeEngine:289 - Generated code: C:\Users\USERIT\STM32CubeIDE\MAD_Lab\Lab_04\Core\Src\usart.c
2025-08-19 12:52:09,724 [INFO] CodeEngine:265 - oldGeneratedFile, C:\Users\USERIT\STM32CubeIDE\MAD_Lab\Lab_04\Core\Inc\usart.h_save
2025-08-19 12:52:09,788 [INFO] CodeEngine:289 - Generated code: C:\Users\USERIT\STM32CubeIDE\MAD_Lab\Lab_04\Core\Inc\usart.h
2025-08-19 12:52:09,805 [INFO] CodeEngine:265 - oldGeneratedFile, C:\Users\USERIT\STM32CubeIDE\MAD_Lab\Lab_04\Core\Src\stm32f7xx_it.c_save
2025-08-19 12:52:09,932 [INFO] CodeEngine:289 - Generated code: C:\Users\USERIT\STM32CubeIDE\MAD_Lab\Lab_04\Core\Src\stm32f7xx_it.c
2025-08-19 12:52:09,938 [INFO] CodeEngine:265 - oldGeneratedFile, C:\Users\USERIT\STM32CubeIDE\MAD_Lab\Lab_04\Core\Inc\stm32f7xx_it.h_save
2025-08-19 12:52:09,993 [INFO] CodeEngine:289 - Generated code: C:\Users\USERIT\STM32CubeIDE\MAD_Lab\Lab_04\Core\Inc\stm32f7xx_it.h
2025-08-19 12:52:10,007 [INFO] CodeEngine:265 - oldGeneratedFile, C:\Users\USERIT\STM32CubeIDE\MAD_Lab\Lab_04\Core\Src\stm32f7xx_hal_msp.c_save
2025-08-19 12:52:10,123 [INFO] CodeEngine:289 - Generated code: C:\Users\USERIT\STM32CubeIDE\MAD_Lab\Lab_04\Core\Src\stm32f7xx_hal_msp.c
2025-08-19 12:52:10,127 [INFO] CodeEngine:265 - oldGeneratedFile, C:\Users\USERIT\STM32CubeIDE\MAD_Lab\Lab_04\MXTmpFiles\system.tmp_save
2025-08-19 12:52:10,174 [INFO] CodeEngine:289 - Generated code: C:\Users\USERIT\STM32CubeIDE\MAD_Lab\Lab_04\MXTmpFiles\system.tmp
2025-08-19 12:52:10,186 [INFO] CodeEngine:321 - oldGeneratedFile, C:\Users\USERIT\STM32CubeIDE\MAD_Lab\Lab_04\Core\Inc\stm32f7xx_hal_conf.h_save
2025-08-19 12:52:10,311 [INFO] CodeEngine:345 - Generated code: C:\Users\USERIT\STM32CubeIDE\MAD_Lab\Lab_04\Core\Inc\stm32f7xx_hal_conf.h
2025-08-19 12:52:10,341 [INFO] CodeEngine:265 - oldGeneratedFile, C:\Users\USERIT\STM32CubeIDE\MAD_Lab\Lab_04\Core\Inc\main.h_save
2025-08-19 12:52:10,446 [INFO] CodeEngine:289 - Generated code: C:\Users\USERIT\STM32CubeIDE\MAD_Lab\Lab_04\Core\Inc\main.h
2025-08-19 12:52:10,453 [INFO] CodeEngine:265 - oldGeneratedFile, C:\Users\USERIT\STM32CubeIDE\MAD_Lab\Lab_04\Core\Src\main.c_save
2025-08-19 12:52:10,541 [INFO] CodeEngine:289 - Generated code: C:\Users\USERIT\STM32CubeIDE\MAD_Lab\Lab_04\Core\Src\main.c
2025-08-19 12:52:10,809 [INFO] ProjectBuilder:3606 - Time for Copy HAL[1] : 123mS.
2025-08-19 12:52:10,813 [INFO] ProjectBuilder:5216 - Project Generator version: 4.7.0-B52
2025-08-19 12:52:10,877 [INFO] ConfigFileManager:1595 - The Die is : DIE451
2025-08-19 12:52:11,742 [INFO] ProjectBuilder:5496 - Time for Generating toolchain IDE Files: 928mS.
2025-08-19 12:52:11,744 [INFO] ProjectBuilder:3463 - Time for Copy CMSIS : 1mS.
2025-08-19 12:52:11,747 [INFO] ProjectBuilder:3463 - Time for Copy CMSIS : 0mS.
2025-08-19 12:56:28,095 [INFO] UtilMem:75 - End SaveConfig() Used Memory: 381964984 Bytes (947912704)
2025-08-19 12:56:28,544 [INFO] UtilMem:75 - End SaveConfig() Used Memory: 424956600 Bytes (947912704)
2025-08-19 12:56:28,729 [INFO] BlockDiagram:2775 - set Specific Code input for plugin: SYS
2025-08-19 12:56:28,729 [INFO] BlockDiagram:2775 - set Specific Code input for plugin: RCC
2025-08-19 12:56:28,730 [INFO] BlockDiagram:2775 - set Specific Code input for plugin: NVIC
2025-08-19 12:56:28,730 [INFO] BlockDiagram:2775 - set Specific Code input for plugin: USART
2025-08-19 12:56:28,730 [INFO] BlockDiagram:2775 - set Specific Code input for plugin: CORTEX_M7
2025-08-19 12:56:28,730 [INFO] BlockDiagram:2775 - set Specific Code input for plugin: GPIO
2025-08-19 12:56:28,731 [INFO] CodeGenerator:892 - code generatio: config db path: C:\ST\STM32CubeIDE_1.19.0\STM32CubeIDE\plugins\com.st.stm32cube.common.mx_6.15.0.202507011659\\db\
2025-08-19 12:56:28,848 [INFO] CodeEngine:265 - oldGeneratedFile, C:\Users\USERIT\STM32CubeIDE\MAD_Lab\Lab_04\MXTmpFiles\license.tmp_save
2025-08-19 12:56:28,940 [INFO] CodeEngine:289 - Generated code: C:\Users\USERIT\STM32CubeIDE\MAD_Lab\Lab_04\MXTmpFiles\license.tmp
2025-08-19 12:56:28,971 [INFO] CodeEngine:265 - oldGeneratedFile, C:\Users\USERIT\STM32CubeIDE\MAD_Lab\Lab_04\Core\Src\gpio.c_save
2025-08-19 12:56:29,072 [INFO] CodeEngine:289 - Generated code: C:\Users\USERIT\STM32CubeIDE\MAD_Lab\Lab_04\Core\Src\gpio.c
2025-08-19 12:56:29,082 [INFO] CodeEngine:265 - oldGeneratedFile, C:\Users\USERIT\STM32CubeIDE\MAD_Lab\Lab_04\Core\Inc\gpio.h_save
2025-08-19 12:56:29,133 [INFO] CodeEngine:289 - Generated code: C:\Users\USERIT\STM32CubeIDE\MAD_Lab\Lab_04\Core\Inc\gpio.h
2025-08-19 12:56:29,201 [INFO] CodeEngine:265 - oldGeneratedFile, C:\Users\USERIT\STM32CubeIDE\MAD_Lab\Lab_04\MXTmpFiles\cortex.tmp_save
2025-08-19 12:56:29,290 [INFO] CodeEngine:289 - Generated code: C:\Users\USERIT\STM32CubeIDE\MAD_Lab\Lab_04\MXTmpFiles\cortex.tmp
2025-08-19 12:56:29,300 [INFO] CodeEngine:265 - oldGeneratedFile, C:\Users\USERIT\STM32CubeIDE\MAD_Lab\Lab_04\Core\Src\usart.c_save
2025-08-19 12:56:29,421 [INFO] CodeEngine:289 - Generated code: C:\Users\USERIT\STM32CubeIDE\MAD_Lab\Lab_04\Core\Src\usart.c
2025-08-19 12:56:29,429 [INFO] CodeEngine:265 - oldGeneratedFile, C:\Users\USERIT\STM32CubeIDE\MAD_Lab\Lab_04\Core\Inc\usart.h_save
2025-08-19 12:56:29,479 [INFO] CodeEngine:289 - Generated code: C:\Users\USERIT\STM32CubeIDE\MAD_Lab\Lab_04\Core\Inc\usart.h
2025-08-19 12:56:29,493 [INFO] CodeEngine:265 - oldGeneratedFile, C:\Users\USERIT\STM32CubeIDE\MAD_Lab\Lab_04\Core\Src\stm32f7xx_it.c_save
2025-08-19 12:56:29,611 [INFO] CodeEngine:289 - Generated code: C:\Users\USERIT\STM32CubeIDE\MAD_Lab\Lab_04\Core\Src\stm32f7xx_it.c
2025-08-19 12:56:29,617 [INFO] CodeEngine:265 - oldGeneratedFile, C:\Users\USERIT\STM32CubeIDE\MAD_Lab\Lab_04\Core\Inc\stm32f7xx_it.h_save
2025-08-19 12:56:29,667 [INFO] CodeEngine:289 - Generated code: C:\Users\USERIT\STM32CubeIDE\MAD_Lab\Lab_04\Core\Inc\stm32f7xx_it.h
2025-08-19 12:56:29,680 [INFO] CodeEngine:265 - oldGeneratedFile, C:\Users\USERIT\STM32CubeIDE\MAD_Lab\Lab_04\Core\Src\stm32f7xx_hal_msp.c_save
2025-08-19 12:56:29,793 [INFO] CodeEngine:289 - Generated code: C:\Users\USERIT\STM32CubeIDE\MAD_Lab\Lab_04\Core\Src\stm32f7xx_hal_msp.c
2025-08-19 12:56:29,797 [INFO] CodeEngine:265 - oldGeneratedFile, C:\Users\USERIT\STM32CubeIDE\MAD_Lab\Lab_04\MXTmpFiles\system.tmp_save
2025-08-19 12:56:29,844 [INFO] CodeEngine:289 - Generated code: C:\Users\USERIT\STM32CubeIDE\MAD_Lab\Lab_04\MXTmpFiles\system.tmp
2025-08-19 12:56:29,856 [INFO] CodeEngine:321 - oldGeneratedFile, C:\Users\USERIT\STM32CubeIDE\MAD_Lab\Lab_04\Core\Inc\stm32f7xx_hal_conf.h_save
2025-08-19 12:56:29,979 [INFO] CodeEngine:345 - Generated code: C:\Users\USERIT\STM32CubeIDE\MAD_Lab\Lab_04\Core\Inc\stm32f7xx_hal_conf.h
2025-08-19 12:56:30,005 [INFO] CodeEngine:265 - oldGeneratedFile, C:\Users\USERIT\STM32CubeIDE\MAD_Lab\Lab_04\Core\Inc\main.h_save
2025-08-19 12:56:30,104 [INFO] CodeEngine:289 - Generated code: C:\Users\USERIT\STM32CubeIDE\MAD_Lab\Lab_04\Core\Inc\main.h
2025-08-19 12:56:30,111 [INFO] CodeEngine:265 - oldGeneratedFile, C:\Users\USERIT\STM32CubeIDE\MAD_Lab\Lab_04\Core\Src\main.c_save
2025-08-19 12:56:30,192 [INFO] CodeEngine:289 - Generated code: C:\Users\USERIT\STM32CubeIDE\MAD_Lab\Lab_04\Core\Src\main.c
2025-08-19 12:56:30,452 [INFO] ProjectBuilder:3606 - Time for Copy HAL[1] : 120mS.
2025-08-19 12:56:30,455 [INFO] ProjectBuilder:5216 - Project Generator version: 4.7.0-B52
2025-08-19 12:56:30,521 [INFO] ConfigFileManager:1595 - The Die is : DIE451
2025-08-19 12:56:31,287 [INFO] ProjectBuilder:5496 - Time for Generating toolchain IDE Files: 832mS.
2025-08-19 12:56:31,289 [INFO] ProjectBuilder:3463 - Time for Copy CMSIS : 2mS.
2025-08-19 12:56:31,292 [INFO] ProjectBuilder:3463 - Time for Copy CMSIS : 0mS.
2025-08-19 13:12:43,725 [INFO] UtilMem:75 - End SaveConfig() Used Memory: 374165168 Bytes (947912704)
2025-08-19 13:12:44,170 [INFO] UtilMem:75 - End SaveConfig() Used Memory: 417156784 Bytes (947912704)
2025-08-19 13:12:44,395 [INFO] BlockDiagram:2775 - set Specific Code input for plugin: SYS
2025-08-19 13:12:44,396 [INFO] BlockDiagram:2775 - set Specific Code input for plugin: RCC
2025-08-19 13:12:44,396 [INFO] BlockDiagram:2775 - set Specific Code input for plugin: NVIC
2025-08-19 13:12:44,396 [INFO] BlockDiagram:2775 - set Specific Code input for plugin: USART
2025-08-19 13:12:44,396 [INFO] BlockDiagram:2775 - set Specific Code input for plugin: CORTEX_M7
2025-08-19 13:12:44,397 [INFO] BlockDiagram:2775 - set Specific Code input for plugin: GPIO
2025-08-19 13:12:44,398 [INFO] CodeGenerator:892 - code generatio: config db path: C:\ST\STM32CubeIDE_1.19.0\STM32CubeIDE\plugins\com.st.stm32cube.common.mx_6.15.0.202507011659\\db\
2025-08-19 13:12:44,531 [INFO] CodeEngine:265 - oldGeneratedFile, C:\Users\USERIT\STM32CubeIDE\MAD_Lab\Lab_04\MXTmpFiles\license.tmp_save
2025-08-19 13:12:44,633 [INFO] CodeEngine:289 - Generated code: C:\Users\USERIT\STM32CubeIDE\MAD_Lab\Lab_04\MXTmpFiles\license.tmp
2025-08-19 13:12:44,664 [INFO] CodeEngine:265 - oldGeneratedFile, C:\Users\USERIT\STM32CubeIDE\MAD_Lab\Lab_04\Core\Src\gpio.c_save
2025-08-19 13:12:44,765 [INFO] CodeEngine:289 - Generated code: C:\Users\USERIT\STM32CubeIDE\MAD_Lab\Lab_04\Core\Src\gpio.c
2025-08-19 13:12:44,773 [INFO] CodeEngine:265 - oldGeneratedFile, C:\Users\USERIT\STM32CubeIDE\MAD_Lab\Lab_04\Core\Inc\gpio.h_save
2025-08-19 13:12:44,823 [INFO] CodeEngine:289 - Generated code: C:\Users\USERIT\STM32CubeIDE\MAD_Lab\Lab_04\Core\Inc\gpio.h
2025-08-19 13:12:44,888 [INFO] CodeEngine:265 - oldGeneratedFile, C:\Users\USERIT\STM32CubeIDE\MAD_Lab\Lab_04\MXTmpFiles\cortex.tmp_save
2025-08-19 13:12:44,991 [INFO] CodeEngine:289 - Generated code: C:\Users\USERIT\STM32CubeIDE\MAD_Lab\Lab_04\MXTmpFiles\cortex.tmp
2025-08-19 13:12:45,004 [INFO] CodeEngine:265 - oldGeneratedFile, C:\Users\USERIT\STM32CubeIDE\MAD_Lab\Lab_04\Core\Src\usart.c_save
2025-08-19 13:12:45,126 [INFO] CodeEngine:289 - Generated code: C:\Users\USERIT\STM32CubeIDE\MAD_Lab\Lab_04\Core\Src\usart.c
2025-08-19 13:12:45,132 [INFO] CodeEngine:265 - oldGeneratedFile, C:\Users\USERIT\STM32CubeIDE\MAD_Lab\Lab_04\Core\Inc\usart.h_save
2025-08-19 13:12:45,184 [INFO] CodeEngine:289 - Generated code: C:\Users\USERIT\STM32CubeIDE\MAD_Lab\Lab_04\Core\Inc\usart.h
2025-08-19 13:12:45,198 [INFO] CodeEngine:265 - oldGeneratedFile, C:\Users\USERIT\STM32CubeIDE\MAD_Lab\Lab_04\Core\Src\stm32f7xx_it.c_save
2025-08-19 13:12:45,333 [INFO] CodeEngine:289 - Generated code: C:\Users\USERIT\STM32CubeIDE\MAD_Lab\Lab_04\Core\Src\stm32f7xx_it.c
2025-08-19 13:12:45,339 [INFO] CodeEngine:265 - oldGeneratedFile, C:\Users\USERIT\STM32CubeIDE\MAD_Lab\Lab_04\Core\Inc\stm32f7xx_it.h_save
2025-08-19 13:12:45,394 [INFO] CodeEngine:289 - Generated code: C:\Users\USERIT\STM32CubeIDE\MAD_Lab\Lab_04\Core\Inc\stm32f7xx_it.h
2025-08-19 13:12:45,407 [INFO] CodeEngine:265 - oldGeneratedFile, C:\Users\USERIT\STM32CubeIDE\MAD_Lab\Lab_04\Core\Src\stm32f7xx_hal_msp.c_save
2025-08-19 13:12:45,521 [INFO] CodeEngine:289 - Generated code: C:\Users\USERIT\STM32CubeIDE\MAD_Lab\Lab_04\Core\Src\stm32f7xx_hal_msp.c
2025-08-19 13:12:45,525 [INFO] CodeEngine:265 - oldGeneratedFile, C:\Users\USERIT\STM32CubeIDE\MAD_Lab\Lab_04\MXTmpFiles\system.tmp_save
2025-08-19 13:12:45,572 [INFO] CodeEngine:289 - Generated code: C:\Users\USERIT\STM32CubeIDE\MAD_Lab\Lab_04\MXTmpFiles\system.tmp
2025-08-19 13:12:45,583 [INFO] CodeEngine:321 - oldGeneratedFile, C:\Users\USERIT\STM32CubeIDE\MAD_Lab\Lab_04\Core\Inc\stm32f7xx_hal_conf.h_save
2025-08-19 13:12:45,708 [INFO] CodeEngine:345 - Generated code: C:\Users\USERIT\STM32CubeIDE\MAD_Lab\Lab_04\Core\Inc\stm32f7xx_hal_conf.h
2025-08-19 13:12:45,735 [INFO] CodeEngine:265 - oldGeneratedFile, C:\Users\USERIT\STM32CubeIDE\MAD_Lab\Lab_04\Core\Inc\main.h_save
2025-08-19 13:12:45,836 [INFO] CodeEngine:289 - Generated code: C:\Users\USERIT\STM32CubeIDE\MAD_Lab\Lab_04\Core\Inc\main.h
2025-08-19 13:12:45,842 [INFO] CodeEngine:265 - oldGeneratedFile, C:\Users\USERIT\STM32CubeIDE\MAD_Lab\Lab_04\Core\Src\main.c_save
2025-08-19 13:12:45,925 [INFO] CodeEngine:289 - Generated code: C:\Users\USERIT\STM32CubeIDE\MAD_Lab\Lab_04\Core\Src\main.c
2025-08-19 13:12:46,220 [INFO] ProjectBuilder:3606 - Time for Copy HAL[1] : 137mS.
2025-08-19 13:12:46,223 [INFO] ProjectBuilder:5216 - Project Generator version: 4.7.0-B52
2025-08-19 13:12:46,292 [INFO] ConfigFileManager:1595 - The Die is : DIE451
2025-08-19 13:12:47,206 [INFO] ProjectBuilder:5496 - Time for Generating toolchain IDE Files: 982mS.
2025-08-19 13:12:47,207 [INFO] ProjectBuilder:3463 - Time for Copy CMSIS : 1mS.
2025-08-19 13:12:47,210 [INFO] ProjectBuilder:3463 - Time for Copy CMSIS : 0mS.
2025-08-19 13:15:54,635 [INFO] UtilMem:75 - End SaveConfig() Used Memory: 821372256 Bytes (947912704)
2025-08-19 13:15:55,096 [INFO] UtilMem:75 - End SaveConfig() Used Memory: 864363872 Bytes (947912704)
2025-08-19 13:15:55,298 [INFO] BlockDiagram:2775 - set Specific Code input for plugin: SYS
2025-08-19 13:15:55,298 [INFO] BlockDiagram:2775 - set Specific Code input for plugin: RCC
2025-08-19 13:15:55,299 [INFO] BlockDiagram:2775 - set Specific Code input for plugin: NVIC
2025-08-19 13:15:55,299 [INFO] BlockDiagram:2775 - set Specific Code input for plugin: USART
2025-08-19 13:15:55,299 [INFO] BlockDiagram:2775 - set Specific Code input for plugin: CORTEX_M7
2025-08-19 13:15:55,300 [INFO] BlockDiagram:2775 - set Specific Code input for plugin: GPIO
2025-08-19 13:15:55,301 [INFO] CodeGenerator:892 - code generatio: config db path: C:\ST\STM32CubeIDE_1.19.0\STM32CubeIDE\plugins\com.st.stm32cube.common.mx_6.15.0.202507011659\\db\
2025-08-19 13:15:55,408 [INFO] CodeEngine:265 - oldGeneratedFile, C:\Users\USERIT\STM32CubeIDE\MAD_Lab\Lab_04\MXTmpFiles\license.tmp_save
2025-08-19 13:15:55,511 [INFO] CodeEngine:289 - Generated code: C:\Users\USERIT\STM32CubeIDE\MAD_Lab\Lab_04\MXTmpFiles\license.tmp
2025-08-19 13:15:55,542 [INFO] CodeEngine:265 - oldGeneratedFile, C:\Users\USERIT\STM32CubeIDE\MAD_Lab\Lab_04\Core\Src\gpio.c_save
2025-08-19 13:15:55,679 [INFO] CodeEngine:289 - Generated code: C:\Users\USERIT\STM32CubeIDE\MAD_Lab\Lab_04\Core\Src\gpio.c
2025-08-19 13:15:55,687 [INFO] CodeEngine:265 - oldGeneratedFile, C:\Users\USERIT\STM32CubeIDE\MAD_Lab\Lab_04\Core\Inc\gpio.h_save
2025-08-19 13:15:55,740 [INFO] CodeEngine:289 - Generated code: C:\Users\USERIT\STM32CubeIDE\MAD_Lab\Lab_04\Core\Inc\gpio.h
2025-08-19 13:15:55,814 [INFO] CodeEngine:265 - oldGeneratedFile, C:\Users\USERIT\STM32CubeIDE\MAD_Lab\Lab_04\MXTmpFiles\cortex.tmp_save
2025-08-19 13:15:55,899 [INFO] CodeEngine:289 - Generated code: C:\Users\USERIT\STM32CubeIDE\MAD_Lab\Lab_04\MXTmpFiles\cortex.tmp
2025-08-19 13:15:55,911 [INFO] CodeEngine:265 - oldGeneratedFile, C:\Users\USERIT\STM32CubeIDE\MAD_Lab\Lab_04\Core\Src\usart.c_save
2025-08-19 13:15:56,039 [INFO] CodeEngine:289 - Generated code: C:\Users\USERIT\STM32CubeIDE\MAD_Lab\Lab_04\Core\Src\usart.c
2025-08-19 13:15:56,047 [INFO] CodeEngine:265 - oldGeneratedFile, C:\Users\USERIT\STM32CubeIDE\MAD_Lab\Lab_04\Core\Inc\usart.h_save
2025-08-19 13:15:56,103 [INFO] CodeEngine:289 - Generated code: C:\Users\USERIT\STM32CubeIDE\MAD_Lab\Lab_04\Core\Inc\usart.h
2025-08-19 13:15:56,117 [INFO] CodeEngine:265 - oldGeneratedFile, C:\Users\USERIT\STM32CubeIDE\MAD_Lab\Lab_04\Core\Src\stm32f7xx_it.c_save
2025-08-19 13:15:56,250 [INFO] CodeEngine:289 - Generated code: C:\Users\USERIT\STM32CubeIDE\MAD_Lab\Lab_04\Core\Src\stm32f7xx_it.c
2025-08-19 13:15:56,257 [INFO] CodeEngine:265 - oldGeneratedFile, C:\Users\USERIT\STM32CubeIDE\MAD_Lab\Lab_04\Core\Inc\stm32f7xx_it.h_save
2025-08-19 13:15:56,312 [INFO] CodeEngine:289 - Generated code: C:\Users\USERIT\STM32CubeIDE\MAD_Lab\Lab_04\Core\Inc\stm32f7xx_it.h
2025-08-19 13:15:56,327 [INFO] CodeEngine:265 - oldGeneratedFile, C:\Users\USERIT\STM32CubeIDE\MAD_Lab\Lab_04\Core\Src\stm32f7xx_hal_msp.c_save
2025-08-19 13:15:56,455 [INFO] CodeEngine:289 - Generated code: C:\Users\USERIT\STM32CubeIDE\MAD_Lab\Lab_04\Core\Src\stm32f7xx_hal_msp.c
2025-08-19 13:15:56,460 [INFO] CodeEngine:265 - oldGeneratedFile, C:\Users\USERIT\STM32CubeIDE\MAD_Lab\Lab_04\MXTmpFiles\system.tmp_save
2025-08-19 13:15:56,510 [INFO] CodeEngine:289 - Generated code: C:\Users\USERIT\STM32CubeIDE\MAD_Lab\Lab_04\MXTmpFiles\system.tmp
2025-08-19 13:15:56,522 [INFO] CodeEngine:321 - oldGeneratedFile, C:\Users\USERIT\STM32CubeIDE\MAD_Lab\Lab_04\Core\Inc\stm32f7xx_hal_conf.h_save
2025-08-19 13:15:56,655 [INFO] CodeEngine:345 - Generated code: C:\Users\USERIT\STM32CubeIDE\MAD_Lab\Lab_04\Core\Inc\stm32f7xx_hal_conf.h
2025-08-19 13:15:56,685 [INFO] CodeEngine:265 - oldGeneratedFile, C:\Users\USERIT\STM32CubeIDE\MAD_Lab\Lab_04\Core\Inc\main.h_save
2025-08-19 13:15:56,789 [INFO] CodeEngine:289 - Generated code: C:\Users\USERIT\STM32CubeIDE\MAD_Lab\Lab_04\Core\Inc\main.h
2025-08-19 13:15:56,795 [INFO] CodeEngine:265 - oldGeneratedFile, C:\Users\USERIT\STM32CubeIDE\MAD_Lab\Lab_04\Core\Src\main.c_save
2025-08-19 13:15:56,880 [INFO] CodeEngine:289 - Generated code: C:\Users\USERIT\STM32CubeIDE\MAD_Lab\Lab_04\Core\Src\main.c
2025-08-19 13:15:57,206 [INFO] ProjectBuilder:3606 - Time for Copy HAL[1] : 176mS.
2025-08-19 13:15:57,210 [INFO] ProjectBuilder:5216 - Project Generator version: 4.7.0-B52
2025-08-19 13:15:57,310 [INFO] ConfigFileManager:1595 - The Die is : DIE451
2025-08-19 13:15:58,701 [INFO] ProjectBuilder:5496 - Time for Generating toolchain IDE Files: 1491mS.
2025-08-19 13:15:58,702 [INFO] ProjectBuilder:3463 - Time for Copy CMSIS : 1mS.
2025-08-19 13:15:58,706 [INFO] ProjectBuilder:3463 - Time for Copy CMSIS : 0mS.
2025-08-19 13:52:18,538 [INFO] MainUpdater:2872 - connection check result : 10
2025-08-19 13:52:18,942 [INFO] McuFinderGlobals:76 - Set McuFinderConnectedMode to true
2025-08-19 13:52:18,963 [INFO] MultiScanPanel:200 - Auto-refresh data requested => check proxy status ongoing
2025-08-19 13:52:18,970 [INFO] FinderPluginLoader:96 - Searching for filters in installed packs
2025-08-19 13:52:20,471 [INFO] LoadUrlFilesThread:185 - End of LoadServerUrlFiles without Thread
2025-08-19 13:52:20,577 [INFO] DetailPanel:341 - Set advertising image to C:/Users/USERIT/STM32Cube/Repository/\en.2400x1350px.jpeg
2025-08-19 13:53:32,994 [INFO] McuResultTable:1403 - Unmark MCU STM32F767ZIT6 as favorite
2025-08-19 13:53:34,405 [INFO] McuResultTable:1403 - Mark MCU STM32F767ZIT6 as favorite
2025-08-19 13:53:49,641 [INFO] MainUpdater:2872 - connection check result : 10
2025-08-19 13:53:49,641 [INFO] MainUpdater:2872 - connection check result : 10
2025-08-19 13:53:52,656 [INFO] MicroXplorer:468 - Change Database Path : 
2025-08-19 13:53:52,656 [INFO] MicroXplorer:498 - Change Database Version : DB.6.0.150
2025-08-19 13:53:52,687 [ERROR] ProjectManagerView:395 - 
java.lang.NullPointerException: Cannot invoke "javax.swing.JTextField.getText()" because the return value of "java.util.List.get(int)" is null
	at com.st.microxplorer.plugins.projectmanager.gui.ProjectChoiceTab$9.caretUpdate(ProjectChoiceTab.java:2706) ~[filemanager.jar:?]
	at javax.swing.text.JTextComponent.fireCaretUpdate(JTextComponent.java:408) ~[?:?]
	at javax.swing.text.JTextComponent$MutableCaretEvent.fire(JTextComponent.java:4484) ~[?:?]
	at javax.swing.text.JTextComponent$MutableCaretEvent.stateChanged(JTextComponent.java:4506) ~[?:?]
	at javax.swing.text.DefaultCaret.fireStateChanged(DefaultCaret.java:857) ~[?:?]
	at javax.swing.text.DefaultCaret.changeCaretPosition(DefaultCaret.java:1343) ~[?:?]
	at javax.swing.text.DefaultCaret.handleSetDot(DefaultCaret.java:1242) ~[?:?]
	at javax.swing.text.DefaultCaret.setDot(DefaultCaret.java:1223) ~[?:?]
	at javax.swing.text.DefaultCaret$Handler.insertUpdate(DefaultCaret.java:1819) ~[?:?]
	at javax.swing.text.AbstractDocument.fireInsertUpdate(AbstractDocument.java:227) ~[?:?]
	at javax.swing.text.AbstractDocument.handleInsertString(AbstractDocument.java:781) ~[?:?]
	at javax.swing.text.AbstractDocument.insertString(AbstractDocument.java:740) ~[?:?]
	at javax.swing.text.PlainDocument.insertString(PlainDocument.java:131) ~[?:?]
	at javax.swing.text.AbstractDocument.replace(AbstractDocument.java:699) ~[?:?]
	at javax.swing.text.JTextComponent.setText(JTextComponent.java:1725) ~[?:?]
	at com.st.microxplorer.plugins.projectmanager.gui.ProjectChoiceTab.createHeapStackFields(ProjectChoiceTab.java:993) ~[filemanager.jar:?]
	at com.st.microxplorer.plugins.projectmanager.gui.ProjectChoiceTab.buildLinkSettingsPanel(ProjectChoiceTab.java:3813) ~[filemanager.jar:?]
	at com.st.microxplorer.plugins.projectmanager.gui.ProjectChoiceTab.defineWindowsFields(ProjectChoiceTab.java:1987) ~[filemanager.jar:?]
	at com.st.microxplorer.plugins.projectmanager.gui.ProjectChoiceTab.updateSettings(ProjectChoiceTab.java:558) ~[filemanager.jar:?]
	at com.st.microxplorer.plugins.projectmanager.gui.ProjectSettingsPanel.UpdateDialog(ProjectSettingsPanel.java:247) ~[filemanager.jar:?]
	at com.st.microxplorer.plugins.projectmanager.ProjectManagerView.propertyChange(ProjectManagerView.java:392) ~[filemanager.jar:?]
	at java.beans.PropertyChangeSupport.fire(PropertyChangeSupport.java:343) ~[?:?]
	at java.beans.PropertyChangeSupport.firePropertyChange(PropertyChangeSupport.java:335) ~[?:?]
	at java.beans.PropertyChangeSupport.firePropertyChange(PropertyChangeSupport.java:268) ~[?:?]
	at com.st.microxplorer.util.MXPropertyChangeSupport.firePropertyChange(MXPropertyChangeSupport.java:54) ~[STM32CubeMX.jar:?]
	at com.st.microxplorer.mxsystem.MxSystem.closeConfig(MxSystem.java:899) ~[STM32CubeMX.jar:?]
	at com.st.microxplorer.maingui.MainPanel.closeConfig(MainPanel.java:792) ~[STM32CubeMX.jar:?]
	at com.st.microxplorer.plugins.filemanager.engine.OpenFileManager.loadConfigurationFile(OpenFileManager.java:288) ~[filemanager.jar:?]
	at com.st.microxplorer.plugins.filemanager.engine.MainFileManager.userLoadConfig(MainFileManager.java:364) ~[filemanager.jar:?]
	at com.st.microxplorer.plugins.filemanager.engine.MainFileManager.userLoadConfig(MainFileManager.java:342) ~[filemanager.jar:?]
	at com.st.microxplorer.plugins.filemanager.FileManagerView.getSpecificTask(FileManagerView.java:264) ~[filemanager.jar:?]
	at com.st.stm32cube.common.mx.editor.CubeMxEditor.getMxTabbedPaneInstance(CubeMxEditor.java:1198) ~[com.st.stm32cube.common.mx_6.15.0.202507011659/:?]
	at com.st.stm32cube.common.mx.editor.CubeMxEditor$12$1.createSwingComponent(CubeMxEditor.java:1068) ~[com.st.stm32cube.common.mx_6.15.0.202507011659/:?]
	at com.st.stm32cube.common.mx.oss.core.awtswtbridge.EmbeddedSwingComposite.doComponentCreation(EmbeddedSwingComposite.java:492) ~[com.st.stm32cube.common.mx.oss_6.15.0.202507011659/:?]
	at com.st.stm32cube.common.mx.oss.core.awtswtbridge.EmbeddedSwingComposite$4.run(EmbeddedSwingComposite.java:291) ~[com.st.stm32cube.common.mx.oss_6.15.0.202507011659/:?]
	at com.st.stm32cube.common.mx.oss.core.awtswtbridge.AwtEnvironment$2.run(AwtEnvironment.java:166) ~[com.st.stm32cube.common.mx.oss_6.15.0.202507011659/:?]
	at java.awt.event.InvocationEvent.dispatch(InvocationEvent.java:318) ~[?:?]
	at java.awt.EventQueue.dispatchEventImpl(EventQueue.java:773) ~[?:?]
	at java.awt.EventQueue$4.run(EventQueue.java:720) ~[?:?]
	at java.awt.EventQueue$4.run(EventQueue.java:714) ~[?:?]
	at java.security.AccessController.doPrivileged(AccessController.java:400) ~[?:?]
	at java.security.ProtectionDomain$JavaSecurityAccessImpl.doIntersectionPrivilege(ProtectionDomain.java:87) ~[?:?]
	at java.awt.EventQueue.dispatchEvent(EventQueue.java:742) ~[?:?]
	at java.awt.EventDispatchThread.pumpOneEventForFilters(EventDispatchThread.java:203) ~[?:?]
	at java.awt.EventDispatchThread.pumpEventsForFilter(EventDispatchThread.java:124) ~[?:?]
	at java.awt.EventDispatchThread.pumpEventsForHierarchy(EventDispatchThread.java:113) ~[?:?]
	at java.awt.EventDispatchThread.pumpEvents(EventDispatchThread.java:109) ~[?:?]
	at java.awt.EventDispatchThread.pumpEvents(EventDispatchThread.java:101) ~[?:?]
	at java.awt.EventDispatchThread.run(EventDispatchThread.java:90) ~[?:?]
2025-08-19 13:53:52,707 [WARN] ThirdParty:871 - waiting for thirdparty lock release [close project]
2025-08-19 13:53:52,708 [INFO] ThirdParty:873 - entering critical section [close project]
2025-08-19 13:53:52,708 [INFO] ThirdParty:883 - exiting critical section [close project]
2025-08-19 13:53:52,712 [INFO] PinOutPanel:1589 - setPackage(No Configuration,No Configuration)
2025-08-19 13:53:52,733 [WARN] IpParametersView:155 - Warning: This peripheral hasn't parameters
2025-08-19 13:53:52,745 [WARN] MainPanel:289 - <html><b><center>Warning: This peripheral has no parameters to be configured<br></b></html>
2025-08-19 13:53:52,752 [INFO] UtilMem:75 - Begin LoadConfig() Used Memory: 519815248 Bytes (958398464)
2025-08-19 13:53:52,753 [INFO] MicroXplorer:468 - Change Database Path : 
2025-08-19 13:53:52,753 [INFO] MicroXplorer:498 - Change Database Version : DB.6.0.150
2025-08-19 13:53:52,754 [INFO] OpenFileManager:355 - Change cursor
2025-08-19 13:53:52,809 [INFO] RulesReader:64 - Compatibility file has been processed (317 Rules)
2025-08-19 13:53:52,834 [INFO] Mcu:2029 - Initializing MCU STM32F767ZITx STM32F767ZITx STM32F767ZIT6
2025-08-19 13:53:55,374 [INFO] Context:786 - Trying to add GPIOservice into a context  which must be forbidden
2025-08-19 13:53:56,301 [INFO] ImportTextPane:234 - (OptionalMessage_ERROR) Unable to find key (Mcu.ThirdPartyNb) in loaded IOC file
2025-08-19 13:53:56,301 [INFO] ImportTextPane:234 - (OptionalMessage_ERROR) Unable to find key (Mcu.PinsNb) in loaded IOC file
2025-08-19 13:53:56,303 [INFO] ImportTextPane:234 - (OptionalMessage_ERROR) Pin0 (VP_RIF_VS_RIF1) cannot be retrieved for this MCU
2025-08-19 13:53:56,303 [INFO] ImportTextPane:234 - (OptionalMessage_ERROR) Unable to find key (Mcu.IPNb) in loaded IOC file
2025-08-19 13:53:56,377 [INFO] RtosManager:558 - Registered RTOS mode: class=CMSIS, group=RTOS, mode=CMSIS_V1, owner=FREERTOS
2025-08-19 13:53:56,377 [INFO] RtosManager:558 - Registered RTOS mode: class=CMSIS, group=RTOS2, mode=CMSIS_V2, owner=FREERTOS
2025-08-19 13:53:56,377 [INFO] RtosManager:558 - Registered RTOS mode: class=RTOS, group=Core, mode=CMSIS_V1, owner=FREERTOS
2025-08-19 13:53:56,377 [INFO] RtosManager:558 - Registered RTOS mode: class=RTOS, group=Core, mode=CMSIS_V2, owner=FREERTOS
2025-08-19 13:53:56,377 [WARN] ModelIntegratedComponent:184 - Missing modes for component STMicroelectronics:FreeRTOS:0.0.1:STMicroelectronics:RTOS:FreeRTOS:Core:::10.2.0:
2025-08-19 13:53:56,412 [WARN] ModelIntegratedComponent:63 - No mode defined for component null
2025-08-19 13:53:56,413 [WARN] ModelIntegratedComponent:63 - No mode defined for component null
2025-08-19 13:53:56,413 [WARN] ModelIntegratedComponent:63 - No mode defined for component null
2025-08-19 13:53:56,413 [WARN] ModelIntegratedComponent:63 - No mode defined for component null
2025-08-19 13:53:56,414 [WARN] ModelIntegratedComponent:63 - No mode defined for component null
2025-08-19 13:53:56,414 [WARN] ModelIntegratedComponent:63 - No mode defined for component null
2025-08-19 13:53:56,414 [WARN] ModelIntegratedComponent:63 - No mode defined for component null
2025-08-19 13:53:56,414 [WARN] ModelIntegratedComponent:63 - No mode defined for component null
2025-08-19 13:53:56,414 [WARN] ModelIntegratedComponent:63 - No mode defined for component null
2025-08-19 13:53:56,414 [WARN] ModelIntegratedComponent:63 - No mode defined for component null
2025-08-19 13:53:56,414 [WARN] ModelIntegratedComponent:63 - No mode defined for component null
2025-08-19 13:53:56,414 [WARN] ModelIntegratedComponent:63 - No mode defined for component null
2025-08-19 13:53:56,414 [WARN] ModelIntegratedComponent:63 - No mode defined for component null
2025-08-19 13:53:56,414 [WARN] ModelIntegratedComponent:63 - No mode defined for component null
2025-08-19 13:53:56,414 [WARN] ModelIntegratedComponent:63 - No mode defined for component null
2025-08-19 13:53:56,414 [WARN] ModelIntegratedComponent:63 - No mode defined for component null
2025-08-19 13:53:56,414 [WARN] ModelIntegratedComponent:63 - No mode defined for component null
2025-08-19 13:53:56,414 [WARN] ModelIntegratedComponent:63 - No mode defined for component null
2025-08-19 13:53:56,414 [WARN] ModelIntegratedComponent:63 - No mode defined for component null
2025-08-19 13:53:56,414 [WARN] ModelIntegratedComponent:63 - No mode defined for component null
2025-08-19 13:53:56,414 [WARN] ModelIntegratedComponent:63 - No mode defined for component null
2025-08-19 13:53:56,414 [WARN] ModelIntegratedComponent:63 - No mode defined for component null
2025-08-19 13:53:56,414 [WARN] ModelIntegratedComponent:63 - No mode defined for component null
2025-08-19 13:53:56,415 [WARN] ModelIntegratedComponent:63 - No mode defined for component null
2025-08-19 13:53:56,415 [WARN] ModelIntegratedComponent:63 - No mode defined for component null
2025-08-19 13:53:56,415 [WARN] ModelIntegratedComponent:63 - No mode defined for component null
2025-08-19 13:53:56,415 [WARN] ModelIntegratedComponent:63 - No mode defined for component null
2025-08-19 13:53:56,415 [WARN] ModelIntegratedComponent:63 - No mode defined for component null
2025-08-19 13:53:56,415 [WARN] ModelIntegratedComponent:63 - No mode defined for component null
2025-08-19 13:53:56,415 [WARN] ModelIntegratedComponent:63 - No mode defined for component null
2025-08-19 13:53:56,415 [WARN] ModelIntegratedComponent:63 - No mode defined for component null
2025-08-19 13:53:56,415 [WARN] ModelIntegratedComponent:63 - No mode defined for component null
2025-08-19 13:53:56,415 [WARN] ModelIntegratedComponent:63 - No mode defined for component null
2025-08-19 13:53:56,415 [WARN] ModelIntegratedComponent:63 - No mode defined for component null
2025-08-19 13:53:56,415 [WARN] ModelIntegratedComponent:63 - No mode defined for component null
2025-08-19 13:53:56,415 [WARN] ModelPack:524 - Component already loaded: STMicroelectronics:HAL Drivers:0.0.0:STMicroelectronics:Device:STMicro_Driver:XSPI:HAL::0.0.1:HAL_XSPI
2025-08-19 13:53:56,539 [INFO] ThirdPartyModel:298 - Start build external matchings
2025-08-19 13:53:57,001 [INFO] ThirdPartyModel:316 - End build external matchings
2025-08-19 13:53:57,362 [INFO] UtilMem:75 - End LoadConfig() Used Memory: 344971648 Bytes (958398464)
2025-08-19 13:53:57,389 [WARN] ThirdParty:833 - waiting for thirdparty lock release [change project]
2025-08-19 13:53:57,390 [INFO] ThirdParty:835 - entering critical section [change project]
2025-08-19 13:53:57,390 [INFO] ThirdParty:1030 - CMSIS Pack Vendor :STMicroelectronics X-CUBE-PM33A1 1.0.0
2025-08-19 13:53:57,390 [INFO] ThirdParty:1030 - CMSIS Pack Vendor :STMicroelectronics USBPD 4.1
2025-08-19 13:53:57,390 [INFO] ThirdParty:1030 - CMSIS Pack Vendor :STMicroelectronics X-CUBE-NFC9 1.0.0
2025-08-19 13:53:57,390 [INFO] ThirdParty:1030 - CMSIS Pack Vendor :STMicroelectronics USB_HOST 2.0.0
2025-08-19 13:53:57,390 [INFO] ThirdParty:1030 - CMSIS Pack Vendor :STMicroelectronics FP-SNS-MOTENVWB1 1.4.0
2025-08-19 13:53:57,390 [INFO] ThirdParty:1030 - CMSIS Pack Vendor :STMicroelectronics X-CUBE-AZRTOS-F4 1.1.0
2025-08-19 13:53:57,390 [INFO] ThirdParty:1030 - CMSIS Pack Vendor :STMicroelectronics LIBJPEG 8.0.0
2025-08-19 13:53:57,390 [INFO] ThirdParty:1030 - CMSIS Pack Vendor :STMicroelectronics FP-ATR-ASTRA1 2.0.2
2025-08-19 13:53:57,391 [INFO] ThirdParty:1030 - CMSIS Pack Vendor :STMicroelectronics X-CUBE-BLE1 7.1.0
2025-08-19 13:53:57,391 [INFO] ThirdParty:1030 - CMSIS Pack Vendor :STMicroelectronics X-CUBE-SMBUS 2.1.0
2025-08-19 13:53:57,391 [INFO] ThirdParty:1030 - CMSIS Pack Vendor :wolfSSL I-CUBE-wolfMQTT 1.19.2
2025-08-19 13:53:57,391 [INFO] ThirdParty:1030 - CMSIS Pack Vendor :STMicroelectronics USB_DEVICE 3.0.0
2025-08-19 13:53:57,391 [INFO] ThirdParty:1030 - CMSIS Pack Vendor :STMicroelectronics X-CUBE-ISPU 2.1.0
2025-08-19 13:53:57,391 [INFO] ThirdParty:1030 - CMSIS Pack Vendor :STMicroelectronics X-CUBE-AZRTOS-WB 2.0.0
2025-08-19 13:53:57,391 [INFO] ThirdParty:1030 - CMSIS Pack Vendor :STMicroelectronics X-CUBE-ST60 1.0.0
2025-08-19 13:53:57,391 [INFO] ThirdParty:1030 - CMSIS Pack Vendor :STMicroelectronics X-CUBE-GNSS1 7.0.1
2025-08-19 13:53:57,391 [INFO] ThirdParty:1030 - CMSIS Pack Vendor :STMicroelectronics X-CUBE-AZRTOS-F7 1.1.0
2025-08-19 13:53:57,391 [INFO] ThirdParty:1030 - CMSIS Pack Vendor :STMicroelectronics X-CUBE-AZRTOS-L5 2.0.0
2025-08-19 13:53:57,391 [INFO] ThirdParty:1030 - CMSIS Pack Vendor :STMicroelectronics X-CUBE-TOUCHGFX 4.25.0
2025-08-19 13:53:57,391 [INFO] ThirdParty:1030 - CMSIS Pack Vendor :STMicroelectronics USB_DEVICE 2.0.0
2025-08-19 13:53:57,391 [INFO] ThirdParty:1030 - CMSIS Pack Vendor :STMicroelectronics X-CUBE-NFC6 3.1.0
2025-08-19 13:53:57,391 [INFO] ThirdParty:1030 - CMSIS Pack Vendor :STMicroelectronics X-CUBE-AI 10.1.0
2025-08-19 13:53:57,391 [INFO] ThirdParty:1030 - CMSIS Pack Vendor :STMicroelectronics FP-SNS-STBOX1 2.0.0
2025-08-19 13:53:57,392 [INFO] ThirdParty:1030 - CMSIS Pack Vendor :quantropi X-CUBE-qispace-sdk-base 2.1.0
2025-08-19 13:53:57,392 [INFO] ThirdParty:1030 - CMSIS Pack Vendor :STMicroelectronics FreeRTOS 0.0.1
2025-08-19 13:53:57,392 [INFO] ThirdParty:1030 - CMSIS Pack Vendor :STMicroelectronics X-CUBE-AZRTOS-G0 1.1.0
2025-08-19 13:53:57,392 [INFO] ThirdParty:1030 - CMSIS Pack Vendor :STMicroelectronics X-CUBE-SAFEA1 1.2.2
2025-08-19 13:53:57,392 [INFO] ThirdParty:1030 - CMSIS Pack Vendor :STMicroelectronics X-CUBE-NFC4 3.0.0
2025-08-19 13:53:57,392 [INFO] ThirdParty:1030 - CMSIS Pack Vendor :STMicroelectronics X-CUBE-SUBG2 5.0.0
2025-08-19 13:53:57,392 [INFO] ThirdParty:1030 - CMSIS Pack Vendor :STMicroelectronics X-CUBE-AZRTOS-H7RS 1.1.0
2025-08-19 13:53:57,392 [INFO] ThirdParty:1030 - CMSIS Pack Vendor :STMicroelectronics STM32_WPAN 1.0.0
2025-08-19 13:53:57,392 [INFO] ThirdParty:1030 - CMSIS Pack Vendor :EmbeddedOffice I-CUBE-FS-RTOS 1.0.1
2025-08-19 13:53:57,392 [INFO] ThirdParty:1030 - CMSIS Pack Vendor :STMicroelectronics lwIP 2.0.3
2025-08-19 13:53:57,392 [INFO] ThirdParty:1030 - CMSIS Pack Vendor :Cesanta I-CUBE-Mongoose 7.13.0
2025-08-19 13:53:57,392 [INFO] ThirdParty:1030 - CMSIS Pack Vendor :STMicroelectronics USB_HOST 1.0.0
2025-08-19 13:53:57,392 [INFO] ThirdParty:1030 - CMSIS Pack Vendor :Infineon AIROC-Wi-Fi-Bluetooth-STM32 1.7.1
2025-08-19 13:53:57,392 [INFO] ThirdParty:1030 - CMSIS Pack Vendor :STMicroelectronics X-CUBE-AZRTOS-G4 2.0.0
2025-08-19 13:53:57,392 [INFO] ThirdParty:1030 - CMSIS Pack Vendor :STMicroelectronics X-CUBE-WB05N 2.0.0
2025-08-19 13:53:57,393 [INFO] ThirdParty:1030 - CMSIS Pack Vendor :STMicroelectronics PDM2PCM 3.1.0
2025-08-19 13:53:57,393 [INFO] ThirdParty:1030 - CMSIS Pack Vendor :STMicroelectronics PDM2PCM 3.3.0
2025-08-19 13:53:57,393 [INFO] ThirdParty:1030 - CMSIS Pack Vendor :wolfSSL I-CUBE-wolfTPM 3.8.0
2025-08-19 13:53:57,393 [INFO] ThirdParty:1030 - CMSIS Pack Vendor :STMicroelectronics X-CUBE-DISPLAY 3.0.0
2025-08-19 13:53:57,393 [INFO] ThirdParty:1030 - CMSIS Pack Vendor :wolfSSL I-CUBE-wolfSSH 1.4.20
2025-08-19 13:53:57,393 [INFO] ThirdParty:1030 - CMSIS Pack Vendor :STMicroelectronics X-CUBE-NFC7 2.0.0
2025-08-19 13:53:57,393 [INFO] ThirdParty:1030 - CMSIS Pack Vendor :STMicroelectronics X-CUBE-TCPP 4.2.0
2025-08-19 13:53:57,393 [INFO] ThirdParty:1030 - CMSIS Pack Vendor :RealThread X-CUBE-RT-Thread_Nano 4.1.1
2025-08-19 13:53:57,393 [INFO] ThirdParty:1030 - CMSIS Pack Vendor :STMicroelectronics FP-ATR-SIGFOX1 3.2.0
2025-08-19 13:53:57,393 [INFO] ThirdParty:1030 - CMSIS Pack Vendor :STMicroelectronics X-CUBE-NFC10 1.0.0
2025-08-19 13:53:57,393 [INFO] ThirdParty:1030 - CMSIS Pack Vendor :STMicroelectronics X-CUBE-FREERTOS 1.3.1
2025-08-19 13:53:57,393 [INFO] ThirdParty:1030 - CMSIS Pack Vendor :STMicroelectronics HAL Drivers 0.0.0
2025-08-19 13:53:57,393 [INFO] ThirdParty:1030 - CMSIS Pack Vendor :STMicroelectronics MBEDTLS 2.16.2
2025-08-19 13:53:57,394 [INFO] ThirdParty:1030 - CMSIS Pack Vendor :STMicroelectronics X-CUBE-IPS 3.1.0
2025-08-19 13:53:57,394 [INFO] ThirdParty:1030 - CMSIS Pack Vendor :STMicroelectronics X-CUBE-ALS 1.0.2
2025-08-19 13:53:57,394 [INFO] ThirdParty:1030 - CMSIS Pack Vendor :emotas I-CUBE-CANOPEN 1.3.0
2025-08-19 13:53:57,394 [INFO] ThirdParty:1030 - CMSIS Pack Vendor :STMicroelectronics MBEDTLS 2.14.1
2025-08-19 13:53:57,394 [INFO] ThirdParty:1030 - CMSIS Pack Vendor :ITTIA_DB I-CUBE-ITTIADB 8.9.0
2025-08-19 13:53:57,394 [INFO] ThirdParty:1030 - CMSIS Pack Vendor :portGmbH I-Cube-SoM-uGOAL 1.1.0
2025-08-19 13:53:57,394 [INFO] ThirdParty:1030 - CMSIS Pack Vendor :STMicroelectronics X-CUBE-ST67W61 1.0.0
2025-08-19 13:53:57,394 [INFO] ThirdParty:1030 - CMSIS Pack Vendor :STMicroelectronics FP-SNS-STBOX1 2.1.0
2025-08-19 13:53:57,394 [INFO] ThirdParty:1030 - CMSIS Pack Vendor :STMicroelectronics X-CUBE-AI 10.2.0
2025-08-19 13:53:57,394 [INFO] ThirdParty:1030 - CMSIS Pack Vendor :STMicroelectronics ThreadX 1.0.0
2025-08-19 13:53:57,394 [INFO] ThirdParty:1030 - CMSIS Pack Vendor :STMicroelectronics FP-SNS-SMARTAG2 1.2.0
2025-08-19 13:53:57,394 [INFO] ThirdParty:1030 - CMSIS Pack Vendor :STMicroelectronics FP-SNS-FLIGHT1 5.1.0
2025-08-19 13:53:57,394 [INFO] ThirdParty:1030 - CMSIS Pack Vendor :STMicroelectronics X-CUBE-AZRTOS-WL 2.0.0
2025-08-19 13:53:57,394 [INFO] ThirdParty:1030 - CMSIS Pack Vendor :SEGGER I-CUBE-embOS 1.3.1
2025-08-19 13:53:57,394 [INFO] ThirdParty:1030 - CMSIS Pack Vendor :STMicroelectronics X-CUBE-ALGOBUILD 1.4.0
2025-08-19 13:53:57,394 [INFO] ThirdParty:1030 - CMSIS Pack Vendor :STMicroelectronics X-CUBE-DPower 1.3.0
2025-08-19 13:53:57,394 [INFO] ThirdParty:1030 - CMSIS Pack Vendor :STMicroelectronics X-CUBE-MEMS1 11.3.0
2025-08-19 13:53:57,394 [INFO] ThirdParty:1030 - CMSIS Pack Vendor :STMicroelectronics FP-SNS-MOTENV1 5.0.0
2025-08-19 13:53:57,394 [INFO] ThirdParty:1030 - CMSIS Pack Vendor :STMicroelectronics USB_DEVICE 1.0.0
2025-08-19 13:53:57,394 [INFO] ThirdParty:1030 - CMSIS Pack Vendor :STMicroelectronics X-CUBE-AZRTOS-L4 2.0.0
2025-08-19 13:53:57,394 [INFO] ThirdParty:1030 - CMSIS Pack Vendor :STMicroelectronics ThreadX 0.0.2
2025-08-19 13:53:57,394 [INFO] ThirdParty:1030 - CMSIS Pack Vendor :WES I-CUBE-Cesium 1.3.0
2025-08-19 13:53:57,394 [INFO] ThirdParty:1030 - CMSIS Pack Vendor :STMicroelectronics lwIP 2.1.2
2025-08-19 13:53:57,394 [INFO] ThirdParty:1030 - CMSIS Pack Vendor :STMicroelectronics X-CUBE-SFXS2LP1 4.0.0
2025-08-19 13:53:57,394 [INFO] ThirdParty:1030 - CMSIS Pack Vendor :STMicroelectronics X-CUBE-BLE2 3.3.0
2025-08-19 13:53:57,394 [INFO] ThirdParty:1030 - CMSIS Pack Vendor :STMicroelectronics X-CUBE-TOF1 3.4.3
2025-08-19 13:53:57,394 [INFO] ThirdParty:1030 - CMSIS Pack Vendor :STMicroelectronics PDM2PCM 3.2.0
2025-08-19 13:53:57,395 [INFO] ThirdParty:841 - exiting critical section [change project]
2025-08-19 13:53:57,687 [INFO] PinOutPanel:1589 - setPackage(No Configuration,No Configuration)
2025-08-19 13:53:57,688 [INFO] PinOutPanel:1589 - setPackage(STM32F767ZITx,LQFP144)
2025-08-19 13:53:58,056 [INFO] UtilMem:75 - Before build in PCC Used Memory: 404305600 Bytes (958398464)
2025-08-19 13:53:58,436 [INFO] UtilMem:75 - After build in PCC Used Memory: 455163584 Bytes (958398464)
2025-08-19 13:53:58,462 [INFO] IPUIPlugin:80 - create IPUIPlugin
2025-08-19 13:53:58,462 [INFO] IPUIPlugin:80 - create IPUIPlugin
2025-08-19 13:53:58,462 [INFO] IPUIPlugin:80 - create IPUIPlugin
2025-08-19 13:53:58,462 [INFO] IPUIPlugin:80 - create IPUIPlugin
2025-08-19 13:53:58,462 [INFO] IPUIPlugin:80 - create IPUIPlugin
2025-08-19 13:53:58,462 [INFO] IPUIPlugin:80 - create IPUIPlugin
2025-08-19 13:53:58,462 [INFO] IPUIPlugin:80 - create IPUIPlugin
2025-08-19 13:53:58,463 [INFO] IPUIPlugin:80 - create IPUIPlugin
2025-08-19 13:53:58,463 [INFO] IPUIPlugin:80 - create IPUIPlugin
2025-08-19 13:53:58,463 [INFO] IPUIPlugin:80 - create IPUIPlugin
2025-08-19 13:53:58,463 [INFO] IPUIPlugin:80 - create IPUIPlugin
2025-08-19 13:53:58,463 [INFO] IPUIPlugin:80 - create IPUIPlugin
2025-08-19 13:53:58,463 [INFO] IPUIPlugin:80 - create IPUIPlugin
2025-08-19 13:53:58,463 [INFO] IPUIPlugin:80 - create IPUIPlugin
2025-08-19 13:53:58,463 [INFO] IPUIPlugin:80 - create IPUIPlugin
2025-08-19 13:53:58,463 [INFO] IPUIPlugin:80 - create IPUIPlugin
2025-08-19 13:53:58,464 [INFO] IPUIPlugin:80 - create IPUIPlugin
2025-08-19 13:53:58,464 [INFO] IPUIPlugin:80 - create IPUIPlugin
2025-08-19 13:53:58,464 [INFO] IPUIPlugin:80 - create IPUIPlugin
2025-08-19 13:53:58,464 [INFO] IPUIPlugin:80 - create IPUIPlugin
2025-08-19 13:53:58,464 [INFO] IPUIPlugin:80 - create IPUIPlugin
2025-08-19 13:53:58,464 [INFO] IPUIPlugin:80 - create IPUIPlugin
2025-08-19 13:53:58,464 [INFO] IPUIPlugin:80 - create IPUIPlugin
2025-08-19 13:53:58,464 [INFO] IPUIPlugin:80 - create IPUIPlugin
2025-08-19 13:53:58,464 [INFO] IPUIPlugin:80 - create IPUIPlugin
2025-08-19 13:53:58,464 [INFO] IPUIPlugin:80 - create IPUIPlugin
2025-08-19 13:53:58,465 [INFO] IPUIPlugin:80 - create IPUIPlugin
2025-08-19 13:53:58,465 [INFO] IPUIPlugin:80 - create IPUIPlugin
2025-08-19 13:53:58,465 [INFO] IPUIPlugin:80 - create IPUIPlugin
2025-08-19 13:53:58,465 [INFO] IPUIPlugin:80 - create IPUIPlugin
2025-08-19 13:53:58,465 [INFO] IPUIPlugin:80 - create IPUIPlugin
2025-08-19 13:53:58,465 [INFO] IPUIPlugin:80 - create IPUIPlugin
2025-08-19 13:53:58,466 [INFO] IPUIPlugin:80 - create IPUIPlugin
2025-08-19 13:53:58,466 [INFO] IPUIPlugin:80 - create IPUIPlugin
2025-08-19 13:53:58,466 [INFO] IPUIPlugin:80 - create IPUIPlugin
2025-08-19 13:53:58,466 [INFO] IPUIPlugin:80 - create IPUIPlugin
2025-08-19 13:53:58,467 [INFO] IPUIPlugin:80 - create IPUIPlugin
2025-08-19 13:53:58,467 [INFO] IPUIPlugin:80 - create IPUIPlugin
2025-08-19 13:53:58,467 [INFO] IPUIPlugin:80 - create IPUIPlugin
2025-08-19 13:53:58,467 [INFO] IPUIPlugin:80 - create IPUIPlugin
2025-08-19 13:53:58,467 [INFO] IPUIPlugin:80 - create IPUIPlugin
2025-08-19 13:53:58,467 [INFO] IPUIPlugin:80 - create IPUIPlugin
2025-08-19 13:53:58,468 [INFO] IPUIPlugin:80 - create IPUIPlugin
2025-08-19 13:53:58,468 [INFO] IPUIPlugin:80 - create IPUIPlugin
2025-08-19 13:53:58,468 [INFO] IPUIPlugin:80 - create IPUIPlugin
2025-08-19 13:53:58,469 [INFO] IPUIPlugin:80 - create IPUIPlugin
2025-08-19 13:53:58,469 [INFO] IPUIPlugin:80 - create IPUIPlugin
2025-08-19 13:53:58,469 [INFO] IPUIPlugin:80 - create IPUIPlugin
2025-08-19 13:53:58,470 [INFO] IPUIPlugin:80 - create IPUIPlugin
2025-08-19 13:53:58,470 [INFO] IPUIPlugin:80 - create IPUIPlugin
2025-08-19 13:53:58,470 [INFO] IPUIPlugin:80 - create IPUIPlugin
2025-08-19 13:53:58,470 [INFO] IPUIPlugin:80 - create IPUIPlugin
2025-08-19 13:53:58,470 [INFO] IPUIPlugin:80 - create IPUIPlugin
2025-08-19 13:53:58,471 [INFO] IPUIPlugin:80 - create IPUIPlugin
2025-08-19 13:53:58,471 [INFO] IPUIPlugin:80 - create IPUIPlugin
2025-08-19 13:53:58,471 [INFO] IPUIPlugin:80 - create IPUIPlugin
2025-08-19 13:53:58,471 [INFO] IPUIPlugin:80 - create IPUIPlugin
2025-08-19 13:53:58,471 [INFO] IPUIPlugin:80 - create IPUIPlugin
2025-08-19 13:53:58,471 [INFO] IPUIPlugin:80 - create IPUIPlugin
2025-08-19 13:53:58,471 [INFO] IPUIPlugin:80 - create IPUIPlugin
2025-08-19 13:53:58,473 [INFO] IPUIPlugin:80 - create IPUIPlugin
2025-08-19 13:53:58,473 [INFO] IPUIPlugin:80 - create IPUIPlugin
2025-08-19 13:53:58,473 [INFO] IPUIPlugin:80 - create IPUIPlugin
2025-08-19 13:53:58,473 [INFO] IPUIPlugin:80 - create IPUIPlugin
2025-08-19 13:53:58,473 [INFO] IPUIPlugin:80 - create IPUIPlugin
2025-08-19 13:53:58,474 [INFO] IPUIPlugin:80 - create IPUIPlugin
2025-08-19 13:53:58,474 [INFO] IPUIPlugin:80 - create IPUIPlugin
2025-08-19 13:53:58,474 [INFO] IPUIPlugin:80 - create IPUIPlugin
2025-08-19 13:53:58,475 [INFO] IPUIPlugin:80 - create IPUIPlugin
2025-08-19 13:53:58,475 [INFO] IPUIPlugin:80 - create IPUIPlugin
2025-08-19 13:53:58,475 [INFO] IPUIPlugin:80 - create IPUIPlugin
2025-08-19 13:53:58,475 [INFO] IPUIPlugin:80 - create IPUIPlugin
2025-08-19 13:53:58,476 [INFO] IPUIPlugin:80 - create IPUIPlugin
2025-08-19 13:53:58,476 [INFO] IPUIPlugin:80 - create IPUIPlugin
2025-08-19 13:53:58,476 [INFO] IPUIPlugin:80 - create IPUIPlugin
2025-08-19 13:53:58,477 [INFO] IPUIPlugin:80 - create IPUIPlugin
2025-08-19 13:53:58,477 [INFO] IPUIPlugin:80 - create IPUIPlugin
2025-08-19 13:53:58,477 [INFO] IPUIPlugin:80 - create IPUIPlugin
2025-08-19 13:53:58,478 [INFO] IPUIPlugin:80 - create IPUIPlugin
2025-08-19 13:53:58,494 [INFO] ApiDbMcu:532 - Load IP Config File for PDM2PCM
2025-08-19 13:53:58,517 [INFO] CADModel:165 - CPN selected for project levelSTM32F767ZIT6
2025-08-19 13:53:58,517 [INFO] CADModel:114 - Register for checkConnection events
2025-08-19 13:53:58,599 [INFO] OpenFileManager:386 - Restore cursor
2025-08-19 13:53:59,103 [INFO] UtilMem:75 - End SaveConfig() Used Memory: 637804232 Bytes (958398464)
2025-08-19 13:53:59,180 [INFO] UtilMem:75 - End SaveConfig() Used Memory: 669953720 Bytes (958398464)
2025-08-19 13:53:59,292 [INFO] BlockDiagram:2775 - set Specific Code input for plugin: RCC
2025-08-19 13:53:59,292 [INFO] BlockDiagram:2775 - set Specific Code input for plugin: NVIC
2025-08-19 13:53:59,292 [INFO] BlockDiagram:2775 - set Specific Code input for plugin: CORTEX_M7
2025-08-19 13:53:59,293 [INFO] CodeGenerator:892 - code generatio: config db path: C:\ST\STM32CubeIDE_1.19.0\STM32CubeIDE\plugins\com.st.stm32cube.common.mx_6.15.0.202507011659\\db\
2025-08-19 13:53:59,398 [INFO] CodeEngine:265 - oldGeneratedFile, C:\Users\USERIT\STM32CubeIDE\MAD_Lab\Lab_05\MXTmpFiles\license.tmp_save
2025-08-19 13:53:59,523 [INFO] CodeEngine:289 - Generated code: C:\Users\USERIT\STM32CubeIDE\MAD_Lab\Lab_05\MXTmpFiles\license.tmp
2025-08-19 13:53:59,597 [INFO] CodeEngine:265 - oldGeneratedFile, C:\Users\USERIT\STM32CubeIDE\MAD_Lab\Lab_05\MXTmpFiles\cortex.tmp_save
2025-08-19 13:53:59,699 [INFO] CodeEngine:289 - Generated code: C:\Users\USERIT\STM32CubeIDE\MAD_Lab\Lab_05\MXTmpFiles\cortex.tmp
2025-08-19 13:53:59,710 [INFO] CodeEngine:265 - oldGeneratedFile, C:\Users\USERIT\STM32CubeIDE\MAD_Lab\Lab_05\Core\Src\stm32f7xx_it.c_save
2025-08-19 13:53:59,921 [INFO] CodeEngine:289 - Generated code: C:\Users\USERIT\STM32CubeIDE\MAD_Lab\Lab_05\Core\Src\stm32f7xx_it.c
2025-08-19 13:53:59,932 [INFO] CodeEngine:265 - oldGeneratedFile, C:\Users\USERIT\STM32CubeIDE\MAD_Lab\Lab_05\Core\Inc\stm32f7xx_it.h_save
2025-08-19 13:53:59,991 [INFO] CodeEngine:289 - Generated code: C:\Users\USERIT\STM32CubeIDE\MAD_Lab\Lab_05\Core\Inc\stm32f7xx_it.h
2025-08-19 13:54:00,023 [INFO] CodeEngine:265 - oldGeneratedFile, C:\Users\USERIT\STM32CubeIDE\MAD_Lab\Lab_05\Core\Src\stm32f7xx_hal_msp.c_save
2025-08-19 13:54:00,155 [INFO] CodeEngine:289 - Generated code: C:\Users\USERIT\STM32CubeIDE\MAD_Lab\Lab_05\Core\Src\stm32f7xx_hal_msp.c
2025-08-19 13:54:00,165 [INFO] CodeEngine:265 - oldGeneratedFile, C:\Users\USERIT\STM32CubeIDE\MAD_Lab\Lab_05\MXTmpFiles\system.tmp_save
2025-08-19 13:54:00,221 [INFO] CodeEngine:289 - Generated code: C:\Users\USERIT\STM32CubeIDE\MAD_Lab\Lab_05\MXTmpFiles\system.tmp
2025-08-19 13:54:00,237 [INFO] CodeEngine:321 - oldGeneratedFile, C:\Users\USERIT\STM32CubeIDE\MAD_Lab\Lab_05\Core\Inc\stm32f7xx_hal_conf.h_save
2025-08-19 13:54:00,363 [INFO] CodeEngine:345 - Generated code: C:\Users\USERIT\STM32CubeIDE\MAD_Lab\Lab_05\Core\Inc\stm32f7xx_hal_conf.h
2025-08-19 13:54:00,393 [INFO] ApiDbMcu:532 - Load IP Config File for RCC
2025-08-19 13:54:00,402 [INFO] CodeEngine:265 - oldGeneratedFile, C:\Users\USERIT\STM32CubeIDE\MAD_Lab\Lab_05\Core\Inc\main.h_save
2025-08-19 13:54:00,555 [INFO] CodeEngine:289 - Generated code: C:\Users\USERIT\STM32CubeIDE\MAD_Lab\Lab_05\Core\Inc\main.h
2025-08-19 13:54:00,560 [INFO] CodeEngine:265 - oldGeneratedFile, C:\Users\USERIT\STM32CubeIDE\MAD_Lab\Lab_05\Core\Src\main.c_save
2025-08-19 13:54:00,659 [INFO] CodeEngine:289 - Generated code: C:\Users\USERIT\STM32CubeIDE\MAD_Lab\Lab_05\Core\Src\main.c
2025-08-19 13:54:00,949 [INFO] ProjectBuilder:3606 - Time for Copy HAL[1] : 135mS.
2025-08-19 13:54:00,952 [INFO] ProjectBuilder:5216 - Project Generator version: 4.7.0-B52
2025-08-19 13:54:01,020 [INFO] ConfigFileManager:1595 - The Die is : DIE451
2025-08-19 13:54:01,031 [INFO] ApiDbMcu:532 - Load IP Config File for FATFS
2025-08-19 13:54:01,046 [INFO] ApiDbMcu:532 - Load IP Config File for FREERTOS
2025-08-19 13:54:01,058 [INFO] ApiDbMcu:532 - Load IP Config File for LIBJPEG
2025-08-19 13:54:01,072 [INFO] ApiDbMcu:532 - Load IP Config File for LWIP
2025-08-19 13:54:01,086 [INFO] ApiDbMcu:532 - Load IP Config File for MBEDTLS
2025-08-19 13:54:01,104 [INFO] ApiDbMcu:532 - Load IP Config File for USB_DEVICE
2025-08-19 13:54:01,117 [INFO] ApiDbMcu:532 - Load IP Config File for USB_HOST
2025-08-19 13:54:04,323 [INFO] ProjectBuilder:5496 - Time for Generating toolchain IDE Files: 3370mS.
2025-08-19 13:54:04,324 [INFO] ProjectBuilder:3463 - Time for Copy CMSIS : 0mS.
2025-08-19 13:54:04,326 [INFO] ProjectBuilder:3463 - Time for Copy CMSIS : 0mS.
2025-08-19 13:54:05,224 [INFO] McuFinderGlobals:76 - Set McuFinderConnectedMode to true
2025-08-19 13:54:05,228 [INFO] ApiDb:448 - Save user favorites file C:\Users\USERIT/.stm32cubeide/favorites.mcus.txt: 1 item(s)
2025-08-19 13:54:05,229 [INFO] ApiDb:452 - User favorites MCUs=[STM32F767ZIT6]
2025-08-19 13:55:36,743 [INFO] ADCParametersView:116 -                Rank 1 : false
2025-08-19 13:55:36,836 [INFO] ADCParametersView:116 -                Rank 1 : false
2025-08-19 13:55:36,837 [INFO] ADCParametersView:116 -                Rank 1 : false
2025-08-19 13:55:36,837 [INFO] ADCParametersView:116 -                Rank 1 : false
2025-08-19 13:55:36,837 [INFO] ADCParametersView:116 -                Rank 1 : false
2025-08-19 13:55:36,837 [INFO] ADCParametersView:116 -                Rank 1 : false
2025-08-19 13:55:36,838 [INFO] ADCParametersView:116 -                Rank 1 : false
2025-08-19 13:55:36,838 [INFO] ADCParametersView:116 -                Rank 1 : false
2025-08-19 13:55:36,838 [INFO] ADCParametersView:116 -                Rank 1 : false
2025-08-19 13:55:36,838 [INFO] ADCParametersView:116 -                Rank 1 : false
2025-08-19 13:55:36,838 [INFO] ADCParametersView:116 -                Rank 1 : false
2025-08-19 13:55:36,838 [INFO] ADCParametersView:116 -                Rank 1 : false
2025-08-19 13:55:36,839 [INFO] ADCParametersView:116 -                Rank 1 : false
2025-08-19 13:55:36,839 [INFO] ADCParametersView:116 -                Rank 1 : false
2025-08-19 13:55:36,839 [INFO] ADCParametersView:116 -                Rank 1 : false
2025-08-19 13:55:36,890 [INFO] ADCParametersView:116 -                Rank 1 : false
2025-08-19 13:56:07,287 [INFO] NvicIntPanel:101 - NVIC parent = com.st.microxplorer.plugins.ip.nvic.MultiNvicIntPanel[,0,0,0x0,invalid,layout=javax.swing.BoxLayout,alignmentX=0.0,alignmentY=0.0,border=,flags=9,maximumSize=,minimumSize=,preferredSize=]
2025-08-19 13:56:07,376 [INFO] ADCParametersView:116 -                Rank 1 : false
2025-08-19 13:56:07,378 [INFO] ADCParametersView:116 -                Rank 1 : false
2025-08-19 13:56:07,378 [INFO] ADCParametersView:116 -                Rank 1 : false
2025-08-19 13:56:07,379 [INFO] ADCParametersView:116 -                Rank 1 : false
2025-08-19 13:56:07,379 [INFO] ADCParametersView:116 -                Rank 1 : false
2025-08-19 13:56:07,379 [INFO] ADCParametersView:116 -                Rank 1 : false
2025-08-19 13:56:07,379 [INFO] ADCParametersView:116 -                Rank 1 : false
2025-08-19 13:56:07,379 [INFO] ADCParametersView:116 -                Rank 1 : false
2025-08-19 13:56:07,379 [INFO] ADCParametersView:116 -                Rank 1 : false
2025-08-19 13:56:07,380 [INFO] ADCParametersView:116 -                Rank 1 : false
2025-08-19 13:56:07,380 [INFO] ADCParametersView:116 -                Rank 1 : false
2025-08-19 13:56:07,380 [INFO] ADCParametersView:116 -                Rank 1 : false
2025-08-19 13:56:07,380 [INFO] ADCParametersView:116 -                Rank 1 : false
2025-08-19 13:56:07,380 [INFO] ADCParametersView:116 -                Rank 1 : false
2025-08-19 13:56:07,433 [INFO] ADCParametersView:116 -                Rank 1 : false
2025-08-19 13:56:24,917 [INFO] NvicIntPanel:101 - NVIC parent = com.st.microxplorer.plugins.ip.nvic.MultiNvicIntPanel[,0,0,0x0,invalid,layout=javax.swing.BoxLayout,alignmentX=0.0,alignmentY=0.0,border=,flags=9,maximumSize=,minimumSize=,preferredSize=]
2025-08-19 13:56:25,010 [INFO] ADCParametersView:116 -                Rank 1 : false
2025-08-19 13:56:25,014 [INFO] ADCParametersView:116 -                Rank 1 : false
2025-08-19 13:56:25,014 [INFO] ADCParametersView:116 -                Rank 1 : false
2025-08-19 13:56:25,014 [INFO] ADCParametersView:116 -                Rank 1 : false
2025-08-19 13:56:25,014 [INFO] ADCParametersView:116 -                Rank 1 : false
2025-08-19 13:56:25,014 [INFO] ADCParametersView:116 -                Rank 1 : false
2025-08-19 13:56:25,014 [INFO] ADCParametersView:116 -                Rank 1 : false
2025-08-19 13:56:25,015 [INFO] ADCParametersView:116 -                Rank 1 : false
2025-08-19 13:56:25,015 [INFO] ADCParametersView:116 -                Rank 1 : false
2025-08-19 13:56:25,015 [INFO] ADCParametersView:116 -                Rank 1 : false
2025-08-19 13:56:25,015 [INFO] ADCParametersView:116 -                Rank 1 : false
2025-08-19 13:56:25,015 [INFO] ADCParametersView:116 -                Rank 1 : false
2025-08-19 13:56:25,015 [INFO] ADCParametersView:116 -                Rank 1 : false
2025-08-19 13:56:25,015 [INFO] ADCParametersView:116 -                Rank 1 : false
2025-08-19 13:56:25,061 [INFO] ADCParametersView:116 -                Rank 1 : false
2025-08-19 13:56:46,136 [INFO] UtilMem:75 - End SaveConfig() Used Memory: 795392712 Bytes (975175680)
2025-08-19 13:56:47,182 [INFO] UtilMem:75 - End SaveConfig() Used Memory: 897690984 Bytes (975175680)
2025-08-19 13:56:47,714 [INFO] BlockDiagram:2775 - set Specific Code input for plugin: SYS
2025-08-19 13:56:47,715 [INFO] BlockDiagram:2775 - set Specific Code input for plugin: ADC
2025-08-19 13:56:47,715 [INFO] BlockDiagram:2775 - set Specific Code input for plugin: RCC
2025-08-19 13:56:47,715 [INFO] BlockDiagram:2775 - set Specific Code input for plugin: NVIC
2025-08-19 13:56:47,715 [INFO] BlockDiagram:2775 - set Specific Code input for plugin: CORTEX_M7
2025-08-19 13:56:47,716 [INFO] BlockDiagram:2775 - set Specific Code input for plugin: GPIO
2025-08-19 13:56:47,718 [INFO] CodeGenerator:892 - code generatio: config db path: C:\ST\STM32CubeIDE_1.19.0\STM32CubeIDE\plugins\com.st.stm32cube.common.mx_6.15.0.202507011659\\db\
2025-08-19 13:56:47,839 [INFO] CodeEngine:265 - oldGeneratedFile, C:\Users\USERIT\STM32CubeIDE\MAD_Lab\Lab_05\MXTmpFiles\license.tmp_save
2025-08-19 13:56:48,028 [INFO] CodeEngine:289 - Generated code: C:\Users\USERIT\STM32CubeIDE\MAD_Lab\Lab_05\MXTmpFiles\license.tmp
2025-08-19 13:56:48,086 [INFO] CodeEngine:265 - oldGeneratedFile, C:\Users\USERIT\STM32CubeIDE\MAD_Lab\Lab_05\Core\Src\gpio.c_save
2025-08-19 13:56:48,262 [INFO] CodeEngine:289 - Generated code: C:\Users\USERIT\STM32CubeIDE\MAD_Lab\Lab_05\Core\Src\gpio.c
2025-08-19 13:56:48,284 [INFO] CodeEngine:265 - oldGeneratedFile, C:\Users\USERIT\STM32CubeIDE\MAD_Lab\Lab_05\Core\Inc\gpio.h_save
2025-08-19 13:56:48,357 [INFO] CodeEngine:289 - Generated code: C:\Users\USERIT\STM32CubeIDE\MAD_Lab\Lab_05\Core\Inc\gpio.h
2025-08-19 13:56:48,459 [INFO] CodeEngine:265 - oldGeneratedFile, C:\Users\USERIT\STM32CubeIDE\MAD_Lab\Lab_05\Core\Src\adc.c_save
2025-08-19 13:56:48,678 [INFO] CodeEngine:289 - Generated code: C:\Users\USERIT\STM32CubeIDE\MAD_Lab\Lab_05\Core\Src\adc.c
2025-08-19 13:56:48,698 [INFO] CodeEngine:265 - oldGeneratedFile, C:\Users\USERIT\STM32CubeIDE\MAD_Lab\Lab_05\Core\Inc\adc.h_save
2025-08-19 13:56:48,793 [INFO] CodeEngine:289 - Generated code: C:\Users\USERIT\STM32CubeIDE\MAD_Lab\Lab_05\Core\Inc\adc.h
2025-08-19 13:56:48,818 [INFO] CodeEngine:265 - oldGeneratedFile, C:\Users\USERIT\STM32CubeIDE\MAD_Lab\Lab_05\MXTmpFiles\cortex.tmp_save
2025-08-19 13:56:48,934 [INFO] CodeEngine:289 - Generated code: C:\Users\USERIT\STM32CubeIDE\MAD_Lab\Lab_05\MXTmpFiles\cortex.tmp
2025-08-19 13:56:48,954 [INFO] CodeEngine:265 - oldGeneratedFile, C:\Users\USERIT\STM32CubeIDE\MAD_Lab\Lab_05\Core\Src\stm32f7xx_it.c_save
2025-08-19 13:56:49,091 [INFO] CodeEngine:289 - Generated code: C:\Users\USERIT\STM32CubeIDE\MAD_Lab\Lab_05\Core\Src\stm32f7xx_it.c
2025-08-19 13:56:49,099 [INFO] CodeEngine:265 - oldGeneratedFile, C:\Users\USERIT\STM32CubeIDE\MAD_Lab\Lab_05\Core\Inc\stm32f7xx_it.h_save
2025-08-19 13:56:49,168 [INFO] CodeEngine:289 - Generated code: C:\Users\USERIT\STM32CubeIDE\MAD_Lab\Lab_05\Core\Inc\stm32f7xx_it.h
2025-08-19 13:56:49,187 [INFO] CodeEngine:265 - oldGeneratedFile, C:\Users\USERIT\STM32CubeIDE\MAD_Lab\Lab_05\Core\Src\stm32f7xx_hal_msp.c_save
2025-08-19 13:56:49,334 [INFO] CodeEngine:289 - Generated code: C:\Users\USERIT\STM32CubeIDE\MAD_Lab\Lab_05\Core\Src\stm32f7xx_hal_msp.c
2025-08-19 13:56:49,340 [INFO] CodeEngine:265 - oldGeneratedFile, C:\Users\USERIT\STM32CubeIDE\MAD_Lab\Lab_05\MXTmpFiles\system.tmp_save
2025-08-19 13:56:49,405 [INFO] CodeEngine:289 - Generated code: C:\Users\USERIT\STM32CubeIDE\MAD_Lab\Lab_05\MXTmpFiles\system.tmp
2025-08-19 13:56:49,422 [INFO] CodeEngine:321 - oldGeneratedFile, C:\Users\USERIT\STM32CubeIDE\MAD_Lab\Lab_05\Core\Inc\stm32f7xx_hal_conf.h_save
2025-08-19 13:56:49,599 [INFO] CodeEngine:345 - Generated code: C:\Users\USERIT\STM32CubeIDE\MAD_Lab\Lab_05\Core\Inc\stm32f7xx_hal_conf.h
2025-08-19 13:56:49,645 [INFO] ApiDbMcu:532 - Load IP Config File for ADC1
2025-08-19 13:56:49,660 [INFO] CodeEngine:265 - oldGeneratedFile, C:\Users\USERIT\STM32CubeIDE\MAD_Lab\Lab_05\Core\Inc\main.h_save
2025-08-19 13:56:49,806 [INFO] CodeEngine:289 - Generated code: C:\Users\USERIT\STM32CubeIDE\MAD_Lab\Lab_05\Core\Inc\main.h
2025-08-19 13:56:49,815 [INFO] CodeEngine:265 - oldGeneratedFile, C:\Users\USERIT\STM32CubeIDE\MAD_Lab\Lab_05\Core\Src\main.c_save
2025-08-19 13:56:49,956 [INFO] CodeEngine:289 - Generated code: C:\Users\USERIT\STM32CubeIDE\MAD_Lab\Lab_05\Core\Src\main.c
2025-08-19 13:56:50,301 [INFO] ProjectBuilder:3606 - Time for Copy HAL[1] : 170mS.
2025-08-19 13:56:50,306 [INFO] ProjectBuilder:5216 - Project Generator version: 4.7.0-B52
2025-08-19 13:56:50,394 [INFO] ConfigFileManager:1595 - The Die is : DIE451
2025-08-19 13:56:51,604 [INFO] ProjectBuilder:5496 - Time for Generating toolchain IDE Files: 1299mS.
2025-08-19 13:56:51,606 [INFO] ProjectBuilder:3463 - Time for Copy CMSIS : 0mS.
2025-08-19 13:56:51,608 [INFO] ProjectBuilder:3463 - Time for Copy CMSIS : 0mS.
2025-08-19 14:15:41,189 [INFO] ADCParametersView:116 -                Rank 1 : false
2025-08-19 14:15:41,194 [INFO] ADCParametersView:116 -                Rank 1 : false
2025-08-19 14:15:41,194 [INFO] ADCParametersView:116 -                Rank 1 : false
2025-08-19 14:15:41,194 [INFO] ADCParametersView:116 -                Rank 1 : false
2025-08-19 14:15:41,195 [INFO] ADCParametersView:116 -                Rank 1 : false
2025-08-19 14:15:41,195 [INFO] ADCParametersView:116 -                Rank 1 : false
2025-08-19 14:15:41,195 [INFO] ADCParametersView:116 -                Rank 1 : false
2025-08-19 14:15:41,195 [INFO] ADCParametersView:116 -                Rank 1 : false
2025-08-19 14:15:41,195 [INFO] ADCParametersView:116 -                Rank 1 : false
2025-08-19 14:15:41,196 [INFO] ADCParametersView:116 -                Rank 1 : false
2025-08-19 14:15:41,196 [INFO] ADCParametersView:116 -                Rank 1 : false
2025-08-19 14:15:41,196 [INFO] ADCParametersView:116 -                Rank 1 : false
2025-08-19 14:15:41,196 [INFO] ADCParametersView:116 -                Rank 1 : false
2025-08-19 14:15:41,196 [INFO] ADCParametersView:116 -                Rank 1 : false
2025-08-19 14:15:41,263 [INFO] ADCParametersView:116 -                Rank 1 : false
2025-08-19 14:15:41,361 [INFO] ADCParametersView:116 -                Rank 1 : false
2025-08-19 14:15:41,365 [INFO] ADCParametersView:116 -                Rank 1 : false
2025-08-19 14:15:41,366 [INFO] ADCParametersView:116 -                Rank 1 : false
2025-08-19 14:15:41,367 [INFO] ADCParametersView:116 -                Rank 1 : false
2025-08-19 14:15:41,367 [INFO] ADCParametersView:116 -                Rank 1 : false
2025-08-19 14:15:41,367 [INFO] ADCParametersView:116 -                Rank 1 : false
2025-08-19 14:15:41,368 [INFO] ADCParametersView:116 -                Rank 1 : false
2025-08-19 14:15:41,368 [INFO] ADCParametersView:116 -                Rank 1 : false
2025-08-19 14:15:41,368 [INFO] ADCParametersView:116 -                Rank 1 : false
2025-08-19 14:15:41,368 [INFO] ADCParametersView:116 -                Rank 1 : false
2025-08-19 14:15:41,368 [INFO] ADCParametersView:116 -                Rank 1 : false
2025-08-19 14:15:41,368 [INFO] ADCParametersView:116 -                Rank 1 : false
2025-08-19 14:15:41,368 [INFO] ADCParametersView:116 -                Rank 1 : false
2025-08-19 14:15:41,369 [INFO] ADCParametersView:116 -                Rank 1 : false
2025-08-19 14:15:41,429 [INFO] ADCParametersView:116 -                Rank 1 : false
2025-08-19 14:15:46,875 [INFO] ADCParametersView:116 -                Rank 1 : false
2025-08-19 14:15:46,877 [INFO] ADCParametersView:116 -                Rank 1 : false
2025-08-19 14:15:46,877 [INFO] ADCParametersView:116 -                Rank 1 : false
2025-08-19 14:15:46,878 [INFO] ADCParametersView:116 -                Rank 1 : false
2025-08-19 14:15:46,878 [INFO] ADCParametersView:116 -                Rank 1 : false
2025-08-19 14:15:46,878 [INFO] ADCParametersView:116 -                Rank 1 : false
2025-08-19 14:15:46,878 [INFO] ADCParametersView:116 -                Rank 1 : false
2025-08-19 14:15:46,878 [INFO] ADCParametersView:116 -                Rank 1 : false
2025-08-19 14:15:46,878 [INFO] ADCParametersView:116 -                Rank 1 : false
2025-08-19 14:15:46,879 [INFO] ADCParametersView:116 -                Rank 1 : false
2025-08-19 14:15:46,879 [INFO] ADCParametersView:116 -                Rank 1 : false
2025-08-19 14:15:46,879 [INFO] ADCParametersView:116 -                Rank 1 : false
2025-08-19 14:15:46,880 [INFO] ADCParametersView:116 -                Rank 1 : false
2025-08-19 14:15:46,880 [INFO] ADCParametersView:116 -                Rank 1 : false
2025-08-19 14:15:46,929 [INFO] ADCParametersView:116 -                Rank 1 : false
2025-08-19 14:15:47,000 [INFO] ADCParametersView:116 -                Rank 1 : false
2025-08-19 14:15:47,001 [INFO] ADCParametersView:116 -                Rank 1 : false
2025-08-19 14:15:47,002 [INFO] ADCParametersView:116 -                Rank 1 : false
2025-08-19 14:15:47,002 [INFO] ADCParametersView:116 -                Rank 1 : false
2025-08-19 14:15:47,002 [INFO] ADCParametersView:116 -                Rank 1 : false
2025-08-19 14:15:47,002 [INFO] ADCParametersView:116 -                Rank 1 : false
2025-08-19 14:15:47,002 [INFO] ADCParametersView:116 -                Rank 1 : false
2025-08-19 14:15:47,003 [INFO] ADCParametersView:116 -                Rank 1 : false
2025-08-19 14:15:47,003 [INFO] ADCParametersView:116 -                Rank 1 : false
2025-08-19 14:15:47,003 [INFO] ADCParametersView:116 -                Rank 1 : false
2025-08-19 14:15:47,003 [INFO] ADCParametersView:116 -                Rank 1 : false
2025-08-19 14:15:47,003 [INFO] ADCParametersView:116 -                Rank 1 : false
2025-08-19 14:15:47,003 [INFO] ADCParametersView:116 -                Rank 1 : false
2025-08-19 14:15:47,004 [INFO] ADCParametersView:116 -                Rank 1 : false
2025-08-19 14:15:47,057 [INFO] ADCParametersView:116 -                Rank 1 : false
2025-08-19 14:16:03,603 [INFO] Gpio:278 - dependency for GPIO [ADC1]
2025-08-19 14:16:11,309 [INFO] Gpio:278 - dependency for GPIO [ADC1]
2025-08-19 14:16:47,242 [INFO] UtilMem:75 - End SaveConfig() Used Memory: 753569920 Bytes (975175680)
2025-08-19 14:17:08,553 [INFO] UtilMem:75 - End SaveConfig() Used Memory: 478548696 Bytes (975175680)
2025-08-19 14:17:08,865 [INFO] BlockDiagram:2775 - set Specific Code input for plugin: SYS
2025-08-19 14:17:08,868 [INFO] BlockDiagram:2775 - set Specific Code input for plugin: ADC
2025-08-19 14:17:08,868 [INFO] BlockDiagram:2775 - set Specific Code input for plugin: RCC
2025-08-19 14:17:08,868 [INFO] BlockDiagram:2775 - set Specific Code input for plugin: NVIC
2025-08-19 14:17:08,868 [INFO] BlockDiagram:2775 - set Specific Code input for plugin: USART
2025-08-19 14:17:08,869 [INFO] BlockDiagram:2775 - set Specific Code input for plugin: CORTEX_M7
2025-08-19 14:17:08,869 [INFO] BlockDiagram:2775 - set Specific Code input for plugin: GPIO
2025-08-19 14:17:08,871 [INFO] CodeGenerator:892 - code generatio: config db path: C:\ST\STM32CubeIDE_1.19.0\STM32CubeIDE\plugins\com.st.stm32cube.common.mx_6.15.0.202507011659\\db\
2025-08-19 14:17:09,104 [INFO] CodeEngine:265 - oldGeneratedFile, C:\Users\USERIT\STM32CubeIDE\MAD_Lab\Lab_05\MXTmpFiles\license.tmp_save
2025-08-19 14:17:09,408 [INFO] CodeEngine:289 - Generated code: C:\Users\USERIT\STM32CubeIDE\MAD_Lab\Lab_05\MXTmpFiles\license.tmp
2025-08-19 14:17:09,437 [INFO] CodeEngine:265 - oldGeneratedFile, C:\Users\USERIT\STM32CubeIDE\MAD_Lab\Lab_05\Core\Src\gpio.c_save
2025-08-19 14:17:09,655 [INFO] CodeEngine:289 - Generated code: C:\Users\USERIT\STM32CubeIDE\MAD_Lab\Lab_05\Core\Src\gpio.c
2025-08-19 14:17:09,666 [INFO] CodeEngine:265 - oldGeneratedFile, C:\Users\USERIT\STM32CubeIDE\MAD_Lab\Lab_05\Core\Inc\gpio.h_save
2025-08-19 14:17:09,762 [INFO] CodeEngine:289 - Generated code: C:\Users\USERIT\STM32CubeIDE\MAD_Lab\Lab_05\Core\Inc\gpio.h
2025-08-19 14:17:09,903 [INFO] CodeEngine:265 - oldGeneratedFile, C:\Users\USERIT\STM32CubeIDE\MAD_Lab\Lab_05\Core\Src\adc.c_save
2025-08-19 14:17:10,145 [INFO] CodeEngine:289 - Generated code: C:\Users\USERIT\STM32CubeIDE\MAD_Lab\Lab_05\Core\Src\adc.c
2025-08-19 14:17:10,153 [INFO] CodeEngine:265 - oldGeneratedFile, C:\Users\USERIT\STM32CubeIDE\MAD_Lab\Lab_05\Core\Inc\adc.h_save
2025-08-19 14:17:10,233 [INFO] CodeEngine:289 - Generated code: C:\Users\USERIT\STM32CubeIDE\MAD_Lab\Lab_05\Core\Inc\adc.h
2025-08-19 14:17:10,246 [INFO] CodeEngine:265 - oldGeneratedFile, C:\Users\USERIT\STM32CubeIDE\MAD_Lab\Lab_05\MXTmpFiles\cortex.tmp_save
2025-08-19 14:17:10,373 [INFO] CodeEngine:289 - Generated code: C:\Users\USERIT\STM32CubeIDE\MAD_Lab\Lab_05\MXTmpFiles\cortex.tmp
2025-08-19 14:17:10,388 [INFO] CodeEngine:265 - oldGeneratedFile, C:\Users\USERIT\STM32CubeIDE\MAD_Lab\Lab_05\Core\Src\usart.c_save
2025-08-19 14:17:10,563 [INFO] CodeEngine:289 - Generated code: C:\Users\USERIT\STM32CubeIDE\MAD_Lab\Lab_05\Core\Src\usart.c
2025-08-19 14:17:10,578 [INFO] CodeEngine:265 - oldGeneratedFile, C:\Users\USERIT\STM32CubeIDE\MAD_Lab\Lab_05\Core\Inc\usart.h_save
2025-08-19 14:17:10,656 [INFO] CodeEngine:289 - Generated code: C:\Users\USERIT\STM32CubeIDE\MAD_Lab\Lab_05\Core\Inc\usart.h
2025-08-19 14:17:10,674 [INFO] CodeEngine:265 - oldGeneratedFile, C:\Users\USERIT\STM32CubeIDE\MAD_Lab\Lab_05\Core\Src\stm32f7xx_it.c_save
2025-08-19 14:17:10,930 [INFO] CodeEngine:289 - Generated code: C:\Users\USERIT\STM32CubeIDE\MAD_Lab\Lab_05\Core\Src\stm32f7xx_it.c
2025-08-19 14:17:10,937 [INFO] CodeEngine:265 - oldGeneratedFile, C:\Users\USERIT\STM32CubeIDE\MAD_Lab\Lab_05\Core\Inc\stm32f7xx_it.h_save
2025-08-19 14:17:11,005 [INFO] CodeEngine:289 - Generated code: C:\Users\USERIT\STM32CubeIDE\MAD_Lab\Lab_05\Core\Inc\stm32f7xx_it.h
2025-08-19 14:17:11,024 [INFO] CodeEngine:265 - oldGeneratedFile, C:\Users\USERIT\STM32CubeIDE\MAD_Lab\Lab_05\Core\Src\stm32f7xx_hal_msp.c_save
2025-08-19 14:17:11,174 [INFO] CodeEngine:289 - Generated code: C:\Users\USERIT\STM32CubeIDE\MAD_Lab\Lab_05\Core\Src\stm32f7xx_hal_msp.c
2025-08-19 14:17:11,180 [INFO] CodeEngine:265 - oldGeneratedFile, C:\Users\USERIT\STM32CubeIDE\MAD_Lab\Lab_05\MXTmpFiles\system.tmp_save
2025-08-19 14:17:11,241 [INFO] CodeEngine:289 - Generated code: C:\Users\USERIT\STM32CubeIDE\MAD_Lab\Lab_05\MXTmpFiles\system.tmp
2025-08-19 14:17:11,257 [INFO] CodeEngine:321 - oldGeneratedFile, C:\Users\USERIT\STM32CubeIDE\MAD_Lab\Lab_05\Core\Inc\stm32f7xx_hal_conf.h_save
2025-08-19 14:17:11,418 [INFO] CodeEngine:345 - Generated code: C:\Users\USERIT\STM32CubeIDE\MAD_Lab\Lab_05\Core\Inc\stm32f7xx_hal_conf.h
2025-08-19 14:17:11,455 [INFO] ApiDbMcu:532 - Load IP Config File for USART3
2025-08-19 14:17:11,470 [INFO] CodeEngine:265 - oldGeneratedFile, C:\Users\USERIT\STM32CubeIDE\MAD_Lab\Lab_05\Core\Inc\main.h_save
2025-08-19 14:17:11,640 [INFO] CodeEngine:289 - Generated code: C:\Users\USERIT\STM32CubeIDE\MAD_Lab\Lab_05\Core\Inc\main.h
2025-08-19 14:17:11,648 [INFO] CodeEngine:265 - oldGeneratedFile, C:\Users\USERIT\STM32CubeIDE\MAD_Lab\Lab_05\Core\Src\main.c_save
2025-08-19 14:17:11,793 [INFO] CodeEngine:289 - Generated code: C:\Users\USERIT\STM32CubeIDE\MAD_Lab\Lab_05\Core\Src\main.c
2025-08-19 14:17:12,171 [INFO] ProjectBuilder:3606 - Time for Copy HAL[1] : 203mS.
2025-08-19 14:17:12,176 [INFO] ProjectBuilder:5216 - Project Generator version: 4.7.0-B52
2025-08-19 14:17:12,262 [INFO] ConfigFileManager:1595 - The Die is : DIE451
2025-08-19 14:17:13,596 [INFO] ProjectBuilder:5496 - Time for Generating toolchain IDE Files: 1420mS.
2025-08-19 14:17:13,597 [INFO] ProjectBuilder:3463 - Time for Copy CMSIS : 1mS.
2025-08-19 14:17:13,600 [INFO] ProjectBuilder:3463 - Time for Copy CMSIS : 0mS.
2025-08-19 15:16:47,976 [INFO] UtilMem:75 - End SaveConfig() Used Memory: 319699264 Bytes (1011875840)
2025-08-19 15:17:02,576 [INFO] UtilMem:75 - End SaveConfig() Used Memory: 671469760 Bytes (1011875840)
2025-08-19 15:17:03,129 [INFO] BlockDiagram:2775 - set Specific Code input for plugin: SYS
2025-08-19 15:17:03,129 [INFO] BlockDiagram:2775 - set Specific Code input for plugin: ADC
2025-08-19 15:17:03,129 [INFO] BlockDiagram:2775 - set Specific Code input for plugin: RCC
2025-08-19 15:17:03,129 [INFO] BlockDiagram:2775 - set Specific Code input for plugin: NVIC
2025-08-19 15:17:03,129 [INFO] BlockDiagram:2775 - set Specific Code input for plugin: USART
2025-08-19 15:17:03,129 [INFO] BlockDiagram:2775 - set Specific Code input for plugin: CORTEX_M7
2025-08-19 15:17:03,129 [INFO] BlockDiagram:2775 - set Specific Code input for plugin: GPIO
2025-08-19 15:17:03,131 [INFO] CodeGenerator:892 - code generatio: config db path: C:\ST\STM32CubeIDE_1.19.0\STM32CubeIDE\plugins\com.st.stm32cube.common.mx_6.15.0.202507011659\\db\
2025-08-19 15:17:03,246 [INFO] CodeEngine:265 - oldGeneratedFile, C:\Users\USERIT\STM32CubeIDE\MAD_Lab\Lab_05\MXTmpFiles\license.tmp_save
2025-08-19 15:17:03,579 [INFO] CodeEngine:289 - Generated code: C:\Users\USERIT\STM32CubeIDE\MAD_Lab\Lab_05\MXTmpFiles\license.tmp
2025-08-19 15:17:03,628 [INFO] CodeEngine:265 - oldGeneratedFile, C:\Users\USERIT\STM32CubeIDE\MAD_Lab\Lab_05\Core\Src\gpio.c_save
2025-08-19 15:17:03,860 [INFO] CodeEngine:289 - Generated code: C:\Users\USERIT\STM32CubeIDE\MAD_Lab\Lab_05\Core\Src\gpio.c
2025-08-19 15:17:03,869 [INFO] CodeEngine:265 - oldGeneratedFile, C:\Users\USERIT\STM32CubeIDE\MAD_Lab\Lab_05\Core\Inc\gpio.h_save
2025-08-19 15:17:03,964 [INFO] CodeEngine:289 - Generated code: C:\Users\USERIT\STM32CubeIDE\MAD_Lab\Lab_05\Core\Inc\gpio.h
2025-08-19 15:17:04,137 [INFO] CodeEngine:265 - oldGeneratedFile, C:\Users\USERIT\STM32CubeIDE\MAD_Lab\Lab_05\Core\Src\adc.c_save
2025-08-19 15:17:04,419 [INFO] CodeEngine:289 - Generated code: C:\Users\USERIT\STM32CubeIDE\MAD_Lab\Lab_05\Core\Src\adc.c
2025-08-19 15:17:04,430 [INFO] CodeEngine:265 - oldGeneratedFile, C:\Users\USERIT\STM32CubeIDE\MAD_Lab\Lab_05\Core\Inc\adc.h_save
2025-08-19 15:17:04,517 [INFO] CodeEngine:289 - Generated code: C:\Users\USERIT\STM32CubeIDE\MAD_Lab\Lab_05\Core\Inc\adc.h
2025-08-19 15:17:04,532 [INFO] CodeEngine:265 - oldGeneratedFile, C:\Users\USERIT\STM32CubeIDE\MAD_Lab\Lab_05\MXTmpFiles\cortex.tmp_save
2025-08-19 15:17:04,664 [INFO] CodeEngine:289 - Generated code: C:\Users\USERIT\STM32CubeIDE\MAD_Lab\Lab_05\MXTmpFiles\cortex.tmp
2025-08-19 15:17:04,681 [INFO] CodeEngine:265 - oldGeneratedFile, C:\Users\USERIT\STM32CubeIDE\MAD_Lab\Lab_05\Core\Src\usart.c_save
2025-08-19 15:17:04,854 [INFO] CodeEngine:289 - Generated code: C:\Users\USERIT\STM32CubeIDE\MAD_Lab\Lab_05\Core\Src\usart.c
2025-08-19 15:17:04,863 [INFO] CodeEngine:265 - oldGeneratedFile, C:\Users\USERIT\STM32CubeIDE\MAD_Lab\Lab_05\Core\Inc\usart.h_save
2025-08-19 15:17:04,951 [INFO] CodeEngine:289 - Generated code: C:\Users\USERIT\STM32CubeIDE\MAD_Lab\Lab_05\Core\Inc\usart.h
2025-08-19 15:17:04,978 [INFO] CodeEngine:265 - oldGeneratedFile, C:\Users\USERIT\STM32CubeIDE\MAD_Lab\Lab_05\Core\Src\stm32f7xx_it.c_save
2025-08-19 15:17:05,242 [INFO] CodeEngine:289 - Generated code: C:\Users\USERIT\STM32CubeIDE\MAD_Lab\Lab_05\Core\Src\stm32f7xx_it.c
2025-08-19 15:17:05,259 [INFO] CodeEngine:265 - oldGeneratedFile, C:\Users\USERIT\STM32CubeIDE\MAD_Lab\Lab_05\Core\Inc\stm32f7xx_it.h_save
2025-08-19 15:17:05,330 [INFO] CodeEngine:289 - Generated code: C:\Users\USERIT\STM32CubeIDE\MAD_Lab\Lab_05\Core\Inc\stm32f7xx_it.h
2025-08-19 15:17:05,349 [INFO] CodeEngine:265 - oldGeneratedFile, C:\Users\USERIT\STM32CubeIDE\MAD_Lab\Lab_05\Core\Src\stm32f7xx_hal_msp.c_save
2025-08-19 15:17:05,500 [INFO] CodeEngine:289 - Generated code: C:\Users\USERIT\STM32CubeIDE\MAD_Lab\Lab_05\Core\Src\stm32f7xx_hal_msp.c
2025-08-19 15:17:05,506 [INFO] CodeEngine:265 - oldGeneratedFile, C:\Users\USERIT\STM32CubeIDE\MAD_Lab\Lab_05\MXTmpFiles\system.tmp_save
2025-08-19 15:17:05,568 [INFO] CodeEngine:289 - Generated code: C:\Users\USERIT\STM32CubeIDE\MAD_Lab\Lab_05\MXTmpFiles\system.tmp
2025-08-19 15:17:05,584 [INFO] CodeEngine:321 - oldGeneratedFile, C:\Users\USERIT\STM32CubeIDE\MAD_Lab\Lab_05\Core\Inc\stm32f7xx_hal_conf.h_save
2025-08-19 15:17:05,751 [INFO] CodeEngine:345 - Generated code: C:\Users\USERIT\STM32CubeIDE\MAD_Lab\Lab_05\Core\Inc\stm32f7xx_hal_conf.h
2025-08-19 15:17:05,790 [INFO] CodeEngine:265 - oldGeneratedFile, C:\Users\USERIT\STM32CubeIDE\MAD_Lab\Lab_05\Core\Inc\main.h_save
2025-08-19 15:17:05,939 [INFO] CodeEngine:289 - Generated code: C:\Users\USERIT\STM32CubeIDE\MAD_Lab\Lab_05\Core\Inc\main.h
2025-08-19 15:17:05,947 [INFO] CodeEngine:265 - oldGeneratedFile, C:\Users\USERIT\STM32CubeIDE\MAD_Lab\Lab_05\Core\Src\main.c_save
2025-08-19 15:17:06,056 [INFO] CodeEngine:289 - Generated code: C:\Users\USERIT\STM32CubeIDE\MAD_Lab\Lab_05\Core\Src\main.c
2025-08-19 15:17:06,418 [INFO] ProjectBuilder:3606 - Time for Copy HAL[1] : 171mS.
2025-08-19 15:17:06,421 [INFO] ProjectBuilder:5216 - Project Generator version: 4.7.0-B52
2025-08-19 15:17:06,496 [INFO] ConfigFileManager:1595 - The Die is : DIE451
2025-08-19 15:17:07,966 [INFO] ProjectBuilder:5496 - Time for Generating toolchain IDE Files: 1544mS.
2025-08-19 15:17:07,967 [INFO] ProjectBuilder:3463 - Time for Copy CMSIS : 1mS.
2025-08-19 15:17:07,976 [INFO] ProjectBuilder:3463 - Time for Copy CMSIS : 0mS.
2025-08-19 16:04:18,540 [INFO] UtilMem:75 - End SaveConfig() Used Memory: 582140448 Bytes (1058013184)
2025-08-19 16:04:18,840 [INFO] UtilMem:75 - End SaveConfig() Used Memory: 622508576 Bytes (1058013184)
2025-08-19 16:04:19,498 [INFO] BlockDiagram:2775 - set Specific Code input for plugin: SYS
2025-08-19 16:04:19,498 [INFO] BlockDiagram:2775 - set Specific Code input for plugin: ADC
2025-08-19 16:04:19,499 [INFO] BlockDiagram:2775 - set Specific Code input for plugin: RCC
2025-08-19 16:04:19,499 [INFO] BlockDiagram:2775 - set Specific Code input for plugin: NVIC
2025-08-19 16:04:19,499 [INFO] BlockDiagram:2775 - set Specific Code input for plugin: USART
2025-08-19 16:04:19,499 [INFO] BlockDiagram:2775 - set Specific Code input for plugin: CORTEX_M7
2025-08-19 16:04:19,500 [INFO] BlockDiagram:2775 - set Specific Code input for plugin: GPIO
2025-08-19 16:04:19,501 [INFO] CodeGenerator:892 - code generatio: config db path: C:\ST\STM32CubeIDE_1.19.0\STM32CubeIDE\plugins\com.st.stm32cube.common.mx_6.15.0.202507011659\\db\
2025-08-19 16:04:19,634 [INFO] CodeEngine:265 - oldGeneratedFile, C:\Users\USERIT\STM32CubeIDE\MAD_Lab\Lab_05\MXTmpFiles\license.tmp_save
2025-08-19 16:04:19,972 [INFO] CodeEngine:289 - Generated code: C:\Users\USERIT\STM32CubeIDE\MAD_Lab\Lab_05\MXTmpFiles\license.tmp
2025-08-19 16:04:20,015 [INFO] CodeEngine:265 - oldGeneratedFile, C:\Users\USERIT\STM32CubeIDE\MAD_Lab\Lab_05\Core\Src\gpio.c_save
2025-08-19 16:04:20,281 [INFO] CodeEngine:289 - Generated code: C:\Users\USERIT\STM32CubeIDE\MAD_Lab\Lab_05\Core\Src\gpio.c
2025-08-19 16:04:20,291 [INFO] CodeEngine:265 - oldGeneratedFile, C:\Users\USERIT\STM32CubeIDE\MAD_Lab\Lab_05\Core\Inc\gpio.h_save
2025-08-19 16:04:20,382 [INFO] CodeEngine:289 - Generated code: C:\Users\USERIT\STM32CubeIDE\MAD_Lab\Lab_05\Core\Inc\gpio.h
2025-08-19 16:04:20,503 [INFO] CodeEngine:265 - oldGeneratedFile, C:\Users\USERIT\STM32CubeIDE\MAD_Lab\Lab_05\Core\Src\adc.c_save
2025-08-19 16:04:20,753 [INFO] CodeEngine:289 - Generated code: C:\Users\USERIT\STM32CubeIDE\MAD_Lab\Lab_05\Core\Src\adc.c
2025-08-19 16:04:20,762 [INFO] CodeEngine:265 - oldGeneratedFile, C:\Users\USERIT\STM32CubeIDE\MAD_Lab\Lab_05\Core\Inc\adc.h_save
2025-08-19 16:04:20,841 [INFO] CodeEngine:289 - Generated code: C:\Users\USERIT\STM32CubeIDE\MAD_Lab\Lab_05\Core\Inc\adc.h
2025-08-19 16:04:20,855 [INFO] CodeEngine:265 - oldGeneratedFile, C:\Users\USERIT\STM32CubeIDE\MAD_Lab\Lab_05\MXTmpFiles\cortex.tmp_save
2025-08-19 16:04:20,979 [INFO] CodeEngine:289 - Generated code: C:\Users\USERIT\STM32CubeIDE\MAD_Lab\Lab_05\MXTmpFiles\cortex.tmp
2025-08-19 16:04:20,998 [INFO] CodeEngine:265 - oldGeneratedFile, C:\Users\USERIT\STM32CubeIDE\MAD_Lab\Lab_05\Core\Src\usart.c_save
2025-08-19 16:04:21,182 [INFO] CodeEngine:289 - Generated code: C:\Users\USERIT\STM32CubeIDE\MAD_Lab\Lab_05\Core\Src\usart.c
2025-08-19 16:04:21,190 [INFO] CodeEngine:265 - oldGeneratedFile, C:\Users\USERIT\STM32CubeIDE\MAD_Lab\Lab_05\Core\Inc\usart.h_save
2025-08-19 16:04:21,273 [INFO] CodeEngine:289 - Generated code: C:\Users\USERIT\STM32CubeIDE\MAD_Lab\Lab_05\Core\Inc\usart.h
2025-08-19 16:04:21,304 [INFO] CodeEngine:265 - oldGeneratedFile, C:\Users\USERIT\STM32CubeIDE\MAD_Lab\Lab_05\Core\Src\stm32f7xx_it.c_save
2025-08-19 16:04:21,671 [INFO] CodeEngine:289 - Generated code: C:\Users\USERIT\STM32CubeIDE\MAD_Lab\Lab_05\Core\Src\stm32f7xx_it.c
2025-08-19 16:04:21,679 [INFO] CodeEngine:265 - oldGeneratedFile, C:\Users\USERIT\STM32CubeIDE\MAD_Lab\Lab_05\Core\Inc\stm32f7xx_it.h_save
2025-08-19 16:04:21,752 [INFO] CodeEngine:289 - Generated code: C:\Users\USERIT\STM32CubeIDE\MAD_Lab\Lab_05\Core\Inc\stm32f7xx_it.h
2025-08-19 16:04:21,769 [INFO] CodeEngine:265 - oldGeneratedFile, C:\Users\USERIT\STM32CubeIDE\MAD_Lab\Lab_05\Core\Src\stm32f7xx_hal_msp.c_save
2025-08-19 16:04:21,947 [INFO] CodeEngine:289 - Generated code: C:\Users\USERIT\STM32CubeIDE\MAD_Lab\Lab_05\Core\Src\stm32f7xx_hal_msp.c
2025-08-19 16:04:21,953 [INFO] CodeEngine:265 - oldGeneratedFile, C:\Users\USERIT\STM32CubeIDE\MAD_Lab\Lab_05\MXTmpFiles\system.tmp_save
2025-08-19 16:04:22,011 [INFO] CodeEngine:289 - Generated code: C:\Users\USERIT\STM32CubeIDE\MAD_Lab\Lab_05\MXTmpFiles\system.tmp
2025-08-19 16:04:22,027 [INFO] CodeEngine:321 - oldGeneratedFile, C:\Users\USERIT\STM32CubeIDE\MAD_Lab\Lab_05\Core\Inc\stm32f7xx_hal_conf.h_save
2025-08-19 16:04:22,190 [INFO] CodeEngine:345 - Generated code: C:\Users\USERIT\STM32CubeIDE\MAD_Lab\Lab_05\Core\Inc\stm32f7xx_hal_conf.h
2025-08-19 16:04:22,233 [INFO] CodeEngine:265 - oldGeneratedFile, C:\Users\USERIT\STM32CubeIDE\MAD_Lab\Lab_05\Core\Inc\main.h_save
2025-08-19 16:04:22,387 [INFO] CodeEngine:289 - Generated code: C:\Users\USERIT\STM32CubeIDE\MAD_Lab\Lab_05\Core\Inc\main.h
2025-08-19 16:04:22,396 [INFO] CodeEngine:265 - oldGeneratedFile, C:\Users\USERIT\STM32CubeIDE\MAD_Lab\Lab_05\Core\Src\main.c_save
2025-08-19 16:04:22,507 [INFO] CodeEngine:289 - Generated code: C:\Users\USERIT\STM32CubeIDE\MAD_Lab\Lab_05\Core\Src\main.c
2025-08-19 16:04:23,007 [INFO] ProjectBuilder:3606 - Time for Copy HAL[1] : 194mS.
2025-08-19 16:04:23,012 [INFO] ProjectBuilder:5216 - Project Generator version: 4.7.0-B52
2025-08-19 16:04:23,094 [INFO] ConfigFileManager:1595 - The Die is : DIE451
2025-08-19 16:04:24,499 [INFO] ProjectBuilder:5496 - Time for Generating toolchain IDE Files: 1486mS.
2025-08-19 16:04:24,500 [INFO] ProjectBuilder:3463 - Time for Copy CMSIS : 1mS.
2025-08-19 16:04:24,503 [INFO] ProjectBuilder:3463 - Time for Copy CMSIS : 0mS.
2025-08-19 16:06:56,776 [ERROR] LogOutputStream:75 - [STDERR_REDIRECT] 
2025-08-19 16:06:56,778 [ERROR] LogOutputStream:75 - [STDERR_REDIRECT] 
