2025-09-09 12:01:16,200 [INFO] Activator:176 - 


2025-09-09 12:01:16,207 [INFO] Activator:177 - !SESSION log4j initialized
2025-09-09 12:01:23,487 [INFO] LogOutputStream:77 - [STDOUT_REDIRECT] 
2025-09-09 12:01:31,197 [INFO] ApplicationProperties:184 - Using Application install path: C:\ST\STM32CubeIDE_1.19.0\STM32CubeIDE\plugins\com.st.stm32cube.common.mx_6.15.0.202507011659
2025-09-09 12:01:31,220 [INFO] DbMcusXml:78 - Set database path to: C:\ST\STM32CubeIDE_1.19.0\STM32CubeIDE\plugins\com.st.stm32cube.common.mx_6.15.0.202507011659\\db\/mcu/
2025-09-09 12:01:31,220 [INFO] ApiDb:274 - Set plugin database path to: C:\ST\STM32CubeIDE_1.19.0\STM32CubeIDE\plugins\com.st.stm32cube.common.mx_6.15.0.202507011659\\db\/plugins/boardmanager/
2025-09-09 12:01:31,221 [WARN] ApiDb:259 - Overriding images path with different value:  => C:\ST\STM32CubeIDE_1.19.0\STM32CubeIDE\plugins\com.st.stm32cube.common.mx_6.15.0.202507011659\\db\/plugins/mcufinder/images/
2025-09-09 12:01:31,233 [INFO] ApiDb:250 - Set database path to: C:\Users\USERIT\.stmcufinder\plugins\mcufinder//mcu/
2025-09-09 12:01:31,235 [INFO] DbMcusAds:125 - Set database path to: C:\Users\USERIT\.stmcufinder\plugins\mcufinder//mcu/
2025-09-09 12:01:31,238 [INFO] CrossReferenceDbSqlite:203 - Set database path to: C:\Users\USERIT\.stmcufinder\plugins\mcufinder//mcu/cs/
2025-09-09 12:01:31,431 [INFO] RulesReader:64 - Compatibility file has been processed (317 Rules)
2025-09-09 12:01:31,581 [INFO] DbMcusXml:78 - Set database path to: C:\ST\STM32CubeIDE_1.19.0\STM32CubeIDE\plugins\com.st.stm32cube.common.mx_6.15.0.202507011659\\db\/mcu/
2025-09-09 12:01:31,581 [INFO] ApiDb:274 - Set plugin database path to: C:\ST\STM32CubeIDE_1.19.0\STM32CubeIDE\plugins\com.st.stm32cube.common.mx_6.15.0.202507011659\\db\/plugins/boardmanager/
2025-09-09 12:01:31,581 [INFO] ApiDb:261 - Set plugin images path to: C:\ST\STM32CubeIDE_1.19.0\STM32CubeIDE\plugins\com.st.stm32cube.common.mx_6.15.0.202507011659\\db\/plugins/mcufinder/images/
2025-09-09 12:01:31,582 [WARN] DbFile:41 - Overriding database path with different value: C:\Users\USERIT\.stmcufinder\plugins\mcufinder/ => C:\Users\USERIT\.stmcufinder\plugins\mcufinder
2025-09-09 12:01:31,582 [INFO] ApiDb:250 - Set database path to: C:\Users\USERIT\.stmcufinder\plugins\mcufinder//mcu/
2025-09-09 12:01:31,582 [WARN] DbFile:41 - Overriding database path with different value: C:\Users\USERIT\.stmcufinder\plugins\mcufinder/ => C:\Users\USERIT\.stmcufinder\plugins\mcufinder
2025-09-09 12:01:31,583 [INFO] DbMcusAds:125 - Set database path to: C:\Users\USERIT\.stmcufinder\plugins\mcufinder//mcu/
2025-09-09 12:01:31,583 [WARN] DbFile:41 - Overriding database path with different value: C:\Users\USERIT\.stmcufinder\plugins\mcufinder/ => C:\Users\USERIT\.stmcufinder\plugins\mcufinder
2025-09-09 12:01:31,583 [WARN] DbFile:41 - Overriding database path with different value: C:\Users\USERIT\.stmcufinder\plugins\mcufinder/ => C:\Users\USERIT\.stmcufinder\plugins\mcufinder
2025-09-09 12:01:31,583 [INFO] CrossReferenceDbSqlite:203 - Set database path to: C:\Users\USERIT\.stmcufinder\plugins\mcufinder//mcu/cs/
2025-09-09 12:01:31,732 [INFO] MainPanel:274 - HeapMemory: 318767104
2025-09-09 12:01:31,993 [INFO] DbMcusXml:78 - Set database path to: C:\ST\STM32CubeIDE_1.19.0\STM32CubeIDE\plugins\com.st.stm32cube.common.mx_6.15.0.202507011659\\db\/mcu/
2025-09-09 12:01:31,993 [INFO] ApiDb:274 - Set plugin database path to: C:\ST\STM32CubeIDE_1.19.0\STM32CubeIDE\plugins\com.st.stm32cube.common.mx_6.15.0.202507011659\\db\/plugins/boardmanager/
2025-09-09 12:01:31,993 [INFO] ApiDb:261 - Set plugin images path to: C:\ST\STM32CubeIDE_1.19.0\STM32CubeIDE\plugins\com.st.stm32cube.common.mx_6.15.0.202507011659\\db\/plugins/mcufinder/images/
2025-09-09 12:01:31,994 [WARN] DbFile:41 - Overriding database path with different value: C:\Users\USERIT\.stmcufinder\plugins\mcufinder/ => C:\Users\USERIT\.stmcufinder\plugins\mcufinder
2025-09-09 12:01:31,994 [INFO] ApiDb:250 - Set database path to: C:\Users\USERIT\.stmcufinder\plugins\mcufinder//mcu/
2025-09-09 12:01:31,994 [WARN] DbFile:41 - Overriding database path with different value: C:\Users\USERIT\.stmcufinder\plugins\mcufinder/ => C:\Users\USERIT\.stmcufinder\plugins\mcufinder
2025-09-09 12:01:31,994 [INFO] DbMcusAds:125 - Set database path to: C:\Users\USERIT\.stmcufinder\plugins\mcufinder//mcu/
2025-09-09 12:01:31,995 [WARN] DbFile:41 - Overriding database path with different value: C:\Users\USERIT\.stmcufinder\plugins\mcufinder/ => C:\Users\USERIT\.stmcufinder\plugins\mcufinder
2025-09-09 12:01:31,995 [WARN] DbFile:41 - Overriding database path with different value: C:\Users\USERIT\.stmcufinder\plugins\mcufinder/ => C:\Users\USERIT\.stmcufinder\plugins\mcufinder
2025-09-09 12:01:31,995 [INFO] CrossReferenceDbSqlite:203 - Set database path to: C:\Users\USERIT\.stmcufinder\plugins\mcufinder//mcu/cs/
2025-09-09 12:01:32,030 [INFO] ApplicationProperties:184 - Using Application install path: C:\ST\STM32CubeIDE_1.19.0\STM32CubeIDE\plugins\com.st.stm32cube.common.mx_6.15.0.202507011659
2025-09-09 12:01:32,032 [INFO] PluginManage:196 - Search for loadable plugins [exclusion list=, ]
2025-09-09 12:01:32,034 [INFO] PluginManage:310 - Check plugin analytics
2025-09-09 12:01:32,339 [INFO] AnalyticsPlugin:253 - Accepted Software Licenses: 
2025-09-09 12:01:32,339 [INFO] AnalyticsPlugin:255 - Accepted CMSIS Pack Licenses: 
2025-09-09 12:01:32,340 [INFO] AnalyticsPlugin:257 - Accepted Firmware Licenses: FW.F7.1.17.0
2025-09-09 12:01:32,344 [INFO] PluginManage:359 - Loaded plugin analytics (category:tool,tabindex:-1)
2025-09-09 12:01:32,344 [INFO] PluginManage:310 - Check plugin cadmodel
2025-09-09 12:01:32,377 [INFO] CADModel:105 - Init CAD model plugin
2025-09-09 12:01:32,377 [INFO] PluginManage:359 - Loaded plugin cadmodel (category:power,tabindex:5)
2025-09-09 12:01:32,377 [INFO] PluginManage:310 - Check plugin clock
2025-09-09 12:01:32,417 [INFO] PluginManage:359 - Loaded plugin clock (category:base,tabindex:2)
2025-09-09 12:01:32,418 [INFO] PluginManage:310 - Check plugin ddr
2025-09-09 12:01:32,422 [INFO] PluginManage:359 - Loaded plugin ddr (category:tool,tabindex:6)
2025-09-09 12:01:32,422 [INFO] PluginManage:310 - Check plugin filemanager
2025-09-09 12:01:32,650 [INFO] PluginManage:359 - Loaded plugin filemanager (category:base,tabindex:10)
2025-09-09 12:01:32,650 [INFO] PluginManage:310 - Check plugin ipmanager
2025-09-09 12:01:32,662 [INFO] PluginManage:359 - Loaded plugin ipmanager (category:base,tabindex:5)
2025-09-09 12:01:32,663 [INFO] PluginManage:310 - Check plugin lpbam
2025-09-09 12:01:32,699 [INFO] PluginManage:359 - Loaded plugin lpbam (category:base,tabindex:0)
2025-09-09 12:01:32,699 [INFO] PluginManage:310 - Check plugin memorymap
2025-09-09 12:01:32,744 [INFO] PluginManage:359 - Loaded plugin memorymap (category:base,tabindex:4)
2025-09-09 12:01:32,744 [INFO] PluginManage:310 - Check plugin pinoutandconfiguration
2025-09-09 12:01:32,778 [INFO] PluginManage:359 - Loaded plugin pinoutandconfiguration (category:base,tabindex:1)
2025-09-09 12:01:32,778 [INFO] PluginManage:310 - Check plugin pinoutconfig
2025-09-09 12:01:32,964 [WARN] SupportedApi:132 - Cannot load RTOS API schema: s4s-elt-must-match.1: The content of 'definitions' must match (annotation?, (simpleType | complexType)?, (unique | key | keyref)*)). A problem was found starting at: attribute.
2025-09-09 12:01:33,172 [INFO] PluginManage:359 - Loaded plugin pinoutconfig (category:base,tabindex:0)
2025-09-09 12:01:33,173 [INFO] PluginManage:310 - Check plugin power
2025-09-09 12:01:33,206 [INFO] PluginManage:359 - Loaded plugin power (category:power,tabindex:4)
2025-09-09 12:01:33,206 [INFO] PluginManage:310 - Check plugin projectmanager
2025-09-09 12:01:33,228 [INFO] PluginManage:359 - Loaded plugin projectmanager (category:projectmanager,tabindex:4)
2025-09-09 12:01:33,228 [INFO] PluginManage:310 - Check plugin rif
2025-09-09 12:01:33,264 [INFO] PluginManage:359 - Loaded plugin rif (category:base,tabindex:3)
2025-09-09 12:01:33,264 [INFO] PluginManage:310 - Check plugin thirdparty
2025-09-09 12:01:33,748 [INFO] PluginManage:359 - Loaded plugin thirdparty (category:base,tabindex:-1)
2025-09-09 12:01:33,748 [WARN] IntegrityCheckThread:84 - waiting for thirdparty lock release [integrity check]
2025-09-09 12:01:33,748 [INFO] IntegrityCheckThread:86 - entering critical section [integrity check]
2025-09-09 12:01:33,748 [INFO] PluginManage:310 - Check plugin tools
2025-09-09 12:01:33,749 [INFO] ThirdPartyUpdaterWithRetryManager:70 - Updater plugin not ready yet. [1/15]
2025-09-09 12:01:33,824 [INFO] PluginManage:359 - Loaded plugin tools (category:base,tabindex:7)
2025-09-09 12:01:33,824 [INFO] PluginManage:310 - Check plugin tutovideos
2025-09-09 12:01:34,079 [INFO] PluginManage:359 - Loaded plugin tutovideos (category:base,tabindex:-1)
2025-09-09 12:01:34,079 [INFO] PluginManage:310 - Check plugin updater
2025-09-09 12:01:34,109 [INFO] PluginManage:359 - Loaded plugin updater (category:base,tabindex:12)
2025-09-09 12:01:34,109 [INFO] PluginManage:310 - Check plugin userauth
2025-09-09 12:01:34,115 [INFO] UserAuth:118 - Init User Auth plugin
2025-09-09 12:01:34,116 [INFO] PluginManage:359 - Loaded plugin userauth (category:base,tabindex:14)
2025-09-09 12:01:34,117 [INFO] PluginManage:283 - PluginManage : Loaded plugins [18]
2025-09-09 12:01:34,445 [INFO] PinOutPanel:1589 - setPackage(No Configuration,No Configuration)
2025-09-09 12:01:34,552 [INFO] CADModel:165 - CPN selected for project level
2025-09-09 12:01:34,552 [INFO] CADModel:114 - Register for checkConnection events
2025-09-09 12:01:34,592 [INFO] IPUIPlugin:80 - create IPUIPlugin
2025-09-09 12:01:34,593 [INFO] PluginManager:220 - loadIPPluginJar : add adc
2025-09-09 12:01:34,652 [INFO] IPUIPlugin:80 - create IPUIPlugin
2025-09-09 12:01:34,653 [INFO] PluginManager:220 - loadIPPluginJar : add aes
2025-09-09 12:01:34,745 [INFO] IPUIPlugin:80 - create IPUIPlugin
2025-09-09 12:01:34,745 [INFO] PluginManager:220 - loadIPPluginJar : add can
2025-09-09 12:01:34,797 [INFO] IPUIPlugin:80 - create IPUIPlugin
2025-09-09 12:01:34,798 [INFO] PluginManager:220 - loadIPPluginJar : add comp
2025-09-09 12:01:34,856 [INFO] IPUIPlugin:80 - create IPUIPlugin
2025-09-09 12:01:34,856 [INFO] PluginManager:220 - loadIPPluginJar : add cryp
2025-09-09 12:01:34,879 [INFO] IPUIPlugin:80 - create IPUIPlugin
2025-09-09 12:01:34,879 [INFO] PluginManager:220 - loadIPPluginJar : add ddr_ctrl_phy
2025-09-09 12:01:34,952 [INFO] IPUIPlugin:80 - create IPUIPlugin
2025-09-09 12:01:34,952 [INFO] PluginManager:220 - loadIPPluginJar : add dfsdm
2025-09-09 12:01:34,973 [INFO] IPUIPlugin:80 - create IPUIPlugin
2025-09-09 12:01:34,974 [INFO] PluginManager:220 - loadIPPluginJar : add dma
2025-09-09 12:01:35,036 [INFO] IPUIPlugin:80 - create IPUIPlugin
2025-09-09 12:01:35,036 [INFO] PluginManager:220 - loadIPPluginJar : add dma3
2025-09-09 12:01:35,114 [INFO] IPUIPlugin:80 - create IPUIPlugin
2025-09-09 12:01:35,115 [INFO] PluginManager:220 - loadIPPluginJar : add extmemmanager
2025-09-09 12:01:35,153 [INFO] IPUIPlugin:80 - create IPUIPlugin
2025-09-09 12:01:35,153 [INFO] PluginManager:220 - loadIPPluginJar : add fatfs
2025-09-09 12:01:35,272 [INFO] IPUIPlugin:80 - create IPUIPlugin
2025-09-09 12:01:35,272 [INFO] PluginManager:220 - loadIPPluginJar : add fmc
2025-09-09 12:01:35,304 [INFO] IPUIPlugin:80 - create IPUIPlugin
2025-09-09 12:01:35,304 [INFO] PluginManager:220 - loadIPPluginJar : add freertos
2025-09-09 12:01:35,366 [INFO] IPUIPlugin:80 - create IPUIPlugin
2025-09-09 12:01:35,367 [INFO] PluginManager:220 - loadIPPluginJar : add genericplugin
2025-09-09 12:01:35,545 [INFO] IPUIPlugin:80 - create IPUIPlugin
2025-09-09 12:01:35,545 [INFO] PluginManager:220 - loadIPPluginJar : add gfxmmu
2025-09-09 12:01:35,801 [INFO] IPUIPlugin:80 - create IPUIPlugin
2025-09-09 12:01:35,801 [INFO] PluginManager:220 - loadIPPluginJar : add gic
2025-09-09 12:01:35,816 [INFO] IPUIPlugin:80 - create IPUIPlugin
2025-09-09 12:01:35,816 [INFO] PluginManager:220 - loadIPPluginJar : add gpio
2025-09-09 12:01:35,948 [INFO] IPUIPlugin:80 - create IPUIPlugin
2025-09-09 12:01:35,949 [INFO] PluginManager:220 - loadIPPluginJar : add gtzc
2025-09-09 12:01:36,018 [INFO] IPUIPlugin:80 - create IPUIPlugin
2025-09-09 12:01:36,019 [INFO] PluginManager:220 - loadIPPluginJar : add hash
2025-09-09 12:01:36,138 [INFO] IPUIPlugin:80 - create IPUIPlugin
2025-09-09 12:01:36,139 [INFO] PluginManager:220 - loadIPPluginJar : add i2c
2025-09-09 12:01:36,220 [INFO] IPUIPlugin:80 - create IPUIPlugin
2025-09-09 12:01:36,220 [INFO] PluginManager:220 - loadIPPluginJar : add i2s
2025-09-09 12:01:36,289 [INFO] IPUIPlugin:80 - create IPUIPlugin
2025-09-09 12:01:36,289 [INFO] PluginManager:220 - loadIPPluginJar : add i3c
2025-09-09 12:01:36,438 [INFO] IPUIPlugin:80 - create IPUIPlugin
2025-09-09 12:01:36,438 [INFO] PluginManager:220 - loadIPPluginJar : add ipddr
2025-09-09 12:01:36,568 [INFO] IPUIPlugin:80 - create IPUIPlugin
2025-09-09 12:01:36,568 [INFO] PluginManager:220 - loadIPPluginJar : add linkedlist
2025-09-09 12:01:36,621 [INFO] IPUIPlugin:80 - create IPUIPlugin
2025-09-09 12:01:36,622 [INFO] PluginManager:220 - loadIPPluginJar : add lorawan
2025-09-09 12:01:36,674 [INFO] IPUIPlugin:80 - create IPUIPlugin
2025-09-09 12:01:36,674 [INFO] PluginManager:220 - loadIPPluginJar : add ltdc
2025-09-09 12:01:36,688 [INFO] IPUIPlugin:80 - create IPUIPlugin
2025-09-09 12:01:36,689 [INFO] PluginManager:220 - loadIPPluginJar : add mdma
2025-09-09 12:01:36,706 [INFO] IPUIPlugin:80 - create IPUIPlugin
2025-09-09 12:01:36,706 [INFO] PluginManager:220 - loadIPPluginJar : add nvic
2025-09-09 12:01:36,751 [INFO] ThirdPartyUpdaterWithRetryManager:70 - Updater plugin not ready yet. [2/15]
2025-09-09 12:01:36,758 [INFO] IPUIPlugin:80 - create IPUIPlugin
2025-09-09 12:01:36,758 [INFO] PluginManager:220 - loadIPPluginJar : add opamp
2025-09-09 12:01:36,851 [INFO] IPUIPlugin:80 - create IPUIPlugin
2025-09-09 12:01:36,851 [INFO] PluginManager:220 - loadIPPluginJar : add openamp
2025-09-09 12:01:36,909 [INFO] IPUIPlugin:80 - create IPUIPlugin
2025-09-09 12:01:36,909 [INFO] PluginManager:220 - loadIPPluginJar : add pdm2pcm
2025-09-09 12:01:36,927 [INFO] IPUIPlugin:80 - create IPUIPlugin
2025-09-09 12:01:36,930 [INFO] PluginManager:220 - loadIPPluginJar : add plateformsettings
2025-09-09 12:01:36,966 [INFO] IPUIPlugin:80 - create IPUIPlugin
2025-09-09 12:01:36,966 [INFO] PluginManager:220 - loadIPPluginJar : add quadspi
2025-09-09 12:01:37,020 [INFO] IPUIPlugin:80 - create IPUIPlugin
2025-09-09 12:01:37,021 [INFO] PluginManager:220 - loadIPPluginJar : add radio
2025-09-09 12:01:37,040 [INFO] IPUIPlugin:80 - create IPUIPlugin
2025-09-09 12:01:37,041 [INFO] PluginManager:220 - loadIPPluginJar : add resmgrutility
2025-09-09 12:01:37,108 [INFO] IPUIPlugin:80 - create IPUIPlugin
2025-09-09 12:01:37,108 [INFO] PluginManager:220 - loadIPPluginJar : add sai
2025-09-09 12:01:37,166 [INFO] IPUIPlugin:80 - create IPUIPlugin
2025-09-09 12:01:37,166 [INFO] PluginManager:220 - loadIPPluginJar : add spi
2025-09-09 12:01:37,269 [INFO] IPUIPlugin:80 - create IPUIPlugin
2025-09-09 12:01:37,269 [INFO] PluginManager:220 - loadIPPluginJar : add stm32_wpan
2025-09-09 12:01:37,301 [INFO] IPUIPlugin:80 - create IPUIPlugin
2025-09-09 12:01:37,301 [INFO] PluginManager:220 - loadIPPluginJar : add tim
2025-09-09 12:01:37,379 [INFO] IPUIPlugin:80 - create IPUIPlugin
2025-09-09 12:01:37,379 [INFO] PluginManager:220 - loadIPPluginJar : add touchsensing
2025-09-09 12:01:37,415 [INFO] IPUIPlugin:80 - create IPUIPlugin
2025-09-09 12:01:37,415 [INFO] PluginManager:220 - loadIPPluginJar : add tracer_emb
2025-09-09 12:01:37,460 [INFO] IPUIPlugin:80 - create IPUIPlugin
2025-09-09 12:01:37,460 [INFO] PluginManager:220 - loadIPPluginJar : add ts
2025-09-09 12:01:37,508 [INFO] IPUIPlugin:80 - create IPUIPlugin
2025-09-09 12:01:37,508 [INFO] PluginManager:220 - loadIPPluginJar : add tsc
2025-09-09 12:01:37,554 [INFO] IPUIPlugin:80 - create IPUIPlugin
2025-09-09 12:01:37,554 [INFO] PluginManager:220 - loadIPPluginJar : add ucpd
2025-09-09 12:01:37,627 [INFO] IPUIPlugin:80 - create IPUIPlugin
2025-09-09 12:01:37,627 [INFO] PluginManager:220 - loadIPPluginJar : add usart
2025-09-09 12:01:37,688 [INFO] IPUIPlugin:80 - create IPUIPlugin
2025-09-09 12:01:37,688 [INFO] PluginManager:220 - loadIPPluginJar : add usbx
2025-09-09 12:01:37,817 [FATAL] Updater:351 - Updater called before beeing initialized
2025-09-09 12:01:37,851 [INFO] RulesReader:64 - Compatibility file has been processed (317 Rules)
2025-09-09 12:01:37,867 [INFO] RulesReader:64 - Compatibility file has been processed (317 Rules)
2025-09-09 12:01:37,876 [INFO] CADModel:165 - CPN selected for project level
2025-09-09 12:01:37,877 [INFO] CADModel:114 - Register for checkConnection events
2025-09-09 12:01:37,877 [FATAL] Updater:351 - Updater called before beeing initialized
2025-09-09 12:01:37,877 [ERROR] CADModel:125 - Updater not yet initialized, retry later 
2025-09-09 12:01:38,055 [FATAL] Updater:351 - Updater called before beeing initialized
2025-09-09 12:01:38,058 [INFO] CADModel:165 - CPN selected for project level
2025-09-09 12:01:38,058 [INFO] CADModel:114 - Register for checkConnection events
2025-09-09 12:01:38,058 [FATAL] Updater:351 - Updater called before beeing initialized
2025-09-09 12:01:38,058 [ERROR] CADModel:125 - Updater not yet initialized, retry later 
2025-09-09 12:01:38,061 [FATAL] Updater:351 - Updater called before beeing initialized
2025-09-09 12:01:38,196 [FATAL] Updater:351 - Updater called before beeing initialized
2025-09-09 12:01:38,209 [INFO] DbMcusAds:53 - JSON generation date=Tue Jul 08 15:14:23 ICT 2025 (1751962463582)
2025-09-09 12:01:38,210 [FATAL] Updater:351 - Updater called before beeing initialized
2025-09-09 12:01:38,249 [WARN] DetailPanel:346 - Failed to get advertising image, set to default
2025-09-09 12:01:38,334 [FATAL] Updater:351 - Updater called before beeing initialized
2025-09-09 12:01:38,336 [FATAL] Updater:351 - Updater called before beeing initialized
2025-09-09 12:01:38,336 [FATAL] Updater:351 - Updater called before beeing initialized
2025-09-09 12:01:38,336 [WARN] DetailPanel:346 - Failed to get advertising image, set to default
2025-09-09 12:01:38,337 [FATAL] Updater:351 - Updater called before beeing initialized
2025-09-09 12:01:38,405 [ERROR] Updater:1198 - MainUpdater not yet initialized. External WinMGr cannot be set.
2025-09-09 12:01:38,417 [INFO] Updater:1134 - Updater Version found : 6.15.0
2025-09-09 12:01:38,439 [INFO] ApplicationProperties:184 - Using Application install path: C:\ST\STM32CubeIDE_1.19.0\STM32CubeIDE\plugins\com.st.stm32cube.common.mx_6.15.0.202507011659
2025-09-09 12:01:39,752 [INFO] ThirdPartyUpdaterWithRetryManager:70 - Updater plugin not ready yet. [3/15]
2025-09-09 12:01:40,023 [ERROR] LogOutputStream:75 - [STDERR_REDIRECT] Sep 09, 2025 12:01:40 PM java.util.prefs.WindowsPreferences <init>
2025-09-09 12:01:40,025 [ERROR] LogOutputStream:75 - [STDERR_REDIRECT] WARNING: Could not open/create prefs root node Software\JavaSoft\Prefs at root 0xffffffff80000002. Windows RegCreateKeyEx(...) returned error code 5.
2025-09-09 12:01:40,026 [ERROR] LogOutputStream:75 - [STDERR_REDIRECT] 
2025-09-09 12:01:40,802 [INFO] MainUpdater:2872 - connection check result : 10
2025-09-09 12:01:40,803 [INFO] MainUpdater:3604 - Updater definition file requires update
2025-09-09 12:01:40,804 [INFO] MainUpdater:289 - Updater Check For Update Now.
2025-09-09 12:01:40,804 [INFO] MicroXplorer:498 - Change Database Version : DB.6.0.150
2025-09-09 12:01:40,833 [INFO] McuFinderGlobals:63 - Set McuFinder mode to 2 (CubeIDE integrated)
2025-09-09 12:01:40,845 [INFO] UserAuth:487 - Internet connection configuration mode: 1
2025-09-09 12:01:40,875 [INFO] JxBrowserEngine:152 - Initiate JxBrowser Engine with user profile folder
2025-09-09 12:01:41,649 [INFO] ServerAccessManage:452 - Complete download http(s) 200
2025-09-09 12:01:41,651 [INFO] ServerAccessManage:509 - Download File updaters.zip
2025-09-09 12:01:42,181 [INFO] WebApp:169 - Instantiating new browser for Auth
2025-09-09 12:01:42,754 [WARN] MainUpdater:1193 - Updater busy. Cannot search thirdparties
2025-09-09 12:01:42,754 [INFO] ThirdPartyUpdaterWithRetryManager:96 - Updater plugin is busy. [1/15]
2025-09-09 12:01:42,823 [INFO] FileExtend:248 - Unzip File : updaters.zip
2025-09-09 12:01:42,823 [INFO] FileExtend:263 - Standard Zip Deflate
2025-09-09 12:01:43,555 [INFO] ServerAccessManage:452 - Complete download http(s) 200
2025-09-09 12:01:43,555 [INFO] ServerAccessManage:509 - Download File PacksControlFlags.xml
2025-09-09 12:01:43,793 [INFO] ServerAccessManage:452 - Complete download http(s) 200
2025-09-09 12:01:43,794 [INFO] ServerAccessManage:509 - Download File cubemx.pidx
2025-09-09 12:01:45,443 [INFO] WebApp:463 - Apply proxy settings
2025-09-09 12:01:45,444 [INFO] WebApp:548 - Chromium requires no authentication
2025-09-09 12:01:45,462 [INFO] WebApp:491 - Direct internet connection detected
2025-09-09 12:01:45,514 [INFO] WebApp:900 - Register for checkConnection events
2025-09-09 12:01:45,514 [INFO] WebApp:463 - Apply proxy settings
2025-09-09 12:01:45,514 [INFO] WebApp:548 - Chromium requires no authentication
2025-09-09 12:01:45,515 [INFO] WebApp:491 - Direct internet connection detected
2025-09-09 12:01:45,611 [INFO] ServerAccessManage:452 - Complete download http(s) 200
2025-09-09 12:01:45,611 [INFO] ServerAccessManage:509 - Download File STMicroelectronics.X-CUBE-STSE01.pdsc
2025-09-09 12:01:45,755 [WARN] MainUpdater:1193 - Updater busy. Cannot search thirdparties
2025-09-09 12:01:45,755 [INFO] ThirdPartyUpdaterWithRetryManager:96 - Updater plugin is busy. [2/15]
2025-09-09 12:01:45,883 [INFO] WebApp:225 - Starting web application
2025-09-09 12:01:45,886 [INFO] WebApp:593 - Web application path used C:\ST\STM32CubeIDE_1.19.0\STM32CubeIDE\plugins\com.st.stm32cube.common.mx_6.15.0.202507011659\db\plugins\mcufinder\reactClient1\index.html
2025-09-09 12:01:46,176 [INFO] UserAuth:487 - Internet connection configuration mode: 1
2025-09-09 12:01:46,567 [INFO] WebApp:191 - Connection restablished
2025-09-09 12:01:47,132 [ERROR] ServerAccessManage:1295 - Problem during Server Connection :  IO error PKIX path building failed: sun.security.provider.certpath.SunCertPathBuilderException: unable to find valid certification path to requested target
2025-09-09 12:01:47,132 [ERROR] ServerAccessManage:740 - Problem during Server Connection :  : Avnet-IotConnect.X-CUBE-IoTC-DA16k-PMOD.pdsc.
2025-09-09 12:01:47,322 [WARN] PackLoader:240 - Cannot read IP mode file for STMicroelectronics.X-CUBE-STSE01.1.0.0
2025-09-09 12:01:47,328 [INFO] PopulateThirdPartyThread:66 - Ending populate Thread
2025-09-09 12:01:47,329 [INFO] ThirdParty:1030 - CMSIS Pack Vendor :STMicroelectronics X-CUBE-STSE01 1.0.0
2025-09-09 12:01:47,330 [INFO] LoadServerUpdatesThread:375 - End of LoadServerUpdate Thread
2025-09-09 12:01:47,487 [INFO] CheckServerUpdateThread:120 - End of CheckServer Thread
2025-09-09 12:01:49,028 [WARN] PackLoader:240 - Cannot read IP mode file for STMicroelectronics.FP-SNS-MOTENVWB1.1.4.0
2025-09-09 12:01:49,038 [WARN] PackLoader:240 - Cannot read IP mode file for STMicroelectronics.FP-ATR-ASTRA1.2.0.2
2025-09-09 12:01:49,056 [WARN] PackLoader:240 - Cannot read IP mode file for STMicroelectronics.X-CUBE-SMBUS.2.1.0
2025-09-09 12:01:49,073 [WARN] PackLoader:240 - Cannot read IP mode file for STMicroelectronics.X-CUBE-ST60.1.0.0
2025-09-09 12:01:49,108 [WARN] PackLoader:240 - Cannot read IP mode file for STMicroelectronics.X-CUBE-AZRTOS-F7.1.1.0
2025-09-09 12:01:49,146 [WARN] PackLoader:240 - Cannot read IP mode file for Infineon.AIROC-Wi-Fi-Bluetooth-STM32.1.7.1
2025-09-09 12:01:49,172 [WARN] PackLoader:240 - Cannot read IP mode file for STMicroelectronics.X-CUBE-DISPLAY.3.0.0
2025-09-09 12:01:49,193 [WARN] PackLoader:240 - Cannot read IP mode file for STMicroelectronics.X-CUBE-NFC10.1.0.0
2025-09-09 12:01:49,213 [WARN] PackLoader:240 - Cannot read IP mode file for emotas.I-CUBE-CANOPEN.1.3.0
2025-09-09 12:01:49,240 [WARN] PackLoader:240 - Cannot read IP mode file for STMicroelectronics.FP-SNS-STBOX1.2.1.0
2025-09-09 12:01:49,261 [WARN] PackLoader:240 - Cannot read IP mode file for STMicroelectronics.FP-SNS-SMARTAG2.1.2.0
2025-09-09 12:01:49,266 [WARN] PackLoader:240 - Cannot read IP mode file for STMicroelectronics.FP-SNS-FLIGHT1.5.1.0
2025-09-09 12:01:49,291 [INFO] LogOutputStream:77 - [STDOUT_REDIRECT] 1 : Invalid condition id : UX_CORESTACK_Condition cause : null
2025-09-09 12:01:49,291 [INFO] LogOutputStream:77 - [STDOUT_REDIRECT] 1 : Invalid condition id : UX_CORESTACK_Condition cause : null
2025-09-09 12:01:49,292 [INFO] LogOutputStream:77 - [STDOUT_REDIRECT] 1 : Invalid condition id : UX_CORESTACK_Condition cause : null
2025-09-09 12:01:49,294 [INFO] LogOutputStream:77 - [STDOUT_REDIRECT] 1 : Invalid condition id : UX_CORESTACK_Condition cause : null
2025-09-09 12:01:49,295 [INFO] LogOutputStream:77 - [STDOUT_REDIRECT] 1 : Invalid condition id : UX_CORESTACK_Condition cause : null
2025-09-09 12:01:49,300 [WARN] PackLoader:240 - Cannot read IP mode file for STMicroelectronics.X-CUBE-AZRTOS-WL.2.0.0
2025-09-09 12:01:49,319 [WARN] PackLoader:240 - Cannot read IP mode file for STMicroelectronics.FP-SNS-MOTENV1.5.0.0
2025-09-09 12:01:49,339 [WARN] PackLoader:240 - Cannot read IP mode file for WES.I-CUBE-Cesium.1.3.0
2025-09-09 12:01:49,369 [WARN] PackLoader:240 - Cannot read IP mode file for STMicroelectronics.X-CUBE-BLE2.3.3.0
2025-09-09 12:01:49,390 [WARN] PackLoader:240 - Cannot read IP mode file for STMicroelectronics.X-CUBE-NFC9.1.0.0
2025-09-09 12:01:49,412 [WARN] PackLoader:240 - Cannot read IP mode file for STMicroelectronics.X-CUBE-BLE1.7.1.0
2025-09-09 12:01:49,419 [WARN] PackLoader:240 - Cannot read IP mode file for wolfSSL.I-CUBE-wolfMQTT.1.19.2
2025-09-09 12:01:49,437 [WARN] PackLoader:240 - Cannot read IP mode file for STMicroelectronics.X-CUBE-AI.10.1.0
2025-09-09 12:01:49,477 [WARN] PackLoader:240 - Cannot read IP mode file for STMicroelectronics.X-CUBE-AZRTOS-G0.1.1.0
2025-09-09 12:01:49,505 [WARN] PackLoader:240 - Cannot read IP mode file for STMicroelectronics.X-CUBE-SAFEA1.1.2.2
2025-09-09 12:01:49,528 [WARN] PackLoader:240 - Cannot read IP mode file for STMicroelectronics.X-CUBE-NFC4.3.0.0
2025-09-09 12:01:49,553 [WARN] PackLoader:240 - Cannot read IP mode file for EmbeddedOffice.I-CUBE-FS-RTOS.1.0.1
2025-09-09 12:01:49,574 [WARN] PackLoader:240 - Cannot read IP mode file for STMicroelectronics.X-CUBE-WB05N.2.0.0
2025-09-09 12:01:49,581 [WARN] PackLoader:240 - Cannot read IP mode file for wolfSSL.I-CUBE-wolfTPM.3.8.0
2025-09-09 12:01:49,599 [WARN] PackLoader:240 - Cannot read IP mode file for STMicroelectronics.X-CUBE-TCPP.4.2.0
2025-09-09 12:01:49,625 [WARN] PackLoader:240 - Cannot read IP mode file for RealThread.X-CUBE-RT-Thread_Nano.4.1.1
2025-09-09 12:01:49,632 [WARN] PackLoader:240 - Cannot read IP mode file for STMicroelectronics.FP-ATR-SIGFOX1.3.2.0
2025-09-09 12:01:49,654 [WARN] PackLoader:240 - Cannot read IP mode file for ITTIA_DB.I-CUBE-ITTIADB.8.9.0
2025-09-09 12:01:49,674 [WARN] PackLoader:240 - Cannot read IP mode file for STMicroelectronics.X-CUBE-ST67W61.1.0.0
2025-09-09 12:01:49,693 [WARN] PackLoader:240 - Cannot read IP mode file for STMicroelectronics.X-CUBE-AI.10.2.0
2025-09-09 12:01:49,753 [WARN] PackLoader:240 - Cannot read IP mode file for SEGGER.I-CUBE-embOS.1.3.1
2025-09-09 12:01:49,813 [WARN] PackLoader:240 - Cannot read IP mode file for STMicroelectronics.X-CUBE-ALGOBUILD.1.4.0
2025-09-09 12:01:49,891 [WARN] PackLoader:240 - Cannot read IP mode file for STMicroelectronics.X-CUBE-MEMS1.11.3.0
2025-09-09 12:01:50,036 [WARN] PackLoader:240 - Cannot read IP mode file for STMicroelectronics.X-CUBE-PM33A1.1.0.0
2025-09-09 12:01:50,083 [WARN] PackLoader:240 - Cannot read IP mode file for STMicroelectronics.X-CUBE-AZRTOS-F4.1.1.0
2025-09-09 12:01:50,114 [WARN] PackLoader:240 - Cannot read IP mode file for STMicroelectronics.X-CUBE-ISPU.2.1.0
2025-09-09 12:01:50,160 [WARN] PackLoader:240 - Cannot read IP mode file for STMicroelectronics.X-CUBE-AZRTOS-L5.2.0.0
2025-09-09 12:01:50,186 [WARN] PackLoader:240 - Cannot read IP mode file for STMicroelectronics.X-CUBE-NFC6.3.1.0
2025-09-09 12:01:50,210 [WARN] PackLoader:240 - Cannot read IP mode file for STMicroelectronics.X-CUBE-FREERTOS.1.3.1
2025-09-09 12:01:50,229 [WARN] PackLoader:240 - Cannot read IP mode file for STMicroelectronics.X-CUBE-DPower.1.3.0
2025-09-09 12:01:50,269 [WARN] ConditionMgr:438 - getConditionDescription Invalid condition id : LAN8742 Phy interface Condition cause : null
2025-09-09 12:01:50,270 [WARN] PackLoader:240 - Cannot read IP mode file for STMicroelectronics.X-CUBE-AZRTOS-L4.2.0.0
2025-09-09 12:01:50,271 [WARN] ConditionMgr:1044 - genDependencies : Invalid condition id : LAN8742 Phy interface Condition cause : null
2025-09-09 12:01:50,272 [WARN] ConditionMgr:1044 - genDependencies : Invalid condition id : LAN8742 Phy interface Condition cause : null
2025-09-09 12:01:50,272 [WARN] ConditionMgr:1044 - genDependencies : Invalid condition id : LAN8742 Phy interface Condition cause : null
2025-09-09 12:01:50,302 [WARN] PackLoader:240 - Cannot read IP mode file for STMicroelectronics.X-CUBE-SFXS2LP1.4.0.0
2025-09-09 12:01:50,343 [WARN] ConditionMgr:438 - getConditionDescription Invalid condition id : UX DEVICE CLASS RTOS Condition cause : null
2025-09-09 12:01:50,343 [WARN] ConditionMgr:438 - getConditionDescription Invalid condition id : UX DEVICE CLASS RTOS Condition cause : null
2025-09-09 12:01:50,346 [WARN] PackLoader:240 - Cannot read IP mode file for STMicroelectronics.X-CUBE-AZRTOS-WB.2.0.0
2025-09-09 12:01:50,346 [WARN] ConditionMgr:1044 - genDependencies : Invalid condition id : UX DEVICE CLASS RTOS Condition cause : null
2025-09-09 12:01:50,346 [WARN] ConditionMgr:1044 - genDependencies : Invalid condition id : UX DEVICE CLASS RTOS Condition cause : null
2025-09-09 12:01:50,346 [WARN] ConditionMgr:1044 - genDependencies : Invalid condition id : UX DEVICE CLASS RTOS Condition cause : null
2025-09-09 12:01:50,347 [WARN] ConditionMgr:1044 - genDependencies : Invalid condition id : UX DEVICE CLASS RTOS Condition cause : null
2025-09-09 12:01:50,347 [WARN] ConditionMgr:1044 - genDependencies : Invalid condition id : UX DEVICE CLASS RTOS Condition cause : null
2025-09-09 12:01:50,375 [WARN] PackLoader:240 - Cannot read IP mode file for STMicroelectronics.X-CUBE-GNSS1.7.0.1
2025-09-09 12:01:50,407 [WARN] PackLoader:240 - Cannot read IP mode file for STMicroelectronics.X-CUBE-TOUCHGFX.4.25.0
2025-09-09 12:01:50,427 [WARN] PackLoader:240 - Cannot read IP mode file for STMicroelectronics.FP-SNS-STBOX1.2.0.0
2025-09-09 12:01:50,435 [WARN] ConditionMgr:438 - getConditionDescription Invalid condition id : Cortex-A Device cause : null
2025-09-09 12:01:50,470 [WARN] ConditionMgr:1044 - genDependencies : Invalid condition id : Cortex-A Device cause : null
2025-09-09 12:01:50,470 [WARN] ConditionMgr:1044 - genDependencies : Invalid condition id : Cortex-A Device cause : null
2025-09-09 12:01:50,470 [WARN] ConditionMgr:1044 - genDependencies : Invalid condition id : Cortex-A Device cause : null
2025-09-09 12:01:50,498 [WARN] PackLoader:240 - Cannot read IP mode file for STMicroelectronics.X-CUBE-SUBG2.5.0.0
2025-09-09 12:01:50,538 [WARN] PackLoader:240 - Cannot read IP mode file for STMicroelectronics.X-CUBE-AZRTOS-H7RS.1.1.0
2025-09-09 12:01:50,547 [WARN] PackLoader:240 - Cannot read IP mode file for Cesanta.I-CUBE-Mongoose.7.13.0
2025-09-09 12:01:50,584 [WARN] PackLoader:240 - Cannot read IP mode file for STMicroelectronics.X-CUBE-AZRTOS-G4.2.0.0
2025-09-09 12:01:50,593 [WARN] PackLoader:240 - Cannot read IP mode file for wolfSSL.I-CUBE-wolfSSH.1.4.20
2025-09-09 12:01:50,614 [WARN] PackLoader:240 - Cannot read IP mode file for STMicroelectronics.X-CUBE-NFC7.2.0.0
2025-09-09 12:01:50,687 [WARN] PackLoader:240 - Cannot read IP mode file for STMicroelectronics.X-CUBE-IPS.3.1.0
2025-09-09 12:01:50,737 [WARN] PackLoader:240 - Cannot read IP mode file for STMicroelectronics.X-CUBE-ALS.1.0.2
2025-09-09 12:01:50,748 [WARN] PackLoader:240 - Cannot read IP mode file for STMicroelectronics.X-CUBE-STSE01.1.0.0
2025-09-09 12:01:50,777 [WARN] PackLoader:240 - Cannot read IP mode file for portGmbH.I-Cube-SoM-uGOAL.1.1.0
2025-09-09 12:01:50,826 [WARN] PackLoader:240 - Cannot read IP mode file for STMicroelectronics.X-CUBE-TOF1.3.4.3
2025-09-09 12:01:50,844 [INFO] ThirdParty:978 - Integrity check success = true
2025-09-09 12:01:50,844 [INFO] IntegrityCheckThread:100 - exiting critical section [integrity check]
2025-09-09 12:01:50,845 [INFO] IntegrityCheckThread:103 - End integrity checks thread
2025-09-09 12:02:26,991 [ERROR] LogOutputStream:75 - [STDERR_REDIRECT] 
2025-09-09 12:02:26,991 [ERROR] LogOutputStream:75 - [STDERR_REDIRECT] 
2025-09-09 12:02:36,582 [INFO] Activator:176 - 


2025-09-09 12:02:36,585 [INFO] Activator:177 - !SESSION log4j initialized
2025-09-09 12:02:42,050 [INFO] LogOutputStream:77 - [STDOUT_REDIRECT] 
2025-09-09 12:02:43,239 [INFO] ApplicationProperties:184 - Using Application install path: C:\ST\STM32CubeIDE_1.19.0\STM32CubeIDE\plugins\com.st.stm32cube.common.mx_6.15.0.202507011659
2025-09-09 12:02:43,250 [INFO] DbMcusXml:78 - Set database path to: C:\ST\STM32CubeIDE_1.19.0\STM32CubeIDE\plugins\com.st.stm32cube.common.mx_6.15.0.202507011659\\db\/mcu/
2025-09-09 12:02:43,250 [INFO] ApiDb:274 - Set plugin database path to: C:\ST\STM32CubeIDE_1.19.0\STM32CubeIDE\plugins\com.st.stm32cube.common.mx_6.15.0.202507011659\\db\/plugins/boardmanager/
2025-09-09 12:02:43,250 [WARN] ApiDb:259 - Overriding images path with different value:  => C:\ST\STM32CubeIDE_1.19.0\STM32CubeIDE\plugins\com.st.stm32cube.common.mx_6.15.0.202507011659\\db\/plugins/mcufinder/images/
2025-09-09 12:02:43,254 [INFO] ApiDb:250 - Set database path to: C:\Users\USERIT\.stmcufinder\plugins\mcufinder//mcu/
2025-09-09 12:02:43,255 [INFO] DbMcusAds:125 - Set database path to: C:\Users\USERIT\.stmcufinder\plugins\mcufinder//mcu/
2025-09-09 12:02:43,256 [INFO] CrossReferenceDbSqlite:203 - Set database path to: C:\Users\USERIT\.stmcufinder\plugins\mcufinder//mcu/cs/
2025-09-09 12:02:43,351 [INFO] RulesReader:64 - Compatibility file has been processed (317 Rules)
2025-09-09 12:02:43,411 [INFO] DbMcusXml:78 - Set database path to: C:\ST\STM32CubeIDE_1.19.0\STM32CubeIDE\plugins\com.st.stm32cube.common.mx_6.15.0.202507011659\\db\/mcu/
2025-09-09 12:02:43,411 [INFO] ApiDb:274 - Set plugin database path to: C:\ST\STM32CubeIDE_1.19.0\STM32CubeIDE\plugins\com.st.stm32cube.common.mx_6.15.0.202507011659\\db\/plugins/boardmanager/
2025-09-09 12:02:43,412 [INFO] ApiDb:261 - Set plugin images path to: C:\ST\STM32CubeIDE_1.19.0\STM32CubeIDE\plugins\com.st.stm32cube.common.mx_6.15.0.202507011659\\db\/plugins/mcufinder/images/
2025-09-09 12:02:43,412 [WARN] DbFile:41 - Overriding database path with different value: C:\Users\USERIT\.stmcufinder\plugins\mcufinder/ => C:\Users\USERIT\.stmcufinder\plugins\mcufinder
2025-09-09 12:02:43,412 [INFO] ApiDb:250 - Set database path to: C:\Users\USERIT\.stmcufinder\plugins\mcufinder//mcu/
2025-09-09 12:02:43,412 [WARN] DbFile:41 - Overriding database path with different value: C:\Users\USERIT\.stmcufinder\plugins\mcufinder/ => C:\Users\USERIT\.stmcufinder\plugins\mcufinder
2025-09-09 12:02:43,412 [INFO] DbMcusAds:125 - Set database path to: C:\Users\USERIT\.stmcufinder\plugins\mcufinder//mcu/
2025-09-09 12:02:43,412 [WARN] DbFile:41 - Overriding database path with different value: C:\Users\USERIT\.stmcufinder\plugins\mcufinder/ => C:\Users\USERIT\.stmcufinder\plugins\mcufinder
2025-09-09 12:02:43,412 [WARN] DbFile:41 - Overriding database path with different value: C:\Users\USERIT\.stmcufinder\plugins\mcufinder/ => C:\Users\USERIT\.stmcufinder\plugins\mcufinder
2025-09-09 12:02:43,412 [INFO] CrossReferenceDbSqlite:203 - Set database path to: C:\Users\USERIT\.stmcufinder\plugins\mcufinder//mcu/cs/
2025-09-09 12:02:43,473 [INFO] MainPanel:274 - HeapMemory: 268435456
2025-09-09 12:02:43,536 [INFO] DbMcusXml:78 - Set database path to: C:\ST\STM32CubeIDE_1.19.0\STM32CubeIDE\plugins\com.st.stm32cube.common.mx_6.15.0.202507011659\\db\/mcu/
2025-09-09 12:02:43,536 [INFO] ApiDb:274 - Set plugin database path to: C:\ST\STM32CubeIDE_1.19.0\STM32CubeIDE\plugins\com.st.stm32cube.common.mx_6.15.0.202507011659\\db\/plugins/boardmanager/
2025-09-09 12:02:43,536 [INFO] ApiDb:261 - Set plugin images path to: C:\ST\STM32CubeIDE_1.19.0\STM32CubeIDE\plugins\com.st.stm32cube.common.mx_6.15.0.202507011659\\db\/plugins/mcufinder/images/
2025-09-09 12:02:43,537 [WARN] DbFile:41 - Overriding database path with different value: C:\Users\USERIT\.stmcufinder\plugins\mcufinder/ => C:\Users\USERIT\.stmcufinder\plugins\mcufinder
2025-09-09 12:02:43,537 [INFO] ApiDb:250 - Set database path to: C:\Users\USERIT\.stmcufinder\plugins\mcufinder//mcu/
2025-09-09 12:02:43,537 [WARN] DbFile:41 - Overriding database path with different value: C:\Users\USERIT\.stmcufinder\plugins\mcufinder/ => C:\Users\USERIT\.stmcufinder\plugins\mcufinder
2025-09-09 12:02:43,537 [INFO] DbMcusAds:125 - Set database path to: C:\Users\USERIT\.stmcufinder\plugins\mcufinder//mcu/
2025-09-09 12:02:43,537 [WARN] DbFile:41 - Overriding database path with different value: C:\Users\USERIT\.stmcufinder\plugins\mcufinder/ => C:\Users\USERIT\.stmcufinder\plugins\mcufinder
2025-09-09 12:02:43,537 [WARN] DbFile:41 - Overriding database path with different value: C:\Users\USERIT\.stmcufinder\plugins\mcufinder/ => C:\Users\USERIT\.stmcufinder\plugins\mcufinder
2025-09-09 12:02:43,537 [INFO] CrossReferenceDbSqlite:203 - Set database path to: C:\Users\USERIT\.stmcufinder\plugins\mcufinder//mcu/cs/
2025-09-09 12:02:43,558 [INFO] ApplicationProperties:184 - Using Application install path: C:\ST\STM32CubeIDE_1.19.0\STM32CubeIDE\plugins\com.st.stm32cube.common.mx_6.15.0.202507011659
2025-09-09 12:02:43,559 [INFO] PluginManage:196 - Search for loadable plugins [exclusion list=, ]
2025-09-09 12:02:43,560 [INFO] PluginManage:310 - Check plugin analytics
2025-09-09 12:02:43,710 [INFO] AnalyticsPlugin:253 - Accepted Software Licenses: 
2025-09-09 12:02:43,710 [INFO] AnalyticsPlugin:255 - Accepted CMSIS Pack Licenses: 
2025-09-09 12:02:43,710 [INFO] AnalyticsPlugin:257 - Accepted Firmware Licenses: FW.F7.1.17.0
2025-09-09 12:02:43,713 [INFO] PluginManage:359 - Loaded plugin analytics (category:tool,tabindex:-1)
2025-09-09 12:02:43,713 [INFO] PluginManage:310 - Check plugin cadmodel
2025-09-09 12:02:43,719 [INFO] CADModel:105 - Init CAD model plugin
2025-09-09 12:02:43,719 [INFO] PluginManage:359 - Loaded plugin cadmodel (category:power,tabindex:5)
2025-09-09 12:02:43,719 [INFO] PluginManage:310 - Check plugin clock
2025-09-09 12:02:43,726 [INFO] PluginManage:359 - Loaded plugin clock (category:base,tabindex:2)
2025-09-09 12:02:43,726 [INFO] PluginManage:310 - Check plugin ddr
2025-09-09 12:02:43,727 [INFO] PluginManage:359 - Loaded plugin ddr (category:tool,tabindex:6)
2025-09-09 12:02:43,727 [INFO] PluginManage:310 - Check plugin filemanager
2025-09-09 12:02:43,852 [INFO] PluginManage:359 - Loaded plugin filemanager (category:base,tabindex:10)
2025-09-09 12:02:43,852 [INFO] PluginManage:310 - Check plugin ipmanager
2025-09-09 12:02:43,858 [INFO] PluginManage:359 - Loaded plugin ipmanager (category:base,tabindex:5)
2025-09-09 12:02:43,858 [INFO] PluginManage:310 - Check plugin lpbam
2025-09-09 12:02:43,864 [INFO] PluginManage:359 - Loaded plugin lpbam (category:base,tabindex:0)
2025-09-09 12:02:43,864 [INFO] PluginManage:310 - Check plugin memorymap
2025-09-09 12:02:43,872 [INFO] PluginManage:359 - Loaded plugin memorymap (category:base,tabindex:4)
2025-09-09 12:02:43,872 [INFO] PluginManage:310 - Check plugin pinoutandconfiguration
2025-09-09 12:02:43,877 [INFO] PluginManage:359 - Loaded plugin pinoutandconfiguration (category:base,tabindex:1)
2025-09-09 12:02:43,877 [INFO] PluginManage:310 - Check plugin pinoutconfig
2025-09-09 12:02:43,958 [WARN] SupportedApi:132 - Cannot load RTOS API schema: s4s-elt-must-match.1: The content of 'definitions' must match (annotation?, (simpleType | complexType)?, (unique | key | keyref)*)). A problem was found starting at: attribute.
2025-09-09 12:02:44,075 [INFO] PluginManage:359 - Loaded plugin pinoutconfig (category:base,tabindex:0)
2025-09-09 12:02:44,075 [INFO] PluginManage:310 - Check plugin power
2025-09-09 12:02:44,082 [INFO] PluginManage:359 - Loaded plugin power (category:power,tabindex:4)
2025-09-09 12:02:44,082 [INFO] PluginManage:310 - Check plugin projectmanager
2025-09-09 12:02:44,099 [INFO] PluginManage:359 - Loaded plugin projectmanager (category:projectmanager,tabindex:4)
2025-09-09 12:02:44,099 [INFO] PluginManage:310 - Check plugin rif
2025-09-09 12:02:44,106 [INFO] PluginManage:359 - Loaded plugin rif (category:base,tabindex:3)
2025-09-09 12:02:44,106 [INFO] PluginManage:310 - Check plugin thirdparty
2025-09-09 12:02:44,224 [WARN] IntegrityCheckThread:84 - waiting for thirdparty lock release [integrity check]
2025-09-09 12:02:44,224 [INFO] PluginManage:359 - Loaded plugin thirdparty (category:base,tabindex:-1)
2025-09-09 12:02:44,224 [INFO] IntegrityCheckThread:86 - entering critical section [integrity check]
2025-09-09 12:02:44,224 [INFO] PluginManage:310 - Check plugin tools
2025-09-09 12:02:44,224 [INFO] ThirdPartyUpdaterWithRetryManager:70 - Updater plugin not ready yet. [1/15]
2025-09-09 12:02:44,226 [INFO] PluginManage:359 - Loaded plugin tools (category:base,tabindex:7)
2025-09-09 12:02:44,226 [INFO] PluginManage:310 - Check plugin tutovideos
2025-09-09 12:02:44,385 [INFO] PluginManage:359 - Loaded plugin tutovideos (category:base,tabindex:-1)
2025-09-09 12:02:44,385 [INFO] PluginManage:310 - Check plugin updater
2025-09-09 12:02:44,404 [INFO] PluginManage:359 - Loaded plugin updater (category:base,tabindex:12)
2025-09-09 12:02:44,404 [INFO] PluginManage:310 - Check plugin userauth
2025-09-09 12:02:44,407 [INFO] UserAuth:118 - Init User Auth plugin
2025-09-09 12:02:44,408 [INFO] PluginManage:359 - Loaded plugin userauth (category:base,tabindex:14)
2025-09-09 12:02:44,408 [INFO] PluginManage:283 - PluginManage : Loaded plugins [18]
2025-09-09 12:02:44,606 [INFO] PinOutPanel:1589 - setPackage(No Configuration,No Configuration)
2025-09-09 12:02:44,701 [INFO] CADModel:165 - CPN selected for project level
2025-09-09 12:02:44,701 [INFO] CADModel:114 - Register for checkConnection events
2025-09-09 12:02:44,713 [INFO] IPUIPlugin:80 - create IPUIPlugin
2025-09-09 12:02:44,713 [INFO] PluginManager:220 - loadIPPluginJar : add adc
2025-09-09 12:02:44,715 [INFO] IPUIPlugin:80 - create IPUIPlugin
2025-09-09 12:02:44,715 [INFO] PluginManager:220 - loadIPPluginJar : add aes
2025-09-09 12:02:44,717 [INFO] IPUIPlugin:80 - create IPUIPlugin
2025-09-09 12:02:44,717 [INFO] PluginManager:220 - loadIPPluginJar : add can
2025-09-09 12:02:44,719 [INFO] IPUIPlugin:80 - create IPUIPlugin
2025-09-09 12:02:44,719 [INFO] PluginManager:220 - loadIPPluginJar : add comp
2025-09-09 12:02:44,721 [INFO] IPUIPlugin:80 - create IPUIPlugin
2025-09-09 12:02:44,721 [INFO] PluginManager:220 - loadIPPluginJar : add cryp
2025-09-09 12:02:44,723 [INFO] IPUIPlugin:80 - create IPUIPlugin
2025-09-09 12:02:44,723 [INFO] PluginManager:220 - loadIPPluginJar : add ddr_ctrl_phy
2025-09-09 12:02:44,725 [INFO] IPUIPlugin:80 - create IPUIPlugin
2025-09-09 12:02:44,725 [INFO] PluginManager:220 - loadIPPluginJar : add dfsdm
2025-09-09 12:02:44,729 [INFO] IPUIPlugin:80 - create IPUIPlugin
2025-09-09 12:02:44,729 [INFO] PluginManager:220 - loadIPPluginJar : add dma
2025-09-09 12:02:44,731 [INFO] IPUIPlugin:80 - create IPUIPlugin
2025-09-09 12:02:44,731 [INFO] PluginManager:220 - loadIPPluginJar : add dma3
2025-09-09 12:02:44,733 [INFO] IPUIPlugin:80 - create IPUIPlugin
2025-09-09 12:02:44,733 [INFO] PluginManager:220 - loadIPPluginJar : add extmemmanager
2025-09-09 12:02:44,734 [INFO] IPUIPlugin:80 - create IPUIPlugin
2025-09-09 12:02:44,734 [INFO] PluginManager:220 - loadIPPluginJar : add fatfs
2025-09-09 12:02:44,737 [INFO] IPUIPlugin:80 - create IPUIPlugin
2025-09-09 12:02:44,737 [INFO] PluginManager:220 - loadIPPluginJar : add fmc
2025-09-09 12:02:44,741 [INFO] IPUIPlugin:80 - create IPUIPlugin
2025-09-09 12:02:44,741 [INFO] PluginManager:220 - loadIPPluginJar : add freertos
2025-09-09 12:02:44,742 [INFO] IPUIPlugin:80 - create IPUIPlugin
2025-09-09 12:02:44,742 [INFO] PluginManager:220 - loadIPPluginJar : add genericplugin
2025-09-09 12:02:44,743 [INFO] IPUIPlugin:80 - create IPUIPlugin
2025-09-09 12:02:44,743 [INFO] PluginManager:220 - loadIPPluginJar : add gfxmmu
2025-09-09 12:02:44,746 [INFO] IPUIPlugin:80 - create IPUIPlugin
2025-09-09 12:02:44,746 [INFO] PluginManager:220 - loadIPPluginJar : add gic
2025-09-09 12:02:44,748 [INFO] IPUIPlugin:80 - create IPUIPlugin
2025-09-09 12:02:44,748 [INFO] PluginManager:220 - loadIPPluginJar : add gpio
2025-09-09 12:02:44,751 [INFO] IPUIPlugin:80 - create IPUIPlugin
2025-09-09 12:02:44,751 [INFO] PluginManager:220 - loadIPPluginJar : add gtzc
2025-09-09 12:02:44,753 [INFO] IPUIPlugin:80 - create IPUIPlugin
2025-09-09 12:02:44,753 [INFO] PluginManager:220 - loadIPPluginJar : add hash
2025-09-09 12:02:44,755 [INFO] IPUIPlugin:80 - create IPUIPlugin
2025-09-09 12:02:44,755 [INFO] PluginManager:220 - loadIPPluginJar : add i2c
2025-09-09 12:02:44,757 [INFO] IPUIPlugin:80 - create IPUIPlugin
2025-09-09 12:02:44,757 [INFO] PluginManager:220 - loadIPPluginJar : add i2s
2025-09-09 12:02:44,760 [INFO] IPUIPlugin:80 - create IPUIPlugin
2025-09-09 12:02:44,760 [INFO] PluginManager:220 - loadIPPluginJar : add i3c
2025-09-09 12:02:44,762 [INFO] IPUIPlugin:80 - create IPUIPlugin
2025-09-09 12:02:44,762 [INFO] PluginManager:220 - loadIPPluginJar : add ipddr
2025-09-09 12:02:44,768 [INFO] IPUIPlugin:80 - create IPUIPlugin
2025-09-09 12:02:44,768 [INFO] PluginManager:220 - loadIPPluginJar : add linkedlist
2025-09-09 12:02:44,772 [INFO] IPUIPlugin:80 - create IPUIPlugin
2025-09-09 12:02:44,772 [INFO] PluginManager:220 - loadIPPluginJar : add lorawan
2025-09-09 12:02:44,773 [INFO] IPUIPlugin:80 - create IPUIPlugin
2025-09-09 12:02:44,773 [INFO] PluginManager:220 - loadIPPluginJar : add ltdc
2025-09-09 12:02:44,778 [INFO] IPUIPlugin:80 - create IPUIPlugin
2025-09-09 12:02:44,778 [INFO] PluginManager:220 - loadIPPluginJar : add mdma
2025-09-09 12:02:44,781 [INFO] IPUIPlugin:80 - create IPUIPlugin
2025-09-09 12:02:44,781 [INFO] PluginManager:220 - loadIPPluginJar : add nvic
2025-09-09 12:02:44,783 [INFO] IPUIPlugin:80 - create IPUIPlugin
2025-09-09 12:02:44,784 [INFO] PluginManager:220 - loadIPPluginJar : add opamp
2025-09-09 12:02:44,787 [INFO] IPUIPlugin:80 - create IPUIPlugin
2025-09-09 12:02:44,787 [INFO] PluginManager:220 - loadIPPluginJar : add openamp
2025-09-09 12:02:44,789 [INFO] IPUIPlugin:80 - create IPUIPlugin
2025-09-09 12:02:44,789 [INFO] PluginManager:220 - loadIPPluginJar : add pdm2pcm
2025-09-09 12:02:44,794 [INFO] IPUIPlugin:80 - create IPUIPlugin
2025-09-09 12:02:44,798 [INFO] PluginManager:220 - loadIPPluginJar : add plateformsettings
2025-09-09 12:02:44,799 [INFO] IPUIPlugin:80 - create IPUIPlugin
2025-09-09 12:02:44,799 [INFO] PluginManager:220 - loadIPPluginJar : add quadspi
2025-09-09 12:02:44,801 [INFO] IPUIPlugin:80 - create IPUIPlugin
2025-09-09 12:02:44,801 [INFO] PluginManager:220 - loadIPPluginJar : add radio
2025-09-09 12:02:44,804 [INFO] IPUIPlugin:80 - create IPUIPlugin
2025-09-09 12:02:44,804 [INFO] PluginManager:220 - loadIPPluginJar : add resmgrutility
2025-09-09 12:02:44,806 [INFO] IPUIPlugin:80 - create IPUIPlugin
2025-09-09 12:02:44,806 [INFO] PluginManager:220 - loadIPPluginJar : add sai
2025-09-09 12:02:44,809 [INFO] IPUIPlugin:80 - create IPUIPlugin
2025-09-09 12:02:44,809 [INFO] PluginManager:220 - loadIPPluginJar : add spi
2025-09-09 12:02:44,813 [INFO] IPUIPlugin:80 - create IPUIPlugin
2025-09-09 12:02:44,813 [INFO] PluginManager:220 - loadIPPluginJar : add stm32_wpan
2025-09-09 12:02:44,814 [INFO] IPUIPlugin:80 - create IPUIPlugin
2025-09-09 12:02:44,815 [INFO] PluginManager:220 - loadIPPluginJar : add tim
2025-09-09 12:02:44,817 [INFO] IPUIPlugin:80 - create IPUIPlugin
2025-09-09 12:02:44,818 [INFO] PluginManager:220 - loadIPPluginJar : add touchsensing
2025-09-09 12:02:44,819 [INFO] IPUIPlugin:80 - create IPUIPlugin
2025-09-09 12:02:44,819 [INFO] PluginManager:220 - loadIPPluginJar : add tracer_emb
2025-09-09 12:02:44,821 [INFO] IPUIPlugin:80 - create IPUIPlugin
2025-09-09 12:02:44,821 [INFO] PluginManager:220 - loadIPPluginJar : add ts
2025-09-09 12:02:44,822 [INFO] IPUIPlugin:80 - create IPUIPlugin
2025-09-09 12:02:44,822 [INFO] PluginManager:220 - loadIPPluginJar : add tsc
2025-09-09 12:02:44,824 [INFO] IPUIPlugin:80 - create IPUIPlugin
2025-09-09 12:02:44,824 [INFO] PluginManager:220 - loadIPPluginJar : add ucpd
2025-09-09 12:02:44,826 [INFO] IPUIPlugin:80 - create IPUIPlugin
2025-09-09 12:02:44,826 [INFO] PluginManager:220 - loadIPPluginJar : add usart
2025-09-09 12:02:44,829 [INFO] IPUIPlugin:80 - create IPUIPlugin
2025-09-09 12:02:44,829 [INFO] PluginManager:220 - loadIPPluginJar : add usbx
2025-09-09 12:02:44,961 [FATAL] Updater:351 - Updater called before beeing initialized
2025-09-09 12:02:45,013 [INFO] RulesReader:64 - Compatibility file has been processed (317 Rules)
2025-09-09 12:02:45,025 [INFO] RulesReader:64 - Compatibility file has been processed (317 Rules)
2025-09-09 12:02:45,031 [INFO] CADModel:165 - CPN selected for project level
2025-09-09 12:02:45,031 [INFO] CADModel:114 - Register for checkConnection events
2025-09-09 12:02:45,031 [FATAL] Updater:351 - Updater called before beeing initialized
2025-09-09 12:02:45,031 [ERROR] CADModel:125 - Updater not yet initialized, retry later 
2025-09-09 12:02:45,170 [FATAL] Updater:351 - Updater called before beeing initialized
2025-09-09 12:02:45,172 [INFO] CADModel:165 - CPN selected for project level
2025-09-09 12:02:45,172 [INFO] CADModel:114 - Register for checkConnection events
2025-09-09 12:02:45,172 [FATAL] Updater:351 - Updater called before beeing initialized
2025-09-09 12:02:45,172 [ERROR] CADModel:125 - Updater not yet initialized, retry later 
2025-09-09 12:02:45,175 [FATAL] Updater:351 - Updater called before beeing initialized
2025-09-09 12:02:45,292 [FATAL] Updater:351 - Updater called before beeing initialized
2025-09-09 12:02:45,295 [INFO] DbMcusAds:53 - JSON generation date=Tue Jul 08 15:14:23 ICT 2025 (1751962463582)
2025-09-09 12:02:45,295 [FATAL] Updater:351 - Updater called before beeing initialized
2025-09-09 12:02:45,324 [WARN] DetailPanel:346 - Failed to get advertising image, set to default
2025-09-09 12:02:45,433 [FATAL] Updater:351 - Updater called before beeing initialized
2025-09-09 12:02:45,434 [FATAL] Updater:351 - Updater called before beeing initialized
2025-09-09 12:02:45,434 [FATAL] Updater:351 - Updater called before beeing initialized
2025-09-09 12:02:45,435 [WARN] DetailPanel:346 - Failed to get advertising image, set to default
2025-09-09 12:02:45,435 [FATAL] Updater:351 - Updater called before beeing initialized
2025-09-09 12:02:45,472 [ERROR] Updater:1198 - MainUpdater not yet initialized. External WinMGr cannot be set.
2025-09-09 12:02:45,473 [INFO] Updater:1134 - Updater Version found : 6.15.0
2025-09-09 12:02:45,484 [INFO] ApplicationProperties:184 - Using Application install path: C:\ST\STM32CubeIDE_1.19.0\STM32CubeIDE\plugins\com.st.stm32cube.common.mx_6.15.0.202507011659
2025-09-09 12:02:47,068 [ERROR] LogOutputStream:75 - [STDERR_REDIRECT] Sep 09, 2025 12:02:47 PM java.util.prefs.WindowsPreferences <init>
2025-09-09 12:02:47,070 [ERROR] LogOutputStream:75 - [STDERR_REDIRECT] WARNING: Could not open/create prefs root node Software\JavaSoft\Prefs at root 0xffffffff80000002. Windows RegCreateKeyEx(...) returned error code 5.
2025-09-09 12:02:47,070 [ERROR] LogOutputStream:75 - [STDERR_REDIRECT] 
2025-09-09 12:02:47,226 [INFO] ThirdPartyUpdaterWithRetryManager:70 - Updater plugin not ready yet. [2/15]
2025-09-09 12:02:47,327 [INFO] MainUpdater:2872 - connection check result : 10
2025-09-09 12:02:47,328 [INFO] MainUpdater:289 - Updater Check For Update Now.
2025-09-09 12:02:47,328 [INFO] MicroXplorer:498 - Change Database Version : DB.6.0.150
2025-09-09 12:02:47,335 [INFO] McuFinderGlobals:63 - Set McuFinder mode to 2 (CubeIDE integrated)
2025-09-09 12:02:47,336 [INFO] UserAuth:487 - Internet connection configuration mode: 1
2025-09-09 12:02:47,355 [INFO] JxBrowserEngine:152 - Initiate JxBrowser Engine with user profile folder
2025-09-09 12:02:47,505 [INFO] CheckServerUpdateThread:120 - End of CheckServer Thread
2025-09-09 12:02:47,900 [INFO] WebApp:169 - Instantiating new browser for Auth
2025-09-09 12:02:48,533 [INFO] WebApp:463 - Apply proxy settings
2025-09-09 12:02:48,534 [INFO] WebApp:548 - Chromium requires no authentication
2025-09-09 12:02:48,545 [INFO] WebApp:491 - Direct internet connection detected
2025-09-09 12:02:48,566 [INFO] WebApp:900 - Register for checkConnection events
2025-09-09 12:02:48,566 [INFO] WebApp:463 - Apply proxy settings
2025-09-09 12:02:48,566 [INFO] WebApp:548 - Chromium requires no authentication
2025-09-09 12:02:48,567 [INFO] WebApp:491 - Direct internet connection detected
2025-09-09 12:02:48,711 [INFO] WebApp:225 - Starting web application
2025-09-09 12:02:48,711 [INFO] WebApp:593 - Web application path used C:\ST\STM32CubeIDE_1.19.0\STM32CubeIDE\plugins\com.st.stm32cube.common.mx_6.15.0.202507011659\db\plugins\mcufinder\reactClient1\index.html
2025-09-09 12:02:48,783 [INFO] UserAuth:487 - Internet connection configuration mode: 1
2025-09-09 12:02:49,240 [INFO] WebApp:191 - Connection restablished
2025-09-09 12:02:50,492 [WARN] PackLoader:240 - Cannot read IP mode file for STMicroelectronics.FP-SNS-MOTENVWB1.1.4.0
2025-09-09 12:02:50,505 [WARN] PackLoader:240 - Cannot read IP mode file for STMicroelectronics.FP-ATR-ASTRA1.2.0.2
2025-09-09 12:02:50,536 [WARN] PackLoader:240 - Cannot read IP mode file for STMicroelectronics.X-CUBE-SMBUS.2.1.0
2025-09-09 12:02:50,544 [WARN] PackLoader:240 - Cannot read IP mode file for STMicroelectronics.X-CUBE-ST60.1.0.0
2025-09-09 12:02:50,587 [WARN] PackLoader:240 - Cannot read IP mode file for STMicroelectronics.X-CUBE-AZRTOS-F7.1.1.0
2025-09-09 12:02:50,621 [WARN] PackLoader:240 - Cannot read IP mode file for Infineon.AIROC-Wi-Fi-Bluetooth-STM32.1.7.1
2025-09-09 12:02:50,634 [WARN] PackLoader:240 - Cannot read IP mode file for STMicroelectronics.X-CUBE-DISPLAY.3.0.0
2025-09-09 12:02:50,647 [WARN] PackLoader:240 - Cannot read IP mode file for STMicroelectronics.X-CUBE-NFC10.1.0.0
2025-09-09 12:02:50,654 [WARN] PackLoader:240 - Cannot read IP mode file for emotas.I-CUBE-CANOPEN.1.3.0
2025-09-09 12:02:50,661 [WARN] PackLoader:240 - Cannot read IP mode file for STMicroelectronics.FP-SNS-STBOX1.2.1.0
2025-09-09 12:02:50,667 [WARN] PackLoader:240 - Cannot read IP mode file for STMicroelectronics.FP-SNS-SMARTAG2.1.2.0
2025-09-09 12:02:50,672 [WARN] PackLoader:240 - Cannot read IP mode file for STMicroelectronics.FP-SNS-FLIGHT1.5.1.0
2025-09-09 12:02:50,681 [INFO] LogOutputStream:77 - [STDOUT_REDIRECT] 1 : Invalid condition id : UX_CORESTACK_Condition cause : null
2025-09-09 12:02:50,681 [INFO] LogOutputStream:77 - [STDOUT_REDIRECT] 1 : Invalid condition id : UX_CORESTACK_Condition cause : null
2025-09-09 12:02:50,683 [INFO] LogOutputStream:77 - [STDOUT_REDIRECT] 1 : Invalid condition id : UX_CORESTACK_Condition cause : null
2025-09-09 12:02:50,685 [INFO] LogOutputStream:77 - [STDOUT_REDIRECT] 1 : Invalid condition id : UX_CORESTACK_Condition cause : null
2025-09-09 12:02:50,686 [INFO] LogOutputStream:77 - [STDOUT_REDIRECT] 1 : Invalid condition id : UX_CORESTACK_Condition cause : null
2025-09-09 12:02:50,689 [WARN] PackLoader:240 - Cannot read IP mode file for STMicroelectronics.X-CUBE-AZRTOS-WL.2.0.0
2025-09-09 12:02:50,694 [WARN] PackLoader:240 - Cannot read IP mode file for STMicroelectronics.FP-SNS-MOTENV1.5.0.0
2025-09-09 12:02:50,702 [WARN] PackLoader:240 - Cannot read IP mode file for WES.I-CUBE-Cesium.1.3.0
2025-09-09 12:02:50,708 [WARN] PackLoader:240 - Cannot read IP mode file for STMicroelectronics.X-CUBE-BLE2.3.3.0
2025-09-09 12:02:50,714 [WARN] PackLoader:240 - Cannot read IP mode file for STMicroelectronics.X-CUBE-NFC9.1.0.0
2025-09-09 12:02:50,721 [WARN] PackLoader:240 - Cannot read IP mode file for STMicroelectronics.X-CUBE-BLE1.7.1.0
2025-09-09 12:02:50,726 [WARN] PackLoader:240 - Cannot read IP mode file for wolfSSL.I-CUBE-wolfMQTT.1.19.2
2025-09-09 12:02:50,730 [WARN] PackLoader:240 - Cannot read IP mode file for STMicroelectronics.X-CUBE-AI.10.1.0
2025-09-09 12:02:50,768 [WARN] PackLoader:240 - Cannot read IP mode file for STMicroelectronics.X-CUBE-AZRTOS-G0.1.1.0
2025-09-09 12:02:50,782 [WARN] PackLoader:240 - Cannot read IP mode file for STMicroelectronics.X-CUBE-SAFEA1.1.2.2
2025-09-09 12:02:50,797 [WARN] PackLoader:240 - Cannot read IP mode file for STMicroelectronics.X-CUBE-NFC4.3.0.0
2025-09-09 12:02:50,811 [WARN] PackLoader:240 - Cannot read IP mode file for EmbeddedOffice.I-CUBE-FS-RTOS.1.0.1
2025-09-09 12:02:50,820 [WARN] PackLoader:240 - Cannot read IP mode file for STMicroelectronics.X-CUBE-WB05N.2.0.0
2025-09-09 12:02:50,826 [WARN] PackLoader:240 - Cannot read IP mode file for wolfSSL.I-CUBE-wolfTPM.3.8.0
2025-09-09 12:02:50,835 [WARN] PackLoader:240 - Cannot read IP mode file for STMicroelectronics.X-CUBE-TCPP.4.2.0
2025-09-09 12:02:50,900 [WARN] PackLoader:240 - Cannot read IP mode file for RealThread.X-CUBE-RT-Thread_Nano.4.1.1
2025-09-09 12:02:50,904 [WARN] PackLoader:240 - Cannot read IP mode file for STMicroelectronics.FP-ATR-SIGFOX1.3.2.0
2025-09-09 12:02:50,909 [WARN] PackLoader:240 - Cannot read IP mode file for ITTIA_DB.I-CUBE-ITTIADB.8.9.0
2025-09-09 12:02:50,916 [WARN] PackLoader:240 - Cannot read IP mode file for STMicroelectronics.X-CUBE-ST67W61.1.0.0
2025-09-09 12:02:50,921 [WARN] PackLoader:240 - Cannot read IP mode file for STMicroelectronics.X-CUBE-AI.10.2.0
2025-09-09 12:02:50,945 [WARN] PackLoader:240 - Cannot read IP mode file for SEGGER.I-CUBE-embOS.1.3.1
2025-09-09 12:02:50,981 [WARN] PackLoader:240 - Cannot read IP mode file for STMicroelectronics.X-CUBE-ALGOBUILD.1.4.0
2025-09-09 12:02:51,036 [WARN] PackLoader:240 - Cannot read IP mode file for STMicroelectronics.X-CUBE-MEMS1.11.3.0
2025-09-09 12:02:51,230 [WARN] PackLoader:240 - Cannot read IP mode file for STMicroelectronics.X-CUBE-PM33A1.1.0.0
2025-09-09 12:02:51,254 [WARN] PackLoader:240 - Cannot read IP mode file for STMicroelectronics.X-CUBE-AZRTOS-F4.1.1.0
2025-09-09 12:02:51,261 [WARN] PackLoader:240 - Cannot read IP mode file for STMicroelectronics.X-CUBE-ISPU.2.1.0
2025-09-09 12:02:51,278 [WARN] PackLoader:240 - Cannot read IP mode file for STMicroelectronics.X-CUBE-AZRTOS-L5.2.0.0
2025-09-09 12:02:51,290 [WARN] PackLoader:240 - Cannot read IP mode file for STMicroelectronics.X-CUBE-NFC6.3.1.0
2025-09-09 12:02:51,298 [WARN] PackLoader:240 - Cannot read IP mode file for STMicroelectronics.X-CUBE-FREERTOS.1.3.1
2025-09-09 12:02:51,304 [WARN] PackLoader:240 - Cannot read IP mode file for STMicroelectronics.X-CUBE-DPower.1.3.0
2025-09-09 12:02:51,369 [WARN] ConditionMgr:438 - getConditionDescription Invalid condition id : LAN8742 Phy interface Condition cause : null
2025-09-09 12:02:51,370 [WARN] PackLoader:240 - Cannot read IP mode file for STMicroelectronics.X-CUBE-AZRTOS-L4.2.0.0
2025-09-09 12:02:51,372 [WARN] ConditionMgr:1044 - genDependencies : Invalid condition id : LAN8742 Phy interface Condition cause : null
2025-09-09 12:02:51,372 [WARN] ConditionMgr:1044 - genDependencies : Invalid condition id : LAN8742 Phy interface Condition cause : null
2025-09-09 12:02:51,373 [WARN] ConditionMgr:1044 - genDependencies : Invalid condition id : LAN8742 Phy interface Condition cause : null
2025-09-09 12:02:51,382 [WARN] PackLoader:240 - Cannot read IP mode file for STMicroelectronics.X-CUBE-SFXS2LP1.4.0.0
2025-09-09 12:02:51,399 [WARN] ConditionMgr:438 - getConditionDescription Invalid condition id : UX DEVICE CLASS RTOS Condition cause : null
2025-09-09 12:02:51,399 [WARN] ConditionMgr:438 - getConditionDescription Invalid condition id : UX DEVICE CLASS RTOS Condition cause : null
2025-09-09 12:02:51,402 [WARN] PackLoader:240 - Cannot read IP mode file for STMicroelectronics.X-CUBE-AZRTOS-WB.2.0.0
2025-09-09 12:02:51,402 [WARN] ConditionMgr:1044 - genDependencies : Invalid condition id : UX DEVICE CLASS RTOS Condition cause : null
2025-09-09 12:02:51,403 [WARN] ConditionMgr:1044 - genDependencies : Invalid condition id : UX DEVICE CLASS RTOS Condition cause : null
2025-09-09 12:02:51,403 [WARN] ConditionMgr:1044 - genDependencies : Invalid condition id : UX DEVICE CLASS RTOS Condition cause : null
2025-09-09 12:02:51,404 [WARN] ConditionMgr:1044 - genDependencies : Invalid condition id : UX DEVICE CLASS RTOS Condition cause : null
2025-09-09 12:02:51,404 [WARN] ConditionMgr:1044 - genDependencies : Invalid condition id : UX DEVICE CLASS RTOS Condition cause : null
2025-09-09 12:02:51,411 [WARN] PackLoader:240 - Cannot read IP mode file for STMicroelectronics.X-CUBE-GNSS1.7.0.1
2025-09-09 12:02:51,419 [WARN] PackLoader:240 - Cannot read IP mode file for STMicroelectronics.X-CUBE-TOUCHGFX.4.25.0
2025-09-09 12:02:51,427 [WARN] PackLoader:240 - Cannot read IP mode file for STMicroelectronics.FP-SNS-STBOX1.2.0.0
2025-09-09 12:02:51,432 [WARN] ConditionMgr:438 - getConditionDescription Invalid condition id : Cortex-A Device cause : null
2025-09-09 12:02:51,456 [WARN] ConditionMgr:1044 - genDependencies : Invalid condition id : Cortex-A Device cause : null
2025-09-09 12:02:51,456 [WARN] ConditionMgr:1044 - genDependencies : Invalid condition id : Cortex-A Device cause : null
2025-09-09 12:02:51,456 [WARN] ConditionMgr:1044 - genDependencies : Invalid condition id : Cortex-A Device cause : null
2025-09-09 12:02:51,466 [WARN] PackLoader:240 - Cannot read IP mode file for STMicroelectronics.X-CUBE-SUBG2.5.0.0
2025-09-09 12:02:51,486 [WARN] PackLoader:240 - Cannot read IP mode file for STMicroelectronics.X-CUBE-AZRTOS-H7RS.1.1.0
2025-09-09 12:02:51,493 [WARN] PackLoader:240 - Cannot read IP mode file for Cesanta.I-CUBE-Mongoose.7.13.0
2025-09-09 12:02:51,503 [WARN] PackLoader:240 - Cannot read IP mode file for STMicroelectronics.X-CUBE-AZRTOS-G4.2.0.0
2025-09-09 12:02:51,508 [WARN] PackLoader:240 - Cannot read IP mode file for wolfSSL.I-CUBE-wolfSSH.1.4.20
2025-09-09 12:02:51,511 [WARN] PackLoader:240 - Cannot read IP mode file for STMicroelectronics.X-CUBE-NFC7.2.0.0
2025-09-09 12:02:51,521 [WARN] PackLoader:240 - Cannot read IP mode file for STMicroelectronics.X-CUBE-IPS.3.1.0
2025-09-09 12:02:51,530 [WARN] PackLoader:240 - Cannot read IP mode file for STMicroelectronics.X-CUBE-ALS.1.0.2
2025-09-09 12:02:51,537 [WARN] PackLoader:240 - Cannot read IP mode file for STMicroelectronics.X-CUBE-STSE01.1.0.0
2025-09-09 12:02:51,542 [WARN] PackLoader:240 - Cannot read IP mode file for portGmbH.I-Cube-SoM-uGOAL.1.1.0
2025-09-09 12:02:51,550 [WARN] PackLoader:240 - Cannot read IP mode file for STMicroelectronics.X-CUBE-TOF1.3.4.3
2025-09-09 12:02:51,557 [INFO] ThirdParty:978 - Integrity check success = true
2025-09-09 12:02:51,557 [INFO] IntegrityCheckThread:100 - exiting critical section [integrity check]
2025-09-09 12:02:51,557 [INFO] IntegrityCheckThread:103 - End integrity checks thread
2025-09-09 12:09:16,676 [INFO] McuFinderGlobals:63 - Set McuFinder mode to 2 (CubeIDE integrated)
2025-09-09 12:09:16,708 [INFO] MainUpdater:2872 - connection check result : 10
2025-09-09 12:09:16,724 [INFO] MainUpdater:2872 - connection check result : 10
2025-09-09 12:09:16,928 [INFO] MicroXplorer:468 - Change Database Path : 
2025-09-09 12:09:16,929 [INFO] MicroXplorer:498 - Change Database Version : DB.6.0.150
2025-09-09 12:09:16,942 [WARN] ThirdParty:871 - waiting for thirdparty lock release [close project]
2025-09-09 12:09:16,943 [INFO] ThirdParty:873 - entering critical section [close project]
2025-09-09 12:09:16,979 [INFO] ThirdParty:883 - exiting critical section [close project]
2025-09-09 12:09:16,983 [INFO] PinOutPanel:1589 - setPackage(No Configuration,No Configuration)
2025-09-09 12:09:16,985 [INFO] UtilMem:75 - Begin LoadConfig() Used Memory: 630613424 Bytes (1015021568)
2025-09-09 12:09:16,988 [INFO] MicroXplorer:468 - Change Database Path : 
2025-09-09 12:09:16,989 [INFO] MicroXplorer:498 - Change Database Version : DB.6.0.150
2025-09-09 12:09:16,989 [INFO] OpenFileManager:355 - Change cursor
2025-09-09 12:09:17,083 [INFO] Mcu:2029 - Initializing MCU STM32F767ZITx STM32F767ZITx STM32F767ZIT6
2025-09-09 12:09:20,157 [INFO] Context:786 - Trying to add GPIOservice into a context  which must be forbidden
2025-09-09 12:09:20,935 [INFO] ImportTextPane:234 - (OptionalMessage_ERROR) Pin12 (VP_RIF_VS_RIF1) cannot be retrieved for this MCU
2025-09-09 12:09:21,051 [INFO] RtosManager:558 - Registered RTOS mode: class=CMSIS, group=RTOS, mode=CMSIS_V1, owner=FREERTOS
2025-09-09 12:09:21,051 [INFO] RtosManager:558 - Registered RTOS mode: class=CMSIS, group=RTOS2, mode=CMSIS_V2, owner=FREERTOS
2025-09-09 12:09:21,051 [INFO] RtosManager:558 - Registered RTOS mode: class=RTOS, group=Core, mode=CMSIS_V1, owner=FREERTOS
2025-09-09 12:09:21,051 [INFO] RtosManager:558 - Registered RTOS mode: class=RTOS, group=Core, mode=CMSIS_V2, owner=FREERTOS
2025-09-09 12:09:21,052 [WARN] ModelIntegratedComponent:184 - Missing modes for component STMicroelectronics:FreeRTOS:0.0.1:STMicroelectronics:RTOS:FreeRTOS:Core:::10.2.0:
2025-09-09 12:09:21,074 [WARN] ModelIntegratedComponent:63 - No mode defined for component null
2025-09-09 12:09:21,074 [WARN] ModelIntegratedComponent:63 - No mode defined for component null
2025-09-09 12:09:21,074 [WARN] ModelIntegratedComponent:63 - No mode defined for component null
2025-09-09 12:09:21,074 [WARN] ModelIntegratedComponent:63 - No mode defined for component null
2025-09-09 12:09:21,074 [WARN] ModelIntegratedComponent:63 - No mode defined for component null
2025-09-09 12:09:21,074 [WARN] ModelIntegratedComponent:63 - No mode defined for component null
2025-09-09 12:09:21,075 [WARN] ModelIntegratedComponent:63 - No mode defined for component null
2025-09-09 12:09:21,075 [WARN] ModelIntegratedComponent:63 - No mode defined for component null
2025-09-09 12:09:21,075 [WARN] ModelIntegratedComponent:63 - No mode defined for component null
2025-09-09 12:09:21,075 [WARN] ModelIntegratedComponent:63 - No mode defined for component null
2025-09-09 12:09:21,075 [WARN] ModelIntegratedComponent:63 - No mode defined for component null
2025-09-09 12:09:21,075 [WARN] ModelIntegratedComponent:63 - No mode defined for component null
2025-09-09 12:09:21,075 [WARN] ModelIntegratedComponent:63 - No mode defined for component null
2025-09-09 12:09:21,075 [WARN] ModelIntegratedComponent:63 - No mode defined for component null
2025-09-09 12:09:21,075 [WARN] ModelIntegratedComponent:63 - No mode defined for component null
2025-09-09 12:09:21,075 [WARN] ModelIntegratedComponent:63 - No mode defined for component null
2025-09-09 12:09:21,075 [WARN] ModelIntegratedComponent:63 - No mode defined for component null
2025-09-09 12:09:21,075 [WARN] ModelIntegratedComponent:63 - No mode defined for component null
2025-09-09 12:09:21,075 [WARN] ModelIntegratedComponent:63 - No mode defined for component null
2025-09-09 12:09:21,075 [WARN] ModelIntegratedComponent:63 - No mode defined for component null
2025-09-09 12:09:21,075 [WARN] ModelIntegratedComponent:63 - No mode defined for component null
2025-09-09 12:09:21,075 [WARN] ModelIntegratedComponent:63 - No mode defined for component null
2025-09-09 12:09:21,076 [WARN] ModelIntegratedComponent:63 - No mode defined for component null
2025-09-09 12:09:21,076 [WARN] ModelIntegratedComponent:63 - No mode defined for component null
2025-09-09 12:09:21,076 [WARN] ModelIntegratedComponent:63 - No mode defined for component null
2025-09-09 12:09:21,076 [WARN] ModelIntegratedComponent:63 - No mode defined for component null
2025-09-09 12:09:21,076 [WARN] ModelIntegratedComponent:63 - No mode defined for component null
2025-09-09 12:09:21,076 [WARN] ModelIntegratedComponent:63 - No mode defined for component null
2025-09-09 12:09:21,076 [WARN] ModelIntegratedComponent:63 - No mode defined for component null
2025-09-09 12:09:21,076 [WARN] ModelIntegratedComponent:63 - No mode defined for component null
2025-09-09 12:09:21,076 [WARN] ModelIntegratedComponent:63 - No mode defined for component null
2025-09-09 12:09:21,076 [WARN] ModelIntegratedComponent:63 - No mode defined for component null
2025-09-09 12:09:21,076 [WARN] ModelIntegratedComponent:63 - No mode defined for component null
2025-09-09 12:09:21,076 [WARN] ModelIntegratedComponent:63 - No mode defined for component null
2025-09-09 12:09:21,076 [WARN] ModelIntegratedComponent:63 - No mode defined for component null
2025-09-09 12:09:21,076 [WARN] ModelPack:524 - Component already loaded: STMicroelectronics:HAL Drivers:0.0.0:STMicroelectronics:Device:STMicro_Driver:XSPI:HAL::0.0.1:HAL_XSPI
2025-09-09 12:09:21,169 [INFO] ThirdPartyModel:298 - Start build external matchings
2025-09-09 12:09:21,489 [INFO] ThirdPartyModel:316 - End build external matchings
2025-09-09 12:09:21,513 [INFO] ImportTextPane:234 - (OptionalMessage_ERROR) IP (DMA) : Parameter (Instance) has Id (ADC1) currently not set
2025-09-09 12:09:21,513 [INFO] ImportTextPane:234 - (OptionalMessage_ERROR) IP (DMA) : Parameter (Channel) has Id (ADC1) currently not set
2025-09-09 12:09:21,513 [INFO] ImportTextPane:234 - (OptionalMessage_ERROR) IP (DMA) : Parameter (Direction) has Id (ADC1) currently not set
2025-09-09 12:09:21,513 [INFO] ImportTextPane:234 - (OptionalMessage_ERROR) IP (DMA) : Parameter (PeriphInc) has Id (ADC1) currently not set
2025-09-09 12:09:21,513 [INFO] ImportTextPane:234 - (OptionalMessage_ERROR) IP (DMA) : Parameter (MemInc) has Id (ADC1) currently not set
2025-09-09 12:09:21,513 [INFO] ImportTextPane:234 - (OptionalMessage_ERROR) IP (DMA) : Parameter (PeriphDataAlignment) has Id (ADC1) currently not set
2025-09-09 12:09:21,514 [INFO] ImportTextPane:234 - (OptionalMessage_ERROR) IP (DMA) : Parameter (MemDataAlignment) has Id (ADC1) currently not set
2025-09-09 12:09:21,514 [INFO] ImportTextPane:234 - (OptionalMessage_ERROR) IP (DMA) : Parameter (Mode) has Id (ADC1) currently not set
2025-09-09 12:09:21,514 [INFO] ImportTextPane:234 - (OptionalMessage_ERROR) IP (DMA) : Parameter (Priority) has Id (ADC1) currently not set
2025-09-09 12:09:21,514 [INFO] ImportTextPane:234 - (OptionalMessage_ERROR) IP (DMA) : Parameter (FIFOMode) has Id (ADC1) currently not set
2025-09-09 12:09:22,223 [INFO] ApiDb:581 - Connected to CubeFinder SQLite database (C:\Users\USERIT\.stmcufinder\plugins\mcufinder\mcu\cube-finder-db.db)
2025-09-09 12:09:22,320 [INFO] ApiDb:668 - CubeFinder database Data Model version=2.1
2025-09-09 12:09:22,321 [INFO] ApiDb:669 - CubeFinder database Configuration version=3.0.39
2025-09-09 12:09:22,322 [INFO] ApiDb:670 - CubeFinder database generation date=2025-07-24 (1753349077)
2025-09-09 12:09:22,322 [INFO] ApiDb:671 - CubeFinder database FW Pack versions=[FP-ATR-ASTRA1_V2.0.0, FP-SNS-FLIGHT1_V5.1.0, FP-SNS-MOTENV1_V5.0.0, FP-SNS-MOTENVWB1_V1.4.0, FP-SNS-SMARTAG2_V1.2.0, FP-SNS-STBOX1_V2.0.0, STM32Cube_FW_C0_V1.4.0, STM32Cube_FW_F4_V1.28.2, STM32Cube_FW_F7_V1.17.3, STM32Cube_FW_G0_V1.6.2, STM32Cube_FW_G4_V1.6.1, STM32Cube_FW_H5_V1.5.0, STM32Cube_FW_H7RS_V1.2.0, STM32Cube_FW_H7_V1.12.1, STM32Cube_FW_L0_V1.12.2, STM32Cube_FW_L4_V1.18.1, STM32Cube_FW_L5_V1.5.1, STM32Cube_FW_N6_V1.2.0, STM32Cube_FW_U0_V1.3.0, STM32Cube_FW_U3_V1.2.0, STM32Cube_FW_U5_V1.8.0, STM32Cube_FW_WB0_V1.3.0, STM32Cube_FW_WBA_V1.7.0, STM32Cube_FW_WB_V1.23.0, STM32Cube_FW_WL3_V1.2.0, STM32Cube_FW_WL_V1.3.1, X-CUBE-ALGOBUILD_V1.4.0, X-CUBE-ALS_V1.0.2, X-CUBE-AZRTOS-F4_V1.1.0, X-CUBE-AZRTOS-F7_V1.1.0, X-CUBE-AZRTOS-G0_V1.1.0, X-CUBE-AZRTOS-G4_V2.0.0, X-CUBE-AZRTOS-H7RS_V1.1.0, X-CUBE-AZRTOS-H7_V3.4.0, X-CUBE-AZRTOS-L4_V2.0.0, X-CUBE-AZRTOS-L5_V2.0.0, X-CUBE-AZRTOS-WB_V2.0.0, X-CUBE-AZRTOS-WL_V2.0.0, X-CUBE-BLE1_V7.1.0, X-CUBE-BLE2_V3.3.0, X-CUBE-BLEMGR_V4.1.0, X-CUBE-EEPRMA1_V5.2.0, X-CUBE-FREERTOS_V1.3.1, X-CUBE-GNSS1_V6.0.0, X-CUBE-MEMS1_V11.3.0, X-CUBE-NFC4_V3.0.0, X-CUBE-NFC7_V2.0.0, X-CUBE-SFXS2LP1_V4.0.0, X-CUBE-ST67W61_V1.0.0, X-CUBE-SUBG2_V5.0.0, X-CUBE-TOF1_V3.4.3]
2025-09-09 12:09:22,458 [INFO] DbBoardsSqlite:226 - include board P-NUCLEO-WB55-NUCLEO as a kit item of type 'Nucleo-64'
2025-09-09 12:09:22,458 [INFO] DbBoardsSqlite:226 - include board P-NUCLEO-WB55-USBDONGLE as a kit item of type 'Nucleo USB Dongle'
2025-09-09 12:09:22,460 [INFO] DbBoardsSqlite:226 - include board STEVAL-IDP005V1 as a kit item of type 'Evaluation Board'
2025-09-09 12:09:22,461 [INFO] DbBoardsSqlite:226 - include board STEVAL-IDP005V2 as a kit item of type 'Evaluation Board'
2025-09-09 12:09:22,874 [INFO] ApiDb:240 - Found 880 in-development CPN: [B-G473E-ZEST1S, B-WB1M-WPAN1, B-WBA5M-WPAN, B-WL5M-SUBG1, NUCLEO-C031C6, NUCLEO-C051C8, NUCLEO-C071RB, NUCLEO-C092RC, NUCLEO-H503RB, NUCLEO-H533RE, NUCLEO-H563ZI, NUCLEO-H7S3L8, NUCLEO-N657X0-Q, NUCLEO-U031R8, NUCLEO-U083RC, NUCLEO-U385RG-Q, NUCLEO-U545RE-Q, NUCLEO-U5A5ZJ-Q, NUCLEO-WB05KZ, NUCLEO-WB07CC, NUCLEO-WB09KE, NUCLEO-WBA52CG, NUCLEO-WBA55CG, NUCLEO-WL33CC1, NUCLEO-WL33CC2, STEVAL-PROTEUS1, STEVAL-SMARTAG2, STEVAL-STWINBX1, STM320518-EVAL, STM32C0116-DK, STM32C011D6Y3TR, STM32C011D6Y6TR, STM32C011F4P3, STM32C011F4P6, STM32C011F4U3, STM32C011F4U6TR, STM32C011F6P3, STM32C011F6P6, STM32C011F6U3, STM32C011F6U6TR, STM32C011J4M3, STM32C011J4M6, STM32C011J6M3, STM32C011J6M6, STM32C0316-DK, STM32C031C4T3, STM32C031C4T6, STM32C031C4U3, STM32C031C4U6, STM32C031C6T3, STM32C031C6T6, STM32C031C6U3, STM32C031C6U6, STM32C031F4P3, STM32C031F4P6, STM32C031F6P3, STM32C031F6P6, STM32C031G4U3, STM32C031G4U6, STM32C031G6U3, STM32C031G6U6, STM32C031K4T3, STM32C031K4T6, STM32C031K4U3, STM32C031K4U6, STM32C031K6T3, STM32C031K6T6, STM32C031K6U3, STM32C031K6U6, STM32C051C6T6, STM32C051C6U6, STM32C051C8T6, STM32C051C8U6, STM32C051D8Y6TR, STM32C051F6P6, STM32C051F8P6, STM32C051G6U6, STM32C051G8U6, STM32C051K6T6, STM32C051K6U6, STM32C051K8T6, STM32C071C8T6, STM32C071C8T6N, STM32C071C8U6, STM32C071C8U6N, STM32C071CBT6, STM32C071CBT6N, STM32C071CBU6, STM32C071CBU6N, STM32C071F8P6, STM32C071F8P6N, STM32C071FBP6, STM32C071FBP6N, STM32C071FBY6TR, STM32C071G8U6, STM32C071G8U6N, STM32C071GBU6, STM32C071GBU6N, STM32C071K8T6, STM32C071K8T6N, STM32C071K8U6, STM32C071K8U6N, STM32C071KBT6, STM32C071KBT6N, STM32C071KBU6, STM32C071KBU6N, STM32C071R8T6, STM32C071R8T6N, STM32C071RBI6N, STM32C071RBT6, STM32C071RBT6N, STM32C091CBT6, STM32C091CBU6, STM32C091CCT6, STM32C091CCU6, STM32C091ECY6TR, STM32C091FBP6, STM32C091FCP6, STM32C091GBU6, STM32C091GCU6, STM32C091KBT6, STM32C091KBU6, STM32C091KCT6, STM32C091KCU6, STM32C091RBT6, STM32C091RCI6, STM32C091RCT6, STM32C092CBT6, STM32C092CBU6, STM32C092CCT6, STM32C092CCU6, STM32C092ECY6TR, STM32C092FBP6, STM32C092FCP6, STM32C092GBU6, STM32C092GCU6, STM32C092KBT6, STM32C092KBU6, STM32C092KCT6, STM32C092KCU6, STM32C092RBT6, STM32C092RCI6, STM32C092RCT6, STM32G071K8TXN, STM32G071K8UXN, STM32G081GBU6N, STM32G081KBT6N, STM32G081KBUXN, STM32G0B1CCT6N, STM32G0B1KCT6, STM32G0B1NEY6TR, STM32G0B1RCT6N, STM32G0C1CCT6, STM32G0C1CCT6N, STM32G0C1CCU6N, STM32G0C1CET6N, STM32G0C1CEU6N, STM32G0C1KCT6, STM32G0C1NEY6TR, STM32G0C1RCI6N, STM32G0C1RCT6N, STM32G0C1REI6N, STM32G0C1RET6N, STM32G0C1VCI6, STM32G0C1VEI6, STM32G411C6T3, STM32G411C6T6, STM32G411C6U3, STM32G411C6U6, STM32G411C8T3, STM32G411C8T6, STM32G411C8U3, STM32G411C8U6, STM32G411CBT3, STM32G411CBT6, STM32G411CBU3, STM32G411CBU6, STM32G411K6T3, STM32G411K6T6, STM32G411K6U3, STM32G411K6U6, STM32G411K8T3, STM32G411K8T6, STM32G411K8U3, STM32G411K8U6, STM32G411KBT3, STM32G411KBT6, STM32G411KBU3, STM32G411KBU6, STM32G411M6T3, STM32G411M6T6, STM32G411M8T3, STM32G411M8T6, STM32G411MBT3, STM32G411MBT6, STM32G411R6T3, STM32G411R6T6, STM32G411R8T3, STM32G411R8T6, STM32G411RBT3, STM32G411RBT6, STM32G414CBT3, STM32G414CBT6, STM32G414CBU3, STM32G414CBU6, STM32G414CCT3, STM32G414CCT6, STM32G414CCU3, STM32G414CCU6, STM32G414MBT3, STM32G414MBT6, STM32G414MCT3, STM32G414MCT6, STM32G414RBT3, STM32G414RBT6, STM32G414RCT3, STM32G414RCT6, STM32G414VBT3, STM32G414VBT6, STM32G414VCT3, STM32G414VCT6, STM32G431CBT3Z, STM32G431RBT3Z, STM32G471CCT6, STM32G471CCU6, STM32G471CET3, STM32G471CET6, STM32G471CEU3, STM32G471CEU6, STM32G471MCT6, STM32G471MET3, STM32G471MET6, STM32G471MEY6TR, STM32G471QCT6, STM32G471QET3, STM32G471RCT6, STM32G471RET3, STM32G471RET6, STM32G471VCH6, STM32G471VCI6, STM32G471VCT6, STM32G471VEH3, STM32G471VEH6, STM32G471VEI3, STM32G471VEI6, STM32G471VET3, STM32G471VET6, STM32G473QET3Z, STM32G473RET3Z, STM32G474CCT6, STM32G491RET3Z, STM32H503CBT6, STM32H503CBU6, STM32H503EBY6TR, STM32H503KBU6, STM32H503RBT6, STM32H523CCT6, STM32H523CCU6, STM32H523CET6, STM32H523CEU6, STM32H523HEY6TR, STM32H523RCT6, STM32H523RET6, STM32H523VCI6, STM32H523VCT6, STM32H523VEI6, STM32H523VET6, STM32H523ZCJ6, STM32H523ZCT6, STM32H523ZEJ6, STM32H523ZET6, STM32H533CET6, STM32H533CEU6, STM32H533HEY6TR, STM32H533RET6, STM32H533VEI6, STM32H533VET6, STM32H533ZEJ6, STM32H533ZET6, STM32H562AGI6, STM32H562AII6, STM32H562IGK6, STM32H562IGT6, STM32H562IIK6, STM32H562IIT6, STM32H562RGT6, STM32H562RGV6, STM32H562RIT6, STM32H562RIV6, STM32H562VGT6, STM32H562VIT6, STM32H562ZGT6, STM32H562ZIT6, STM32H563AGI6, STM32H563AII3Q, STM32H563AII6, STM32H563IGK6, STM32H563IGT6, STM32H563IIK3Q, STM32H563IIK6, STM32H563IIT3Q, STM32H563IIT6, STM32H563MIY3QTR, STM32H563RGT6, STM32H563RGV6, STM32H563RIT6, STM32H563RIV6, STM32H563VGT6, STM32H563VIT3Q, STM32H563VIT6, STM32H563ZGT6, STM32H563ZIT3Q, STM32H563ZIT6, STM32H573AII3Q, STM32H573AII6, STM32H573I-DK, STM32H573IIK3Q, STM32H573IIK6, STM32H573IIT3Q, STM32H573IIT6, STM32H573MIY3QTR, STM32H573RIT6, STM32H573RIV6, STM32H573VIT3Q, STM32H573VIT6, STM32H573ZIT3Q, STM32H573ZIT6, STM32H7R3A8I6, STM32H7R3I8K6, STM32H7R3I8T6, STM32H7R3L8H6, STM32H7R3L8H6H, STM32H7R3R8V6, STM32H7R3V8H6, STM32H7R3V8T6, STM32H7R3V8Y6TR, STM32H7R3Z8J6, STM32H7R3Z8T6, STM32H7R7A8I6, STM32H7R7I8K6, STM32H7R7I8T6, STM32H7R7L8H6, STM32H7R7L8H6H, STM32H7R7Z8J6, STM32H7S3A8I6, STM32H7S3I8K6, STM32H7S3I8T6, STM32H7S3L8H6, STM32H7S3L8H6H, STM32H7S3R8V6, STM32H7S3V8H6, STM32H7S3V8T6, STM32H7S3V8Y6TR, STM32H7S3Z8J6, STM32H7S3Z8T6, STM32H7S78-DK, STM32H7S7A8I6, STM32H7S7I8K6, STM32H7S7I8T6, STM32H7S7L8H6, STM32H7S7L8H6H, STM32H7S7Z8J6, STM32L4R5QGI6STR, STM32MP131AAE3, STM32MP131AAF3, STM32MP131AAG3, STM32MP131CAE3, STM32MP131CAF3, STM32MP131CAG3, STM32MP131DAE7, STM32MP131DAF7, STM32MP131DAG7, STM32MP131FAE7, STM32MP131FAF7, STM32MP131FAG7, STM32MP133AAE3, STM32MP133AAF3, STM32MP133AAG3, STM32MP133CAE3, STM32MP133CAF3, STM32MP133CAG3, STM32MP133DAE7, STM32MP133DAF7, STM32MP133DAG7, STM32MP133FAE7, STM32MP133FAF7, STM32MP133FAG7, STM32MP135AAE3, STM32MP135AAF3, STM32MP135AAG3, STM32MP135CAE3, STM32MP135CAF3, STM32MP135CAG3, STM32MP135DAE7, STM32MP135DAF7, STM32MP135DAG7, STM32MP135F-DK, STM32MP135FAE7, STM32MP135FAF7, STM32MP135FAF7T, STM32MP135FAF7U, STM32MP135FAG7, STM32MP211AAL3, STM32MP211AAM3, STM32MP211AAN3, STM32MP211AAO3, STM32MP211CAL3, STM32MP211CAM3, STM32MP211CAN3, STM32MP211CAO3, STM32MP211DAL3, STM32MP211DAM3, STM32MP211DAN3, STM32MP211DAO3, STM32MP211FAL3, STM32MP211FAM3, STM32MP211FAN3, STM32MP211FAO3, STM32MP213AAL3, STM32MP213AAM3, STM32MP213AAN3, STM32MP213AAO3, STM32MP213CAL3, STM32MP213CAM3, STM32MP213CAN3, STM32MP213CAO3, STM32MP213DAL3, STM32MP213DAM3, STM32MP213DAN3, STM32MP213DAO3, STM32MP213FAL3, STM32MP213FAM3, STM32MP213FAN3, STM32MP213FAO3, STM32MP215AAL3, STM32MP215AAM3, STM32MP215AAN3, STM32MP215AAO3, STM32MP215CAL3, STM32MP215CAM3, STM32MP215CAN3, STM32MP215CAO3, STM32MP215DAL3, STM32MP215DAM3, STM32MP215DAN3, STM32MP215DAO3, STM32MP215F-DK, STM32MP215FAL3, STM32MP215FAM3, STM32MP215FAN3, STM32MP215FAO3, STM32MP231AAJ3, STM32MP231AAK3, STM32MP231AAL3, STM32MP231CAJ3, STM32MP231CAK3, STM32MP231CAL3, STM32MP231DAJ3, STM32MP231DAK3, STM32MP231DAL3, STM32MP231FAJ3, STM32MP231FAK3, STM32MP231FAL3, STM32MP233AAJ3, STM32MP233AAK3, STM32MP233AAL3, STM32MP233CAJ3, STM32MP233CAK3, STM32MP233CAL3, STM32MP233DAJ3, STM32MP233DAK3, STM32MP233DAL3, STM32MP233FAJ3, STM32MP233FAK3, STM32MP233FAL3, STM32MP235AAJ3, STM32MP235AAK3, STM32MP235AAL3, STM32MP235CAJ3, STM32MP235CAK3, STM32MP235CAL3, STM32MP235DAJ3, STM32MP235DAK3, STM32MP235DAL3, STM32MP235FAJ3, STM32MP235FAK3, STM32MP235FAL3, STM32MP251AAI3, STM32MP251AAK3, STM32MP251AAL3, STM32MP251CAI3, STM32MP251CAK3, STM32MP251CAL3, STM32MP251DAI3, STM32MP251DAK3, STM32MP251DAL3, STM32MP251FAI3, STM32MP251FAK3, STM32MP251FAL3, STM32MP253AAI3, STM32MP253AAK3, STM32MP253AAL3, STM32MP253CAI3, STM32MP253CAK3, STM32MP253CAL3, STM32MP253DAI3, STM32MP253DAK3, STM32MP253DAL3, STM32MP253FAI3, STM32MP253FAK3, STM32MP253FAL3, STM32MP255AAI3, STM32MP255AAK3, STM32MP255AAL3, STM32MP255CAI3, STM32MP255CAK3, STM32MP255CAL3, STM32MP255DAI3, STM32MP255DAK3, STM32MP255DAL3, STM32MP255FAI3, STM32MP255FAK3, STM32MP255FAL3, STM32MP257AAI3, STM32MP257AAK3, STM32MP257AAL3, STM32MP257CAI3, STM32MP257CAK3, STM32MP257CAL3, STM32MP257DAI3, STM32MP257DAK3, STM32MP257DAL3, STM32MP257F-DK, STM32MP257F-EV1, STM32MP257FAI3, STM32MP257FAK3, STM32MP257FAL3, STM32N645A0H3Q, STM32N645B0H3Q, STM32N645I0H3Q, STM32N645L0H3Q, STM32N645X0H3Q, STM32N645Z0H3Q, STM32N647A0H3Q, STM32N647B0H3Q, STM32N647I0H3Q, STM32N647L0H3Q, STM32N647X0H3Q, STM32N647Z0H3Q, STM32N655A0H3Q, STM32N655B0H3Q, STM32N655I0H3Q, STM32N655L0H3Q, STM32N655X0H3Q, STM32N655Z0H3Q, STM32N6570-DK, STM32N657A0H3Q, STM32N657B0H3Q, STM32N657I0H3Q, STM32N657L0H3Q, STM32N657X0H3Q, STM32N657Z0H3Q, STM32U031C6T6, STM32U031C6U6, STM32U031C8T6, STM32U031C8U6, STM32U031F4P6, STM32U031F6P6, STM32U031F8P6, STM32U031G6Y6TR, STM32U031G8Y6TR, STM32U031K4U6, STM32U031K6U6, STM32U031K8U6, STM32U031R6I6, STM32U031R6T6, STM32U031R8I6, STM32U031R8T6, STM32U073C8T6, STM32U073C8U6, STM32U073CBT6, STM32U073CBU6, STM32U073CCT6, STM32U073CCU6, STM32U073H8Y6TR, STM32U073HBY6TR, STM32U073HCY6TR, STM32U073K8U6, STM32U073KBU6, STM32U073KCU6, STM32U073M8I6, STM32U073M8T6, STM32U073MBI6, STM32U073MBT6, STM32U073MCI6, STM32U073MCT6, STM32U073R8I6, STM32U073R8T6, STM32U073RBI6, STM32U073RBT6, STM32U073RCI6, STM32U073RCT6, STM32U083C-DK, STM32U083CCT6, STM32U083CCU6, STM32U083HCY6TR, STM32U083KCU6, STM32U083MCI6, STM32U083MCT6, STM32U083RCI6, STM32U083RCT6, STM32U375CET6, STM32U375CET6Q, STM32U375CEU6, STM32U375CEU6Q, STM32U375CEY6QTR, STM32U375CGT6, STM32U375CGT6Q, STM32U375CGU6, STM32U375CGU6Q, STM32U375CGY6QTR, STM32U375KEU6, STM32U375KGU6, STM32U375REI6, STM32U375REI6Q, STM32U375RET6, STM32U375RET6Q, STM32U375REY6GTR, STM32U375REY6QTR, STM32U375RGI6, STM32U375RGI6Q, STM32U375RGT6, STM32U375RGT6Q, STM32U375RGY6GTR, STM32U375RGY6QTR, STM32U375VEI6, STM32U375VEI6Q, STM32U375VET6, STM32U375VET6Q, STM32U375VGI6, STM32U375VGI6Q, STM32U375VGT6, STM32U375VGT6Q, STM32U385CGT6, STM32U385CGT6Q, STM32U385CGU6, STM32U385CGU6Q, STM32U385CGY6QTR, STM32U385KGU6, STM32U385RGI6, STM32U385RGI6Q, STM32U385RGT6, STM32U385RGT6Q, STM32U385RGY6GTR, STM32U385RGY6QTR, STM32U385VGI6, STM32U385VGI6Q, STM32U385VGT6, STM32U385VGT6Q, STM32U535CBT6, STM32U535CBT6Q, STM32U535CBU6, STM32U535CBU6Q, STM32U535CCT6, STM32U535CCT6Q, STM32U535CCU6, STM32U535CCU6Q, STM32U535CET6, STM32U535CET6Q, STM32U535CEU6, STM32U535CEU6Q, STM32U535JEY6QTR, STM32U535NCY6QTR, STM32U535NEY6QTR, STM32U535RBI6, STM32U535RBI6Q, STM32U535RBT6, STM32U535RBT6Q, STM32U535RCI6, STM32U535RCI6Q, STM32U535RCT6, STM32U535RCT6Q, STM32U535REI6, STM32U535REI6Q, STM32U535RET6, STM32U535RET6Q, STM32U535VCI6, STM32U535VCI6Q, STM32U535VCT6, STM32U535VCT6Q, STM32U535VEI6, STM32U535VEI6Q, STM32U535VET6, STM32U535VET6Q, STM32U545CET6, STM32U545CET6Q, STM32U545CEU6, STM32U545CEU6Q, STM32U545JEY6QTR, STM32U545NEY6QTR, STM32U545REI6, STM32U545REI6Q, STM32U545RET6, STM32U545RET6Q, STM32U545VEI6, STM32U545VEI6Q, STM32U545VET6, STM32U545VET6Q, STM32U595AIH6, STM32U595AIH6Q, STM32U595AJH6, STM32U595AJH6Q, STM32U595QII6, STM32U595QII6Q, STM32U595QJI6, STM32U595QJI6Q, STM32U595RIT6, STM32U595RIT6Q, STM32U595RJT6, STM32U595RJT6Q, STM32U595VIT6, STM32U595VIT6Q, STM32U595VJT6, STM32U595VJT6Q, STM32U595ZIT6, STM32U595ZIT6Q, STM32U595ZIY6QTR, STM32U595ZJT6, STM32U595ZJT6Q, STM32U595ZJY6QTR, STM32U599BJY6QTR, STM32U599NIH6Q, STM32U599NJH6Q, STM32U599VIT6Q, STM32U599VJT6, STM32U599VJT6Q, STM32U599ZIT6Q, STM32U599ZIY6QTR, STM32U599ZJT6Q, STM32U599ZJY6QTR, STM32U5A5AJH6, STM32U5A5AJH6Q, STM32U5A5QII3Q , STM32U5A5QJI6, STM32U5A5QJI6Q, STM32U5A5RJT6, STM32U5A5RJT6Q, STM32U5A5VJT6, STM32U5A5VJT6Q, STM32U5A5ZJT6, STM32U5A5ZJT6Q, STM32U5A5ZJY6QTR, STM32U5A9BJY6QTR, STM32U5A9J-DK, STM32U5A9NJH6Q, STM32U5A9VJT6Q, STM32U5A9ZJT6Q, STM32U5A9ZJY6QTR, STM32U5F7VIT6, STM32U5F7VIT6Q, STM32U5F7VJT6, STM32U5F7VJT6Q, STM32U5F9BJY6QTR, STM32U5F9NJH6Q, STM32U5F9VIT6Q, STM32U5F9VJT6Q, STM32U5F9ZIJ6QTR, STM32U5F9ZIT6Q, STM32U5F9ZJJ6QTR, STM32U5F9ZJT6Q, STM32U5G7VJT6, STM32U5G7VJT6Q, STM32U5G9BJY6QTR, STM32U5G9J-DK1, STM32U5G9J-DK2, STM32U5G9NJH6Q, STM32U5G9VJT6Q, STM32U5G9ZJJ6QTR, STM32U5G9ZJT6Q, STM32WB05KZV6TR, STM32WB05KZV7TR, STM32WB05TZF6TR, STM32WB05TZF7TR, STM32WB06CCF6TR, STM32WB06CCF7TR, STM32WB06CCV6TR, STM32WB06CCV7TR, STM32WB06KCV6TR, STM32WB06KCV7TR, STM32WB07CCF6TR, STM32WB07CCF7TR, STM32WB07CCV6TR, STM32WB07CCV7TR, STM32WB07KCV6TR, STM32WB07KCV7TR, STM32WB09KEV6TR, STM32WB09KEV7TR, STM32WB09TEF6TR, STM32WB09TEF7TR, STM32WB1MMCH6, STM32WBA50KGU6, STM32WBA50KGU6TR, STM32WBA52CEU6, STM32WBA52CEU6TR, STM32WBA52CEU7, STM32WBA52CEU7TR, STM32WBA52CGU6, STM32WBA52CGU6TR, STM32WBA52CGU6U, STM32WBA52CGU7, STM32WBA52CGU7TR, STM32WBA52KEU6, STM32WBA52KEU6TR, STM32WBA52KGU6, STM32WBA52KGU6TR, STM32WBA54CEU6, STM32WBA54CEU6TR, STM32WBA54CEU7, STM32WBA54CEU7TR, STM32WBA54CGU6, STM32WBA54CGU6TR, STM32WBA54CGU7, STM32WBA54CGU7TR, STM32WBA54KEU6, STM32WBA54KEU6TR, STM32WBA54KEU7, STM32WBA54KEU7TR, STM32WBA54KGU6, STM32WBA54KGU6TR, STM32WBA54KGU7, STM32WBA54KGU7TR, STM32WBA55CEU6, STM32WBA55CEU6TR, STM32WBA55CEU7, STM32WBA55CEU7TR, STM32WBA55CGU6, STM32WBA55CGU6TR, STM32WBA55CGU6U, STM32WBA55CGU7, STM32WBA55CGU7TR, STM32WBA55G-DK1, STM32WBA55HEF6, STM32WBA55HEF7, STM32WBA55HGF6, STM32WBA55HGF7, STM32WBA55UEI6, STM32WBA55UEI6TR, STM32WBA55UEI7, STM32WBA55UEI7TR, STM32WBA55UGI6, STM32WBA55UGI6TR, STM32WBA55UGI7, STM32WBA55UGI7TR, STM32WBA5MMGH6TR, STM32WBA62MGF6, STM32WBA62MIF6, STM32WBA65MGF7, STM32WBA65MIF6, STM32WBA65MIF7, STM32WL30K8V6, STM32WL30KBV6, STM32WL31C8V6, STM32WL31CBV6, STM32WL31K8V6, STM32WL31KBV6, STM32WL33C8V6, STM32WL33C8V6X, STM32WL33CBV6, STM32WL33CBV6X, STM32WL33CCV6, STM32WL33CCV6A, STM32WL33CCV6X, STM32WL33K8V7, STM32WL33K8V7X, STM32WL33KBV7 , STM32WL33KBV7X, STM32WL33KCV7, STM32WL33KCV7X, STM32WL5MOCH6, STM32WL5MOCH6TR]
2025-09-09 12:09:23,117 [INFO] BoardInfo:889 - No configuration file found for board P-NUCLEO-WB55
2025-09-09 12:09:23,118 [INFO] DbBoards:161 - Kit is not supported: P-NUCLEO-WB55
2025-09-09 12:09:23,126 [INFO] BoardInfo:889 - No configuration file found for board STEVAL-BFA001V1B
2025-09-09 12:09:23,127 [INFO] DbBoards:161 - Kit is not supported: STEVAL-BFA001V1B
2025-09-09 12:09:23,128 [INFO] BoardInfo:889 - No configuration file found for board STEVAL-BFA001V2B
2025-09-09 12:09:23,129 [INFO] DbBoards:161 - Kit is not supported: STEVAL-BFA001V2B
2025-09-09 12:09:23,368 [INFO] DbBoards:168 - Found 212 boards, 209 are supported
2025-09-09 12:09:23,368 [INFO] DbBoards:169 - Found 212 boards, 43 of them is supported for  Bsp
2025-09-09 12:09:23,379 [INFO] ApiDb:668 - CubeFinder database Data Model version=2.1
2025-09-09 12:09:23,380 [INFO] ApiDb:669 - CubeFinder database Configuration version=3.0.39
2025-09-09 12:09:23,380 [INFO] ApiDb:670 - CubeFinder database generation date=2025-07-24 (1753349077)
2025-09-09 12:09:23,380 [INFO] ApiDb:671 - CubeFinder database FW Pack versions=[FP-ATR-ASTRA1_V2.0.0, FP-SNS-FLIGHT1_V5.1.0, FP-SNS-MOTENV1_V5.0.0, FP-SNS-MOTENVWB1_V1.4.0, FP-SNS-SMARTAG2_V1.2.0, FP-SNS-STBOX1_V2.0.0, STM32Cube_FW_C0_V1.4.0, STM32Cube_FW_F4_V1.28.2, STM32Cube_FW_F7_V1.17.3, STM32Cube_FW_G0_V1.6.2, STM32Cube_FW_G4_V1.6.1, STM32Cube_FW_H5_V1.5.0, STM32Cube_FW_H7RS_V1.2.0, STM32Cube_FW_H7_V1.12.1, STM32Cube_FW_L0_V1.12.2, STM32Cube_FW_L4_V1.18.1, STM32Cube_FW_L5_V1.5.1, STM32Cube_FW_N6_V1.2.0, STM32Cube_FW_U0_V1.3.0, STM32Cube_FW_U3_V1.2.0, STM32Cube_FW_U5_V1.8.0, STM32Cube_FW_WB0_V1.3.0, STM32Cube_FW_WBA_V1.7.0, STM32Cube_FW_WB_V1.23.0, STM32Cube_FW_WL3_V1.2.0, STM32Cube_FW_WL_V1.3.1, X-CUBE-ALGOBUILD_V1.4.0, X-CUBE-ALS_V1.0.2, X-CUBE-AZRTOS-F4_V1.1.0, X-CUBE-AZRTOS-F7_V1.1.0, X-CUBE-AZRTOS-G0_V1.1.0, X-CUBE-AZRTOS-G4_V2.0.0, X-CUBE-AZRTOS-H7RS_V1.1.0, X-CUBE-AZRTOS-H7_V3.4.0, X-CUBE-AZRTOS-L4_V2.0.0, X-CUBE-AZRTOS-L5_V2.0.0, X-CUBE-AZRTOS-WB_V2.0.0, X-CUBE-AZRTOS-WL_V2.0.0, X-CUBE-BLE1_V7.1.0, X-CUBE-BLE2_V3.3.0, X-CUBE-BLEMGR_V4.1.0, X-CUBE-EEPRMA1_V5.2.0, X-CUBE-FREERTOS_V1.3.1, X-CUBE-GNSS1_V6.0.0, X-CUBE-MEMS1_V11.3.0, X-CUBE-NFC4_V3.0.0, X-CUBE-NFC7_V2.0.0, X-CUBE-SFXS2LP1_V4.0.0, X-CUBE-ST67W61_V1.0.0, X-CUBE-SUBG2_V5.0.0, X-CUBE-TOF1_V3.4.3]
2025-09-09 12:09:25,581 [INFO] ApiDb:240 - Found 880 in-development CPN: [B-G473E-ZEST1S, B-WB1M-WPAN1, B-WBA5M-WPAN, B-WL5M-SUBG1, NUCLEO-C031C6, NUCLEO-C051C8, NUCLEO-C071RB, NUCLEO-C092RC, NUCLEO-H503RB, NUCLEO-H533RE, NUCLEO-H563ZI, NUCLEO-H7S3L8, NUCLEO-N657X0-Q, NUCLEO-U031R8, NUCLEO-U083RC, NUCLEO-U385RG-Q, NUCLEO-U545RE-Q, NUCLEO-U5A5ZJ-Q, NUCLEO-WB05KZ, NUCLEO-WB07CC, NUCLEO-WB09KE, NUCLEO-WBA52CG, NUCLEO-WBA55CG, NUCLEO-WL33CC1, NUCLEO-WL33CC2, STEVAL-PROTEUS1, STEVAL-SMARTAG2, STEVAL-STWINBX1, STM320518-EVAL, STM32C0116-DK, STM32C011D6Y3TR, STM32C011D6Y6TR, STM32C011F4P3, STM32C011F4P6, STM32C011F4U3, STM32C011F4U6TR, STM32C011F6P3, STM32C011F6P6, STM32C011F6U3, STM32C011F6U6TR, STM32C011J4M3, STM32C011J4M6, STM32C011J6M3, STM32C011J6M6, STM32C0316-DK, STM32C031C4T3, STM32C031C4T6, STM32C031C4U3, STM32C031C4U6, STM32C031C6T3, STM32C031C6T6, STM32C031C6U3, STM32C031C6U6, STM32C031F4P3, STM32C031F4P6, STM32C031F6P3, STM32C031F6P6, STM32C031G4U3, STM32C031G4U6, STM32C031G6U3, STM32C031G6U6, STM32C031K4T3, STM32C031K4T6, STM32C031K4U3, STM32C031K4U6, STM32C031K6T3, STM32C031K6T6, STM32C031K6U3, STM32C031K6U6, STM32C051C6T6, STM32C051C6U6, STM32C051C8T6, STM32C051C8U6, STM32C051D8Y6TR, STM32C051F6P6, STM32C051F8P6, STM32C051G6U6, STM32C051G8U6, STM32C051K6T6, STM32C051K6U6, STM32C051K8T6, STM32C071C8T6, STM32C071C8T6N, STM32C071C8U6, STM32C071C8U6N, STM32C071CBT6, STM32C071CBT6N, STM32C071CBU6, STM32C071CBU6N, STM32C071F8P6, STM32C071F8P6N, STM32C071FBP6, STM32C071FBP6N, STM32C071FBY6TR, STM32C071G8U6, STM32C071G8U6N, STM32C071GBU6, STM32C071GBU6N, STM32C071K8T6, STM32C071K8T6N, STM32C071K8U6, STM32C071K8U6N, STM32C071KBT6, STM32C071KBT6N, STM32C071KBU6, STM32C071KBU6N, STM32C071R8T6, STM32C071R8T6N, STM32C071RBI6N, STM32C071RBT6, STM32C071RBT6N, STM32C091CBT6, STM32C091CBU6, STM32C091CCT6, STM32C091CCU6, STM32C091ECY6TR, STM32C091FBP6, STM32C091FCP6, STM32C091GBU6, STM32C091GCU6, STM32C091KBT6, STM32C091KBU6, STM32C091KCT6, STM32C091KCU6, STM32C091RBT6, STM32C091RCI6, STM32C091RCT6, STM32C092CBT6, STM32C092CBU6, STM32C092CCT6, STM32C092CCU6, STM32C092ECY6TR, STM32C092FBP6, STM32C092FCP6, STM32C092GBU6, STM32C092GCU6, STM32C092KBT6, STM32C092KBU6, STM32C092KCT6, STM32C092KCU6, STM32C092RBT6, STM32C092RCI6, STM32C092RCT6, STM32G071K8TXN, STM32G071K8UXN, STM32G081GBU6N, STM32G081KBT6N, STM32G081KBUXN, STM32G0B1CCT6N, STM32G0B1KCT6, STM32G0B1NEY6TR, STM32G0B1RCT6N, STM32G0C1CCT6, STM32G0C1CCT6N, STM32G0C1CCU6N, STM32G0C1CET6N, STM32G0C1CEU6N, STM32G0C1KCT6, STM32G0C1NEY6TR, STM32G0C1RCI6N, STM32G0C1RCT6N, STM32G0C1REI6N, STM32G0C1RET6N, STM32G0C1VCI6, STM32G0C1VEI6, STM32G411C6T3, STM32G411C6T6, STM32G411C6U3, STM32G411C6U6, STM32G411C8T3, STM32G411C8T6, STM32G411C8U3, STM32G411C8U6, STM32G411CBT3, STM32G411CBT6, STM32G411CBU3, STM32G411CBU6, STM32G411K6T3, STM32G411K6T6, STM32G411K6U3, STM32G411K6U6, STM32G411K8T3, STM32G411K8T6, STM32G411K8U3, STM32G411K8U6, STM32G411KBT3, STM32G411KBT6, STM32G411KBU3, STM32G411KBU6, STM32G411M6T3, STM32G411M6T6, STM32G411M8T3, STM32G411M8T6, STM32G411MBT3, STM32G411MBT6, STM32G411R6T3, STM32G411R6T6, STM32G411R8T3, STM32G411R8T6, STM32G411RBT3, STM32G411RBT6, STM32G414CBT3, STM32G414CBT6, STM32G414CBU3, STM32G414CBU6, STM32G414CCT3, STM32G414CCT6, STM32G414CCU3, STM32G414CCU6, STM32G414MBT3, STM32G414MBT6, STM32G414MCT3, STM32G414MCT6, STM32G414RBT3, STM32G414RBT6, STM32G414RCT3, STM32G414RCT6, STM32G414VBT3, STM32G414VBT6, STM32G414VCT3, STM32G414VCT6, STM32G431CBT3Z, STM32G431RBT3Z, STM32G471CCT6, STM32G471CCU6, STM32G471CET3, STM32G471CET6, STM32G471CEU3, STM32G471CEU6, STM32G471MCT6, STM32G471MET3, STM32G471MET6, STM32G471MEY6TR, STM32G471QCT6, STM32G471QET3, STM32G471RCT6, STM32G471RET3, STM32G471RET6, STM32G471VCH6, STM32G471VCI6, STM32G471VCT6, STM32G471VEH3, STM32G471VEH6, STM32G471VEI3, STM32G471VEI6, STM32G471VET3, STM32G471VET6, STM32G473QET3Z, STM32G473RET3Z, STM32G474CCT6, STM32G491RET3Z, STM32H503CBT6, STM32H503CBU6, STM32H503EBY6TR, STM32H503KBU6, STM32H503RBT6, STM32H523CCT6, STM32H523CCU6, STM32H523CET6, STM32H523CEU6, STM32H523HEY6TR, STM32H523RCT6, STM32H523RET6, STM32H523VCI6, STM32H523VCT6, STM32H523VEI6, STM32H523VET6, STM32H523ZCJ6, STM32H523ZCT6, STM32H523ZEJ6, STM32H523ZET6, STM32H533CET6, STM32H533CEU6, STM32H533HEY6TR, STM32H533RET6, STM32H533VEI6, STM32H533VET6, STM32H533ZEJ6, STM32H533ZET6, STM32H562AGI6, STM32H562AII6, STM32H562IGK6, STM32H562IGT6, STM32H562IIK6, STM32H562IIT6, STM32H562RGT6, STM32H562RGV6, STM32H562RIT6, STM32H562RIV6, STM32H562VGT6, STM32H562VIT6, STM32H562ZGT6, STM32H562ZIT6, STM32H563AGI6, STM32H563AII3Q, STM32H563AII6, STM32H563IGK6, STM32H563IGT6, STM32H563IIK3Q, STM32H563IIK6, STM32H563IIT3Q, STM32H563IIT6, STM32H563MIY3QTR, STM32H563RGT6, STM32H563RGV6, STM32H563RIT6, STM32H563RIV6, STM32H563VGT6, STM32H563VIT3Q, STM32H563VIT6, STM32H563ZGT6, STM32H563ZIT3Q, STM32H563ZIT6, STM32H573AII3Q, STM32H573AII6, STM32H573I-DK, STM32H573IIK3Q, STM32H573IIK6, STM32H573IIT3Q, STM32H573IIT6, STM32H573MIY3QTR, STM32H573RIT6, STM32H573RIV6, STM32H573VIT3Q, STM32H573VIT6, STM32H573ZIT3Q, STM32H573ZIT6, STM32H7R3A8I6, STM32H7R3I8K6, STM32H7R3I8T6, STM32H7R3L8H6, STM32H7R3L8H6H, STM32H7R3R8V6, STM32H7R3V8H6, STM32H7R3V8T6, STM32H7R3V8Y6TR, STM32H7R3Z8J6, STM32H7R3Z8T6, STM32H7R7A8I6, STM32H7R7I8K6, STM32H7R7I8T6, STM32H7R7L8H6, STM32H7R7L8H6H, STM32H7R7Z8J6, STM32H7S3A8I6, STM32H7S3I8K6, STM32H7S3I8T6, STM32H7S3L8H6, STM32H7S3L8H6H, STM32H7S3R8V6, STM32H7S3V8H6, STM32H7S3V8T6, STM32H7S3V8Y6TR, STM32H7S3Z8J6, STM32H7S3Z8T6, STM32H7S78-DK, STM32H7S7A8I6, STM32H7S7I8K6, STM32H7S7I8T6, STM32H7S7L8H6, STM32H7S7L8H6H, STM32H7S7Z8J6, STM32L4R5QGI6STR, STM32MP131AAE3, STM32MP131AAF3, STM32MP131AAG3, STM32MP131CAE3, STM32MP131CAF3, STM32MP131CAG3, STM32MP131DAE7, STM32MP131DAF7, STM32MP131DAG7, STM32MP131FAE7, STM32MP131FAF7, STM32MP131FAG7, STM32MP133AAE3, STM32MP133AAF3, STM32MP133AAG3, STM32MP133CAE3, STM32MP133CAF3, STM32MP133CAG3, STM32MP133DAE7, STM32MP133DAF7, STM32MP133DAG7, STM32MP133FAE7, STM32MP133FAF7, STM32MP133FAG7, STM32MP135AAE3, STM32MP135AAF3, STM32MP135AAG3, STM32MP135CAE3, STM32MP135CAF3, STM32MP135CAG3, STM32MP135DAE7, STM32MP135DAF7, STM32MP135DAG7, STM32MP135F-DK, STM32MP135FAE7, STM32MP135FAF7, STM32MP135FAF7T, STM32MP135FAF7U, STM32MP135FAG7, STM32MP211AAL3, STM32MP211AAM3, STM32MP211AAN3, STM32MP211AAO3, STM32MP211CAL3, STM32MP211CAM3, STM32MP211CAN3, STM32MP211CAO3, STM32MP211DAL3, STM32MP211DAM3, STM32MP211DAN3, STM32MP211DAO3, STM32MP211FAL3, STM32MP211FAM3, STM32MP211FAN3, STM32MP211FAO3, STM32MP213AAL3, STM32MP213AAM3, STM32MP213AAN3, STM32MP213AAO3, STM32MP213CAL3, STM32MP213CAM3, STM32MP213CAN3, STM32MP213CAO3, STM32MP213DAL3, STM32MP213DAM3, STM32MP213DAN3, STM32MP213DAO3, STM32MP213FAL3, STM32MP213FAM3, STM32MP213FAN3, STM32MP213FAO3, STM32MP215AAL3, STM32MP215AAM3, STM32MP215AAN3, STM32MP215AAO3, STM32MP215CAL3, STM32MP215CAM3, STM32MP215CAN3, STM32MP215CAO3, STM32MP215DAL3, STM32MP215DAM3, STM32MP215DAN3, STM32MP215DAO3, STM32MP215F-DK, STM32MP215FAL3, STM32MP215FAM3, STM32MP215FAN3, STM32MP215FAO3, STM32MP231AAJ3, STM32MP231AAK3, STM32MP231AAL3, STM32MP231CAJ3, STM32MP231CAK3, STM32MP231CAL3, STM32MP231DAJ3, STM32MP231DAK3, STM32MP231DAL3, STM32MP231FAJ3, STM32MP231FAK3, STM32MP231FAL3, STM32MP233AAJ3, STM32MP233AAK3, STM32MP233AAL3, STM32MP233CAJ3, STM32MP233CAK3, STM32MP233CAL3, STM32MP233DAJ3, STM32MP233DAK3, STM32MP233DAL3, STM32MP233FAJ3, STM32MP233FAK3, STM32MP233FAL3, STM32MP235AAJ3, STM32MP235AAK3, STM32MP235AAL3, STM32MP235CAJ3, STM32MP235CAK3, STM32MP235CAL3, STM32MP235DAJ3, STM32MP235DAK3, STM32MP235DAL3, STM32MP235FAJ3, STM32MP235FAK3, STM32MP235FAL3, STM32MP251AAI3, STM32MP251AAK3, STM32MP251AAL3, STM32MP251CAI3, STM32MP251CAK3, STM32MP251CAL3, STM32MP251DAI3, STM32MP251DAK3, STM32MP251DAL3, STM32MP251FAI3, STM32MP251FAK3, STM32MP251FAL3, STM32MP253AAI3, STM32MP253AAK3, STM32MP253AAL3, STM32MP253CAI3, STM32MP253CAK3, STM32MP253CAL3, STM32MP253DAI3, STM32MP253DAK3, STM32MP253DAL3, STM32MP253FAI3, STM32MP253FAK3, STM32MP253FAL3, STM32MP255AAI3, STM32MP255AAK3, STM32MP255AAL3, STM32MP255CAI3, STM32MP255CAK3, STM32MP255CAL3, STM32MP255DAI3, STM32MP255DAK3, STM32MP255DAL3, STM32MP255FAI3, STM32MP255FAK3, STM32MP255FAL3, STM32MP257AAI3, STM32MP257AAK3, STM32MP257AAL3, STM32MP257CAI3, STM32MP257CAK3, STM32MP257CAL3, STM32MP257DAI3, STM32MP257DAK3, STM32MP257DAL3, STM32MP257F-DK, STM32MP257F-EV1, STM32MP257FAI3, STM32MP257FAK3, STM32MP257FAL3, STM32N645A0H3Q, STM32N645B0H3Q, STM32N645I0H3Q, STM32N645L0H3Q, STM32N645X0H3Q, STM32N645Z0H3Q, STM32N647A0H3Q, STM32N647B0H3Q, STM32N647I0H3Q, STM32N647L0H3Q, STM32N647X0H3Q, STM32N647Z0H3Q, STM32N655A0H3Q, STM32N655B0H3Q, STM32N655I0H3Q, STM32N655L0H3Q, STM32N655X0H3Q, STM32N655Z0H3Q, STM32N6570-DK, STM32N657A0H3Q, STM32N657B0H3Q, STM32N657I0H3Q, STM32N657L0H3Q, STM32N657X0H3Q, STM32N657Z0H3Q, STM32U031C6T6, STM32U031C6U6, STM32U031C8T6, STM32U031C8U6, STM32U031F4P6, STM32U031F6P6, STM32U031F8P6, STM32U031G6Y6TR, STM32U031G8Y6TR, STM32U031K4U6, STM32U031K6U6, STM32U031K8U6, STM32U031R6I6, STM32U031R6T6, STM32U031R8I6, STM32U031R8T6, STM32U073C8T6, STM32U073C8U6, STM32U073CBT6, STM32U073CBU6, STM32U073CCT6, STM32U073CCU6, STM32U073H8Y6TR, STM32U073HBY6TR, STM32U073HCY6TR, STM32U073K8U6, STM32U073KBU6, STM32U073KCU6, STM32U073M8I6, STM32U073M8T6, STM32U073MBI6, STM32U073MBT6, STM32U073MCI6, STM32U073MCT6, STM32U073R8I6, STM32U073R8T6, STM32U073RBI6, STM32U073RBT6, STM32U073RCI6, STM32U073RCT6, STM32U083C-DK, STM32U083CCT6, STM32U083CCU6, STM32U083HCY6TR, STM32U083KCU6, STM32U083MCI6, STM32U083MCT6, STM32U083RCI6, STM32U083RCT6, STM32U375CET6, STM32U375CET6Q, STM32U375CEU6, STM32U375CEU6Q, STM32U375CEY6QTR, STM32U375CGT6, STM32U375CGT6Q, STM32U375CGU6, STM32U375CGU6Q, STM32U375CGY6QTR, STM32U375KEU6, STM32U375KGU6, STM32U375REI6, STM32U375REI6Q, STM32U375RET6, STM32U375RET6Q, STM32U375REY6GTR, STM32U375REY6QTR, STM32U375RGI6, STM32U375RGI6Q, STM32U375RGT6, STM32U375RGT6Q, STM32U375RGY6GTR, STM32U375RGY6QTR, STM32U375VEI6, STM32U375VEI6Q, STM32U375VET6, STM32U375VET6Q, STM32U375VGI6, STM32U375VGI6Q, STM32U375VGT6, STM32U375VGT6Q, STM32U385CGT6, STM32U385CGT6Q, STM32U385CGU6, STM32U385CGU6Q, STM32U385CGY6QTR, STM32U385KGU6, STM32U385RGI6, STM32U385RGI6Q, STM32U385RGT6, STM32U385RGT6Q, STM32U385RGY6GTR, STM32U385RGY6QTR, STM32U385VGI6, STM32U385VGI6Q, STM32U385VGT6, STM32U385VGT6Q, STM32U535CBT6, STM32U535CBT6Q, STM32U535CBU6, STM32U535CBU6Q, STM32U535CCT6, STM32U535CCT6Q, STM32U535CCU6, STM32U535CCU6Q, STM32U535CET6, STM32U535CET6Q, STM32U535CEU6, STM32U535CEU6Q, STM32U535JEY6QTR, STM32U535NCY6QTR, STM32U535NEY6QTR, STM32U535RBI6, STM32U535RBI6Q, STM32U535RBT6, STM32U535RBT6Q, STM32U535RCI6, STM32U535RCI6Q, STM32U535RCT6, STM32U535RCT6Q, STM32U535REI6, STM32U535REI6Q, STM32U535RET6, STM32U535RET6Q, STM32U535VCI6, STM32U535VCI6Q, STM32U535VCT6, STM32U535VCT6Q, STM32U535VEI6, STM32U535VEI6Q, STM32U535VET6, STM32U535VET6Q, STM32U545CET6, STM32U545CET6Q, STM32U545CEU6, STM32U545CEU6Q, STM32U545JEY6QTR, STM32U545NEY6QTR, STM32U545REI6, STM32U545REI6Q, STM32U545RET6, STM32U545RET6Q, STM32U545VEI6, STM32U545VEI6Q, STM32U545VET6, STM32U545VET6Q, STM32U595AIH6, STM32U595AIH6Q, STM32U595AJH6, STM32U595AJH6Q, STM32U595QII6, STM32U595QII6Q, STM32U595QJI6, STM32U595QJI6Q, STM32U595RIT6, STM32U595RIT6Q, STM32U595RJT6, STM32U595RJT6Q, STM32U595VIT6, STM32U595VIT6Q, STM32U595VJT6, STM32U595VJT6Q, STM32U595ZIT6, STM32U595ZIT6Q, STM32U595ZIY6QTR, STM32U595ZJT6, STM32U595ZJT6Q, STM32U595ZJY6QTR, STM32U599BJY6QTR, STM32U599NIH6Q, STM32U599NJH6Q, STM32U599VIT6Q, STM32U599VJT6, STM32U599VJT6Q, STM32U599ZIT6Q, STM32U599ZIY6QTR, STM32U599ZJT6Q, STM32U599ZJY6QTR, STM32U5A5AJH6, STM32U5A5AJH6Q, STM32U5A5QII3Q , STM32U5A5QJI6, STM32U5A5QJI6Q, STM32U5A5RJT6, STM32U5A5RJT6Q, STM32U5A5VJT6, STM32U5A5VJT6Q, STM32U5A5ZJT6, STM32U5A5ZJT6Q, STM32U5A5ZJY6QTR, STM32U5A9BJY6QTR, STM32U5A9J-DK, STM32U5A9NJH6Q, STM32U5A9VJT6Q, STM32U5A9ZJT6Q, STM32U5A9ZJY6QTR, STM32U5F7VIT6, STM32U5F7VIT6Q, STM32U5F7VJT6, STM32U5F7VJT6Q, STM32U5F9BJY6QTR, STM32U5F9NJH6Q, STM32U5F9VIT6Q, STM32U5F9VJT6Q, STM32U5F9ZIJ6QTR, STM32U5F9ZIT6Q, STM32U5F9ZJJ6QTR, STM32U5F9ZJT6Q, STM32U5G7VJT6, STM32U5G7VJT6Q, STM32U5G9BJY6QTR, STM32U5G9J-DK1, STM32U5G9J-DK2, STM32U5G9NJH6Q, STM32U5G9VJT6Q, STM32U5G9ZJJ6QTR, STM32U5G9ZJT6Q, STM32WB05KZV6TR, STM32WB05KZV7TR, STM32WB05TZF6TR, STM32WB05TZF7TR, STM32WB06CCF6TR, STM32WB06CCF7TR, STM32WB06CCV6TR, STM32WB06CCV7TR, STM32WB06KCV6TR, STM32WB06KCV7TR, STM32WB07CCF6TR, STM32WB07CCF7TR, STM32WB07CCV6TR, STM32WB07CCV7TR, STM32WB07KCV6TR, STM32WB07KCV7TR, STM32WB09KEV6TR, STM32WB09KEV7TR, STM32WB09TEF6TR, STM32WB09TEF7TR, STM32WB1MMCH6, STM32WBA50KGU6, STM32WBA50KGU6TR, STM32WBA52CEU6, STM32WBA52CEU6TR, STM32WBA52CEU7, STM32WBA52CEU7TR, STM32WBA52CGU6, STM32WBA52CGU6TR, STM32WBA52CGU6U, STM32WBA52CGU7, STM32WBA52CGU7TR, STM32WBA52KEU6, STM32WBA52KEU6TR, STM32WBA52KGU6, STM32WBA52KGU6TR, STM32WBA54CEU6, STM32WBA54CEU6TR, STM32WBA54CEU7, STM32WBA54CEU7TR, STM32WBA54CGU6, STM32WBA54CGU6TR, STM32WBA54CGU7, STM32WBA54CGU7TR, STM32WBA54KEU6, STM32WBA54KEU6TR, STM32WBA54KEU7, STM32WBA54KEU7TR, STM32WBA54KGU6, STM32WBA54KGU6TR, STM32WBA54KGU7, STM32WBA54KGU7TR, STM32WBA55CEU6, STM32WBA55CEU6TR, STM32WBA55CEU7, STM32WBA55CEU7TR, STM32WBA55CGU6, STM32WBA55CGU6TR, STM32WBA55CGU6U, STM32WBA55CGU7, STM32WBA55CGU7TR, STM32WBA55G-DK1, STM32WBA55HEF6, STM32WBA55HEF7, STM32WBA55HGF6, STM32WBA55HGF7, STM32WBA55UEI6, STM32WBA55UEI6TR, STM32WBA55UEI7, STM32WBA55UEI7TR, STM32WBA55UGI6, STM32WBA55UGI6TR, STM32WBA55UGI7, STM32WBA55UGI7TR, STM32WBA5MMGH6TR, STM32WBA62MGF6, STM32WBA62MIF6, STM32WBA65MGF7, STM32WBA65MIF6, STM32WBA65MIF7, STM32WL30K8V6, STM32WL30KBV6, STM32WL31C8V6, STM32WL31CBV6, STM32WL31K8V6, STM32WL31KBV6, STM32WL33C8V6, STM32WL33C8V6X, STM32WL33CBV6, STM32WL33CBV6X, STM32WL33CCV6, STM32WL33CCV6A, STM32WL33CCV6X, STM32WL33K8V7, STM32WL33K8V7X, STM32WL33KBV7 , STM32WL33KBV7X, STM32WL33KCV7, STM32WL33KCV7X, STM32WL5MOCH6, STM32WL5MOCH6TR]
2025-09-09 12:09:25,585 [INFO] DbMcus:218 - Found 4801 MCUs, 4801 are supported
2025-09-09 12:09:25,594 [INFO] ApiDb:423 - Load user favorites file C:\Users\USERIT/.stm32cubeide/favorites.mcus.txt: 1 item(s)
2025-09-09 12:09:25,594 [INFO] ApiDb:427 - User favorites MCUs=[STM32F767ZIT6]
2025-09-09 12:09:25,594 [INFO] DbMcus:224 - Set 1 / 1 favorites MCUs
2025-09-09 12:09:26,135 [INFO] ApiDb:423 - Load user favorites file C:\Users\USERIT/.stm32cubeide/favorites.boards.txt: 0 item(s)
2025-09-09 12:09:26,135 [INFO] ApiDb:427 - User favorites Boards=[]
2025-09-09 12:09:26,135 [INFO] DbBoards:198 - Set 0 / 0 favorites Boards
2025-09-09 12:09:26,204 [INFO] UtilMem:75 - End LoadConfig() Used Memory: 653957800 Bytes (1073741824)
2025-09-09 12:09:26,381 [WARN] ThirdParty:833 - waiting for thirdparty lock release [change project]
2025-09-09 12:09:26,381 [INFO] ThirdParty:835 - entering critical section [change project]
2025-09-09 12:09:26,381 [INFO] ThirdParty:1030 - CMSIS Pack Vendor :STMicroelectronics X-CUBE-PM33A1 1.0.0
2025-09-09 12:09:26,381 [INFO] ThirdParty:1030 - CMSIS Pack Vendor :STMicroelectronics USBPD 4.1
2025-09-09 12:09:26,381 [INFO] ThirdParty:1030 - CMSIS Pack Vendor :STMicroelectronics X-CUBE-NFC9 1.0.0
2025-09-09 12:09:26,381 [INFO] ThirdParty:1030 - CMSIS Pack Vendor :STMicroelectronics USB_HOST 2.0.0
2025-09-09 12:09:26,381 [INFO] ThirdParty:1030 - CMSIS Pack Vendor :STMicroelectronics FP-SNS-MOTENVWB1 1.4.0
2025-09-09 12:09:26,381 [INFO] ThirdParty:1030 - CMSIS Pack Vendor :STMicroelectronics X-CUBE-AZRTOS-F4 1.1.0
2025-09-09 12:09:26,381 [INFO] ThirdParty:1030 - CMSIS Pack Vendor :STMicroelectronics LIBJPEG 8.0.0
2025-09-09 12:09:26,381 [INFO] ThirdParty:1030 - CMSIS Pack Vendor :STMicroelectronics FP-ATR-ASTRA1 2.0.2
2025-09-09 12:09:26,381 [INFO] ThirdParty:1030 - CMSIS Pack Vendor :STMicroelectronics X-CUBE-BLE1 7.1.0
2025-09-09 12:09:26,382 [INFO] ThirdParty:1030 - CMSIS Pack Vendor :STMicroelectronics X-CUBE-SMBUS 2.1.0
2025-09-09 12:09:26,382 [INFO] ThirdParty:1030 - CMSIS Pack Vendor :wolfSSL I-CUBE-wolfMQTT 1.19.2
2025-09-09 12:09:26,382 [INFO] ThirdParty:1030 - CMSIS Pack Vendor :STMicroelectronics USB_DEVICE 3.0.0
2025-09-09 12:09:26,382 [INFO] ThirdParty:1030 - CMSIS Pack Vendor :STMicroelectronics X-CUBE-ISPU 2.1.0
2025-09-09 12:09:26,382 [INFO] ThirdParty:1030 - CMSIS Pack Vendor :STMicroelectronics X-CUBE-AZRTOS-WB 2.0.0
2025-09-09 12:09:26,382 [INFO] ThirdParty:1030 - CMSIS Pack Vendor :STMicroelectronics X-CUBE-ST60 1.0.0
2025-09-09 12:09:26,382 [INFO] ThirdParty:1030 - CMSIS Pack Vendor :STMicroelectronics X-CUBE-GNSS1 7.0.1
2025-09-09 12:09:26,382 [INFO] ThirdParty:1030 - CMSIS Pack Vendor :STMicroelectronics X-CUBE-AZRTOS-F7 1.1.0
2025-09-09 12:09:26,382 [INFO] ThirdParty:1030 - CMSIS Pack Vendor :STMicroelectronics X-CUBE-AZRTOS-L5 2.0.0
2025-09-09 12:09:26,382 [INFO] ThirdParty:1030 - CMSIS Pack Vendor :STMicroelectronics X-CUBE-TOUCHGFX 4.25.0
2025-09-09 12:09:26,382 [INFO] ThirdParty:1030 - CMSIS Pack Vendor :STMicroelectronics USB_DEVICE 2.0.0
2025-09-09 12:09:26,382 [INFO] ThirdParty:1030 - CMSIS Pack Vendor :STMicroelectronics X-CUBE-NFC6 3.1.0
2025-09-09 12:09:26,382 [INFO] ThirdParty:1030 - CMSIS Pack Vendor :STMicroelectronics X-CUBE-AI 10.1.0
2025-09-09 12:09:26,383 [INFO] ThirdParty:1030 - CMSIS Pack Vendor :STMicroelectronics FP-SNS-STBOX1 2.0.0
2025-09-09 12:09:26,383 [INFO] ThirdParty:1030 - CMSIS Pack Vendor :quantropi X-CUBE-qispace-sdk-base 2.1.0
2025-09-09 12:09:26,383 [INFO] ThirdParty:1030 - CMSIS Pack Vendor :STMicroelectronics FreeRTOS 0.0.1
2025-09-09 12:09:26,383 [INFO] ThirdParty:1030 - CMSIS Pack Vendor :STMicroelectronics X-CUBE-AZRTOS-G0 1.1.0
2025-09-09 12:09:26,384 [INFO] ThirdParty:1030 - CMSIS Pack Vendor :STMicroelectronics X-CUBE-SAFEA1 1.2.2
2025-09-09 12:09:26,384 [INFO] ThirdParty:1030 - CMSIS Pack Vendor :STMicroelectronics X-CUBE-NFC4 3.0.0
2025-09-09 12:09:26,384 [INFO] ThirdParty:1030 - CMSIS Pack Vendor :STMicroelectronics X-CUBE-SUBG2 5.0.0
2025-09-09 12:09:26,384 [INFO] ThirdParty:1030 - CMSIS Pack Vendor :STMicroelectronics X-CUBE-AZRTOS-H7RS 1.1.0
2025-09-09 12:09:26,384 [INFO] ThirdParty:1030 - CMSIS Pack Vendor :STMicroelectronics STM32_WPAN 1.0.0
2025-09-09 12:09:26,384 [INFO] ThirdParty:1030 - CMSIS Pack Vendor :EmbeddedOffice I-CUBE-FS-RTOS 1.0.1
2025-09-09 12:09:26,384 [INFO] ThirdParty:1030 - CMSIS Pack Vendor :STMicroelectronics lwIP 2.0.3
2025-09-09 12:09:26,384 [INFO] ThirdParty:1030 - CMSIS Pack Vendor :Cesanta I-CUBE-Mongoose 7.13.0
2025-09-09 12:09:26,384 [INFO] ThirdParty:1030 - CMSIS Pack Vendor :STMicroelectronics USB_HOST 1.0.0
2025-09-09 12:09:26,384 [INFO] ThirdParty:1030 - CMSIS Pack Vendor :Infineon AIROC-Wi-Fi-Bluetooth-STM32 1.7.1
2025-09-09 12:09:26,384 [INFO] ThirdParty:1030 - CMSIS Pack Vendor :STMicroelectronics X-CUBE-AZRTOS-G4 2.0.0
2025-09-09 12:09:26,385 [INFO] ThirdParty:1030 - CMSIS Pack Vendor :STMicroelectronics X-CUBE-WB05N 2.0.0
2025-09-09 12:09:26,385 [INFO] ThirdParty:1030 - CMSIS Pack Vendor :STMicroelectronics PDM2PCM 3.1.0
2025-09-09 12:09:26,385 [INFO] ThirdParty:1030 - CMSIS Pack Vendor :STMicroelectronics PDM2PCM 3.3.0
2025-09-09 12:09:26,385 [INFO] ThirdParty:1030 - CMSIS Pack Vendor :wolfSSL I-CUBE-wolfTPM 3.8.0
2025-09-09 12:09:26,385 [INFO] ThirdParty:1030 - CMSIS Pack Vendor :STMicroelectronics X-CUBE-DISPLAY 3.0.0
2025-09-09 12:09:26,385 [INFO] ThirdParty:1030 - CMSIS Pack Vendor :wolfSSL I-CUBE-wolfSSH 1.4.20
2025-09-09 12:09:26,385 [INFO] ThirdParty:1030 - CMSIS Pack Vendor :STMicroelectronics X-CUBE-NFC7 2.0.0
2025-09-09 12:09:26,385 [INFO] ThirdParty:1030 - CMSIS Pack Vendor :STMicroelectronics X-CUBE-TCPP 4.2.0
2025-09-09 12:09:26,385 [INFO] ThirdParty:1030 - CMSIS Pack Vendor :RealThread X-CUBE-RT-Thread_Nano 4.1.1
2025-09-09 12:09:26,385 [INFO] ThirdParty:1030 - CMSIS Pack Vendor :STMicroelectronics FP-ATR-SIGFOX1 3.2.0
2025-09-09 12:09:26,385 [INFO] ThirdParty:1030 - CMSIS Pack Vendor :STMicroelectronics X-CUBE-NFC10 1.0.0
2025-09-09 12:09:26,385 [INFO] ThirdParty:1030 - CMSIS Pack Vendor :STMicroelectronics X-CUBE-FREERTOS 1.3.1
2025-09-09 12:09:26,385 [INFO] ThirdParty:1030 - CMSIS Pack Vendor :STMicroelectronics HAL Drivers 0.0.0
2025-09-09 12:09:26,385 [INFO] ThirdParty:1030 - CMSIS Pack Vendor :STMicroelectronics MBEDTLS 2.16.2
2025-09-09 12:09:26,385 [INFO] ThirdParty:1030 - CMSIS Pack Vendor :STMicroelectronics X-CUBE-IPS 3.1.0
2025-09-09 12:09:26,385 [INFO] ThirdParty:1030 - CMSIS Pack Vendor :STMicroelectronics X-CUBE-ALS 1.0.2
2025-09-09 12:09:26,385 [INFO] ThirdParty:1030 - CMSIS Pack Vendor :emotas I-CUBE-CANOPEN 1.3.0
2025-09-09 12:09:26,385 [INFO] ThirdParty:1030 - CMSIS Pack Vendor :STMicroelectronics MBEDTLS 2.14.1
2025-09-09 12:09:26,385 [INFO] ThirdParty:1030 - CMSIS Pack Vendor :ITTIA_DB I-CUBE-ITTIADB 8.9.0
2025-09-09 12:09:26,385 [INFO] ThirdParty:1030 - CMSIS Pack Vendor :STMicroelectronics X-CUBE-STSE01 1.0.0
2025-09-09 12:09:26,386 [INFO] ThirdParty:1030 - CMSIS Pack Vendor :portGmbH I-Cube-SoM-uGOAL 1.1.0
2025-09-09 12:09:26,386 [INFO] ThirdParty:1030 - CMSIS Pack Vendor :STMicroelectronics X-CUBE-ST67W61 1.0.0
2025-09-09 12:09:26,386 [INFO] ThirdParty:1030 - CMSIS Pack Vendor :STMicroelectronics FP-SNS-STBOX1 2.1.0
2025-09-09 12:09:26,386 [INFO] ThirdParty:1030 - CMSIS Pack Vendor :STMicroelectronics X-CUBE-AI 10.2.0
2025-09-09 12:09:26,386 [INFO] ThirdParty:1030 - CMSIS Pack Vendor :STMicroelectronics ThreadX 1.0.0
2025-09-09 12:09:26,386 [INFO] ThirdParty:1030 - CMSIS Pack Vendor :STMicroelectronics FP-SNS-SMARTAG2 1.2.0
2025-09-09 12:09:26,386 [INFO] ThirdParty:1030 - CMSIS Pack Vendor :STMicroelectronics FP-SNS-FLIGHT1 5.1.0
2025-09-09 12:09:26,386 [INFO] ThirdParty:1030 - CMSIS Pack Vendor :STMicroelectronics X-CUBE-AZRTOS-WL 2.0.0
2025-09-09 12:09:26,386 [INFO] ThirdParty:1030 - CMSIS Pack Vendor :SEGGER I-CUBE-embOS 1.3.1
2025-09-09 12:09:26,386 [INFO] ThirdParty:1030 - CMSIS Pack Vendor :STMicroelectronics X-CUBE-ALGOBUILD 1.4.0
2025-09-09 12:09:26,386 [INFO] ThirdParty:1030 - CMSIS Pack Vendor :STMicroelectronics X-CUBE-DPower 1.3.0
2025-09-09 12:09:26,386 [INFO] ThirdParty:1030 - CMSIS Pack Vendor :STMicroelectronics X-CUBE-MEMS1 11.3.0
2025-09-09 12:09:26,386 [INFO] ThirdParty:1030 - CMSIS Pack Vendor :STMicroelectronics FP-SNS-MOTENV1 5.0.0
2025-09-09 12:09:26,386 [INFO] ThirdParty:1030 - CMSIS Pack Vendor :STMicroelectronics USB_DEVICE 1.0.0
2025-09-09 12:09:26,386 [INFO] ThirdParty:1030 - CMSIS Pack Vendor :STMicroelectronics X-CUBE-AZRTOS-L4 2.0.0
2025-09-09 12:09:26,386 [INFO] ThirdParty:1030 - CMSIS Pack Vendor :STMicroelectronics ThreadX 0.0.2
2025-09-09 12:09:26,386 [INFO] ThirdParty:1030 - CMSIS Pack Vendor :WES I-CUBE-Cesium 1.3.0
2025-09-09 12:09:26,386 [INFO] ThirdParty:1030 - CMSIS Pack Vendor :STMicroelectronics lwIP 2.1.2
2025-09-09 12:09:26,386 [INFO] ThirdParty:1030 - CMSIS Pack Vendor :STMicroelectronics X-CUBE-SFXS2LP1 4.0.0
2025-09-09 12:09:26,386 [INFO] ThirdParty:1030 - CMSIS Pack Vendor :STMicroelectronics X-CUBE-BLE2 3.3.0
2025-09-09 12:09:26,386 [INFO] ThirdParty:1030 - CMSIS Pack Vendor :STMicroelectronics X-CUBE-TOF1 3.4.3
2025-09-09 12:09:26,386 [INFO] ThirdParty:1030 - CMSIS Pack Vendor :STMicroelectronics PDM2PCM 3.2.0
2025-09-09 12:09:26,387 [INFO] ThirdParty:841 - exiting critical section [change project]
2025-09-09 12:09:27,170 [INFO] PinOutPanel:1589 - setPackage(No Configuration,No Configuration)
2025-09-09 12:09:27,171 [INFO] PinOutPanel:1589 - setPackage(STM32F767ZITx,LQFP144)
2025-09-09 12:09:28,004 [INFO] UtilMem:75 - Before build in PCC Used Memory: 669390256 Bytes (1073741824)
2025-09-09 12:09:29,018 [INFO] UtilMem:75 - After build in PCC Used Memory: 752227760 Bytes (1073741824)
2025-09-09 12:09:29,054 [INFO] IPUIPlugin:80 - create IPUIPlugin
2025-09-09 12:09:29,054 [INFO] IPUIPlugin:80 - create IPUIPlugin
2025-09-09 12:09:29,055 [INFO] IPUIPlugin:80 - create IPUIPlugin
2025-09-09 12:09:29,055 [INFO] IPUIPlugin:80 - create IPUIPlugin
2025-09-09 12:09:29,055 [INFO] IPUIPlugin:80 - create IPUIPlugin
2025-09-09 12:09:29,055 [INFO] IPUIPlugin:80 - create IPUIPlugin
2025-09-09 12:09:29,055 [INFO] IPUIPlugin:80 - create IPUIPlugin
2025-09-09 12:09:29,055 [INFO] IPUIPlugin:80 - create IPUIPlugin
2025-09-09 12:09:29,055 [INFO] IPUIPlugin:80 - create IPUIPlugin
2025-09-09 12:09:29,055 [INFO] IPUIPlugin:80 - create IPUIPlugin
2025-09-09 12:09:29,055 [INFO] IPUIPlugin:80 - create IPUIPlugin
2025-09-09 12:09:29,055 [INFO] IPUIPlugin:80 - create IPUIPlugin
2025-09-09 12:09:29,056 [INFO] IPUIPlugin:80 - create IPUIPlugin
2025-09-09 12:09:29,056 [INFO] IPUIPlugin:80 - create IPUIPlugin
2025-09-09 12:09:29,056 [INFO] IPUIPlugin:80 - create IPUIPlugin
2025-09-09 12:09:29,056 [INFO] IPUIPlugin:80 - create IPUIPlugin
2025-09-09 12:09:29,056 [INFO] IPUIPlugin:80 - create IPUIPlugin
2025-09-09 12:09:29,056 [INFO] IPUIPlugin:80 - create IPUIPlugin
2025-09-09 12:09:29,057 [INFO] IPUIPlugin:80 - create IPUIPlugin
2025-09-09 12:09:29,057 [INFO] IPUIPlugin:80 - create IPUIPlugin
2025-09-09 12:09:29,057 [INFO] IPUIPlugin:80 - create IPUIPlugin
2025-09-09 12:09:29,057 [INFO] IPUIPlugin:80 - create IPUIPlugin
2025-09-09 12:09:29,057 [INFO] IPUIPlugin:80 - create IPUIPlugin
2025-09-09 12:09:29,058 [INFO] IPUIPlugin:80 - create IPUIPlugin
2025-09-09 12:09:29,058 [INFO] IPUIPlugin:80 - create IPUIPlugin
2025-09-09 12:09:29,058 [INFO] IPUIPlugin:80 - create IPUIPlugin
2025-09-09 12:09:29,058 [INFO] IPUIPlugin:80 - create IPUIPlugin
2025-09-09 12:09:29,058 [INFO] IPUIPlugin:80 - create IPUIPlugin
2025-09-09 12:09:29,058 [INFO] IPUIPlugin:80 - create IPUIPlugin
2025-09-09 12:09:29,059 [INFO] IPUIPlugin:80 - create IPUIPlugin
2025-09-09 12:09:29,059 [INFO] IPUIPlugin:80 - create IPUIPlugin
2025-09-09 12:09:29,059 [INFO] IPUIPlugin:80 - create IPUIPlugin
2025-09-09 12:09:29,059 [INFO] IPUIPlugin:80 - create IPUIPlugin
2025-09-09 12:09:29,059 [INFO] IPUIPlugin:80 - create IPUIPlugin
2025-09-09 12:09:29,060 [INFO] IPUIPlugin:80 - create IPUIPlugin
2025-09-09 12:09:29,060 [INFO] IPUIPlugin:80 - create IPUIPlugin
2025-09-09 12:09:29,060 [INFO] IPUIPlugin:80 - create IPUIPlugin
2025-09-09 12:09:29,060 [INFO] IPUIPlugin:80 - create IPUIPlugin
2025-09-09 12:09:29,060 [INFO] IPUIPlugin:80 - create IPUIPlugin
2025-09-09 12:09:29,061 [INFO] IPUIPlugin:80 - create IPUIPlugin
2025-09-09 12:09:29,061 [INFO] IPUIPlugin:80 - create IPUIPlugin
2025-09-09 12:09:29,061 [INFO] IPUIPlugin:80 - create IPUIPlugin
2025-09-09 12:09:29,061 [INFO] IPUIPlugin:80 - create IPUIPlugin
2025-09-09 12:09:29,061 [INFO] IPUIPlugin:80 - create IPUIPlugin
2025-09-09 12:09:29,062 [INFO] IPUIPlugin:80 - create IPUIPlugin
2025-09-09 12:09:29,062 [INFO] IPUIPlugin:80 - create IPUIPlugin
2025-09-09 12:09:29,062 [INFO] IPUIPlugin:80 - create IPUIPlugin
2025-09-09 12:09:29,062 [INFO] IPUIPlugin:80 - create IPUIPlugin
2025-09-09 12:09:29,062 [INFO] IPUIPlugin:80 - create IPUIPlugin
2025-09-09 12:09:29,063 [INFO] IPUIPlugin:80 - create IPUIPlugin
2025-09-09 12:09:29,063 [INFO] IPUIPlugin:80 - create IPUIPlugin
2025-09-09 12:09:29,063 [INFO] IPUIPlugin:80 - create IPUIPlugin
2025-09-09 12:09:29,064 [INFO] IPUIPlugin:80 - create IPUIPlugin
2025-09-09 12:09:29,064 [INFO] IPUIPlugin:80 - create IPUIPlugin
2025-09-09 12:09:29,064 [INFO] IPUIPlugin:80 - create IPUIPlugin
2025-09-09 12:09:29,065 [INFO] IPUIPlugin:80 - create IPUIPlugin
2025-09-09 12:09:29,065 [INFO] IPUIPlugin:80 - create IPUIPlugin
2025-09-09 12:09:29,065 [INFO] IPUIPlugin:80 - create IPUIPlugin
2025-09-09 12:09:29,065 [INFO] IPUIPlugin:80 - create IPUIPlugin
2025-09-09 12:09:29,065 [INFO] IPUIPlugin:80 - create IPUIPlugin
2025-09-09 12:09:29,066 [INFO] IPUIPlugin:80 - create IPUIPlugin
2025-09-09 12:09:29,066 [INFO] IPUIPlugin:80 - create IPUIPlugin
2025-09-09 12:09:29,066 [INFO] IPUIPlugin:80 - create IPUIPlugin
2025-09-09 12:09:29,066 [INFO] IPUIPlugin:80 - create IPUIPlugin
2025-09-09 12:09:29,067 [INFO] IPUIPlugin:80 - create IPUIPlugin
2025-09-09 12:09:29,067 [INFO] IPUIPlugin:80 - create IPUIPlugin
2025-09-09 12:09:29,067 [INFO] IPUIPlugin:80 - create IPUIPlugin
2025-09-09 12:09:29,067 [INFO] IPUIPlugin:80 - create IPUIPlugin
2025-09-09 12:09:29,068 [INFO] IPUIPlugin:80 - create IPUIPlugin
2025-09-09 12:09:29,068 [INFO] IPUIPlugin:80 - create IPUIPlugin
2025-09-09 12:09:29,068 [INFO] IPUIPlugin:80 - create IPUIPlugin
2025-09-09 12:09:29,069 [INFO] IPUIPlugin:80 - create IPUIPlugin
2025-09-09 12:09:29,069 [INFO] IPUIPlugin:80 - create IPUIPlugin
2025-09-09 12:09:29,069 [INFO] IPUIPlugin:80 - create IPUIPlugin
2025-09-09 12:09:29,069 [INFO] IPUIPlugin:80 - create IPUIPlugin
2025-09-09 12:09:29,070 [INFO] IPUIPlugin:80 - create IPUIPlugin
2025-09-09 12:09:29,070 [INFO] IPUIPlugin:80 - create IPUIPlugin
2025-09-09 12:09:29,071 [INFO] IPUIPlugin:80 - create IPUIPlugin
2025-09-09 12:09:29,071 [INFO] IPUIPlugin:80 - create IPUIPlugin
2025-09-09 12:09:29,170 [INFO] ApiDbMcu:532 - Load IP Config File for PDM2PCM
2025-09-09 12:09:29,449 [INFO] CADModel:165 - CPN selected for project levelSTM32F767ZIT6
2025-09-09 12:09:29,449 [INFO] CADModel:114 - Register for checkConnection events
2025-09-09 12:09:29,502 [INFO] OpenFileManager:386 - Restore cursor
2025-09-09 12:09:48,085 [INFO] ADCParametersView:116 -                Rank 1 : false
2025-09-09 12:09:48,086 [INFO] ADCParametersView:116 -                Rank 1 : false
2025-09-09 12:09:48,087 [INFO] ADCParametersView:116 -                Rank 2 : false
2025-09-09 12:09:48,089 [INFO] ADCParametersView:116 -                Rank 1 : false
2025-09-09 12:09:48,089 [INFO] ADCParametersView:116 -                Rank 2 : false
2025-09-09 12:09:48,089 [INFO] ADCParametersView:116 -                Rank 3 : false
2025-09-09 12:09:48,090 [INFO] ADCParametersView:116 -                Rank 1 : false
2025-09-09 12:09:48,090 [INFO] ADCParametersView:116 -                Rank 2 : false
2025-09-09 12:09:48,090 [INFO] ADCParametersView:116 -                Rank 3 : false
2025-09-09 12:09:48,090 [INFO] ADCParametersView:116 -                Rank 4 : false
2025-09-09 12:09:48,091 [INFO] ADCParametersView:116 -                Rank 1 : false
2025-09-09 12:09:48,091 [INFO] ADCParametersView:116 -                Rank 2 : false
2025-09-09 12:09:48,091 [INFO] ADCParametersView:116 -                Rank 3 : false
2025-09-09 12:09:48,091 [INFO] ADCParametersView:116 -                Rank 4 : false
2025-09-09 12:09:48,091 [INFO] ADCParametersView:116 -                Rank 5 : false
2025-09-09 12:09:48,093 [INFO] ADCParametersView:116 -                Rank 1 : false
2025-09-09 12:09:48,093 [INFO] ADCParametersView:116 -                Rank 2 : false
2025-09-09 12:09:48,094 [INFO] ADCParametersView:116 -                Rank 3 : false
2025-09-09 12:09:48,094 [INFO] ADCParametersView:116 -                Rank 4 : false
2025-09-09 12:09:48,094 [INFO] ADCParametersView:116 -                Rank 5 : false
2025-09-09 12:09:48,094 [INFO] ADCParametersView:116 -                Rank 6 : false
2025-09-09 12:09:48,095 [INFO] ADCParametersView:116 -                Rank 1 : false
2025-09-09 12:09:48,095 [INFO] ADCParametersView:116 -                Rank 2 : false
2025-09-09 12:09:48,096 [INFO] ADCParametersView:116 -                Rank 3 : false
2025-09-09 12:09:48,096 [INFO] ADCParametersView:116 -                Rank 4 : false
2025-09-09 12:09:48,096 [INFO] ADCParametersView:116 -                Rank 5 : false
2025-09-09 12:09:48,096 [INFO] ADCParametersView:116 -                Rank 6 : false
2025-09-09 12:09:48,096 [INFO] ADCParametersView:116 -                Rank 7 : false
2025-09-09 12:09:48,097 [INFO] ADCParametersView:116 -                Rank 1 : false
2025-09-09 12:09:48,097 [INFO] ADCParametersView:116 -                Rank 2 : false
2025-09-09 12:09:48,097 [INFO] ADCParametersView:116 -                Rank 3 : false
2025-09-09 12:09:48,097 [INFO] ADCParametersView:116 -                Rank 4 : false
2025-09-09 12:09:48,097 [INFO] ADCParametersView:116 -                Rank 5 : false
2025-09-09 12:09:48,097 [INFO] ADCParametersView:116 -                Rank 6 : false
2025-09-09 12:09:48,097 [INFO] ADCParametersView:116 -                Rank 7 : false
2025-09-09 12:09:48,097 [INFO] ADCParametersView:116 -                Rank 8 : false
2025-09-09 12:09:48,289 [INFO] ADCParametersView:116 -                Rank 1 : false
2025-09-09 12:09:48,289 [INFO] ADCParametersView:116 -                Rank 2 : false
2025-09-09 12:09:48,289 [INFO] ADCParametersView:116 -                Rank 3 : false
2025-09-09 12:09:48,289 [INFO] ADCParametersView:116 -                Rank 4 : false
2025-09-09 12:09:48,289 [INFO] ADCParametersView:116 -                Rank 5 : false
2025-09-09 12:09:48,289 [INFO] ADCParametersView:116 -                Rank 6 : false
2025-09-09 12:09:48,289 [INFO] ADCParametersView:116 -                Rank 7 : false
2025-09-09 12:09:48,289 [INFO] ADCParametersView:116 -                Rank 8 : false
2025-09-09 12:09:48,290 [INFO] ADCParametersView:116 -                Rank 1 : false
2025-09-09 12:09:48,290 [INFO] ADCParametersView:116 -                Rank 2 : false
2025-09-09 12:09:48,290 [INFO] ADCParametersView:116 -                Rank 3 : false
2025-09-09 12:09:48,290 [INFO] ADCParametersView:116 -                Rank 4 : false
2025-09-09 12:09:48,290 [INFO] ADCParametersView:116 -                Rank 5 : false
2025-09-09 12:09:48,290 [INFO] ADCParametersView:116 -                Rank 6 : false
2025-09-09 12:09:48,290 [INFO] ADCParametersView:116 -                Rank 7 : false
2025-09-09 12:09:48,291 [INFO] ADCParametersView:116 -                Rank 8 : false
2025-09-09 12:09:48,291 [INFO] ADCParametersView:116 -                Rank 1 : false
2025-09-09 12:09:48,291 [INFO] ADCParametersView:116 -                Rank 2 : false
2025-09-09 12:09:48,291 [INFO] ADCParametersView:116 -                Rank 3 : false
2025-09-09 12:09:48,291 [INFO] ADCParametersView:116 -                Rank 4 : false
2025-09-09 12:09:48,291 [INFO] ADCParametersView:116 -                Rank 5 : false
2025-09-09 12:09:48,291 [INFO] ADCParametersView:116 -                Rank 6 : false
2025-09-09 12:09:48,291 [INFO] ADCParametersView:116 -                Rank 7 : false
2025-09-09 12:09:48,292 [INFO] ADCParametersView:116 -                Rank 8 : false
2025-09-09 12:09:48,292 [INFO] ADCParametersView:116 -                Rank 1 : false
2025-09-09 12:09:48,292 [INFO] ADCParametersView:116 -                Rank 2 : false
2025-09-09 12:09:48,292 [INFO] ADCParametersView:116 -                Rank 3 : false
2025-09-09 12:09:48,292 [INFO] ADCParametersView:116 -                Rank 4 : false
2025-09-09 12:09:48,292 [INFO] ADCParametersView:116 -                Rank 5 : false
2025-09-09 12:09:48,292 [INFO] ADCParametersView:116 -                Rank 6 : false
2025-09-09 12:09:48,293 [INFO] ADCParametersView:116 -                Rank 7 : false
2025-09-09 12:09:48,293 [INFO] ADCParametersView:116 -                Rank 8 : false
2025-09-09 12:09:48,293 [INFO] ADCParametersView:116 -                Rank 1 : false
2025-09-09 12:09:48,293 [INFO] ADCParametersView:116 -                Rank 2 : false
2025-09-09 12:09:48,293 [INFO] ADCParametersView:116 -                Rank 3 : false
2025-09-09 12:09:48,294 [INFO] ADCParametersView:116 -                Rank 4 : false
2025-09-09 12:09:48,294 [INFO] ADCParametersView:116 -                Rank 5 : false
2025-09-09 12:09:48,294 [INFO] ADCParametersView:116 -                Rank 6 : false
2025-09-09 12:09:48,294 [INFO] ADCParametersView:116 -                Rank 7 : false
2025-09-09 12:09:48,294 [INFO] ADCParametersView:116 -                Rank 8 : false
2025-09-09 12:09:48,294 [INFO] ADCParametersView:116 -                Rank 1 : false
2025-09-09 12:09:48,295 [INFO] ADCParametersView:116 -                Rank 2 : false
2025-09-09 12:09:48,295 [INFO] ADCParametersView:116 -                Rank 3 : false
2025-09-09 12:09:48,295 [INFO] ADCParametersView:116 -                Rank 4 : false
2025-09-09 12:09:48,295 [INFO] ADCParametersView:116 -                Rank 5 : false
2025-09-09 12:09:48,295 [INFO] ADCParametersView:116 -                Rank 6 : false
2025-09-09 12:09:48,295 [INFO] ADCParametersView:116 -                Rank 7 : false
2025-09-09 12:09:48,295 [INFO] ADCParametersView:116 -                Rank 8 : false
2025-09-09 12:09:48,295 [INFO] ADCParametersView:116 -                Rank 1 : false
2025-09-09 12:09:48,295 [INFO] ADCParametersView:116 -                Rank 2 : false
2025-09-09 12:09:48,295 [INFO] ADCParametersView:116 -                Rank 3 : false
2025-09-09 12:09:48,295 [INFO] ADCParametersView:116 -                Rank 4 : false
2025-09-09 12:09:48,295 [INFO] ADCParametersView:116 -                Rank 5 : false
2025-09-09 12:09:48,295 [INFO] ADCParametersView:116 -                Rank 6 : false
2025-09-09 12:09:48,296 [INFO] ADCParametersView:116 -                Rank 7 : false
2025-09-09 12:09:48,296 [INFO] ADCParametersView:116 -                Rank 8 : false
2025-09-09 12:09:48,296 [INFO] ADCParametersView:116 -                Rank 1 : false
2025-09-09 12:09:48,296 [INFO] ADCParametersView:116 -                Rank 2 : false
2025-09-09 12:09:48,296 [INFO] ADCParametersView:116 -                Rank 3 : false
2025-09-09 12:09:48,296 [INFO] ADCParametersView:116 -                Rank 4 : false
2025-09-09 12:09:48,296 [INFO] ADCParametersView:116 -                Rank 5 : false
2025-09-09 12:09:48,296 [INFO] ADCParametersView:116 -                Rank 6 : false
2025-09-09 12:09:48,296 [INFO] ADCParametersView:116 -                Rank 7 : false
2025-09-09 12:09:48,296 [INFO] ADCParametersView:116 -                Rank 8 : false
2025-09-09 12:09:48,297 [INFO] ADCParametersView:116 -                Rank 1 : false
2025-09-09 12:09:48,297 [INFO] ADCParametersView:116 -                Rank 2 : false
2025-09-09 12:09:48,297 [INFO] ADCParametersView:116 -                Rank 3 : false
2025-09-09 12:09:48,297 [INFO] ADCParametersView:116 -                Rank 4 : false
2025-09-09 12:09:48,297 [INFO] ADCParametersView:116 -                Rank 5 : false
2025-09-09 12:09:48,297 [INFO] ADCParametersView:116 -                Rank 6 : false
2025-09-09 12:09:48,297 [INFO] ADCParametersView:116 -                Rank 7 : false
2025-09-09 12:09:48,297 [INFO] ADCParametersView:116 -                Rank 8 : false
2025-09-09 12:09:48,297 [INFO] ADCParametersView:116 -                Rank 1 : false
2025-09-09 12:09:48,297 [INFO] ADCParametersView:116 -                Rank 2 : false
2025-09-09 12:09:48,298 [INFO] ADCParametersView:116 -                Rank 3 : false
2025-09-09 12:09:48,298 [INFO] ADCParametersView:116 -                Rank 4 : false
2025-09-09 12:09:48,298 [INFO] ADCParametersView:116 -                Rank 5 : false
2025-09-09 12:09:48,298 [INFO] ADCParametersView:116 -                Rank 6 : false
2025-09-09 12:09:48,298 [INFO] ADCParametersView:116 -                Rank 7 : false
2025-09-09 12:09:48,298 [INFO] ADCParametersView:116 -                Rank 8 : false
2025-09-09 12:09:48,298 [INFO] ADCParametersView:116 -                Rank 1 : false
2025-09-09 12:09:48,298 [INFO] ADCParametersView:116 -                Rank 2 : false
2025-09-09 12:09:48,298 [INFO] ADCParametersView:116 -                Rank 3 : false
2025-09-09 12:09:48,298 [INFO] ADCParametersView:116 -                Rank 4 : false
2025-09-09 12:09:48,298 [INFO] ADCParametersView:116 -                Rank 5 : false
2025-09-09 12:09:48,298 [INFO] ADCParametersView:116 -                Rank 6 : false
2025-09-09 12:09:48,298 [INFO] ADCParametersView:116 -                Rank 7 : false
2025-09-09 12:09:48,298 [INFO] ADCParametersView:116 -                Rank 8 : false
2025-09-09 12:09:48,299 [INFO] ADCParametersView:116 -                Rank 1 : false
2025-09-09 12:09:48,299 [INFO] ADCParametersView:116 -                Rank 2 : false
2025-09-09 12:09:48,299 [INFO] ADCParametersView:116 -                Rank 3 : false
2025-09-09 12:09:48,299 [INFO] ADCParametersView:116 -                Rank 4 : false
2025-09-09 12:09:48,299 [INFO] ADCParametersView:116 -                Rank 5 : false
2025-09-09 12:09:48,299 [INFO] ADCParametersView:116 -                Rank 6 : false
2025-09-09 12:09:48,299 [INFO] ADCParametersView:116 -                Rank 7 : false
2025-09-09 12:09:48,299 [INFO] ADCParametersView:116 -                Rank 8 : false
2025-09-09 12:09:48,299 [INFO] ADCParametersView:116 -                Rank 1 : false
2025-09-09 12:09:48,300 [INFO] ADCParametersView:116 -                Rank 2 : false
2025-09-09 12:09:48,300 [INFO] ADCParametersView:116 -                Rank 3 : false
2025-09-09 12:09:48,300 [INFO] ADCParametersView:116 -                Rank 4 : false
2025-09-09 12:09:48,300 [INFO] ADCParametersView:116 -                Rank 5 : false
2025-09-09 12:09:48,300 [INFO] ADCParametersView:116 -                Rank 6 : false
2025-09-09 12:09:48,300 [INFO] ADCParametersView:116 -                Rank 7 : false
2025-09-09 12:09:48,300 [INFO] ADCParametersView:116 -                Rank 8 : false
2025-09-09 12:09:48,300 [INFO] ADCParametersView:116 -                Rank 1 : false
2025-09-09 12:09:48,300 [INFO] ADCParametersView:116 -                Rank 2 : false
2025-09-09 12:09:48,300 [INFO] ADCParametersView:116 -                Rank 3 : false
2025-09-09 12:09:48,301 [INFO] ADCParametersView:116 -                Rank 4 : false
2025-09-09 12:09:48,301 [INFO] ADCParametersView:116 -                Rank 5 : false
2025-09-09 12:09:48,301 [INFO] ADCParametersView:116 -                Rank 6 : false
2025-09-09 12:09:48,301 [INFO] ADCParametersView:116 -                Rank 7 : false
2025-09-09 12:09:48,301 [INFO] ADCParametersView:116 -                Rank 8 : false
2025-09-09 12:09:48,301 [INFO] ADCParametersView:116 -                Rank 2 : false
2025-09-09 12:09:48,301 [INFO] ADCParametersView:116 -                Rank 3 : false
2025-09-09 12:09:48,301 [INFO] ADCParametersView:116 -                Rank 4 : false
2025-09-09 12:09:48,301 [INFO] ADCParametersView:116 -                Rank 5 : false
2025-09-09 12:09:48,301 [INFO] ADCParametersView:116 -                Rank 6 : false
2025-09-09 12:09:48,301 [INFO] ADCParametersView:116 -                Rank 7 : false
2025-09-09 12:09:48,301 [INFO] ADCParametersView:116 -                Rank 8 : false
2025-09-09 12:09:48,301 [INFO] ADCParametersView:116 -                Rank 3 : false
2025-09-09 12:09:48,301 [INFO] ADCParametersView:116 -                Rank 4 : false
2025-09-09 12:09:48,302 [INFO] ADCParametersView:116 -                Rank 5 : false
2025-09-09 12:09:48,302 [INFO] ADCParametersView:116 -                Rank 6 : false
2025-09-09 12:09:48,302 [INFO] ADCParametersView:116 -                Rank 7 : false
2025-09-09 12:09:48,302 [INFO] ADCParametersView:116 -                Rank 8 : false
2025-09-09 12:09:48,302 [INFO] ADCParametersView:116 -                Rank 4 : false
2025-09-09 12:09:48,302 [INFO] ADCParametersView:116 -                Rank 5 : false
2025-09-09 12:09:48,302 [INFO] ADCParametersView:116 -                Rank 6 : false
2025-09-09 12:09:48,302 [INFO] ADCParametersView:116 -                Rank 7 : false
2025-09-09 12:09:48,302 [INFO] ADCParametersView:116 -                Rank 8 : false
2025-09-09 12:09:48,302 [INFO] ADCParametersView:116 -                Rank 5 : false
2025-09-09 12:09:48,302 [INFO] ADCParametersView:116 -                Rank 6 : false
2025-09-09 12:09:48,302 [INFO] ADCParametersView:116 -                Rank 7 : false
2025-09-09 12:09:48,302 [INFO] ADCParametersView:116 -                Rank 8 : false
2025-09-09 12:09:48,302 [INFO] ADCParametersView:116 -                Rank 6 : false
2025-09-09 12:09:48,302 [INFO] ADCParametersView:116 -                Rank 7 : false
2025-09-09 12:09:48,302 [INFO] ADCParametersView:116 -                Rank 8 : false
2025-09-09 12:09:48,303 [INFO] ADCParametersView:116 -                Rank 7 : false
2025-09-09 12:09:48,303 [INFO] ADCParametersView:116 -                Rank 8 : false
2025-09-09 12:09:48,303 [INFO] ADCParametersView:116 -                Rank 8 : false
2025-09-09 12:09:48,380 [INFO] ADCParametersView:116 -                Rank 1 : false
2025-09-09 12:09:48,380 [INFO] ADCParametersView:116 -                Rank 1 : false
2025-09-09 12:09:48,380 [INFO] ADCParametersView:116 -                Rank 2 : false
2025-09-09 12:09:48,380 [INFO] ADCParametersView:116 -                Rank 1 : false
2025-09-09 12:09:48,380 [INFO] ADCParametersView:116 -                Rank 2 : false
2025-09-09 12:09:48,381 [INFO] ADCParametersView:116 -                Rank 3 : false
2025-09-09 12:09:48,381 [INFO] ADCParametersView:116 -                Rank 1 : false
2025-09-09 12:09:48,381 [INFO] ADCParametersView:116 -                Rank 2 : false
2025-09-09 12:09:48,381 [INFO] ADCParametersView:116 -                Rank 3 : false
2025-09-09 12:09:48,381 [INFO] ADCParametersView:116 -                Rank 4 : false
2025-09-09 12:09:48,381 [INFO] ADCParametersView:116 -                Rank 1 : false
2025-09-09 12:09:48,381 [INFO] ADCParametersView:116 -                Rank 2 : false
2025-09-09 12:09:48,381 [INFO] ADCParametersView:116 -                Rank 3 : false
2025-09-09 12:09:48,381 [INFO] ADCParametersView:116 -                Rank 4 : false
2025-09-09 12:09:48,382 [INFO] ADCParametersView:116 -                Rank 5 : false
2025-09-09 12:09:48,382 [INFO] ADCParametersView:116 -                Rank 1 : false
2025-09-09 12:09:48,383 [INFO] ADCParametersView:116 -                Rank 2 : false
2025-09-09 12:09:48,383 [INFO] ADCParametersView:116 -                Rank 3 : false
2025-09-09 12:09:48,383 [INFO] ADCParametersView:116 -                Rank 4 : false
2025-09-09 12:09:48,383 [INFO] ADCParametersView:116 -                Rank 5 : false
2025-09-09 12:09:48,383 [INFO] ADCParametersView:116 -                Rank 6 : false
2025-09-09 12:09:48,384 [INFO] ADCParametersView:116 -                Rank 1 : false
2025-09-09 12:09:48,384 [INFO] ADCParametersView:116 -                Rank 2 : false
2025-09-09 12:09:48,384 [INFO] ADCParametersView:116 -                Rank 3 : false
2025-09-09 12:09:48,384 [INFO] ADCParametersView:116 -                Rank 4 : false
2025-09-09 12:09:48,384 [INFO] ADCParametersView:116 -                Rank 5 : false
2025-09-09 12:09:48,384 [INFO] ADCParametersView:116 -                Rank 6 : false
2025-09-09 12:09:48,384 [INFO] ADCParametersView:116 -                Rank 7 : false
2025-09-09 12:09:48,385 [INFO] ADCParametersView:116 -                Rank 1 : false
2025-09-09 12:09:48,385 [INFO] ADCParametersView:116 -                Rank 2 : false
2025-09-09 12:09:48,385 [INFO] ADCParametersView:116 -                Rank 3 : false
2025-09-09 12:09:48,385 [INFO] ADCParametersView:116 -                Rank 4 : false
2025-09-09 12:09:48,385 [INFO] ADCParametersView:116 -                Rank 5 : false
2025-09-09 12:09:48,386 [INFO] ADCParametersView:116 -                Rank 6 : false
2025-09-09 12:09:48,386 [INFO] ADCParametersView:116 -                Rank 7 : false
2025-09-09 12:09:48,386 [INFO] ADCParametersView:116 -                Rank 8 : false
2025-09-09 12:10:05,654 [INFO] ADCParametersView:116 -                Rank 1 : true
2025-09-09 12:10:05,654 [INFO] ADCParametersView:116 -                Rank 2 : false
2025-09-09 12:10:05,654 [INFO] ADCParametersView:116 -                Rank 3 : false
2025-09-09 12:10:05,654 [INFO] ADCParametersView:116 -                Rank 4 : false
2025-09-09 12:10:05,654 [INFO] ADCParametersView:116 -                Rank 5 : false
2025-09-09 12:10:05,654 [INFO] ADCParametersView:116 -                Rank 6 : false
2025-09-09 12:10:05,654 [INFO] ADCParametersView:116 -                Rank 7 : false
2025-09-09 12:10:05,654 [INFO] ADCParametersView:116 -                Rank 8 : false
2025-09-09 12:10:07,879 [INFO] ADCParametersView:116 -                Rank 1 : true
2025-09-09 12:10:07,879 [INFO] ADCParametersView:116 -                Rank 2 : true
2025-09-09 12:10:07,880 [INFO] ADCParametersView:116 -                Rank 3 : false
2025-09-09 12:10:07,880 [INFO] ADCParametersView:116 -                Rank 4 : false
2025-09-09 12:10:07,880 [INFO] ADCParametersView:116 -                Rank 5 : false
2025-09-09 12:10:07,880 [INFO] ADCParametersView:116 -                Rank 6 : false
2025-09-09 12:10:07,880 [INFO] ADCParametersView:116 -                Rank 7 : false
2025-09-09 12:10:07,880 [INFO] ADCParametersView:116 -                Rank 8 : false
2025-09-09 12:10:09,849 [INFO] ADCParametersView:116 -                Rank 1 : true
2025-09-09 12:10:09,849 [INFO] ADCParametersView:116 -                Rank 2 : true
2025-09-09 12:10:09,849 [INFO] ADCParametersView:116 -                Rank 3 : true
2025-09-09 12:10:09,849 [INFO] ADCParametersView:116 -                Rank 4 : false
2025-09-09 12:10:09,849 [INFO] ADCParametersView:116 -                Rank 5 : false
2025-09-09 12:10:09,849 [INFO] ADCParametersView:116 -                Rank 6 : false
2025-09-09 12:10:09,850 [INFO] ADCParametersView:116 -                Rank 7 : false
2025-09-09 12:10:09,850 [INFO] ADCParametersView:116 -                Rank 8 : false
2025-09-09 12:10:11,225 [INFO] ADCParametersView:116 -                Rank 1 : true
2025-09-09 12:10:11,225 [INFO] ADCParametersView:116 -                Rank 2 : true
2025-09-09 12:10:11,225 [INFO] ADCParametersView:116 -                Rank 3 : true
2025-09-09 12:10:11,226 [INFO] ADCParametersView:116 -                Rank 4 : true
2025-09-09 12:10:11,226 [INFO] ADCParametersView:116 -                Rank 5 : false
2025-09-09 12:10:11,226 [INFO] ADCParametersView:116 -                Rank 6 : false
2025-09-09 12:10:11,226 [INFO] ADCParametersView:116 -                Rank 7 : false
2025-09-09 12:10:11,226 [INFO] ADCParametersView:116 -                Rank 8 : false
2025-09-09 12:10:13,080 [INFO] ADCParametersView:116 -                Rank 1 : true
2025-09-09 12:10:13,080 [INFO] ADCParametersView:116 -                Rank 2 : true
2025-09-09 12:10:13,080 [INFO] ADCParametersView:116 -                Rank 3 : true
2025-09-09 12:10:13,080 [INFO] ADCParametersView:116 -                Rank 4 : true
2025-09-09 12:10:13,080 [INFO] ADCParametersView:116 -                Rank 5 : true
2025-09-09 12:10:13,080 [INFO] ADCParametersView:116 -                Rank 6 : false
2025-09-09 12:10:13,080 [INFO] ADCParametersView:116 -                Rank 7 : false
2025-09-09 12:10:13,080 [INFO] ADCParametersView:116 -                Rank 8 : false
2025-09-09 12:10:14,800 [INFO] ADCParametersView:116 -                Rank 1 : true
2025-09-09 12:10:14,801 [INFO] ADCParametersView:116 -                Rank 2 : true
2025-09-09 12:10:14,801 [INFO] ADCParametersView:116 -                Rank 3 : true
2025-09-09 12:10:14,801 [INFO] ADCParametersView:116 -                Rank 4 : true
2025-09-09 12:10:14,801 [INFO] ADCParametersView:116 -                Rank 5 : true
2025-09-09 12:10:14,801 [INFO] ADCParametersView:116 -                Rank 6 : true
2025-09-09 12:10:14,801 [INFO] ADCParametersView:116 -                Rank 7 : false
2025-09-09 12:10:14,801 [INFO] ADCParametersView:116 -                Rank 8 : false
2025-09-09 12:10:16,248 [INFO] ADCParametersView:116 -                Rank 1 : true
2025-09-09 12:10:16,248 [INFO] ADCParametersView:116 -                Rank 2 : true
2025-09-09 12:10:16,248 [INFO] ADCParametersView:116 -                Rank 3 : true
2025-09-09 12:10:16,248 [INFO] ADCParametersView:116 -                Rank 4 : true
2025-09-09 12:10:16,248 [INFO] ADCParametersView:116 -                Rank 5 : true
2025-09-09 12:10:16,249 [INFO] ADCParametersView:116 -                Rank 6 : true
2025-09-09 12:10:16,249 [INFO] ADCParametersView:116 -                Rank 7 : true
2025-09-09 12:10:16,249 [INFO] ADCParametersView:116 -                Rank 8 : false
2025-09-09 12:10:17,534 [INFO] ADCParametersView:116 -                Rank 1 : true
2025-09-09 12:10:17,534 [INFO] ADCParametersView:116 -                Rank 2 : true
2025-09-09 12:10:17,535 [INFO] ADCParametersView:116 -                Rank 3 : true
2025-09-09 12:10:17,535 [INFO] ADCParametersView:116 -                Rank 4 : true
2025-09-09 12:10:17,535 [INFO] ADCParametersView:116 -                Rank 5 : true
2025-09-09 12:10:17,535 [INFO] ADCParametersView:116 -                Rank 6 : true
2025-09-09 12:10:17,535 [INFO] ADCParametersView:116 -                Rank 7 : true
2025-09-09 12:10:17,535 [INFO] ADCParametersView:116 -                Rank 8 : true
2025-09-09 12:10:49,840 [INFO] NvicIntPanel:101 - NVIC parent = com.st.microxplorer.plugins.ip.nvic.MultiNvicIntPanel[,0,0,0x0,invalid,layout=javax.swing.BoxLayout,alignmentX=0.0,alignmentY=0.0,border=,flags=9,maximumSize=,minimumSize=,preferredSize=]
2025-09-09 12:10:49,962 [INFO] ADCParametersView:116 -                Rank 1 : true
2025-09-09 12:10:49,963 [INFO] ADCParametersView:116 -                Rank 2 : true
2025-09-09 12:10:49,963 [INFO] ADCParametersView:116 -                Rank 3 : true
2025-09-09 12:10:49,963 [INFO] ADCParametersView:116 -                Rank 4 : true
2025-09-09 12:10:49,963 [INFO] ADCParametersView:116 -                Rank 5 : true
2025-09-09 12:10:49,963 [INFO] ADCParametersView:116 -                Rank 6 : true
2025-09-09 12:10:49,963 [INFO] ADCParametersView:116 -                Rank 7 : true
2025-09-09 12:10:49,963 [INFO] ADCParametersView:116 -                Rank 8 : true
2025-09-09 12:10:49,966 [INFO] ADCParametersView:116 -                Rank 1 : true
2025-09-09 12:10:49,966 [INFO] ADCParametersView:116 -                Rank 2 : true
2025-09-09 12:10:49,966 [INFO] ADCParametersView:116 -                Rank 3 : true
2025-09-09 12:10:49,966 [INFO] ADCParametersView:116 -                Rank 4 : true
2025-09-09 12:10:49,966 [INFO] ADCParametersView:116 -                Rank 5 : true
2025-09-09 12:10:49,966 [INFO] ADCParametersView:116 -                Rank 6 : true
2025-09-09 12:10:49,966 [INFO] ADCParametersView:116 -                Rank 7 : true
2025-09-09 12:10:49,967 [INFO] ADCParametersView:116 -                Rank 8 : true
2025-09-09 12:10:49,967 [INFO] ADCParametersView:116 -                Rank 1 : true
2025-09-09 12:10:49,967 [INFO] ADCParametersView:116 -                Rank 2 : true
2025-09-09 12:10:49,967 [INFO] ADCParametersView:116 -                Rank 3 : true
2025-09-09 12:10:49,967 [INFO] ADCParametersView:116 -                Rank 4 : true
2025-09-09 12:10:49,967 [INFO] ADCParametersView:116 -                Rank 5 : true
2025-09-09 12:10:49,967 [INFO] ADCParametersView:116 -                Rank 6 : true
2025-09-09 12:10:49,967 [INFO] ADCParametersView:116 -                Rank 7 : true
2025-09-09 12:10:49,967 [INFO] ADCParametersView:116 -                Rank 8 : true
2025-09-09 12:10:49,967 [INFO] ADCParametersView:116 -                Rank 1 : true
2025-09-09 12:10:49,967 [INFO] ADCParametersView:116 -                Rank 2 : true
2025-09-09 12:10:49,967 [INFO] ADCParametersView:116 -                Rank 3 : true
2025-09-09 12:10:49,967 [INFO] ADCParametersView:116 -                Rank 4 : true
2025-09-09 12:10:49,967 [INFO] ADCParametersView:116 -                Rank 5 : true
2025-09-09 12:10:49,967 [INFO] ADCParametersView:116 -                Rank 6 : true
2025-09-09 12:10:49,967 [INFO] ADCParametersView:116 -                Rank 7 : true
2025-09-09 12:10:49,967 [INFO] ADCParametersView:116 -                Rank 8 : true
2025-09-09 12:10:49,968 [INFO] ADCParametersView:116 -                Rank 1 : true
2025-09-09 12:10:49,968 [INFO] ADCParametersView:116 -                Rank 2 : true
2025-09-09 12:10:49,968 [INFO] ADCParametersView:116 -                Rank 3 : true
2025-09-09 12:10:49,968 [INFO] ADCParametersView:116 -                Rank 4 : true
2025-09-09 12:10:49,968 [INFO] ADCParametersView:116 -                Rank 5 : true
2025-09-09 12:10:49,968 [INFO] ADCParametersView:116 -                Rank 6 : true
2025-09-09 12:10:49,968 [INFO] ADCParametersView:116 -                Rank 7 : true
2025-09-09 12:10:49,968 [INFO] ADCParametersView:116 -                Rank 8 : true
2025-09-09 12:10:49,968 [INFO] ADCParametersView:116 -                Rank 1 : true
2025-09-09 12:10:49,968 [INFO] ADCParametersView:116 -                Rank 2 : true
2025-09-09 12:10:49,968 [INFO] ADCParametersView:116 -                Rank 3 : true
2025-09-09 12:10:49,968 [INFO] ADCParametersView:116 -                Rank 4 : true
2025-09-09 12:10:49,968 [INFO] ADCParametersView:116 -                Rank 5 : true
2025-09-09 12:10:49,968 [INFO] ADCParametersView:116 -                Rank 6 : true
2025-09-09 12:10:49,968 [INFO] ADCParametersView:116 -                Rank 7 : true
2025-09-09 12:10:49,968 [INFO] ADCParametersView:116 -                Rank 8 : true
2025-09-09 12:10:49,968 [INFO] ADCParametersView:116 -                Rank 1 : true
2025-09-09 12:10:49,969 [INFO] ADCParametersView:116 -                Rank 2 : true
2025-09-09 12:10:49,969 [INFO] ADCParametersView:116 -                Rank 3 : true
2025-09-09 12:10:49,969 [INFO] ADCParametersView:116 -                Rank 4 : true
2025-09-09 12:10:49,969 [INFO] ADCParametersView:116 -                Rank 5 : true
2025-09-09 12:10:49,969 [INFO] ADCParametersView:116 -                Rank 6 : true
2025-09-09 12:10:49,969 [INFO] ADCParametersView:116 -                Rank 7 : true
2025-09-09 12:10:49,969 [INFO] ADCParametersView:116 -                Rank 8 : true
2025-09-09 12:10:49,969 [INFO] ADCParametersView:116 -                Rank 1 : true
2025-09-09 12:10:49,969 [INFO] ADCParametersView:116 -                Rank 2 : true
2025-09-09 12:10:49,969 [INFO] ADCParametersView:116 -                Rank 3 : true
2025-09-09 12:10:49,969 [INFO] ADCParametersView:116 -                Rank 4 : true
2025-09-09 12:10:49,969 [INFO] ADCParametersView:116 -                Rank 5 : true
2025-09-09 12:10:49,969 [INFO] ADCParametersView:116 -                Rank 6 : true
2025-09-09 12:10:49,970 [INFO] ADCParametersView:116 -                Rank 7 : true
2025-09-09 12:10:49,970 [INFO] ADCParametersView:116 -                Rank 8 : true
2025-09-09 12:10:49,970 [INFO] ADCParametersView:116 -                Rank 1 : true
2025-09-09 12:10:49,970 [INFO] ADCParametersView:116 -                Rank 2 : true
2025-09-09 12:10:49,970 [INFO] ADCParametersView:116 -                Rank 3 : true
2025-09-09 12:10:49,970 [INFO] ADCParametersView:116 -                Rank 4 : true
2025-09-09 12:10:49,970 [INFO] ADCParametersView:116 -                Rank 5 : true
2025-09-09 12:10:49,970 [INFO] ADCParametersView:116 -                Rank 6 : true
2025-09-09 12:10:49,970 [INFO] ADCParametersView:116 -                Rank 7 : true
2025-09-09 12:10:49,971 [INFO] ADCParametersView:116 -                Rank 8 : true
2025-09-09 12:10:49,971 [INFO] ADCParametersView:116 -                Rank 1 : true
2025-09-09 12:10:49,971 [INFO] ADCParametersView:116 -                Rank 2 : true
2025-09-09 12:10:49,971 [INFO] ADCParametersView:116 -                Rank 3 : true
2025-09-09 12:10:49,971 [INFO] ADCParametersView:116 -                Rank 4 : true
2025-09-09 12:10:49,971 [INFO] ADCParametersView:116 -                Rank 5 : true
2025-09-09 12:10:49,971 [INFO] ADCParametersView:116 -                Rank 6 : true
2025-09-09 12:10:49,971 [INFO] ADCParametersView:116 -                Rank 7 : true
2025-09-09 12:10:49,971 [INFO] ADCParametersView:116 -                Rank 8 : true
2025-09-09 12:10:49,972 [INFO] ADCParametersView:116 -                Rank 1 : true
2025-09-09 12:10:49,972 [INFO] ADCParametersView:116 -                Rank 2 : true
2025-09-09 12:10:49,972 [INFO] ADCParametersView:116 -                Rank 3 : true
2025-09-09 12:10:49,972 [INFO] ADCParametersView:116 -                Rank 4 : true
2025-09-09 12:10:49,972 [INFO] ADCParametersView:116 -                Rank 5 : true
2025-09-09 12:10:49,972 [INFO] ADCParametersView:116 -                Rank 6 : true
2025-09-09 12:10:49,972 [INFO] ADCParametersView:116 -                Rank 7 : true
2025-09-09 12:10:49,972 [INFO] ADCParametersView:116 -                Rank 8 : true
2025-09-09 12:10:49,972 [INFO] ADCParametersView:116 -                Rank 1 : true
2025-09-09 12:10:49,973 [INFO] ADCParametersView:116 -                Rank 2 : true
2025-09-09 12:10:49,973 [INFO] ADCParametersView:116 -                Rank 3 : true
2025-09-09 12:10:49,973 [INFO] ADCParametersView:116 -                Rank 4 : true
2025-09-09 12:10:49,973 [INFO] ADCParametersView:116 -                Rank 5 : true
2025-09-09 12:10:49,973 [INFO] ADCParametersView:116 -                Rank 6 : true
2025-09-09 12:10:49,973 [INFO] ADCParametersView:116 -                Rank 7 : true
2025-09-09 12:10:49,973 [INFO] ADCParametersView:116 -                Rank 8 : true
2025-09-09 12:10:49,973 [INFO] ADCParametersView:116 -                Rank 1 : true
2025-09-09 12:10:49,973 [INFO] ADCParametersView:116 -                Rank 2 : true
2025-09-09 12:10:49,973 [INFO] ADCParametersView:116 -                Rank 3 : true
2025-09-09 12:10:49,973 [INFO] ADCParametersView:116 -                Rank 4 : true
2025-09-09 12:10:49,973 [INFO] ADCParametersView:116 -                Rank 5 : true
2025-09-09 12:10:49,974 [INFO] ADCParametersView:116 -                Rank 6 : true
2025-09-09 12:10:49,974 [INFO] ADCParametersView:116 -                Rank 7 : true
2025-09-09 12:10:49,974 [INFO] ADCParametersView:116 -                Rank 8 : true
2025-09-09 12:10:49,974 [INFO] ADCParametersView:116 -                Rank 1 : true
2025-09-09 12:10:49,974 [INFO] ADCParametersView:116 -                Rank 2 : true
2025-09-09 12:10:49,974 [INFO] ADCParametersView:116 -                Rank 3 : true
2025-09-09 12:10:49,974 [INFO] ADCParametersView:116 -                Rank 4 : true
2025-09-09 12:10:49,974 [INFO] ADCParametersView:116 -                Rank 5 : true
2025-09-09 12:10:49,974 [INFO] ADCParametersView:116 -                Rank 6 : true
2025-09-09 12:10:49,974 [INFO] ADCParametersView:116 -                Rank 7 : true
2025-09-09 12:10:49,974 [INFO] ADCParametersView:116 -                Rank 8 : true
2025-09-09 12:10:49,974 [INFO] ADCParametersView:116 -                Rank 2 : true
2025-09-09 12:10:49,975 [INFO] ADCParametersView:116 -                Rank 3 : true
2025-09-09 12:10:49,975 [INFO] ADCParametersView:116 -                Rank 4 : true
2025-09-09 12:10:49,975 [INFO] ADCParametersView:116 -                Rank 5 : true
2025-09-09 12:10:49,975 [INFO] ADCParametersView:116 -                Rank 6 : true
2025-09-09 12:10:49,975 [INFO] ADCParametersView:116 -                Rank 7 : true
2025-09-09 12:10:49,975 [INFO] ADCParametersView:116 -                Rank 8 : true
2025-09-09 12:10:49,975 [INFO] ADCParametersView:116 -                Rank 3 : true
2025-09-09 12:10:49,975 [INFO] ADCParametersView:116 -                Rank 4 : true
2025-09-09 12:10:49,975 [INFO] ADCParametersView:116 -                Rank 5 : true
2025-09-09 12:10:49,975 [INFO] ADCParametersView:116 -                Rank 6 : true
2025-09-09 12:10:49,975 [INFO] ADCParametersView:116 -                Rank 7 : true
2025-09-09 12:10:49,975 [INFO] ADCParametersView:116 -                Rank 8 : true
2025-09-09 12:10:49,976 [INFO] ADCParametersView:116 -                Rank 4 : true
2025-09-09 12:10:49,976 [INFO] ADCParametersView:116 -                Rank 5 : true
2025-09-09 12:10:49,976 [INFO] ADCParametersView:116 -                Rank 6 : true
2025-09-09 12:10:49,976 [INFO] ADCParametersView:116 -                Rank 7 : true
2025-09-09 12:10:49,976 [INFO] ADCParametersView:116 -                Rank 8 : true
2025-09-09 12:10:49,976 [INFO] ADCParametersView:116 -                Rank 5 : true
2025-09-09 12:10:49,976 [INFO] ADCParametersView:116 -                Rank 6 : true
2025-09-09 12:10:49,976 [INFO] ADCParametersView:116 -                Rank 7 : true
2025-09-09 12:10:49,976 [INFO] ADCParametersView:116 -                Rank 8 : true
2025-09-09 12:10:49,976 [INFO] ADCParametersView:116 -                Rank 6 : true
2025-09-09 12:10:49,976 [INFO] ADCParametersView:116 -                Rank 7 : true
2025-09-09 12:10:49,976 [INFO] ADCParametersView:116 -                Rank 8 : true
2025-09-09 12:10:49,976 [INFO] ADCParametersView:116 -                Rank 7 : true
2025-09-09 12:10:49,976 [INFO] ADCParametersView:116 -                Rank 8 : true
2025-09-09 12:10:49,977 [INFO] ADCParametersView:116 -                Rank 8 : true
2025-09-09 12:10:50,045 [INFO] ADCParametersView:116 -                Rank 1 : true
2025-09-09 12:10:50,045 [INFO] ADCParametersView:116 -                Rank 1 : true
2025-09-09 12:10:50,045 [INFO] ADCParametersView:116 -                Rank 2 : true
2025-09-09 12:10:50,046 [INFO] ADCParametersView:116 -                Rank 1 : true
2025-09-09 12:10:50,046 [INFO] ADCParametersView:116 -                Rank 2 : true
2025-09-09 12:10:50,046 [INFO] ADCParametersView:116 -                Rank 3 : true
2025-09-09 12:10:50,046 [INFO] ADCParametersView:116 -                Rank 1 : true
2025-09-09 12:10:50,046 [INFO] ADCParametersView:116 -                Rank 2 : true
2025-09-09 12:10:50,046 [INFO] ADCParametersView:116 -                Rank 3 : true
2025-09-09 12:10:50,047 [INFO] ADCParametersView:116 -                Rank 4 : true
2025-09-09 12:10:50,047 [INFO] ADCParametersView:116 -                Rank 1 : true
2025-09-09 12:10:50,048 [INFO] ADCParametersView:116 -                Rank 2 : true
2025-09-09 12:10:50,048 [INFO] ADCParametersView:116 -                Rank 3 : true
2025-09-09 12:10:50,048 [INFO] ADCParametersView:116 -                Rank 4 : true
2025-09-09 12:10:50,049 [INFO] ADCParametersView:116 -                Rank 5 : true
2025-09-09 12:10:50,049 [INFO] ADCParametersView:116 -                Rank 1 : true
2025-09-09 12:10:50,049 [INFO] ADCParametersView:116 -                Rank 2 : true
2025-09-09 12:10:50,049 [INFO] ADCParametersView:116 -                Rank 3 : true
2025-09-09 12:10:50,049 [INFO] ADCParametersView:116 -                Rank 4 : true
2025-09-09 12:10:50,049 [INFO] ADCParametersView:116 -                Rank 5 : true
2025-09-09 12:10:50,050 [INFO] ADCParametersView:116 -                Rank 6 : true
2025-09-09 12:10:50,050 [INFO] ADCParametersView:116 -                Rank 1 : true
2025-09-09 12:10:50,050 [INFO] ADCParametersView:116 -                Rank 2 : true
2025-09-09 12:10:50,050 [INFO] ADCParametersView:116 -                Rank 3 : true
2025-09-09 12:10:50,050 [INFO] ADCParametersView:116 -                Rank 4 : true
2025-09-09 12:10:50,050 [INFO] ADCParametersView:116 -                Rank 5 : true
2025-09-09 12:10:50,050 [INFO] ADCParametersView:116 -                Rank 6 : true
2025-09-09 12:10:50,050 [INFO] ADCParametersView:116 -                Rank 7 : true
2025-09-09 12:10:50,051 [INFO] ADCParametersView:116 -                Rank 1 : true
2025-09-09 12:10:50,051 [INFO] ADCParametersView:116 -                Rank 2 : true
2025-09-09 12:10:50,051 [INFO] ADCParametersView:116 -                Rank 3 : true
2025-09-09 12:10:50,051 [INFO] ADCParametersView:116 -                Rank 4 : true
2025-09-09 12:10:50,051 [INFO] ADCParametersView:116 -                Rank 5 : true
2025-09-09 12:10:50,051 [INFO] ADCParametersView:116 -                Rank 6 : true
2025-09-09 12:10:50,051 [INFO] ADCParametersView:116 -                Rank 7 : true
2025-09-09 12:10:50,051 [INFO] ADCParametersView:116 -                Rank 8 : true
2025-09-09 12:10:53,903 [INFO] NvicIntPanel:101 - NVIC parent = com.st.microxplorer.plugins.ip.nvic.MultiNvicIntPanel[,0,0,0x0,invalid,layout=javax.swing.BoxLayout,alignmentX=0.0,alignmentY=0.0,border=,flags=9,maximumSize=,minimumSize=,preferredSize=]
2025-09-09 12:10:54,010 [INFO] ADCParametersView:116 -                Rank 1 : true
2025-09-09 12:10:54,010 [INFO] ADCParametersView:116 -                Rank 2 : true
2025-09-09 12:10:54,010 [INFO] ADCParametersView:116 -                Rank 3 : true
2025-09-09 12:10:54,010 [INFO] ADCParametersView:116 -                Rank 4 : true
2025-09-09 12:10:54,010 [INFO] ADCParametersView:116 -                Rank 5 : true
2025-09-09 12:10:54,010 [INFO] ADCParametersView:116 -                Rank 6 : true
2025-09-09 12:10:54,010 [INFO] ADCParametersView:116 -                Rank 7 : true
2025-09-09 12:10:54,010 [INFO] ADCParametersView:116 -                Rank 8 : true
2025-09-09 12:10:54,012 [INFO] ADCParametersView:116 -                Rank 1 : true
2025-09-09 12:10:54,012 [INFO] ADCParametersView:116 -                Rank 2 : true
2025-09-09 12:10:54,012 [INFO] ADCParametersView:116 -                Rank 3 : true
2025-09-09 12:10:54,012 [INFO] ADCParametersView:116 -                Rank 4 : true
2025-09-09 12:10:54,012 [INFO] ADCParametersView:116 -                Rank 5 : true
2025-09-09 12:10:54,012 [INFO] ADCParametersView:116 -                Rank 6 : true
2025-09-09 12:10:54,012 [INFO] ADCParametersView:116 -                Rank 7 : true
2025-09-09 12:10:54,012 [INFO] ADCParametersView:116 -                Rank 8 : true
2025-09-09 12:10:54,013 [INFO] ADCParametersView:116 -                Rank 1 : true
2025-09-09 12:10:54,013 [INFO] ADCParametersView:116 -                Rank 2 : true
2025-09-09 12:10:54,013 [INFO] ADCParametersView:116 -                Rank 3 : true
2025-09-09 12:10:54,013 [INFO] ADCParametersView:116 -                Rank 4 : true
2025-09-09 12:10:54,013 [INFO] ADCParametersView:116 -                Rank 5 : true
2025-09-09 12:10:54,013 [INFO] ADCParametersView:116 -                Rank 6 : true
2025-09-09 12:10:54,013 [INFO] ADCParametersView:116 -                Rank 7 : true
2025-09-09 12:10:54,013 [INFO] ADCParametersView:116 -                Rank 8 : true
2025-09-09 12:10:54,013 [INFO] ADCParametersView:116 -                Rank 1 : true
2025-09-09 12:10:54,013 [INFO] ADCParametersView:116 -                Rank 2 : true
2025-09-09 12:10:54,013 [INFO] ADCParametersView:116 -                Rank 3 : true
2025-09-09 12:10:54,013 [INFO] ADCParametersView:116 -                Rank 4 : true
2025-09-09 12:10:54,013 [INFO] ADCParametersView:116 -                Rank 5 : true
2025-09-09 12:10:54,013 [INFO] ADCParametersView:116 -                Rank 6 : true
2025-09-09 12:10:54,014 [INFO] ADCParametersView:116 -                Rank 7 : true
2025-09-09 12:10:54,014 [INFO] ADCParametersView:116 -                Rank 8 : true
2025-09-09 12:10:54,014 [INFO] ADCParametersView:116 -                Rank 1 : true
2025-09-09 12:10:54,014 [INFO] ADCParametersView:116 -                Rank 2 : true
2025-09-09 12:10:54,014 [INFO] ADCParametersView:116 -                Rank 3 : true
2025-09-09 12:10:54,014 [INFO] ADCParametersView:116 -                Rank 4 : true
2025-09-09 12:10:54,014 [INFO] ADCParametersView:116 -                Rank 5 : true
2025-09-09 12:10:54,014 [INFO] ADCParametersView:116 -                Rank 6 : true
2025-09-09 12:10:54,014 [INFO] ADCParametersView:116 -                Rank 7 : true
2025-09-09 12:10:54,014 [INFO] ADCParametersView:116 -                Rank 8 : true
2025-09-09 12:10:54,014 [INFO] ADCParametersView:116 -                Rank 1 : true
2025-09-09 12:10:54,014 [INFO] ADCParametersView:116 -                Rank 2 : true
2025-09-09 12:10:54,014 [INFO] ADCParametersView:116 -                Rank 3 : true
2025-09-09 12:10:54,014 [INFO] ADCParametersView:116 -                Rank 4 : true
2025-09-09 12:10:54,014 [INFO] ADCParametersView:116 -                Rank 5 : true
2025-09-09 12:10:54,014 [INFO] ADCParametersView:116 -                Rank 6 : true
2025-09-09 12:10:54,014 [INFO] ADCParametersView:116 -                Rank 7 : true
2025-09-09 12:10:54,014 [INFO] ADCParametersView:116 -                Rank 8 : true
2025-09-09 12:10:54,014 [INFO] ADCParametersView:116 -                Rank 1 : true
2025-09-09 12:10:54,014 [INFO] ADCParametersView:116 -                Rank 2 : true
2025-09-09 12:10:54,015 [INFO] ADCParametersView:116 -                Rank 3 : true
2025-09-09 12:10:54,015 [INFO] ADCParametersView:116 -                Rank 4 : true
2025-09-09 12:10:54,015 [INFO] ADCParametersView:116 -                Rank 5 : true
2025-09-09 12:10:54,015 [INFO] ADCParametersView:116 -                Rank 6 : true
2025-09-09 12:10:54,015 [INFO] ADCParametersView:116 -                Rank 7 : true
2025-09-09 12:10:54,015 [INFO] ADCParametersView:116 -                Rank 8 : true
2025-09-09 12:10:54,015 [INFO] ADCParametersView:116 -                Rank 1 : true
2025-09-09 12:10:54,015 [INFO] ADCParametersView:116 -                Rank 2 : true
2025-09-09 12:10:54,015 [INFO] ADCParametersView:116 -                Rank 3 : true
2025-09-09 12:10:54,015 [INFO] ADCParametersView:116 -                Rank 4 : true
2025-09-09 12:10:54,015 [INFO] ADCParametersView:116 -                Rank 5 : true
2025-09-09 12:10:54,015 [INFO] ADCParametersView:116 -                Rank 6 : true
2025-09-09 12:10:54,015 [INFO] ADCParametersView:116 -                Rank 7 : true
2025-09-09 12:10:54,015 [INFO] ADCParametersView:116 -                Rank 8 : true
2025-09-09 12:10:54,015 [INFO] ADCParametersView:116 -                Rank 1 : true
2025-09-09 12:10:54,015 [INFO] ADCParametersView:116 -                Rank 2 : true
2025-09-09 12:10:54,015 [INFO] ADCParametersView:116 -                Rank 3 : true
2025-09-09 12:10:54,015 [INFO] ADCParametersView:116 -                Rank 4 : true
2025-09-09 12:10:54,015 [INFO] ADCParametersView:116 -                Rank 5 : true
2025-09-09 12:10:54,015 [INFO] ADCParametersView:116 -                Rank 6 : true
2025-09-09 12:10:54,015 [INFO] ADCParametersView:116 -                Rank 7 : true
2025-09-09 12:10:54,015 [INFO] ADCParametersView:116 -                Rank 8 : true
2025-09-09 12:10:54,015 [INFO] ADCParametersView:116 -                Rank 1 : true
2025-09-09 12:10:54,015 [INFO] ADCParametersView:116 -                Rank 2 : true
2025-09-09 12:10:54,016 [INFO] ADCParametersView:116 -                Rank 3 : true
2025-09-09 12:10:54,016 [INFO] ADCParametersView:116 -                Rank 4 : true
2025-09-09 12:10:54,016 [INFO] ADCParametersView:116 -                Rank 5 : true
2025-09-09 12:10:54,016 [INFO] ADCParametersView:116 -                Rank 6 : true
2025-09-09 12:10:54,016 [INFO] ADCParametersView:116 -                Rank 7 : true
2025-09-09 12:10:54,016 [INFO] ADCParametersView:116 -                Rank 8 : true
2025-09-09 12:10:54,016 [INFO] ADCParametersView:116 -                Rank 1 : true
2025-09-09 12:10:54,016 [INFO] ADCParametersView:116 -                Rank 2 : true
2025-09-09 12:10:54,016 [INFO] ADCParametersView:116 -                Rank 3 : true
2025-09-09 12:10:54,016 [INFO] ADCParametersView:116 -                Rank 4 : true
2025-09-09 12:10:54,016 [INFO] ADCParametersView:116 -                Rank 5 : true
2025-09-09 12:10:54,016 [INFO] ADCParametersView:116 -                Rank 6 : true
2025-09-09 12:10:54,016 [INFO] ADCParametersView:116 -                Rank 7 : true
2025-09-09 12:10:54,016 [INFO] ADCParametersView:116 -                Rank 8 : true
2025-09-09 12:10:54,016 [INFO] ADCParametersView:116 -                Rank 1 : true
2025-09-09 12:10:54,016 [INFO] ADCParametersView:116 -                Rank 2 : true
2025-09-09 12:10:54,016 [INFO] ADCParametersView:116 -                Rank 3 : true
2025-09-09 12:10:54,016 [INFO] ADCParametersView:116 -                Rank 4 : true
2025-09-09 12:10:54,016 [INFO] ADCParametersView:116 -                Rank 5 : true
2025-09-09 12:10:54,016 [INFO] ADCParametersView:116 -                Rank 6 : true
2025-09-09 12:10:54,016 [INFO] ADCParametersView:116 -                Rank 7 : true
2025-09-09 12:10:54,016 [INFO] ADCParametersView:116 -                Rank 8 : true
2025-09-09 12:10:54,016 [INFO] ADCParametersView:116 -                Rank 1 : true
2025-09-09 12:10:54,016 [INFO] ADCParametersView:116 -                Rank 2 : true
2025-09-09 12:10:54,017 [INFO] ADCParametersView:116 -                Rank 3 : true
2025-09-09 12:10:54,017 [INFO] ADCParametersView:116 -                Rank 4 : true
2025-09-09 12:10:54,017 [INFO] ADCParametersView:116 -                Rank 5 : true
2025-09-09 12:10:54,017 [INFO] ADCParametersView:116 -                Rank 6 : true
2025-09-09 12:10:54,017 [INFO] ADCParametersView:116 -                Rank 7 : true
2025-09-09 12:10:54,017 [INFO] ADCParametersView:116 -                Rank 8 : true
2025-09-09 12:10:54,017 [INFO] ADCParametersView:116 -                Rank 1 : true
2025-09-09 12:10:54,017 [INFO] ADCParametersView:116 -                Rank 2 : true
2025-09-09 12:10:54,017 [INFO] ADCParametersView:116 -                Rank 3 : true
2025-09-09 12:10:54,017 [INFO] ADCParametersView:116 -                Rank 4 : true
2025-09-09 12:10:54,017 [INFO] ADCParametersView:116 -                Rank 5 : true
2025-09-09 12:10:54,017 [INFO] ADCParametersView:116 -                Rank 6 : true
2025-09-09 12:10:54,017 [INFO] ADCParametersView:116 -                Rank 7 : true
2025-09-09 12:10:54,017 [INFO] ADCParametersView:116 -                Rank 8 : true
2025-09-09 12:10:54,017 [INFO] ADCParametersView:116 -                Rank 2 : true
2025-09-09 12:10:54,017 [INFO] ADCParametersView:116 -                Rank 3 : true
2025-09-09 12:10:54,017 [INFO] ADCParametersView:116 -                Rank 4 : true
2025-09-09 12:10:54,017 [INFO] ADCParametersView:116 -                Rank 5 : true
2025-09-09 12:10:54,017 [INFO] ADCParametersView:116 -                Rank 6 : true
2025-09-09 12:10:54,017 [INFO] ADCParametersView:116 -                Rank 7 : true
2025-09-09 12:10:54,017 [INFO] ADCParametersView:116 -                Rank 8 : true
2025-09-09 12:10:54,017 [INFO] ADCParametersView:116 -                Rank 3 : true
2025-09-09 12:10:54,017 [INFO] ADCParametersView:116 -                Rank 4 : true
2025-09-09 12:10:54,017 [INFO] ADCParametersView:116 -                Rank 5 : true
2025-09-09 12:10:54,017 [INFO] ADCParametersView:116 -                Rank 6 : true
2025-09-09 12:10:54,017 [INFO] ADCParametersView:116 -                Rank 7 : true
2025-09-09 12:10:54,017 [INFO] ADCParametersView:116 -                Rank 8 : true
2025-09-09 12:10:54,018 [INFO] ADCParametersView:116 -                Rank 4 : true
2025-09-09 12:10:54,018 [INFO] ADCParametersView:116 -                Rank 5 : true
2025-09-09 12:10:54,018 [INFO] ADCParametersView:116 -                Rank 6 : true
2025-09-09 12:10:54,018 [INFO] ADCParametersView:116 -                Rank 7 : true
2025-09-09 12:10:54,018 [INFO] ADCParametersView:116 -                Rank 8 : true
2025-09-09 12:10:54,018 [INFO] ADCParametersView:116 -                Rank 5 : true
2025-09-09 12:10:54,018 [INFO] ADCParametersView:116 -                Rank 6 : true
2025-09-09 12:10:54,018 [INFO] ADCParametersView:116 -                Rank 7 : true
2025-09-09 12:10:54,018 [INFO] ADCParametersView:116 -                Rank 8 : true
2025-09-09 12:10:54,018 [INFO] ADCParametersView:116 -                Rank 6 : true
2025-09-09 12:10:54,018 [INFO] ADCParametersView:116 -                Rank 7 : true
2025-09-09 12:10:54,018 [INFO] ADCParametersView:116 -                Rank 8 : true
2025-09-09 12:10:54,018 [INFO] ADCParametersView:116 -                Rank 7 : true
2025-09-09 12:10:54,018 [INFO] ADCParametersView:116 -                Rank 8 : true
2025-09-09 12:10:54,018 [INFO] ADCParametersView:116 -                Rank 8 : true
2025-09-09 12:10:54,075 [INFO] ADCParametersView:116 -                Rank 1 : true
2025-09-09 12:10:54,076 [INFO] ADCParametersView:116 -                Rank 1 : true
2025-09-09 12:10:54,076 [INFO] ADCParametersView:116 -                Rank 2 : true
2025-09-09 12:10:54,076 [INFO] ADCParametersView:116 -                Rank 1 : true
2025-09-09 12:10:54,076 [INFO] ADCParametersView:116 -                Rank 2 : true
2025-09-09 12:10:54,076 [INFO] ADCParametersView:116 -                Rank 3 : true
2025-09-09 12:10:54,076 [INFO] ADCParametersView:116 -                Rank 1 : true
2025-09-09 12:10:54,076 [INFO] ADCParametersView:116 -                Rank 2 : true
2025-09-09 12:10:54,076 [INFO] ADCParametersView:116 -                Rank 3 : true
2025-09-09 12:10:54,077 [INFO] ADCParametersView:116 -                Rank 4 : true
2025-09-09 12:10:54,077 [INFO] ADCParametersView:116 -                Rank 1 : true
2025-09-09 12:10:54,077 [INFO] ADCParametersView:116 -                Rank 2 : true
2025-09-09 12:10:54,077 [INFO] ADCParametersView:116 -                Rank 3 : true
2025-09-09 12:10:54,077 [INFO] ADCParametersView:116 -                Rank 4 : true
2025-09-09 12:10:54,077 [INFO] ADCParametersView:116 -                Rank 5 : true
2025-09-09 12:10:54,077 [INFO] ADCParametersView:116 -                Rank 1 : true
2025-09-09 12:10:54,077 [INFO] ADCParametersView:116 -                Rank 2 : true
2025-09-09 12:10:54,077 [INFO] ADCParametersView:116 -                Rank 3 : true
2025-09-09 12:10:54,077 [INFO] ADCParametersView:116 -                Rank 4 : true
2025-09-09 12:10:54,077 [INFO] ADCParametersView:116 -                Rank 5 : true
2025-09-09 12:10:54,077 [INFO] ADCParametersView:116 -                Rank 6 : true
2025-09-09 12:10:54,077 [INFO] ADCParametersView:116 -                Rank 1 : true
2025-09-09 12:10:54,077 [INFO] ADCParametersView:116 -                Rank 2 : true
2025-09-09 12:10:54,077 [INFO] ADCParametersView:116 -                Rank 3 : true
2025-09-09 12:10:54,078 [INFO] ADCParametersView:116 -                Rank 4 : true
2025-09-09 12:10:54,078 [INFO] ADCParametersView:116 -                Rank 5 : true
2025-09-09 12:10:54,078 [INFO] ADCParametersView:116 -                Rank 6 : true
2025-09-09 12:10:54,078 [INFO] ADCParametersView:116 -                Rank 7 : true
2025-09-09 12:10:54,078 [INFO] ADCParametersView:116 -                Rank 1 : true
2025-09-09 12:10:54,078 [INFO] ADCParametersView:116 -                Rank 2 : true
2025-09-09 12:10:54,078 [INFO] ADCParametersView:116 -                Rank 3 : true
2025-09-09 12:10:54,078 [INFO] ADCParametersView:116 -                Rank 4 : true
2025-09-09 12:10:54,078 [INFO] ADCParametersView:116 -                Rank 5 : true
2025-09-09 12:10:54,078 [INFO] ADCParametersView:116 -                Rank 6 : true
2025-09-09 12:10:54,078 [INFO] ADCParametersView:116 -                Rank 7 : true
2025-09-09 12:10:54,078 [INFO] ADCParametersView:116 -                Rank 8 : true
2025-09-09 12:10:56,831 [INFO] NvicIntPanel:101 - NVIC parent = com.st.microxplorer.plugins.ip.nvic.MultiNvicIntPanel[,0,0,0x0,invalid,layout=javax.swing.BoxLayout,alignmentX=0.0,alignmentY=0.0,border=,flags=9,maximumSize=,minimumSize=,preferredSize=]
2025-09-09 12:10:56,911 [INFO] ADCParametersView:116 -                Rank 1 : true
2025-09-09 12:10:56,911 [INFO] ADCParametersView:116 -                Rank 2 : true
2025-09-09 12:10:56,911 [INFO] ADCParametersView:116 -                Rank 3 : true
2025-09-09 12:10:56,911 [INFO] ADCParametersView:116 -                Rank 4 : true
2025-09-09 12:10:56,911 [INFO] ADCParametersView:116 -                Rank 5 : true
2025-09-09 12:10:56,911 [INFO] ADCParametersView:116 -                Rank 6 : true
2025-09-09 12:10:56,911 [INFO] ADCParametersView:116 -                Rank 7 : true
2025-09-09 12:10:56,911 [INFO] ADCParametersView:116 -                Rank 8 : true
2025-09-09 12:10:56,913 [INFO] ADCParametersView:116 -                Rank 1 : true
2025-09-09 12:10:56,913 [INFO] ADCParametersView:116 -                Rank 2 : true
2025-09-09 12:10:56,913 [INFO] ADCParametersView:116 -                Rank 3 : true
2025-09-09 12:10:56,913 [INFO] ADCParametersView:116 -                Rank 4 : true
2025-09-09 12:10:56,913 [INFO] ADCParametersView:116 -                Rank 5 : true
2025-09-09 12:10:56,914 [INFO] ADCParametersView:116 -                Rank 6 : true
2025-09-09 12:10:56,914 [INFO] ADCParametersView:116 -                Rank 7 : true
2025-09-09 12:10:56,914 [INFO] ADCParametersView:116 -                Rank 8 : true
2025-09-09 12:10:56,914 [INFO] ADCParametersView:116 -                Rank 1 : true
2025-09-09 12:10:56,914 [INFO] ADCParametersView:116 -                Rank 2 : true
2025-09-09 12:10:56,914 [INFO] ADCParametersView:116 -                Rank 3 : true
2025-09-09 12:10:56,914 [INFO] ADCParametersView:116 -                Rank 4 : true
2025-09-09 12:10:56,914 [INFO] ADCParametersView:116 -                Rank 5 : true
2025-09-09 12:10:56,914 [INFO] ADCParametersView:116 -                Rank 6 : true
2025-09-09 12:10:56,914 [INFO] ADCParametersView:116 -                Rank 7 : true
2025-09-09 12:10:56,914 [INFO] ADCParametersView:116 -                Rank 8 : true
2025-09-09 12:10:56,914 [INFO] ADCParametersView:116 -                Rank 1 : true
2025-09-09 12:10:56,914 [INFO] ADCParametersView:116 -                Rank 2 : true
2025-09-09 12:10:56,914 [INFO] ADCParametersView:116 -                Rank 3 : true
2025-09-09 12:10:56,914 [INFO] ADCParametersView:116 -                Rank 4 : true
2025-09-09 12:10:56,914 [INFO] ADCParametersView:116 -                Rank 5 : true
2025-09-09 12:10:56,914 [INFO] ADCParametersView:116 -                Rank 6 : true
2025-09-09 12:10:56,914 [INFO] ADCParametersView:116 -                Rank 7 : true
2025-09-09 12:10:56,914 [INFO] ADCParametersView:116 -                Rank 8 : true
2025-09-09 12:10:56,915 [INFO] ADCParametersView:116 -                Rank 1 : true
2025-09-09 12:10:56,915 [INFO] ADCParametersView:116 -                Rank 2 : true
2025-09-09 12:10:56,915 [INFO] ADCParametersView:116 -                Rank 3 : true
2025-09-09 12:10:56,915 [INFO] ADCParametersView:116 -                Rank 4 : true
2025-09-09 12:10:56,915 [INFO] ADCParametersView:116 -                Rank 5 : true
2025-09-09 12:10:56,915 [INFO] ADCParametersView:116 -                Rank 6 : true
2025-09-09 12:10:56,915 [INFO] ADCParametersView:116 -                Rank 7 : true
2025-09-09 12:10:56,915 [INFO] ADCParametersView:116 -                Rank 8 : true
2025-09-09 12:10:56,915 [INFO] ADCParametersView:116 -                Rank 1 : true
2025-09-09 12:10:56,915 [INFO] ADCParametersView:116 -                Rank 2 : true
2025-09-09 12:10:56,915 [INFO] ADCParametersView:116 -                Rank 3 : true
2025-09-09 12:10:56,915 [INFO] ADCParametersView:116 -                Rank 4 : true
2025-09-09 12:10:56,915 [INFO] ADCParametersView:116 -                Rank 5 : true
2025-09-09 12:10:56,915 [INFO] ADCParametersView:116 -                Rank 6 : true
2025-09-09 12:10:56,915 [INFO] ADCParametersView:116 -                Rank 7 : true
2025-09-09 12:10:56,915 [INFO] ADCParametersView:116 -                Rank 8 : true
2025-09-09 12:10:56,915 [INFO] ADCParametersView:116 -                Rank 1 : true
2025-09-09 12:10:56,915 [INFO] ADCParametersView:116 -                Rank 2 : true
2025-09-09 12:10:56,915 [INFO] ADCParametersView:116 -                Rank 3 : true
2025-09-09 12:10:56,916 [INFO] ADCParametersView:116 -                Rank 4 : true
2025-09-09 12:10:56,916 [INFO] ADCParametersView:116 -                Rank 5 : true
2025-09-09 12:10:56,916 [INFO] ADCParametersView:116 -                Rank 6 : true
2025-09-09 12:10:56,916 [INFO] ADCParametersView:116 -                Rank 7 : true
2025-09-09 12:10:56,916 [INFO] ADCParametersView:116 -                Rank 8 : true
2025-09-09 12:10:56,916 [INFO] ADCParametersView:116 -                Rank 1 : true
2025-09-09 12:10:56,916 [INFO] ADCParametersView:116 -                Rank 2 : true
2025-09-09 12:10:56,916 [INFO] ADCParametersView:116 -                Rank 3 : true
2025-09-09 12:10:56,916 [INFO] ADCParametersView:116 -                Rank 4 : true
2025-09-09 12:10:56,916 [INFO] ADCParametersView:116 -                Rank 5 : true
2025-09-09 12:10:56,916 [INFO] ADCParametersView:116 -                Rank 6 : true
2025-09-09 12:10:56,916 [INFO] ADCParametersView:116 -                Rank 7 : true
2025-09-09 12:10:56,916 [INFO] ADCParametersView:116 -                Rank 8 : true
2025-09-09 12:10:56,917 [INFO] ADCParametersView:116 -                Rank 1 : true
2025-09-09 12:10:56,917 [INFO] ADCParametersView:116 -                Rank 2 : true
2025-09-09 12:10:56,917 [INFO] ADCParametersView:116 -                Rank 3 : true
2025-09-09 12:10:56,917 [INFO] ADCParametersView:116 -                Rank 4 : true
2025-09-09 12:10:56,917 [INFO] ADCParametersView:116 -                Rank 5 : true
2025-09-09 12:10:56,917 [INFO] ADCParametersView:116 -                Rank 6 : true
2025-09-09 12:10:56,917 [INFO] ADCParametersView:116 -                Rank 7 : true
2025-09-09 12:10:56,917 [INFO] ADCParametersView:116 -                Rank 8 : true
2025-09-09 12:10:56,917 [INFO] ADCParametersView:116 -                Rank 1 : true
2025-09-09 12:10:56,917 [INFO] ADCParametersView:116 -                Rank 2 : true
2025-09-09 12:10:56,917 [INFO] ADCParametersView:116 -                Rank 3 : true
2025-09-09 12:10:56,917 [INFO] ADCParametersView:116 -                Rank 4 : true
2025-09-09 12:10:56,917 [INFO] ADCParametersView:116 -                Rank 5 : true
2025-09-09 12:10:56,917 [INFO] ADCParametersView:116 -                Rank 6 : true
2025-09-09 12:10:56,917 [INFO] ADCParametersView:116 -                Rank 7 : true
2025-09-09 12:10:56,917 [INFO] ADCParametersView:116 -                Rank 8 : true
2025-09-09 12:10:56,917 [INFO] ADCParametersView:116 -                Rank 1 : true
2025-09-09 12:10:56,917 [INFO] ADCParametersView:116 -                Rank 2 : true
2025-09-09 12:10:56,917 [INFO] ADCParametersView:116 -                Rank 3 : true
2025-09-09 12:10:56,917 [INFO] ADCParametersView:116 -                Rank 4 : true
2025-09-09 12:10:56,917 [INFO] ADCParametersView:116 -                Rank 5 : true
2025-09-09 12:10:56,918 [INFO] ADCParametersView:116 -                Rank 6 : true
2025-09-09 12:10:56,918 [INFO] ADCParametersView:116 -                Rank 7 : true
2025-09-09 12:10:56,918 [INFO] ADCParametersView:116 -                Rank 8 : true
2025-09-09 12:10:56,918 [INFO] ADCParametersView:116 -                Rank 1 : true
2025-09-09 12:10:56,918 [INFO] ADCParametersView:116 -                Rank 2 : true
2025-09-09 12:10:56,918 [INFO] ADCParametersView:116 -                Rank 3 : true
2025-09-09 12:10:56,918 [INFO] ADCParametersView:116 -                Rank 4 : true
2025-09-09 12:10:56,918 [INFO] ADCParametersView:116 -                Rank 5 : true
2025-09-09 12:10:56,918 [INFO] ADCParametersView:116 -                Rank 6 : true
2025-09-09 12:10:56,918 [INFO] ADCParametersView:116 -                Rank 7 : true
2025-09-09 12:10:56,918 [INFO] ADCParametersView:116 -                Rank 8 : true
2025-09-09 12:10:56,918 [INFO] ADCParametersView:116 -                Rank 1 : true
2025-09-09 12:10:56,918 [INFO] ADCParametersView:116 -                Rank 2 : true
2025-09-09 12:10:56,918 [INFO] ADCParametersView:116 -                Rank 3 : true
2025-09-09 12:10:56,918 [INFO] ADCParametersView:116 -                Rank 4 : true
2025-09-09 12:10:56,918 [INFO] ADCParametersView:116 -                Rank 5 : true
2025-09-09 12:10:56,918 [INFO] ADCParametersView:116 -                Rank 6 : true
2025-09-09 12:10:56,918 [INFO] ADCParametersView:116 -                Rank 7 : true
2025-09-09 12:10:56,918 [INFO] ADCParametersView:116 -                Rank 8 : true
2025-09-09 12:10:56,918 [INFO] ADCParametersView:116 -                Rank 1 : true
2025-09-09 12:10:56,918 [INFO] ADCParametersView:116 -                Rank 2 : true
2025-09-09 12:10:56,918 [INFO] ADCParametersView:116 -                Rank 3 : true
2025-09-09 12:10:56,918 [INFO] ADCParametersView:116 -                Rank 4 : true
2025-09-09 12:10:56,918 [INFO] ADCParametersView:116 -                Rank 5 : true
2025-09-09 12:10:56,918 [INFO] ADCParametersView:116 -                Rank 6 : true
2025-09-09 12:10:56,918 [INFO] ADCParametersView:116 -                Rank 7 : true
2025-09-09 12:10:56,918 [INFO] ADCParametersView:116 -                Rank 8 : true
2025-09-09 12:10:56,918 [INFO] ADCParametersView:116 -                Rank 2 : true
2025-09-09 12:10:56,919 [INFO] ADCParametersView:116 -                Rank 3 : true
2025-09-09 12:10:56,919 [INFO] ADCParametersView:116 -                Rank 4 : true
2025-09-09 12:10:56,919 [INFO] ADCParametersView:116 -                Rank 5 : true
2025-09-09 12:10:56,919 [INFO] ADCParametersView:116 -                Rank 6 : true
2025-09-09 12:10:56,919 [INFO] ADCParametersView:116 -                Rank 7 : true
2025-09-09 12:10:56,919 [INFO] ADCParametersView:116 -                Rank 8 : true
2025-09-09 12:10:56,919 [INFO] ADCParametersView:116 -                Rank 3 : true
2025-09-09 12:10:56,919 [INFO] ADCParametersView:116 -                Rank 4 : true
2025-09-09 12:10:56,919 [INFO] ADCParametersView:116 -                Rank 5 : true
2025-09-09 12:10:56,919 [INFO] ADCParametersView:116 -                Rank 6 : true
2025-09-09 12:10:56,919 [INFO] ADCParametersView:116 -                Rank 7 : true
2025-09-09 12:10:56,919 [INFO] ADCParametersView:116 -                Rank 8 : true
2025-09-09 12:10:56,919 [INFO] ADCParametersView:116 -                Rank 4 : true
2025-09-09 12:10:56,919 [INFO] ADCParametersView:116 -                Rank 5 : true
2025-09-09 12:10:56,919 [INFO] ADCParametersView:116 -                Rank 6 : true
2025-09-09 12:10:56,919 [INFO] ADCParametersView:116 -                Rank 7 : true
2025-09-09 12:10:56,919 [INFO] ADCParametersView:116 -                Rank 8 : true
2025-09-09 12:10:56,919 [INFO] ADCParametersView:116 -                Rank 5 : true
2025-09-09 12:10:56,919 [INFO] ADCParametersView:116 -                Rank 6 : true
2025-09-09 12:10:56,919 [INFO] ADCParametersView:116 -                Rank 7 : true
2025-09-09 12:10:56,919 [INFO] ADCParametersView:116 -                Rank 8 : true
2025-09-09 12:10:56,919 [INFO] ADCParametersView:116 -                Rank 6 : true
2025-09-09 12:10:56,919 [INFO] ADCParametersView:116 -                Rank 7 : true
2025-09-09 12:10:56,919 [INFO] ADCParametersView:116 -                Rank 8 : true
2025-09-09 12:10:56,919 [INFO] ADCParametersView:116 -                Rank 7 : true
2025-09-09 12:10:56,919 [INFO] ADCParametersView:116 -                Rank 8 : true
2025-09-09 12:10:56,919 [INFO] ADCParametersView:116 -                Rank 8 : true
2025-09-09 12:10:56,974 [INFO] ADCParametersView:116 -                Rank 1 : true
2025-09-09 12:10:56,974 [INFO] ADCParametersView:116 -                Rank 1 : true
2025-09-09 12:10:56,975 [INFO] ADCParametersView:116 -                Rank 2 : true
2025-09-09 12:10:56,975 [INFO] ADCParametersView:116 -                Rank 1 : true
2025-09-09 12:10:56,975 [INFO] ADCParametersView:116 -                Rank 2 : true
2025-09-09 12:10:56,975 [INFO] ADCParametersView:116 -                Rank 3 : true
2025-09-09 12:10:56,975 [INFO] ADCParametersView:116 -                Rank 1 : true
2025-09-09 12:10:56,975 [INFO] ADCParametersView:116 -                Rank 2 : true
2025-09-09 12:10:56,975 [INFO] ADCParametersView:116 -                Rank 3 : true
2025-09-09 12:10:56,975 [INFO] ADCParametersView:116 -                Rank 4 : true
2025-09-09 12:10:56,975 [INFO] ADCParametersView:116 -                Rank 1 : true
2025-09-09 12:10:56,975 [INFO] ADCParametersView:116 -                Rank 2 : true
2025-09-09 12:10:56,975 [INFO] ADCParametersView:116 -                Rank 3 : true
2025-09-09 12:10:56,975 [INFO] ADCParametersView:116 -                Rank 4 : true
2025-09-09 12:10:56,975 [INFO] ADCParametersView:116 -                Rank 5 : true
2025-09-09 12:10:56,975 [INFO] ADCParametersView:116 -                Rank 1 : true
2025-09-09 12:10:56,976 [INFO] ADCParametersView:116 -                Rank 2 : true
2025-09-09 12:10:56,976 [INFO] ADCParametersView:116 -                Rank 3 : true
2025-09-09 12:10:56,976 [INFO] ADCParametersView:116 -                Rank 4 : true
2025-09-09 12:10:56,976 [INFO] ADCParametersView:116 -                Rank 5 : true
2025-09-09 12:10:56,976 [INFO] ADCParametersView:116 -                Rank 6 : true
2025-09-09 12:10:56,976 [INFO] ADCParametersView:116 -                Rank 1 : true
2025-09-09 12:10:56,976 [INFO] ADCParametersView:116 -                Rank 2 : true
2025-09-09 12:10:56,976 [INFO] ADCParametersView:116 -                Rank 3 : true
2025-09-09 12:10:56,976 [INFO] ADCParametersView:116 -                Rank 4 : true
2025-09-09 12:10:56,976 [INFO] ADCParametersView:116 -                Rank 5 : true
2025-09-09 12:10:56,976 [INFO] ADCParametersView:116 -                Rank 6 : true
2025-09-09 12:10:56,976 [INFO] ADCParametersView:116 -                Rank 7 : true
2025-09-09 12:10:56,976 [INFO] ADCParametersView:116 -                Rank 1 : true
2025-09-09 12:10:56,976 [INFO] ADCParametersView:116 -                Rank 2 : true
2025-09-09 12:10:56,976 [INFO] ADCParametersView:116 -                Rank 3 : true
2025-09-09 12:10:56,976 [INFO] ADCParametersView:116 -                Rank 4 : true
2025-09-09 12:10:56,976 [INFO] ADCParametersView:116 -                Rank 5 : true
2025-09-09 12:10:56,976 [INFO] ADCParametersView:116 -                Rank 6 : true
2025-09-09 12:10:56,976 [INFO] ADCParametersView:116 -                Rank 7 : true
2025-09-09 12:10:56,976 [INFO] ADCParametersView:116 -                Rank 8 : true
2025-09-09 12:10:58,882 [INFO] NvicIntPanel:101 - NVIC parent = com.st.microxplorer.plugins.ip.nvic.MultiNvicIntPanel[,0,0,0x0,invalid,layout=javax.swing.BoxLayout,alignmentX=0.0,alignmentY=0.0,border=,flags=9,maximumSize=,minimumSize=,preferredSize=]
2025-09-09 12:10:58,982 [INFO] ADCParametersView:116 -                Rank 1 : true
2025-09-09 12:10:58,983 [INFO] ADCParametersView:116 -                Rank 2 : true
2025-09-09 12:10:58,983 [INFO] ADCParametersView:116 -                Rank 3 : true
2025-09-09 12:10:58,983 [INFO] ADCParametersView:116 -                Rank 4 : true
2025-09-09 12:10:58,983 [INFO] ADCParametersView:116 -                Rank 5 : true
2025-09-09 12:10:58,983 [INFO] ADCParametersView:116 -                Rank 6 : true
2025-09-09 12:10:58,983 [INFO] ADCParametersView:116 -                Rank 7 : true
2025-09-09 12:10:58,983 [INFO] ADCParametersView:116 -                Rank 8 : true
2025-09-09 12:10:58,986 [INFO] ADCParametersView:116 -                Rank 1 : true
2025-09-09 12:10:58,986 [INFO] ADCParametersView:116 -                Rank 2 : true
2025-09-09 12:10:58,986 [INFO] ADCParametersView:116 -                Rank 3 : true
2025-09-09 12:10:58,986 [INFO] ADCParametersView:116 -                Rank 4 : true
2025-09-09 12:10:58,986 [INFO] ADCParametersView:116 -                Rank 5 : true
2025-09-09 12:10:58,986 [INFO] ADCParametersView:116 -                Rank 6 : true
2025-09-09 12:10:58,986 [INFO] ADCParametersView:116 -                Rank 7 : true
2025-09-09 12:10:58,986 [INFO] ADCParametersView:116 -                Rank 8 : true
2025-09-09 12:10:58,986 [INFO] ADCParametersView:116 -                Rank 1 : true
2025-09-09 12:10:58,986 [INFO] ADCParametersView:116 -                Rank 2 : true
2025-09-09 12:10:58,986 [INFO] ADCParametersView:116 -                Rank 3 : true
2025-09-09 12:10:58,986 [INFO] ADCParametersView:116 -                Rank 4 : true
2025-09-09 12:10:58,986 [INFO] ADCParametersView:116 -                Rank 5 : true
2025-09-09 12:10:58,986 [INFO] ADCParametersView:116 -                Rank 6 : true
2025-09-09 12:10:58,986 [INFO] ADCParametersView:116 -                Rank 7 : true
2025-09-09 12:10:58,986 [INFO] ADCParametersView:116 -                Rank 8 : true
2025-09-09 12:10:58,987 [INFO] ADCParametersView:116 -                Rank 1 : true
2025-09-09 12:10:58,987 [INFO] ADCParametersView:116 -                Rank 2 : true
2025-09-09 12:10:58,987 [INFO] ADCParametersView:116 -                Rank 3 : true
2025-09-09 12:10:58,987 [INFO] ADCParametersView:116 -                Rank 4 : true
2025-09-09 12:10:58,987 [INFO] ADCParametersView:116 -                Rank 5 : true
2025-09-09 12:10:58,987 [INFO] ADCParametersView:116 -                Rank 6 : true
2025-09-09 12:10:58,987 [INFO] ADCParametersView:116 -                Rank 7 : true
2025-09-09 12:10:58,987 [INFO] ADCParametersView:116 -                Rank 8 : true
2025-09-09 12:10:58,987 [INFO] ADCParametersView:116 -                Rank 1 : true
2025-09-09 12:10:58,987 [INFO] ADCParametersView:116 -                Rank 2 : true
2025-09-09 12:10:58,987 [INFO] ADCParametersView:116 -                Rank 3 : true
2025-09-09 12:10:58,987 [INFO] ADCParametersView:116 -                Rank 4 : true
2025-09-09 12:10:58,987 [INFO] ADCParametersView:116 -                Rank 5 : true
2025-09-09 12:10:58,987 [INFO] ADCParametersView:116 -                Rank 6 : true
2025-09-09 12:10:58,987 [INFO] ADCParametersView:116 -                Rank 7 : true
2025-09-09 12:10:58,987 [INFO] ADCParametersView:116 -                Rank 8 : true
2025-09-09 12:10:58,987 [INFO] ADCParametersView:116 -                Rank 1 : true
2025-09-09 12:10:58,987 [INFO] ADCParametersView:116 -                Rank 2 : true
2025-09-09 12:10:58,987 [INFO] ADCParametersView:116 -                Rank 3 : true
2025-09-09 12:10:58,987 [INFO] ADCParametersView:116 -                Rank 4 : true
2025-09-09 12:10:58,987 [INFO] ADCParametersView:116 -                Rank 5 : true
2025-09-09 12:10:58,987 [INFO] ADCParametersView:116 -                Rank 6 : true
2025-09-09 12:10:58,987 [INFO] ADCParametersView:116 -                Rank 7 : true
2025-09-09 12:10:58,987 [INFO] ADCParametersView:116 -                Rank 8 : true
2025-09-09 12:10:58,987 [INFO] ADCParametersView:116 -                Rank 1 : true
2025-09-09 12:10:58,987 [INFO] ADCParametersView:116 -                Rank 2 : true
2025-09-09 12:10:58,987 [INFO] ADCParametersView:116 -                Rank 3 : true
2025-09-09 12:10:58,987 [INFO] ADCParametersView:116 -                Rank 4 : true
2025-09-09 12:10:58,987 [INFO] ADCParametersView:116 -                Rank 5 : true
2025-09-09 12:10:58,987 [INFO] ADCParametersView:116 -                Rank 6 : true
2025-09-09 12:10:58,987 [INFO] ADCParametersView:116 -                Rank 7 : true
2025-09-09 12:10:58,988 [INFO] ADCParametersView:116 -                Rank 8 : true
2025-09-09 12:10:58,988 [INFO] ADCParametersView:116 -                Rank 1 : true
2025-09-09 12:10:58,988 [INFO] ADCParametersView:116 -                Rank 2 : true
2025-09-09 12:10:58,988 [INFO] ADCParametersView:116 -                Rank 3 : true
2025-09-09 12:10:58,988 [INFO] ADCParametersView:116 -                Rank 4 : true
2025-09-09 12:10:58,988 [INFO] ADCParametersView:116 -                Rank 5 : true
2025-09-09 12:10:58,988 [INFO] ADCParametersView:116 -                Rank 6 : true
2025-09-09 12:10:58,988 [INFO] ADCParametersView:116 -                Rank 7 : true
2025-09-09 12:10:58,988 [INFO] ADCParametersView:116 -                Rank 8 : true
2025-09-09 12:10:58,988 [INFO] ADCParametersView:116 -                Rank 1 : true
2025-09-09 12:10:58,988 [INFO] ADCParametersView:116 -                Rank 2 : true
2025-09-09 12:10:58,988 [INFO] ADCParametersView:116 -                Rank 3 : true
2025-09-09 12:10:58,988 [INFO] ADCParametersView:116 -                Rank 4 : true
2025-09-09 12:10:58,988 [INFO] ADCParametersView:116 -                Rank 5 : true
2025-09-09 12:10:58,988 [INFO] ADCParametersView:116 -                Rank 6 : true
2025-09-09 12:10:58,988 [INFO] ADCParametersView:116 -                Rank 7 : true
2025-09-09 12:10:58,988 [INFO] ADCParametersView:116 -                Rank 8 : true
2025-09-09 12:10:58,988 [INFO] ADCParametersView:116 -                Rank 1 : true
2025-09-09 12:10:58,988 [INFO] ADCParametersView:116 -                Rank 2 : true
2025-09-09 12:10:58,988 [INFO] ADCParametersView:116 -                Rank 3 : true
2025-09-09 12:10:58,988 [INFO] ADCParametersView:116 -                Rank 4 : true
2025-09-09 12:10:58,988 [INFO] ADCParametersView:116 -                Rank 5 : true
2025-09-09 12:10:58,988 [INFO] ADCParametersView:116 -                Rank 6 : true
2025-09-09 12:10:58,988 [INFO] ADCParametersView:116 -                Rank 7 : true
2025-09-09 12:10:58,988 [INFO] ADCParametersView:116 -                Rank 8 : true
2025-09-09 12:10:58,988 [INFO] ADCParametersView:116 -                Rank 1 : true
2025-09-09 12:10:58,988 [INFO] ADCParametersView:116 -                Rank 2 : true
2025-09-09 12:10:58,988 [INFO] ADCParametersView:116 -                Rank 3 : true
2025-09-09 12:10:58,988 [INFO] ADCParametersView:116 -                Rank 4 : true
2025-09-09 12:10:58,988 [INFO] ADCParametersView:116 -                Rank 5 : true
2025-09-09 12:10:58,988 [INFO] ADCParametersView:116 -                Rank 6 : true
2025-09-09 12:10:58,989 [INFO] ADCParametersView:116 -                Rank 7 : true
2025-09-09 12:10:58,989 [INFO] ADCParametersView:116 -                Rank 8 : true
2025-09-09 12:10:58,989 [INFO] ADCParametersView:116 -                Rank 1 : true
2025-09-09 12:10:58,989 [INFO] ADCParametersView:116 -                Rank 2 : true
2025-09-09 12:10:58,989 [INFO] ADCParametersView:116 -                Rank 3 : true
2025-09-09 12:10:58,989 [INFO] ADCParametersView:116 -                Rank 4 : true
2025-09-09 12:10:58,989 [INFO] ADCParametersView:116 -                Rank 5 : true
2025-09-09 12:10:58,989 [INFO] ADCParametersView:116 -                Rank 6 : true
2025-09-09 12:10:58,989 [INFO] ADCParametersView:116 -                Rank 7 : true
2025-09-09 12:10:58,989 [INFO] ADCParametersView:116 -                Rank 8 : true
2025-09-09 12:10:58,989 [INFO] ADCParametersView:116 -                Rank 1 : true
2025-09-09 12:10:58,989 [INFO] ADCParametersView:116 -                Rank 2 : true
2025-09-09 12:10:58,989 [INFO] ADCParametersView:116 -                Rank 3 : true
2025-09-09 12:10:58,989 [INFO] ADCParametersView:116 -                Rank 4 : true
2025-09-09 12:10:58,989 [INFO] ADCParametersView:116 -                Rank 5 : true
2025-09-09 12:10:58,989 [INFO] ADCParametersView:116 -                Rank 6 : true
2025-09-09 12:10:58,989 [INFO] ADCParametersView:116 -                Rank 7 : true
2025-09-09 12:10:58,989 [INFO] ADCParametersView:116 -                Rank 8 : true
2025-09-09 12:10:58,989 [INFO] ADCParametersView:116 -                Rank 1 : true
2025-09-09 12:10:58,989 [INFO] ADCParametersView:116 -                Rank 2 : true
2025-09-09 12:10:58,989 [INFO] ADCParametersView:116 -                Rank 3 : true
2025-09-09 12:10:58,989 [INFO] ADCParametersView:116 -                Rank 4 : true
2025-09-09 12:10:58,989 [INFO] ADCParametersView:116 -                Rank 5 : true
2025-09-09 12:10:58,989 [INFO] ADCParametersView:116 -                Rank 6 : true
2025-09-09 12:10:58,989 [INFO] ADCParametersView:116 -                Rank 7 : true
2025-09-09 12:10:58,989 [INFO] ADCParametersView:116 -                Rank 8 : true
2025-09-09 12:10:58,989 [INFO] ADCParametersView:116 -                Rank 2 : true
2025-09-09 12:10:58,989 [INFO] ADCParametersView:116 -                Rank 3 : true
2025-09-09 12:10:58,989 [INFO] ADCParametersView:116 -                Rank 4 : true
2025-09-09 12:10:58,989 [INFO] ADCParametersView:116 -                Rank 5 : true
2025-09-09 12:10:58,990 [INFO] ADCParametersView:116 -                Rank 6 : true
2025-09-09 12:10:58,990 [INFO] ADCParametersView:116 -                Rank 7 : true
2025-09-09 12:10:58,990 [INFO] ADCParametersView:116 -                Rank 8 : true
2025-09-09 12:10:58,990 [INFO] ADCParametersView:116 -                Rank 3 : true
2025-09-09 12:10:58,990 [INFO] ADCParametersView:116 -                Rank 4 : true
2025-09-09 12:10:58,990 [INFO] ADCParametersView:116 -                Rank 5 : true
2025-09-09 12:10:58,990 [INFO] ADCParametersView:116 -                Rank 6 : true
2025-09-09 12:10:58,990 [INFO] ADCParametersView:116 -                Rank 7 : true
2025-09-09 12:10:58,990 [INFO] ADCParametersView:116 -                Rank 8 : true
2025-09-09 12:10:58,990 [INFO] ADCParametersView:116 -                Rank 4 : true
2025-09-09 12:10:58,990 [INFO] ADCParametersView:116 -                Rank 5 : true
2025-09-09 12:10:58,990 [INFO] ADCParametersView:116 -                Rank 6 : true
2025-09-09 12:10:58,990 [INFO] ADCParametersView:116 -                Rank 7 : true
2025-09-09 12:10:58,990 [INFO] ADCParametersView:116 -                Rank 8 : true
2025-09-09 12:10:58,990 [INFO] ADCParametersView:116 -                Rank 5 : true
2025-09-09 12:10:58,990 [INFO] ADCParametersView:116 -                Rank 6 : true
2025-09-09 12:10:58,990 [INFO] ADCParametersView:116 -                Rank 7 : true
2025-09-09 12:10:58,990 [INFO] ADCParametersView:116 -                Rank 8 : true
2025-09-09 12:10:58,990 [INFO] ADCParametersView:116 -                Rank 6 : true
2025-09-09 12:10:58,990 [INFO] ADCParametersView:116 -                Rank 7 : true
2025-09-09 12:10:58,990 [INFO] ADCParametersView:116 -                Rank 8 : true
2025-09-09 12:10:58,990 [INFO] ADCParametersView:116 -                Rank 7 : true
2025-09-09 12:10:58,990 [INFO] ADCParametersView:116 -                Rank 8 : true
2025-09-09 12:10:58,990 [INFO] ADCParametersView:116 -                Rank 8 : true
2025-09-09 12:10:59,057 [INFO] ADCParametersView:116 -                Rank 1 : true
2025-09-09 12:10:59,058 [INFO] ADCParametersView:116 -                Rank 1 : true
2025-09-09 12:10:59,058 [INFO] ADCParametersView:116 -                Rank 2 : true
2025-09-09 12:10:59,058 [INFO] ADCParametersView:116 -                Rank 1 : true
2025-09-09 12:10:59,058 [INFO] ADCParametersView:116 -                Rank 2 : true
2025-09-09 12:10:59,058 [INFO] ADCParametersView:116 -                Rank 3 : true
2025-09-09 12:10:59,058 [INFO] ADCParametersView:116 -                Rank 1 : true
2025-09-09 12:10:59,058 [INFO] ADCParametersView:116 -                Rank 2 : true
2025-09-09 12:10:59,058 [INFO] ADCParametersView:116 -                Rank 3 : true
2025-09-09 12:10:59,058 [INFO] ADCParametersView:116 -                Rank 4 : true
2025-09-09 12:10:59,059 [INFO] ADCParametersView:116 -                Rank 1 : true
2025-09-09 12:10:59,059 [INFO] ADCParametersView:116 -                Rank 2 : true
2025-09-09 12:10:59,059 [INFO] ADCParametersView:116 -                Rank 3 : true
2025-09-09 12:10:59,059 [INFO] ADCParametersView:116 -                Rank 4 : true
2025-09-09 12:10:59,059 [INFO] ADCParametersView:116 -                Rank 5 : true
2025-09-09 12:10:59,059 [INFO] ADCParametersView:116 -                Rank 1 : true
2025-09-09 12:10:59,059 [INFO] ADCParametersView:116 -                Rank 2 : true
2025-09-09 12:10:59,059 [INFO] ADCParametersView:116 -                Rank 3 : true
2025-09-09 12:10:59,059 [INFO] ADCParametersView:116 -                Rank 4 : true
2025-09-09 12:10:59,059 [INFO] ADCParametersView:116 -                Rank 5 : true
2025-09-09 12:10:59,059 [INFO] ADCParametersView:116 -                Rank 6 : true
2025-09-09 12:10:59,060 [INFO] ADCParametersView:116 -                Rank 1 : true
2025-09-09 12:10:59,060 [INFO] ADCParametersView:116 -                Rank 2 : true
2025-09-09 12:10:59,060 [INFO] ADCParametersView:116 -                Rank 3 : true
2025-09-09 12:10:59,060 [INFO] ADCParametersView:116 -                Rank 4 : true
2025-09-09 12:10:59,060 [INFO] ADCParametersView:116 -                Rank 5 : true
2025-09-09 12:10:59,060 [INFO] ADCParametersView:116 -                Rank 6 : true
2025-09-09 12:10:59,060 [INFO] ADCParametersView:116 -                Rank 7 : true
2025-09-09 12:10:59,060 [INFO] ADCParametersView:116 -                Rank 1 : true
2025-09-09 12:10:59,060 [INFO] ADCParametersView:116 -                Rank 2 : true
2025-09-09 12:10:59,060 [INFO] ADCParametersView:116 -                Rank 3 : true
2025-09-09 12:10:59,060 [INFO] ADCParametersView:116 -                Rank 4 : true
2025-09-09 12:10:59,060 [INFO] ADCParametersView:116 -                Rank 5 : true
2025-09-09 12:10:59,060 [INFO] ADCParametersView:116 -                Rank 6 : true
2025-09-09 12:10:59,060 [INFO] ADCParametersView:116 -                Rank 7 : true
2025-09-09 12:10:59,060 [INFO] ADCParametersView:116 -                Rank 8 : true
2025-09-09 12:11:01,167 [INFO] NvicIntPanel:101 - NVIC parent = com.st.microxplorer.plugins.ip.nvic.MultiNvicIntPanel[,0,0,0x0,invalid,layout=javax.swing.BoxLayout,alignmentX=0.0,alignmentY=0.0,border=,flags=9,maximumSize=,minimumSize=,preferredSize=]
2025-09-09 12:11:01,247 [INFO] ADCParametersView:116 -                Rank 1 : true
2025-09-09 12:11:01,247 [INFO] ADCParametersView:116 -                Rank 2 : true
2025-09-09 12:11:01,247 [INFO] ADCParametersView:116 -                Rank 3 : true
2025-09-09 12:11:01,247 [INFO] ADCParametersView:116 -                Rank 4 : true
2025-09-09 12:11:01,247 [INFO] ADCParametersView:116 -                Rank 5 : true
2025-09-09 12:11:01,247 [INFO] ADCParametersView:116 -                Rank 6 : true
2025-09-09 12:11:01,247 [INFO] ADCParametersView:116 -                Rank 7 : true
2025-09-09 12:11:01,247 [INFO] ADCParametersView:116 -                Rank 8 : true
2025-09-09 12:11:01,250 [INFO] ADCParametersView:116 -                Rank 1 : true
2025-09-09 12:11:01,250 [INFO] ADCParametersView:116 -                Rank 2 : true
2025-09-09 12:11:01,250 [INFO] ADCParametersView:116 -                Rank 3 : true
2025-09-09 12:11:01,250 [INFO] ADCParametersView:116 -                Rank 4 : true
2025-09-09 12:11:01,250 [INFO] ADCParametersView:116 -                Rank 5 : true
2025-09-09 12:11:01,250 [INFO] ADCParametersView:116 -                Rank 6 : true
2025-09-09 12:11:01,250 [INFO] ADCParametersView:116 -                Rank 7 : true
2025-09-09 12:11:01,250 [INFO] ADCParametersView:116 -                Rank 8 : true
2025-09-09 12:11:01,250 [INFO] ADCParametersView:116 -                Rank 1 : true
2025-09-09 12:11:01,250 [INFO] ADCParametersView:116 -                Rank 2 : true
2025-09-09 12:11:01,250 [INFO] ADCParametersView:116 -                Rank 3 : true
2025-09-09 12:11:01,250 [INFO] ADCParametersView:116 -                Rank 4 : true
2025-09-09 12:11:01,250 [INFO] ADCParametersView:116 -                Rank 5 : true
2025-09-09 12:11:01,250 [INFO] ADCParametersView:116 -                Rank 6 : true
2025-09-09 12:11:01,250 [INFO] ADCParametersView:116 -                Rank 7 : true
2025-09-09 12:11:01,250 [INFO] ADCParametersView:116 -                Rank 8 : true
2025-09-09 12:11:01,250 [INFO] ADCParametersView:116 -                Rank 1 : true
2025-09-09 12:11:01,250 [INFO] ADCParametersView:116 -                Rank 2 : true
2025-09-09 12:11:01,250 [INFO] ADCParametersView:116 -                Rank 3 : true
2025-09-09 12:11:01,251 [INFO] ADCParametersView:116 -                Rank 4 : true
2025-09-09 12:11:01,251 [INFO] ADCParametersView:116 -                Rank 5 : true
2025-09-09 12:11:01,251 [INFO] ADCParametersView:116 -                Rank 6 : true
2025-09-09 12:11:01,251 [INFO] ADCParametersView:116 -                Rank 7 : true
2025-09-09 12:11:01,251 [INFO] ADCParametersView:116 -                Rank 8 : true
2025-09-09 12:11:01,251 [INFO] ADCParametersView:116 -                Rank 1 : true
2025-09-09 12:11:01,251 [INFO] ADCParametersView:116 -                Rank 2 : true
2025-09-09 12:11:01,251 [INFO] ADCParametersView:116 -                Rank 3 : true
2025-09-09 12:11:01,251 [INFO] ADCParametersView:116 -                Rank 4 : true
2025-09-09 12:11:01,251 [INFO] ADCParametersView:116 -                Rank 5 : true
2025-09-09 12:11:01,251 [INFO] ADCParametersView:116 -                Rank 6 : true
2025-09-09 12:11:01,251 [INFO] ADCParametersView:116 -                Rank 7 : true
2025-09-09 12:11:01,251 [INFO] ADCParametersView:116 -                Rank 8 : true
2025-09-09 12:11:01,251 [INFO] ADCParametersView:116 -                Rank 1 : true
2025-09-09 12:11:01,251 [INFO] ADCParametersView:116 -                Rank 2 : true
2025-09-09 12:11:01,251 [INFO] ADCParametersView:116 -                Rank 3 : true
2025-09-09 12:11:01,251 [INFO] ADCParametersView:116 -                Rank 4 : true
2025-09-09 12:11:01,251 [INFO] ADCParametersView:116 -                Rank 5 : true
2025-09-09 12:11:01,251 [INFO] ADCParametersView:116 -                Rank 6 : true
2025-09-09 12:11:01,251 [INFO] ADCParametersView:116 -                Rank 7 : true
2025-09-09 12:11:01,251 [INFO] ADCParametersView:116 -                Rank 8 : true
2025-09-09 12:11:01,251 [INFO] ADCParametersView:116 -                Rank 1 : true
2025-09-09 12:11:01,251 [INFO] ADCParametersView:116 -                Rank 2 : true
2025-09-09 12:11:01,251 [INFO] ADCParametersView:116 -                Rank 3 : true
2025-09-09 12:11:01,251 [INFO] ADCParametersView:116 -                Rank 4 : true
2025-09-09 12:11:01,251 [INFO] ADCParametersView:116 -                Rank 5 : true
2025-09-09 12:11:01,251 [INFO] ADCParametersView:116 -                Rank 6 : true
2025-09-09 12:11:01,251 [INFO] ADCParametersView:116 -                Rank 7 : true
2025-09-09 12:11:01,251 [INFO] ADCParametersView:116 -                Rank 8 : true
2025-09-09 12:11:01,251 [INFO] ADCParametersView:116 -                Rank 1 : true
2025-09-09 12:11:01,251 [INFO] ADCParametersView:116 -                Rank 2 : true
2025-09-09 12:11:01,251 [INFO] ADCParametersView:116 -                Rank 3 : true
2025-09-09 12:11:01,251 [INFO] ADCParametersView:116 -                Rank 4 : true
2025-09-09 12:11:01,251 [INFO] ADCParametersView:116 -                Rank 5 : true
2025-09-09 12:11:01,251 [INFO] ADCParametersView:116 -                Rank 6 : true
2025-09-09 12:11:01,251 [INFO] ADCParametersView:116 -                Rank 7 : true
2025-09-09 12:11:01,251 [INFO] ADCParametersView:116 -                Rank 8 : true
2025-09-09 12:11:01,251 [INFO] ADCParametersView:116 -                Rank 1 : true
2025-09-09 12:11:01,251 [INFO] ADCParametersView:116 -                Rank 2 : true
2025-09-09 12:11:01,251 [INFO] ADCParametersView:116 -                Rank 3 : true
2025-09-09 12:11:01,251 [INFO] ADCParametersView:116 -                Rank 4 : true
2025-09-09 12:11:01,251 [INFO] ADCParametersView:116 -                Rank 5 : true
2025-09-09 12:11:01,251 [INFO] ADCParametersView:116 -                Rank 6 : true
2025-09-09 12:11:01,251 [INFO] ADCParametersView:116 -                Rank 7 : true
2025-09-09 12:11:01,251 [INFO] ADCParametersView:116 -                Rank 8 : true
2025-09-09 12:11:01,251 [INFO] ADCParametersView:116 -                Rank 1 : true
2025-09-09 12:11:01,251 [INFO] ADCParametersView:116 -                Rank 2 : true
2025-09-09 12:11:01,253 [INFO] ADCParametersView:116 -                Rank 3 : true
2025-09-09 12:11:01,253 [INFO] ADCParametersView:116 -                Rank 4 : true
2025-09-09 12:11:01,253 [INFO] ADCParametersView:116 -                Rank 5 : true
2025-09-09 12:11:01,253 [INFO] ADCParametersView:116 -                Rank 6 : true
2025-09-09 12:11:01,253 [INFO] ADCParametersView:116 -                Rank 7 : true
2025-09-09 12:11:01,253 [INFO] ADCParametersView:116 -                Rank 8 : true
2025-09-09 12:11:01,253 [INFO] ADCParametersView:116 -                Rank 1 : true
2025-09-09 12:11:01,253 [INFO] ADCParametersView:116 -                Rank 2 : true
2025-09-09 12:11:01,253 [INFO] ADCParametersView:116 -                Rank 3 : true
2025-09-09 12:11:01,253 [INFO] ADCParametersView:116 -                Rank 4 : true
2025-09-09 12:11:01,253 [INFO] ADCParametersView:116 -                Rank 5 : true
2025-09-09 12:11:01,253 [INFO] ADCParametersView:116 -                Rank 6 : true
2025-09-09 12:11:01,253 [INFO] ADCParametersView:116 -                Rank 7 : true
2025-09-09 12:11:01,253 [INFO] ADCParametersView:116 -                Rank 8 : true
2025-09-09 12:11:01,253 [INFO] ADCParametersView:116 -                Rank 1 : true
2025-09-09 12:11:01,253 [INFO] ADCParametersView:116 -                Rank 2 : true
2025-09-09 12:11:01,253 [INFO] ADCParametersView:116 -                Rank 3 : true
2025-09-09 12:11:01,253 [INFO] ADCParametersView:116 -                Rank 4 : true
2025-09-09 12:11:01,253 [INFO] ADCParametersView:116 -                Rank 5 : true
2025-09-09 12:11:01,253 [INFO] ADCParametersView:116 -                Rank 6 : true
2025-09-09 12:11:01,253 [INFO] ADCParametersView:116 -                Rank 7 : true
2025-09-09 12:11:01,253 [INFO] ADCParametersView:116 -                Rank 8 : true
2025-09-09 12:11:01,253 [INFO] ADCParametersView:116 -                Rank 1 : true
2025-09-09 12:11:01,253 [INFO] ADCParametersView:116 -                Rank 2 : true
2025-09-09 12:11:01,253 [INFO] ADCParametersView:116 -                Rank 3 : true
2025-09-09 12:11:01,253 [INFO] ADCParametersView:116 -                Rank 4 : true
2025-09-09 12:11:01,253 [INFO] ADCParametersView:116 -                Rank 5 : true
2025-09-09 12:11:01,253 [INFO] ADCParametersView:116 -                Rank 6 : true
2025-09-09 12:11:01,253 [INFO] ADCParametersView:116 -                Rank 7 : true
2025-09-09 12:11:01,253 [INFO] ADCParametersView:116 -                Rank 8 : true
2025-09-09 12:11:01,253 [INFO] ADCParametersView:116 -                Rank 1 : true
2025-09-09 12:11:01,253 [INFO] ADCParametersView:116 -                Rank 2 : true
2025-09-09 12:11:01,253 [INFO] ADCParametersView:116 -                Rank 3 : true
2025-09-09 12:11:01,254 [INFO] ADCParametersView:116 -                Rank 4 : true
2025-09-09 12:11:01,254 [INFO] ADCParametersView:116 -                Rank 5 : true
2025-09-09 12:11:01,254 [INFO] ADCParametersView:116 -                Rank 6 : true
2025-09-09 12:11:01,254 [INFO] ADCParametersView:116 -                Rank 7 : true
2025-09-09 12:11:01,254 [INFO] ADCParametersView:116 -                Rank 8 : true
2025-09-09 12:11:01,254 [INFO] ADCParametersView:116 -                Rank 2 : true
2025-09-09 12:11:01,254 [INFO] ADCParametersView:116 -                Rank 3 : true
2025-09-09 12:11:01,254 [INFO] ADCParametersView:116 -                Rank 4 : true
2025-09-09 12:11:01,254 [INFO] ADCParametersView:116 -                Rank 5 : true
2025-09-09 12:11:01,254 [INFO] ADCParametersView:116 -                Rank 6 : true
2025-09-09 12:11:01,254 [INFO] ADCParametersView:116 -                Rank 7 : true
2025-09-09 12:11:01,254 [INFO] ADCParametersView:116 -                Rank 8 : true
2025-09-09 12:11:01,254 [INFO] ADCParametersView:116 -                Rank 3 : true
2025-09-09 12:11:01,254 [INFO] ADCParametersView:116 -                Rank 4 : true
2025-09-09 12:11:01,254 [INFO] ADCParametersView:116 -                Rank 5 : true
2025-09-09 12:11:01,254 [INFO] ADCParametersView:116 -                Rank 6 : true
2025-09-09 12:11:01,254 [INFO] ADCParametersView:116 -                Rank 7 : true
2025-09-09 12:11:01,254 [INFO] ADCParametersView:116 -                Rank 8 : true
2025-09-09 12:11:01,254 [INFO] ADCParametersView:116 -                Rank 4 : true
2025-09-09 12:11:01,254 [INFO] ADCParametersView:116 -                Rank 5 : true
2025-09-09 12:11:01,254 [INFO] ADCParametersView:116 -                Rank 6 : true
2025-09-09 12:11:01,254 [INFO] ADCParametersView:116 -                Rank 7 : true
2025-09-09 12:11:01,254 [INFO] ADCParametersView:116 -                Rank 8 : true
2025-09-09 12:11:01,254 [INFO] ADCParametersView:116 -                Rank 5 : true
2025-09-09 12:11:01,254 [INFO] ADCParametersView:116 -                Rank 6 : true
2025-09-09 12:11:01,254 [INFO] ADCParametersView:116 -                Rank 7 : true
2025-09-09 12:11:01,254 [INFO] ADCParametersView:116 -                Rank 8 : true
2025-09-09 12:11:01,254 [INFO] ADCParametersView:116 -                Rank 6 : true
2025-09-09 12:11:01,254 [INFO] ADCParametersView:116 -                Rank 7 : true
2025-09-09 12:11:01,254 [INFO] ADCParametersView:116 -                Rank 8 : true
2025-09-09 12:11:01,254 [INFO] ADCParametersView:116 -                Rank 7 : true
2025-09-09 12:11:01,254 [INFO] ADCParametersView:116 -                Rank 8 : true
2025-09-09 12:11:01,254 [INFO] ADCParametersView:116 -                Rank 8 : true
2025-09-09 12:11:01,310 [INFO] ADCParametersView:116 -                Rank 1 : true
2025-09-09 12:11:01,310 [INFO] ADCParametersView:116 -                Rank 1 : true
2025-09-09 12:11:01,310 [INFO] ADCParametersView:116 -                Rank 2 : true
2025-09-09 12:11:01,310 [INFO] ADCParametersView:116 -                Rank 1 : true
2025-09-09 12:11:01,310 [INFO] ADCParametersView:116 -                Rank 2 : true
2025-09-09 12:11:01,310 [INFO] ADCParametersView:116 -                Rank 3 : true
2025-09-09 12:11:01,311 [INFO] ADCParametersView:116 -                Rank 1 : true
2025-09-09 12:11:01,311 [INFO] ADCParametersView:116 -                Rank 2 : true
2025-09-09 12:11:01,311 [INFO] ADCParametersView:116 -                Rank 3 : true
2025-09-09 12:11:01,311 [INFO] ADCParametersView:116 -                Rank 4 : true
2025-09-09 12:11:01,311 [INFO] ADCParametersView:116 -                Rank 1 : true
2025-09-09 12:11:01,312 [INFO] ADCParametersView:116 -                Rank 2 : true
2025-09-09 12:11:01,312 [INFO] ADCParametersView:116 -                Rank 3 : true
2025-09-09 12:11:01,312 [INFO] ADCParametersView:116 -                Rank 4 : true
2025-09-09 12:11:01,312 [INFO] ADCParametersView:116 -                Rank 5 : true
2025-09-09 12:11:01,312 [INFO] ADCParametersView:116 -                Rank 1 : true
2025-09-09 12:11:01,312 [INFO] ADCParametersView:116 -                Rank 2 : true
2025-09-09 12:11:01,312 [INFO] ADCParametersView:116 -                Rank 3 : true
2025-09-09 12:11:01,312 [INFO] ADCParametersView:116 -                Rank 4 : true
2025-09-09 12:11:01,312 [INFO] ADCParametersView:116 -                Rank 5 : true
2025-09-09 12:11:01,312 [INFO] ADCParametersView:116 -                Rank 6 : true
2025-09-09 12:11:01,312 [INFO] ADCParametersView:116 -                Rank 1 : true
2025-09-09 12:11:01,312 [INFO] ADCParametersView:116 -                Rank 2 : true
2025-09-09 12:11:01,312 [INFO] ADCParametersView:116 -                Rank 3 : true
2025-09-09 12:11:01,312 [INFO] ADCParametersView:116 -                Rank 4 : true
2025-09-09 12:11:01,313 [INFO] ADCParametersView:116 -                Rank 5 : true
2025-09-09 12:11:01,313 [INFO] ADCParametersView:116 -                Rank 6 : true
2025-09-09 12:11:01,313 [INFO] ADCParametersView:116 -                Rank 7 : true
2025-09-09 12:11:01,313 [INFO] ADCParametersView:116 -                Rank 1 : true
2025-09-09 12:11:01,313 [INFO] ADCParametersView:116 -                Rank 2 : true
2025-09-09 12:11:01,313 [INFO] ADCParametersView:116 -                Rank 3 : true
2025-09-09 12:11:01,313 [INFO] ADCParametersView:116 -                Rank 4 : true
2025-09-09 12:11:01,313 [INFO] ADCParametersView:116 -                Rank 5 : true
2025-09-09 12:11:01,313 [INFO] ADCParametersView:116 -                Rank 6 : true
2025-09-09 12:11:01,313 [INFO] ADCParametersView:116 -                Rank 7 : true
2025-09-09 12:11:01,313 [INFO] ADCParametersView:116 -                Rank 8 : true
2025-09-09 12:11:03,286 [INFO] NvicIntPanel:101 - NVIC parent = com.st.microxplorer.plugins.ip.nvic.MultiNvicIntPanel[,0,0,0x0,invalid,layout=javax.swing.BoxLayout,alignmentX=0.0,alignmentY=0.0,border=,flags=9,maximumSize=,minimumSize=,preferredSize=]
2025-09-09 12:11:03,366 [INFO] ADCParametersView:116 -                Rank 1 : true
2025-09-09 12:11:03,366 [INFO] ADCParametersView:116 -                Rank 2 : true
2025-09-09 12:11:03,366 [INFO] ADCParametersView:116 -                Rank 3 : true
2025-09-09 12:11:03,366 [INFO] ADCParametersView:116 -                Rank 4 : true
2025-09-09 12:11:03,367 [INFO] ADCParametersView:116 -                Rank 5 : true
2025-09-09 12:11:03,367 [INFO] ADCParametersView:116 -                Rank 6 : true
2025-09-09 12:11:03,367 [INFO] ADCParametersView:116 -                Rank 7 : true
2025-09-09 12:11:03,367 [INFO] ADCParametersView:116 -                Rank 8 : true
2025-09-09 12:11:03,370 [INFO] ADCParametersView:116 -                Rank 1 : true
2025-09-09 12:11:03,370 [INFO] ADCParametersView:116 -                Rank 2 : true
2025-09-09 12:11:03,370 [INFO] ADCParametersView:116 -                Rank 3 : true
2025-09-09 12:11:03,370 [INFO] ADCParametersView:116 -                Rank 4 : true
2025-09-09 12:11:03,370 [INFO] ADCParametersView:116 -                Rank 5 : true
2025-09-09 12:11:03,371 [INFO] ADCParametersView:116 -                Rank 6 : true
2025-09-09 12:11:03,371 [INFO] ADCParametersView:116 -                Rank 7 : true
2025-09-09 12:11:03,371 [INFO] ADCParametersView:116 -                Rank 8 : true
2025-09-09 12:11:03,371 [INFO] ADCParametersView:116 -                Rank 1 : true
2025-09-09 12:11:03,371 [INFO] ADCParametersView:116 -                Rank 2 : true
2025-09-09 12:11:03,371 [INFO] ADCParametersView:116 -                Rank 3 : true
2025-09-09 12:11:03,371 [INFO] ADCParametersView:116 -                Rank 4 : true
2025-09-09 12:11:03,371 [INFO] ADCParametersView:116 -                Rank 5 : true
2025-09-09 12:11:03,372 [INFO] ADCParametersView:116 -                Rank 6 : true
2025-09-09 12:11:03,372 [INFO] ADCParametersView:116 -                Rank 7 : true
2025-09-09 12:11:03,372 [INFO] ADCParametersView:116 -                Rank 8 : true
2025-09-09 12:11:03,372 [INFO] ADCParametersView:116 -                Rank 1 : true
2025-09-09 12:11:03,372 [INFO] ADCParametersView:116 -                Rank 2 : true
2025-09-09 12:11:03,372 [INFO] ADCParametersView:116 -                Rank 3 : true
2025-09-09 12:11:03,372 [INFO] ADCParametersView:116 -                Rank 4 : true
2025-09-09 12:11:03,372 [INFO] ADCParametersView:116 -                Rank 5 : true
2025-09-09 12:11:03,372 [INFO] ADCParametersView:116 -                Rank 6 : true
2025-09-09 12:11:03,372 [INFO] ADCParametersView:116 -                Rank 7 : true
2025-09-09 12:11:03,372 [INFO] ADCParametersView:116 -                Rank 8 : true
2025-09-09 12:11:03,372 [INFO] ADCParametersView:116 -                Rank 1 : true
2025-09-09 12:11:03,372 [INFO] ADCParametersView:116 -                Rank 2 : true
2025-09-09 12:11:03,372 [INFO] ADCParametersView:116 -                Rank 3 : true
2025-09-09 12:11:03,372 [INFO] ADCParametersView:116 -                Rank 4 : true
2025-09-09 12:11:03,373 [INFO] ADCParametersView:116 -                Rank 5 : true
2025-09-09 12:11:03,373 [INFO] ADCParametersView:116 -                Rank 6 : true
2025-09-09 12:11:03,373 [INFO] ADCParametersView:116 -                Rank 7 : true
2025-09-09 12:11:03,373 [INFO] ADCParametersView:116 -                Rank 8 : true
2025-09-09 12:11:03,373 [INFO] ADCParametersView:116 -                Rank 1 : true
2025-09-09 12:11:03,374 [INFO] ADCParametersView:116 -                Rank 2 : true
2025-09-09 12:11:03,374 [INFO] ADCParametersView:116 -                Rank 3 : true
2025-09-09 12:11:03,374 [INFO] ADCParametersView:116 -                Rank 4 : true
2025-09-09 12:11:03,374 [INFO] ADCParametersView:116 -                Rank 5 : true
2025-09-09 12:11:03,374 [INFO] ADCParametersView:116 -                Rank 6 : true
2025-09-09 12:11:03,374 [INFO] ADCParametersView:116 -                Rank 7 : true
2025-09-09 12:11:03,374 [INFO] ADCParametersView:116 -                Rank 8 : true
2025-09-09 12:11:03,375 [INFO] ADCParametersView:116 -                Rank 1 : true
2025-09-09 12:11:03,375 [INFO] ADCParametersView:116 -                Rank 2 : true
2025-09-09 12:11:03,375 [INFO] ADCParametersView:116 -                Rank 3 : true
2025-09-09 12:11:03,375 [INFO] ADCParametersView:116 -                Rank 4 : true
2025-09-09 12:11:03,375 [INFO] ADCParametersView:116 -                Rank 5 : true
2025-09-09 12:11:03,375 [INFO] ADCParametersView:116 -                Rank 6 : true
2025-09-09 12:11:03,375 [INFO] ADCParametersView:116 -                Rank 7 : true
2025-09-09 12:11:03,375 [INFO] ADCParametersView:116 -                Rank 8 : true
2025-09-09 12:11:03,376 [INFO] ADCParametersView:116 -                Rank 1 : true
2025-09-09 12:11:03,376 [INFO] ADCParametersView:116 -                Rank 2 : true
2025-09-09 12:11:03,376 [INFO] ADCParametersView:116 -                Rank 3 : true
2025-09-09 12:11:03,376 [INFO] ADCParametersView:116 -                Rank 4 : true
2025-09-09 12:11:03,376 [INFO] ADCParametersView:116 -                Rank 5 : true
2025-09-09 12:11:03,376 [INFO] ADCParametersView:116 -                Rank 6 : true
2025-09-09 12:11:03,376 [INFO] ADCParametersView:116 -                Rank 7 : true
2025-09-09 12:11:03,376 [INFO] ADCParametersView:116 -                Rank 8 : true
2025-09-09 12:11:03,376 [INFO] ADCParametersView:116 -                Rank 1 : true
2025-09-09 12:11:03,376 [INFO] ADCParametersView:116 -                Rank 2 : true
2025-09-09 12:11:03,376 [INFO] ADCParametersView:116 -                Rank 3 : true
2025-09-09 12:11:03,376 [INFO] ADCParametersView:116 -                Rank 4 : true
2025-09-09 12:11:03,376 [INFO] ADCParametersView:116 -                Rank 5 : true
2025-09-09 12:11:03,377 [INFO] ADCParametersView:116 -                Rank 6 : true
2025-09-09 12:11:03,377 [INFO] ADCParametersView:116 -                Rank 7 : true
2025-09-09 12:11:03,377 [INFO] ADCParametersView:116 -                Rank 8 : true
2025-09-09 12:11:03,377 [INFO] ADCParametersView:116 -                Rank 1 : true
2025-09-09 12:11:03,377 [INFO] ADCParametersView:116 -                Rank 2 : true
2025-09-09 12:11:03,377 [INFO] ADCParametersView:116 -                Rank 3 : true
2025-09-09 12:11:03,377 [INFO] ADCParametersView:116 -                Rank 4 : true
2025-09-09 12:11:03,377 [INFO] ADCParametersView:116 -                Rank 5 : true
2025-09-09 12:11:03,377 [INFO] ADCParametersView:116 -                Rank 6 : true
2025-09-09 12:11:03,377 [INFO] ADCParametersView:116 -                Rank 7 : true
2025-09-09 12:11:03,377 [INFO] ADCParametersView:116 -                Rank 8 : true
2025-09-09 12:11:03,377 [INFO] ADCParametersView:116 -                Rank 1 : true
2025-09-09 12:11:03,377 [INFO] ADCParametersView:116 -                Rank 2 : true
2025-09-09 12:11:03,377 [INFO] ADCParametersView:116 -                Rank 3 : true
2025-09-09 12:11:03,377 [INFO] ADCParametersView:116 -                Rank 4 : true
2025-09-09 12:11:03,378 [INFO] ADCParametersView:116 -                Rank 5 : true
2025-09-09 12:11:03,378 [INFO] ADCParametersView:116 -                Rank 6 : true
2025-09-09 12:11:03,378 [INFO] ADCParametersView:116 -                Rank 7 : true
2025-09-09 12:11:03,378 [INFO] ADCParametersView:116 -                Rank 8 : true
2025-09-09 12:11:03,378 [INFO] ADCParametersView:116 -                Rank 1 : true
2025-09-09 12:11:03,378 [INFO] ADCParametersView:116 -                Rank 2 : true
2025-09-09 12:11:03,378 [INFO] ADCParametersView:116 -                Rank 3 : true
2025-09-09 12:11:03,378 [INFO] ADCParametersView:116 -                Rank 4 : true
2025-09-09 12:11:03,378 [INFO] ADCParametersView:116 -                Rank 5 : true
2025-09-09 12:11:03,378 [INFO] ADCParametersView:116 -                Rank 6 : true
2025-09-09 12:11:03,378 [INFO] ADCParametersView:116 -                Rank 7 : true
2025-09-09 12:11:03,378 [INFO] ADCParametersView:116 -                Rank 8 : true
2025-09-09 12:11:03,378 [INFO] ADCParametersView:116 -                Rank 1 : true
2025-09-09 12:11:03,378 [INFO] ADCParametersView:116 -                Rank 2 : true
2025-09-09 12:11:03,378 [INFO] ADCParametersView:116 -                Rank 3 : true
2025-09-09 12:11:03,378 [INFO] ADCParametersView:116 -                Rank 4 : true
2025-09-09 12:11:03,378 [INFO] ADCParametersView:116 -                Rank 5 : true
2025-09-09 12:11:03,378 [INFO] ADCParametersView:116 -                Rank 6 : true
2025-09-09 12:11:03,378 [INFO] ADCParametersView:116 -                Rank 7 : true
2025-09-09 12:11:03,378 [INFO] ADCParametersView:116 -                Rank 8 : true
2025-09-09 12:11:03,378 [INFO] ADCParametersView:116 -                Rank 1 : true
2025-09-09 12:11:03,378 [INFO] ADCParametersView:116 -                Rank 2 : true
2025-09-09 12:11:03,378 [INFO] ADCParametersView:116 -                Rank 3 : true
2025-09-09 12:11:03,379 [INFO] ADCParametersView:116 -                Rank 4 : true
2025-09-09 12:11:03,379 [INFO] ADCParametersView:116 -                Rank 5 : true
2025-09-09 12:11:03,379 [INFO] ADCParametersView:116 -                Rank 6 : true
2025-09-09 12:11:03,379 [INFO] ADCParametersView:116 -                Rank 7 : true
2025-09-09 12:11:03,379 [INFO] ADCParametersView:116 -                Rank 8 : true
2025-09-09 12:11:03,379 [INFO] ADCParametersView:116 -                Rank 2 : true
2025-09-09 12:11:03,379 [INFO] ADCParametersView:116 -                Rank 3 : true
2025-09-09 12:11:03,379 [INFO] ADCParametersView:116 -                Rank 4 : true
2025-09-09 12:11:03,379 [INFO] ADCParametersView:116 -                Rank 5 : true
2025-09-09 12:11:03,379 [INFO] ADCParametersView:116 -                Rank 6 : true
2025-09-09 12:11:03,379 [INFO] ADCParametersView:116 -                Rank 7 : true
2025-09-09 12:11:03,379 [INFO] ADCParametersView:116 -                Rank 8 : true
2025-09-09 12:11:03,379 [INFO] ADCParametersView:116 -                Rank 3 : true
2025-09-09 12:11:03,379 [INFO] ADCParametersView:116 -                Rank 4 : true
2025-09-09 12:11:03,379 [INFO] ADCParametersView:116 -                Rank 5 : true
2025-09-09 12:11:03,379 [INFO] ADCParametersView:116 -                Rank 6 : true
2025-09-09 12:11:03,379 [INFO] ADCParametersView:116 -                Rank 7 : true
2025-09-09 12:11:03,379 [INFO] ADCParametersView:116 -                Rank 8 : true
2025-09-09 12:11:03,379 [INFO] ADCParametersView:116 -                Rank 4 : true
2025-09-09 12:11:03,379 [INFO] ADCParametersView:116 -                Rank 5 : true
2025-09-09 12:11:03,379 [INFO] ADCParametersView:116 -                Rank 6 : true
2025-09-09 12:11:03,379 [INFO] ADCParametersView:116 -                Rank 7 : true
2025-09-09 12:11:03,379 [INFO] ADCParametersView:116 -                Rank 8 : true
2025-09-09 12:11:03,380 [INFO] ADCParametersView:116 -                Rank 5 : true
2025-09-09 12:11:03,380 [INFO] ADCParametersView:116 -                Rank 6 : true
2025-09-09 12:11:03,380 [INFO] ADCParametersView:116 -                Rank 7 : true
2025-09-09 12:11:03,380 [INFO] ADCParametersView:116 -                Rank 8 : true
2025-09-09 12:11:03,380 [INFO] ADCParametersView:116 -                Rank 6 : true
2025-09-09 12:11:03,380 [INFO] ADCParametersView:116 -                Rank 7 : true
2025-09-09 12:11:03,380 [INFO] ADCParametersView:116 -                Rank 8 : true
2025-09-09 12:11:03,380 [INFO] ADCParametersView:116 -                Rank 7 : true
2025-09-09 12:11:03,380 [INFO] ADCParametersView:116 -                Rank 8 : true
2025-09-09 12:11:03,380 [INFO] ADCParametersView:116 -                Rank 8 : true
2025-09-09 12:11:03,442 [INFO] ADCParametersView:116 -                Rank 1 : true
2025-09-09 12:11:03,442 [INFO] ADCParametersView:116 -                Rank 1 : true
2025-09-09 12:11:03,442 [INFO] ADCParametersView:116 -                Rank 2 : true
2025-09-09 12:11:03,442 [INFO] ADCParametersView:116 -                Rank 1 : true
2025-09-09 12:11:03,442 [INFO] ADCParametersView:116 -                Rank 2 : true
2025-09-09 12:11:03,442 [INFO] ADCParametersView:116 -                Rank 3 : true
2025-09-09 12:11:03,443 [INFO] ADCParametersView:116 -                Rank 1 : true
2025-09-09 12:11:03,443 [INFO] ADCParametersView:116 -                Rank 2 : true
2025-09-09 12:11:03,443 [INFO] ADCParametersView:116 -                Rank 3 : true
2025-09-09 12:11:03,443 [INFO] ADCParametersView:116 -                Rank 4 : true
2025-09-09 12:11:03,443 [INFO] ADCParametersView:116 -                Rank 1 : true
2025-09-09 12:11:03,443 [INFO] ADCParametersView:116 -                Rank 2 : true
2025-09-09 12:11:03,443 [INFO] ADCParametersView:116 -                Rank 3 : true
2025-09-09 12:11:03,443 [INFO] ADCParametersView:116 -                Rank 4 : true
2025-09-09 12:11:03,443 [INFO] ADCParametersView:116 -                Rank 5 : true
2025-09-09 12:11:03,443 [INFO] ADCParametersView:116 -                Rank 1 : true
2025-09-09 12:11:03,443 [INFO] ADCParametersView:116 -                Rank 2 : true
2025-09-09 12:11:03,443 [INFO] ADCParametersView:116 -                Rank 3 : true
2025-09-09 12:11:03,443 [INFO] ADCParametersView:116 -                Rank 4 : true
2025-09-09 12:11:03,443 [INFO] ADCParametersView:116 -                Rank 5 : true
2025-09-09 12:11:03,444 [INFO] ADCParametersView:116 -                Rank 6 : true
2025-09-09 12:11:03,444 [INFO] ADCParametersView:116 -                Rank 1 : true
2025-09-09 12:11:03,444 [INFO] ADCParametersView:116 -                Rank 2 : true
2025-09-09 12:11:03,444 [INFO] ADCParametersView:116 -                Rank 3 : true
2025-09-09 12:11:03,444 [INFO] ADCParametersView:116 -                Rank 4 : true
2025-09-09 12:11:03,444 [INFO] ADCParametersView:116 -                Rank 5 : true
2025-09-09 12:11:03,444 [INFO] ADCParametersView:116 -                Rank 6 : true
2025-09-09 12:11:03,444 [INFO] ADCParametersView:116 -                Rank 7 : true
2025-09-09 12:11:03,444 [INFO] ADCParametersView:116 -                Rank 1 : true
2025-09-09 12:11:03,444 [INFO] ADCParametersView:116 -                Rank 2 : true
2025-09-09 12:11:03,445 [INFO] ADCParametersView:116 -                Rank 3 : true
2025-09-09 12:11:03,445 [INFO] ADCParametersView:116 -                Rank 4 : true
2025-09-09 12:11:03,445 [INFO] ADCParametersView:116 -                Rank 5 : true
2025-09-09 12:11:03,445 [INFO] ADCParametersView:116 -                Rank 6 : true
2025-09-09 12:11:03,445 [INFO] ADCParametersView:116 -                Rank 7 : true
2025-09-09 12:11:03,445 [INFO] ADCParametersView:116 -                Rank 8 : true
2025-09-09 12:11:05,166 [INFO] NvicIntPanel:101 - NVIC parent = com.st.microxplorer.plugins.ip.nvic.MultiNvicIntPanel[,0,0,0x0,invalid,layout=javax.swing.BoxLayout,alignmentX=0.0,alignmentY=0.0,border=,flags=9,maximumSize=,minimumSize=,preferredSize=]
2025-09-09 12:11:05,237 [INFO] ADCParametersView:116 -                Rank 1 : true
2025-09-09 12:11:05,237 [INFO] ADCParametersView:116 -                Rank 2 : true
2025-09-09 12:11:05,237 [INFO] ADCParametersView:116 -                Rank 3 : true
2025-09-09 12:11:05,237 [INFO] ADCParametersView:116 -                Rank 4 : true
2025-09-09 12:11:05,237 [INFO] ADCParametersView:116 -                Rank 5 : true
2025-09-09 12:11:05,237 [INFO] ADCParametersView:116 -                Rank 6 : true
2025-09-09 12:11:05,237 [INFO] ADCParametersView:116 -                Rank 7 : true
2025-09-09 12:11:05,237 [INFO] ADCParametersView:116 -                Rank 8 : true
2025-09-09 12:11:05,238 [INFO] ADCParametersView:116 -                Rank 1 : true
2025-09-09 12:11:05,238 [INFO] ADCParametersView:116 -                Rank 2 : true
2025-09-09 12:11:05,238 [INFO] ADCParametersView:116 -                Rank 3 : true
2025-09-09 12:11:05,238 [INFO] ADCParametersView:116 -                Rank 4 : true
2025-09-09 12:11:05,238 [INFO] ADCParametersView:116 -                Rank 5 : true
2025-09-09 12:11:05,238 [INFO] ADCParametersView:116 -                Rank 6 : true
2025-09-09 12:11:05,238 [INFO] ADCParametersView:116 -                Rank 7 : true
2025-09-09 12:11:05,238 [INFO] ADCParametersView:116 -                Rank 8 : true
2025-09-09 12:11:05,238 [INFO] ADCParametersView:116 -                Rank 1 : true
2025-09-09 12:11:05,238 [INFO] ADCParametersView:116 -                Rank 2 : true
2025-09-09 12:11:05,238 [INFO] ADCParametersView:116 -                Rank 3 : true
2025-09-09 12:11:05,238 [INFO] ADCParametersView:116 -                Rank 4 : true
2025-09-09 12:11:05,238 [INFO] ADCParametersView:116 -                Rank 5 : true
2025-09-09 12:11:05,238 [INFO] ADCParametersView:116 -                Rank 6 : true
2025-09-09 12:11:05,238 [INFO] ADCParametersView:116 -                Rank 7 : true
2025-09-09 12:11:05,238 [INFO] ADCParametersView:116 -                Rank 8 : true
2025-09-09 12:11:05,238 [INFO] ADCParametersView:116 -                Rank 1 : true
2025-09-09 12:11:05,238 [INFO] ADCParametersView:116 -                Rank 2 : true
2025-09-09 12:11:05,238 [INFO] ADCParametersView:116 -                Rank 3 : true
2025-09-09 12:11:05,238 [INFO] ADCParametersView:116 -                Rank 4 : true
2025-09-09 12:11:05,238 [INFO] ADCParametersView:116 -                Rank 5 : true
2025-09-09 12:11:05,238 [INFO] ADCParametersView:116 -                Rank 6 : true
2025-09-09 12:11:05,238 [INFO] ADCParametersView:116 -                Rank 7 : true
2025-09-09 12:11:05,238 [INFO] ADCParametersView:116 -                Rank 8 : true
2025-09-09 12:11:05,238 [INFO] ADCParametersView:116 -                Rank 1 : true
2025-09-09 12:11:05,238 [INFO] ADCParametersView:116 -                Rank 2 : true
2025-09-09 12:11:05,238 [INFO] ADCParametersView:116 -                Rank 3 : true
2025-09-09 12:11:05,238 [INFO] ADCParametersView:116 -                Rank 4 : true
2025-09-09 12:11:05,238 [INFO] ADCParametersView:116 -                Rank 5 : true
2025-09-09 12:11:05,238 [INFO] ADCParametersView:116 -                Rank 6 : true
2025-09-09 12:11:05,238 [INFO] ADCParametersView:116 -                Rank 7 : true
2025-09-09 12:11:05,238 [INFO] ADCParametersView:116 -                Rank 8 : true
2025-09-09 12:11:05,238 [INFO] ADCParametersView:116 -                Rank 1 : true
2025-09-09 12:11:05,238 [INFO] ADCParametersView:116 -                Rank 2 : true
2025-09-09 12:11:05,238 [INFO] ADCParametersView:116 -                Rank 3 : true
2025-09-09 12:11:05,238 [INFO] ADCParametersView:116 -                Rank 4 : true
2025-09-09 12:11:05,238 [INFO] ADCParametersView:116 -                Rank 5 : true
2025-09-09 12:11:05,238 [INFO] ADCParametersView:116 -                Rank 6 : true
2025-09-09 12:11:05,239 [INFO] ADCParametersView:116 -                Rank 7 : true
2025-09-09 12:11:05,239 [INFO] ADCParametersView:116 -                Rank 8 : true
2025-09-09 12:11:05,239 [INFO] ADCParametersView:116 -                Rank 1 : true
2025-09-09 12:11:05,239 [INFO] ADCParametersView:116 -                Rank 2 : true
2025-09-09 12:11:05,239 [INFO] ADCParametersView:116 -                Rank 3 : true
2025-09-09 12:11:05,239 [INFO] ADCParametersView:116 -                Rank 4 : true
2025-09-09 12:11:05,239 [INFO] ADCParametersView:116 -                Rank 5 : true
2025-09-09 12:11:05,239 [INFO] ADCParametersView:116 -                Rank 6 : true
2025-09-09 12:11:05,239 [INFO] ADCParametersView:116 -                Rank 7 : true
2025-09-09 12:11:05,239 [INFO] ADCParametersView:116 -                Rank 8 : true
2025-09-09 12:11:05,239 [INFO] ADCParametersView:116 -                Rank 1 : true
2025-09-09 12:11:05,239 [INFO] ADCParametersView:116 -                Rank 2 : true
2025-09-09 12:11:05,239 [INFO] ADCParametersView:116 -                Rank 3 : true
2025-09-09 12:11:05,239 [INFO] ADCParametersView:116 -                Rank 4 : true
2025-09-09 12:11:05,239 [INFO] ADCParametersView:116 -                Rank 5 : true
2025-09-09 12:11:05,239 [INFO] ADCParametersView:116 -                Rank 6 : true
2025-09-09 12:11:05,239 [INFO] ADCParametersView:116 -                Rank 7 : true
2025-09-09 12:11:05,239 [INFO] ADCParametersView:116 -                Rank 8 : true
2025-09-09 12:11:05,239 [INFO] ADCParametersView:116 -                Rank 1 : true
2025-09-09 12:11:05,239 [INFO] ADCParametersView:116 -                Rank 2 : true
2025-09-09 12:11:05,239 [INFO] ADCParametersView:116 -                Rank 3 : true
2025-09-09 12:11:05,239 [INFO] ADCParametersView:116 -                Rank 4 : true
2025-09-09 12:11:05,239 [INFO] ADCParametersView:116 -                Rank 5 : true
2025-09-09 12:11:05,239 [INFO] ADCParametersView:116 -                Rank 6 : true
2025-09-09 12:11:05,239 [INFO] ADCParametersView:116 -                Rank 7 : true
2025-09-09 12:11:05,239 [INFO] ADCParametersView:116 -                Rank 8 : true
2025-09-09 12:11:05,239 [INFO] ADCParametersView:116 -                Rank 1 : true
2025-09-09 12:11:05,239 [INFO] ADCParametersView:116 -                Rank 2 : true
2025-09-09 12:11:05,239 [INFO] ADCParametersView:116 -                Rank 3 : true
2025-09-09 12:11:05,239 [INFO] ADCParametersView:116 -                Rank 4 : true
2025-09-09 12:11:05,240 [INFO] ADCParametersView:116 -                Rank 5 : true
2025-09-09 12:11:05,240 [INFO] ADCParametersView:116 -                Rank 6 : true
2025-09-09 12:11:05,240 [INFO] ADCParametersView:116 -                Rank 7 : true
2025-09-09 12:11:05,240 [INFO] ADCParametersView:116 -                Rank 8 : true
2025-09-09 12:11:05,240 [INFO] ADCParametersView:116 -                Rank 1 : true
2025-09-09 12:11:05,240 [INFO] ADCParametersView:116 -                Rank 2 : true
2025-09-09 12:11:05,240 [INFO] ADCParametersView:116 -                Rank 3 : true
2025-09-09 12:11:05,240 [INFO] ADCParametersView:116 -                Rank 4 : true
2025-09-09 12:11:05,240 [INFO] ADCParametersView:116 -                Rank 5 : true
2025-09-09 12:11:05,240 [INFO] ADCParametersView:116 -                Rank 6 : true
2025-09-09 12:11:05,240 [INFO] ADCParametersView:116 -                Rank 7 : true
2025-09-09 12:11:05,240 [INFO] ADCParametersView:116 -                Rank 8 : true
2025-09-09 12:11:05,240 [INFO] ADCParametersView:116 -                Rank 1 : true
2025-09-09 12:11:05,240 [INFO] ADCParametersView:116 -                Rank 2 : true
2025-09-09 12:11:05,240 [INFO] ADCParametersView:116 -                Rank 3 : true
2025-09-09 12:11:05,240 [INFO] ADCParametersView:116 -                Rank 4 : true
2025-09-09 12:11:05,240 [INFO] ADCParametersView:116 -                Rank 5 : true
2025-09-09 12:11:05,240 [INFO] ADCParametersView:116 -                Rank 6 : true
2025-09-09 12:11:05,240 [INFO] ADCParametersView:116 -                Rank 7 : true
2025-09-09 12:11:05,240 [INFO] ADCParametersView:116 -                Rank 8 : true
2025-09-09 12:11:05,240 [INFO] ADCParametersView:116 -                Rank 1 : true
2025-09-09 12:11:05,240 [INFO] ADCParametersView:116 -                Rank 2 : true
2025-09-09 12:11:05,240 [INFO] ADCParametersView:116 -                Rank 3 : true
2025-09-09 12:11:05,240 [INFO] ADCParametersView:116 -                Rank 4 : true
2025-09-09 12:11:05,240 [INFO] ADCParametersView:116 -                Rank 5 : true
2025-09-09 12:11:05,240 [INFO] ADCParametersView:116 -                Rank 6 : true
2025-09-09 12:11:05,240 [INFO] ADCParametersView:116 -                Rank 7 : true
2025-09-09 12:11:05,240 [INFO] ADCParametersView:116 -                Rank 8 : true
2025-09-09 12:11:05,240 [INFO] ADCParametersView:116 -                Rank 1 : true
2025-09-09 12:11:05,240 [INFO] ADCParametersView:116 -                Rank 2 : true
2025-09-09 12:11:05,240 [INFO] ADCParametersView:116 -                Rank 3 : true
2025-09-09 12:11:05,240 [INFO] ADCParametersView:116 -                Rank 4 : true
2025-09-09 12:11:05,240 [INFO] ADCParametersView:116 -                Rank 5 : true
2025-09-09 12:11:05,240 [INFO] ADCParametersView:116 -                Rank 6 : true
2025-09-09 12:11:05,240 [INFO] ADCParametersView:116 -                Rank 7 : true
2025-09-09 12:11:05,240 [INFO] ADCParametersView:116 -                Rank 8 : true
2025-09-09 12:11:05,241 [INFO] ADCParametersView:116 -                Rank 2 : true
2025-09-09 12:11:05,241 [INFO] ADCParametersView:116 -                Rank 3 : true
2025-09-09 12:11:05,241 [INFO] ADCParametersView:116 -                Rank 4 : true
2025-09-09 12:11:05,241 [INFO] ADCParametersView:116 -                Rank 5 : true
2025-09-09 12:11:05,241 [INFO] ADCParametersView:116 -                Rank 6 : true
2025-09-09 12:11:05,241 [INFO] ADCParametersView:116 -                Rank 7 : true
2025-09-09 12:11:05,241 [INFO] ADCParametersView:116 -                Rank 8 : true
2025-09-09 12:11:05,241 [INFO] ADCParametersView:116 -                Rank 3 : true
2025-09-09 12:11:05,241 [INFO] ADCParametersView:116 -                Rank 4 : true
2025-09-09 12:11:05,241 [INFO] ADCParametersView:116 -                Rank 5 : true
2025-09-09 12:11:05,241 [INFO] ADCParametersView:116 -                Rank 6 : true
2025-09-09 12:11:05,241 [INFO] ADCParametersView:116 -                Rank 7 : true
2025-09-09 12:11:05,241 [INFO] ADCParametersView:116 -                Rank 8 : true
2025-09-09 12:11:05,241 [INFO] ADCParametersView:116 -                Rank 4 : true
2025-09-09 12:11:05,241 [INFO] ADCParametersView:116 -                Rank 5 : true
2025-09-09 12:11:05,241 [INFO] ADCParametersView:116 -                Rank 6 : true
2025-09-09 12:11:05,241 [INFO] ADCParametersView:116 -                Rank 7 : true
2025-09-09 12:11:05,241 [INFO] ADCParametersView:116 -                Rank 8 : true
2025-09-09 12:11:05,243 [INFO] ADCParametersView:116 -                Rank 5 : true
2025-09-09 12:11:05,243 [INFO] ADCParametersView:116 -                Rank 6 : true
2025-09-09 12:11:05,243 [INFO] ADCParametersView:116 -                Rank 7 : true
2025-09-09 12:11:05,243 [INFO] ADCParametersView:116 -                Rank 8 : true
2025-09-09 12:11:05,243 [INFO] ADCParametersView:116 -                Rank 6 : true
2025-09-09 12:11:05,243 [INFO] ADCParametersView:116 -                Rank 7 : true
2025-09-09 12:11:05,243 [INFO] ADCParametersView:116 -                Rank 8 : true
2025-09-09 12:11:05,243 [INFO] ADCParametersView:116 -                Rank 7 : true
2025-09-09 12:11:05,243 [INFO] ADCParametersView:116 -                Rank 8 : true
2025-09-09 12:11:05,243 [INFO] ADCParametersView:116 -                Rank 8 : true
2025-09-09 12:11:05,294 [INFO] ADCParametersView:116 -                Rank 1 : true
2025-09-09 12:11:05,294 [INFO] ADCParametersView:116 -                Rank 1 : true
2025-09-09 12:11:05,294 [INFO] ADCParametersView:116 -                Rank 2 : true
2025-09-09 12:11:05,294 [INFO] ADCParametersView:116 -                Rank 1 : true
2025-09-09 12:11:05,294 [INFO] ADCParametersView:116 -                Rank 2 : true
2025-09-09 12:11:05,295 [INFO] ADCParametersView:116 -                Rank 3 : true
2025-09-09 12:11:05,295 [INFO] ADCParametersView:116 -                Rank 1 : true
2025-09-09 12:11:05,295 [INFO] ADCParametersView:116 -                Rank 2 : true
2025-09-09 12:11:05,295 [INFO] ADCParametersView:116 -                Rank 3 : true
2025-09-09 12:11:05,295 [INFO] ADCParametersView:116 -                Rank 4 : true
2025-09-09 12:11:05,295 [INFO] ADCParametersView:116 -                Rank 1 : true
2025-09-09 12:11:05,295 [INFO] ADCParametersView:116 -                Rank 2 : true
2025-09-09 12:11:05,295 [INFO] ADCParametersView:116 -                Rank 3 : true
2025-09-09 12:11:05,295 [INFO] ADCParametersView:116 -                Rank 4 : true
2025-09-09 12:11:05,295 [INFO] ADCParametersView:116 -                Rank 5 : true
2025-09-09 12:11:05,295 [INFO] ADCParametersView:116 -                Rank 1 : true
2025-09-09 12:11:05,295 [INFO] ADCParametersView:116 -                Rank 2 : true
2025-09-09 12:11:05,295 [INFO] ADCParametersView:116 -                Rank 3 : true
2025-09-09 12:11:05,295 [INFO] ADCParametersView:116 -                Rank 4 : true
2025-09-09 12:11:05,295 [INFO] ADCParametersView:116 -                Rank 5 : true
2025-09-09 12:11:05,295 [INFO] ADCParametersView:116 -                Rank 6 : true
2025-09-09 12:11:05,295 [INFO] ADCParametersView:116 -                Rank 1 : true
2025-09-09 12:11:05,295 [INFO] ADCParametersView:116 -                Rank 2 : true
2025-09-09 12:11:05,295 [INFO] ADCParametersView:116 -                Rank 3 : true
2025-09-09 12:11:05,295 [INFO] ADCParametersView:116 -                Rank 4 : true
2025-09-09 12:11:05,295 [INFO] ADCParametersView:116 -                Rank 5 : true
2025-09-09 12:11:05,296 [INFO] ADCParametersView:116 -                Rank 6 : true
2025-09-09 12:11:05,296 [INFO] ADCParametersView:116 -                Rank 7 : true
2025-09-09 12:11:05,296 [INFO] ADCParametersView:116 -                Rank 1 : true
2025-09-09 12:11:05,296 [INFO] ADCParametersView:116 -                Rank 2 : true
2025-09-09 12:11:05,296 [INFO] ADCParametersView:116 -                Rank 3 : true
2025-09-09 12:11:05,296 [INFO] ADCParametersView:116 -                Rank 4 : true
2025-09-09 12:11:05,296 [INFO] ADCParametersView:116 -                Rank 5 : true
2025-09-09 12:11:05,296 [INFO] ADCParametersView:116 -                Rank 6 : true
2025-09-09 12:11:05,296 [INFO] ADCParametersView:116 -                Rank 7 : true
2025-09-09 12:11:05,296 [INFO] ADCParametersView:116 -                Rank 8 : true
2025-09-09 12:11:22,037 [INFO] NvicIntPanel:101 - NVIC parent = com.st.microxplorer.plugins.ip.nvic.MultiNvicIntPanel[,0,0,0x0,invalid,layout=javax.swing.BoxLayout,alignmentX=0.0,alignmentY=0.0,border=,flags=9,maximumSize=,minimumSize=,preferredSize=]
2025-09-09 12:11:22,117 [INFO] ADCParametersView:116 -                Rank 1 : true
2025-09-09 12:11:22,117 [INFO] ADCParametersView:116 -                Rank 2 : true
2025-09-09 12:11:22,117 [INFO] ADCParametersView:116 -                Rank 3 : true
2025-09-09 12:11:22,117 [INFO] ADCParametersView:116 -                Rank 4 : true
2025-09-09 12:11:22,117 [INFO] ADCParametersView:116 -                Rank 5 : true
2025-09-09 12:11:22,117 [INFO] ADCParametersView:116 -                Rank 6 : true
2025-09-09 12:11:22,117 [INFO] ADCParametersView:116 -                Rank 7 : true
2025-09-09 12:11:22,117 [INFO] ADCParametersView:116 -                Rank 8 : true
2025-09-09 12:11:22,119 [INFO] ADCParametersView:116 -                Rank 1 : true
2025-09-09 12:11:22,119 [INFO] ADCParametersView:116 -                Rank 2 : true
2025-09-09 12:11:22,119 [INFO] ADCParametersView:116 -                Rank 3 : true
2025-09-09 12:11:22,120 [INFO] ADCParametersView:116 -                Rank 4 : true
2025-09-09 12:11:22,120 [INFO] ADCParametersView:116 -                Rank 5 : true
2025-09-09 12:11:22,120 [INFO] ADCParametersView:116 -                Rank 6 : true
2025-09-09 12:11:22,120 [INFO] ADCParametersView:116 -                Rank 7 : true
2025-09-09 12:11:22,120 [INFO] ADCParametersView:116 -                Rank 8 : true
2025-09-09 12:11:22,120 [INFO] ADCParametersView:116 -                Rank 1 : true
2025-09-09 12:11:22,120 [INFO] ADCParametersView:116 -                Rank 2 : true
2025-09-09 12:11:22,120 [INFO] ADCParametersView:116 -                Rank 3 : true
2025-09-09 12:11:22,120 [INFO] ADCParametersView:116 -                Rank 4 : true
2025-09-09 12:11:22,120 [INFO] ADCParametersView:116 -                Rank 5 : true
2025-09-09 12:11:22,120 [INFO] ADCParametersView:116 -                Rank 6 : true
2025-09-09 12:11:22,120 [INFO] ADCParametersView:116 -                Rank 7 : true
2025-09-09 12:11:22,120 [INFO] ADCParametersView:116 -                Rank 8 : true
2025-09-09 12:11:22,120 [INFO] ADCParametersView:116 -                Rank 1 : true
2025-09-09 12:11:22,120 [INFO] ADCParametersView:116 -                Rank 2 : true
2025-09-09 12:11:22,120 [INFO] ADCParametersView:116 -                Rank 3 : true
2025-09-09 12:11:22,120 [INFO] ADCParametersView:116 -                Rank 4 : true
2025-09-09 12:11:22,120 [INFO] ADCParametersView:116 -                Rank 5 : true
2025-09-09 12:11:22,120 [INFO] ADCParametersView:116 -                Rank 6 : true
2025-09-09 12:11:22,120 [INFO] ADCParametersView:116 -                Rank 7 : true
2025-09-09 12:11:22,120 [INFO] ADCParametersView:116 -                Rank 8 : true
2025-09-09 12:11:22,120 [INFO] ADCParametersView:116 -                Rank 1 : true
2025-09-09 12:11:22,120 [INFO] ADCParametersView:116 -                Rank 2 : true
2025-09-09 12:11:22,120 [INFO] ADCParametersView:116 -                Rank 3 : true
2025-09-09 12:11:22,120 [INFO] ADCParametersView:116 -                Rank 4 : true
2025-09-09 12:11:22,120 [INFO] ADCParametersView:116 -                Rank 5 : true
2025-09-09 12:11:22,120 [INFO] ADCParametersView:116 -                Rank 6 : true
2025-09-09 12:11:22,120 [INFO] ADCParametersView:116 -                Rank 7 : true
2025-09-09 12:11:22,120 [INFO] ADCParametersView:116 -                Rank 8 : true
2025-09-09 12:11:22,120 [INFO] ADCParametersView:116 -                Rank 1 : true
2025-09-09 12:11:22,120 [INFO] ADCParametersView:116 -                Rank 2 : true
2025-09-09 12:11:22,121 [INFO] ADCParametersView:116 -                Rank 3 : true
2025-09-09 12:11:22,121 [INFO] ADCParametersView:116 -                Rank 4 : true
2025-09-09 12:11:22,121 [INFO] ADCParametersView:116 -                Rank 5 : true
2025-09-09 12:11:22,121 [INFO] ADCParametersView:116 -                Rank 6 : true
2025-09-09 12:11:22,121 [INFO] ADCParametersView:116 -                Rank 7 : true
2025-09-09 12:11:22,121 [INFO] ADCParametersView:116 -                Rank 8 : true
2025-09-09 12:11:22,121 [INFO] ADCParametersView:116 -                Rank 1 : true
2025-09-09 12:11:22,121 [INFO] ADCParametersView:116 -                Rank 2 : true
2025-09-09 12:11:22,121 [INFO] ADCParametersView:116 -                Rank 3 : true
2025-09-09 12:11:22,121 [INFO] ADCParametersView:116 -                Rank 4 : true
2025-09-09 12:11:22,121 [INFO] ADCParametersView:116 -                Rank 5 : true
2025-09-09 12:11:22,121 [INFO] ADCParametersView:116 -                Rank 6 : true
2025-09-09 12:11:22,121 [INFO] ADCParametersView:116 -                Rank 7 : true
2025-09-09 12:11:22,121 [INFO] ADCParametersView:116 -                Rank 8 : true
2025-09-09 12:11:22,121 [INFO] ADCParametersView:116 -                Rank 1 : true
2025-09-09 12:11:22,121 [INFO] ADCParametersView:116 -                Rank 2 : true
2025-09-09 12:11:22,121 [INFO] ADCParametersView:116 -                Rank 3 : true
2025-09-09 12:11:22,121 [INFO] ADCParametersView:116 -                Rank 4 : true
2025-09-09 12:11:22,121 [INFO] ADCParametersView:116 -                Rank 5 : true
2025-09-09 12:11:22,121 [INFO] ADCParametersView:116 -                Rank 6 : true
2025-09-09 12:11:22,121 [INFO] ADCParametersView:116 -                Rank 7 : true
2025-09-09 12:11:22,121 [INFO] ADCParametersView:116 -                Rank 8 : true
2025-09-09 12:11:22,121 [INFO] ADCParametersView:116 -                Rank 1 : true
2025-09-09 12:11:22,121 [INFO] ADCParametersView:116 -                Rank 2 : true
2025-09-09 12:11:22,121 [INFO] ADCParametersView:116 -                Rank 3 : true
2025-09-09 12:11:22,121 [INFO] ADCParametersView:116 -                Rank 4 : true
2025-09-09 12:11:22,121 [INFO] ADCParametersView:116 -                Rank 5 : true
2025-09-09 12:11:22,121 [INFO] ADCParametersView:116 -                Rank 6 : true
2025-09-09 12:11:22,121 [INFO] ADCParametersView:116 -                Rank 7 : true
2025-09-09 12:11:22,121 [INFO] ADCParametersView:116 -                Rank 8 : true
2025-09-09 12:11:22,121 [INFO] ADCParametersView:116 -                Rank 1 : true
2025-09-09 12:11:22,121 [INFO] ADCParametersView:116 -                Rank 2 : true
2025-09-09 12:11:22,121 [INFO] ADCParametersView:116 -                Rank 3 : true
2025-09-09 12:11:22,123 [INFO] ADCParametersView:116 -                Rank 4 : true
2025-09-09 12:11:22,123 [INFO] ADCParametersView:116 -                Rank 5 : true
2025-09-09 12:11:22,123 [INFO] ADCParametersView:116 -                Rank 6 : true
2025-09-09 12:11:22,123 [INFO] ADCParametersView:116 -                Rank 7 : true
2025-09-09 12:11:22,123 [INFO] ADCParametersView:116 -                Rank 8 : true
2025-09-09 12:11:22,123 [INFO] ADCParametersView:116 -                Rank 1 : true
2025-09-09 12:11:22,123 [INFO] ADCParametersView:116 -                Rank 2 : true
2025-09-09 12:11:22,123 [INFO] ADCParametersView:116 -                Rank 3 : true
2025-09-09 12:11:22,123 [INFO] ADCParametersView:116 -                Rank 4 : true
2025-09-09 12:11:22,123 [INFO] ADCParametersView:116 -                Rank 5 : true
2025-09-09 12:11:22,123 [INFO] ADCParametersView:116 -                Rank 6 : true
2025-09-09 12:11:22,123 [INFO] ADCParametersView:116 -                Rank 7 : true
2025-09-09 12:11:22,123 [INFO] ADCParametersView:116 -                Rank 8 : true
2025-09-09 12:11:22,123 [INFO] ADCParametersView:116 -                Rank 1 : true
2025-09-09 12:11:22,123 [INFO] ADCParametersView:116 -                Rank 2 : true
2025-09-09 12:11:22,123 [INFO] ADCParametersView:116 -                Rank 3 : true
2025-09-09 12:11:22,123 [INFO] ADCParametersView:116 -                Rank 4 : true
2025-09-09 12:11:22,123 [INFO] ADCParametersView:116 -                Rank 5 : true
2025-09-09 12:11:22,123 [INFO] ADCParametersView:116 -                Rank 6 : true
2025-09-09 12:11:22,123 [INFO] ADCParametersView:116 -                Rank 7 : true
2025-09-09 12:11:22,123 [INFO] ADCParametersView:116 -                Rank 8 : true
2025-09-09 12:11:22,123 [INFO] ADCParametersView:116 -                Rank 1 : true
2025-09-09 12:11:22,123 [INFO] ADCParametersView:116 -                Rank 2 : true
2025-09-09 12:11:22,123 [INFO] ADCParametersView:116 -                Rank 3 : true
2025-09-09 12:11:22,123 [INFO] ADCParametersView:116 -                Rank 4 : true
2025-09-09 12:11:22,123 [INFO] ADCParametersView:116 -                Rank 5 : true
2025-09-09 12:11:22,123 [INFO] ADCParametersView:116 -                Rank 6 : true
2025-09-09 12:11:22,123 [INFO] ADCParametersView:116 -                Rank 7 : true
2025-09-09 12:11:22,123 [INFO] ADCParametersView:116 -                Rank 8 : true
2025-09-09 12:11:22,123 [INFO] ADCParametersView:116 -                Rank 1 : true
2025-09-09 12:11:22,123 [INFO] ADCParametersView:116 -                Rank 2 : true
2025-09-09 12:11:22,123 [INFO] ADCParametersView:116 -                Rank 3 : true
2025-09-09 12:11:22,123 [INFO] ADCParametersView:116 -                Rank 4 : true
2025-09-09 12:11:22,123 [INFO] ADCParametersView:116 -                Rank 5 : true
2025-09-09 12:11:22,123 [INFO] ADCParametersView:116 -                Rank 6 : true
2025-09-09 12:11:22,123 [INFO] ADCParametersView:116 -                Rank 7 : true
2025-09-09 12:11:22,124 [INFO] ADCParametersView:116 -                Rank 8 : true
2025-09-09 12:11:22,124 [INFO] ADCParametersView:116 -                Rank 2 : true
2025-09-09 12:11:22,124 [INFO] ADCParametersView:116 -                Rank 3 : true
2025-09-09 12:11:22,124 [INFO] ADCParametersView:116 -                Rank 4 : true
2025-09-09 12:11:22,124 [INFO] ADCParametersView:116 -                Rank 5 : true
2025-09-09 12:11:22,124 [INFO] ADCParametersView:116 -                Rank 6 : true
2025-09-09 12:11:22,124 [INFO] ADCParametersView:116 -                Rank 7 : true
2025-09-09 12:11:22,124 [INFO] ADCParametersView:116 -                Rank 8 : true
2025-09-09 12:11:22,124 [INFO] ADCParametersView:116 -                Rank 3 : true
2025-09-09 12:11:22,124 [INFO] ADCParametersView:116 -                Rank 4 : true
2025-09-09 12:11:22,124 [INFO] ADCParametersView:116 -                Rank 5 : true
2025-09-09 12:11:22,124 [INFO] ADCParametersView:116 -                Rank 6 : true
2025-09-09 12:11:22,124 [INFO] ADCParametersView:116 -                Rank 7 : true
2025-09-09 12:11:22,124 [INFO] ADCParametersView:116 -                Rank 8 : true
2025-09-09 12:11:22,124 [INFO] ADCParametersView:116 -                Rank 4 : true
2025-09-09 12:11:22,124 [INFO] ADCParametersView:116 -                Rank 5 : true
2025-09-09 12:11:22,124 [INFO] ADCParametersView:116 -                Rank 6 : true
2025-09-09 12:11:22,124 [INFO] ADCParametersView:116 -                Rank 7 : true
2025-09-09 12:11:22,124 [INFO] ADCParametersView:116 -                Rank 8 : true
2025-09-09 12:11:22,124 [INFO] ADCParametersView:116 -                Rank 5 : true
2025-09-09 12:11:22,124 [INFO] ADCParametersView:116 -                Rank 6 : true
2025-09-09 12:11:22,125 [INFO] ADCParametersView:116 -                Rank 7 : true
2025-09-09 12:11:22,125 [INFO] ADCParametersView:116 -                Rank 8 : true
2025-09-09 12:11:22,125 [INFO] ADCParametersView:116 -                Rank 6 : true
2025-09-09 12:11:22,125 [INFO] ADCParametersView:116 -                Rank 7 : true
2025-09-09 12:11:22,125 [INFO] ADCParametersView:116 -                Rank 8 : true
2025-09-09 12:11:22,125 [INFO] ADCParametersView:116 -                Rank 7 : true
2025-09-09 12:11:22,125 [INFO] ADCParametersView:116 -                Rank 8 : true
2025-09-09 12:11:22,125 [INFO] ADCParametersView:116 -                Rank 8 : true
2025-09-09 12:11:22,218 [INFO] ADCParametersView:116 -                Rank 1 : true
2025-09-09 12:11:22,219 [INFO] ADCParametersView:116 -                Rank 1 : true
2025-09-09 12:11:22,219 [INFO] ADCParametersView:116 -                Rank 2 : true
2025-09-09 12:11:22,219 [INFO] ADCParametersView:116 -                Rank 1 : true
2025-09-09 12:11:22,219 [INFO] ADCParametersView:116 -                Rank 2 : true
2025-09-09 12:11:22,219 [INFO] ADCParametersView:116 -                Rank 3 : true
2025-09-09 12:11:22,219 [INFO] ADCParametersView:116 -                Rank 1 : true
2025-09-09 12:11:22,219 [INFO] ADCParametersView:116 -                Rank 2 : true
2025-09-09 12:11:22,219 [INFO] ADCParametersView:116 -                Rank 3 : true
2025-09-09 12:11:22,219 [INFO] ADCParametersView:116 -                Rank 4 : true
2025-09-09 12:11:22,220 [INFO] ADCParametersView:116 -                Rank 1 : true
2025-09-09 12:11:22,220 [INFO] ADCParametersView:116 -                Rank 2 : true
2025-09-09 12:11:22,220 [INFO] ADCParametersView:116 -                Rank 3 : true
2025-09-09 12:11:22,220 [INFO] ADCParametersView:116 -                Rank 4 : true
2025-09-09 12:11:22,220 [INFO] ADCParametersView:116 -                Rank 5 : true
2025-09-09 12:11:22,220 [INFO] ADCParametersView:116 -                Rank 1 : true
2025-09-09 12:11:22,220 [INFO] ADCParametersView:116 -                Rank 2 : true
2025-09-09 12:11:22,220 [INFO] ADCParametersView:116 -                Rank 3 : true
2025-09-09 12:11:22,221 [INFO] ADCParametersView:116 -                Rank 4 : true
2025-09-09 12:11:22,221 [INFO] ADCParametersView:116 -                Rank 5 : true
2025-09-09 12:11:22,221 [INFO] ADCParametersView:116 -                Rank 6 : true
2025-09-09 12:11:22,221 [INFO] ADCParametersView:116 -                Rank 1 : true
2025-09-09 12:11:22,221 [INFO] ADCParametersView:116 -                Rank 2 : true
2025-09-09 12:11:22,221 [INFO] ADCParametersView:116 -                Rank 3 : true
2025-09-09 12:11:22,221 [INFO] ADCParametersView:116 -                Rank 4 : true
2025-09-09 12:11:22,221 [INFO] ADCParametersView:116 -                Rank 5 : true
2025-09-09 12:11:22,221 [INFO] ADCParametersView:116 -                Rank 6 : true
2025-09-09 12:11:22,221 [INFO] ADCParametersView:116 -                Rank 7 : true
2025-09-09 12:11:22,221 [INFO] ADCParametersView:116 -                Rank 1 : true
2025-09-09 12:11:22,221 [INFO] ADCParametersView:116 -                Rank 2 : true
2025-09-09 12:11:22,221 [INFO] ADCParametersView:116 -                Rank 3 : true
2025-09-09 12:11:22,221 [INFO] ADCParametersView:116 -                Rank 4 : true
2025-09-09 12:11:22,221 [INFO] ADCParametersView:116 -                Rank 5 : true
2025-09-09 12:11:22,221 [INFO] ADCParametersView:116 -                Rank 6 : true
2025-09-09 12:11:22,221 [INFO] ADCParametersView:116 -                Rank 7 : true
2025-09-09 12:11:22,221 [INFO] ADCParametersView:116 -                Rank 8 : true
2025-09-09 12:11:30,404 [INFO] UtilMem:75 - End SaveConfig() Used Memory: 682952352 Bytes (1073741824)
2025-09-09 12:11:31,388 [INFO] UtilMem:75 - End SaveConfig() Used Memory: 729556016 Bytes (1073741824)
2025-09-09 12:11:32,052 [INFO] BlockDiagram:2775 - set Specific Code input for plugin: SYS
2025-09-09 12:11:32,052 [INFO] BlockDiagram:2775 - set Specific Code input for plugin: ADC
2025-09-09 12:11:32,052 [INFO] BlockDiagram:2775 - set Specific Code input for plugin: RCC
2025-09-09 12:11:32,052 [INFO] BlockDiagram:2775 - set Specific Code input for plugin: NVIC
2025-09-09 12:11:32,052 [INFO] BlockDiagram:2775 - set Specific Code input for plugin: USART
2025-09-09 12:11:32,052 [INFO] BlockDiagram:2775 - set Specific Code input for plugin: CORTEX_M7
2025-09-09 12:11:32,052 [INFO] BlockDiagram:2775 - set Specific Code input for plugin: DMA
2025-09-09 12:11:32,052 [INFO] BlockDiagram:2775 - set Specific Code input for plugin: GPIO
2025-09-09 12:11:32,055 [INFO] CodeGenerator:892 - code generatio: config db path: C:\ST\STM32CubeIDE_1.19.0\STM32CubeIDE\plugins\com.st.stm32cube.common.mx_6.15.0.202507011659\\db\
2025-09-09 12:11:32,280 [INFO] CodeEngine:265 - oldGeneratedFile, C:\Users\USERIT\STM32CubeIDE\MAD_Lab\Special_Problem_1\MXTmpFiles\license.tmp_save
2025-09-09 12:11:32,706 [INFO] CodeEngine:289 - Generated code: C:\Users\USERIT\STM32CubeIDE\MAD_Lab\Special_Problem_1\MXTmpFiles\license.tmp
2025-09-09 12:11:32,842 [INFO] CodeEngine:265 - oldGeneratedFile, C:\Users\USERIT\STM32CubeIDE\MAD_Lab\Special_Problem_1\Core\Src\gpio.c_save
2025-09-09 12:11:33,061 [INFO] CodeEngine:289 - Generated code: C:\Users\USERIT\STM32CubeIDE\MAD_Lab\Special_Problem_1\Core\Src\gpio.c
2025-09-09 12:11:33,070 [INFO] CodeEngine:265 - oldGeneratedFile, C:\Users\USERIT\STM32CubeIDE\MAD_Lab\Special_Problem_1\Core\Inc\gpio.h_save
2025-09-09 12:11:33,271 [INFO] CodeEngine:289 - Generated code: C:\Users\USERIT\STM32CubeIDE\MAD_Lab\Special_Problem_1\Core\Inc\gpio.h
2025-09-09 12:11:33,530 [INFO] CodeEngine:265 - oldGeneratedFile, C:\Users\USERIT\STM32CubeIDE\MAD_Lab\Special_Problem_1\Core\Src\adc.c_save
2025-09-09 12:11:33,809 [INFO] CodeEngine:289 - Generated code: C:\Users\USERIT\STM32CubeIDE\MAD_Lab\Special_Problem_1\Core\Src\adc.c
2025-09-09 12:11:33,818 [INFO] CodeEngine:265 - oldGeneratedFile, C:\Users\USERIT\STM32CubeIDE\MAD_Lab\Special_Problem_1\Core\Inc\adc.h_save
2025-09-09 12:11:33,926 [INFO] CodeEngine:289 - Generated code: C:\Users\USERIT\STM32CubeIDE\MAD_Lab\Special_Problem_1\Core\Inc\adc.h
2025-09-09 12:11:33,939 [INFO] CodeEngine:265 - oldGeneratedFile, C:\Users\USERIT\STM32CubeIDE\MAD_Lab\Special_Problem_1\MXTmpFiles\cortex.tmp_save
2025-09-09 12:11:34,058 [INFO] CodeEngine:289 - Generated code: C:\Users\USERIT\STM32CubeIDE\MAD_Lab\Special_Problem_1\MXTmpFiles\cortex.tmp
2025-09-09 12:11:34,092 [INFO] CodeEngine:265 - oldGeneratedFile, C:\Users\USERIT\STM32CubeIDE\MAD_Lab\Special_Problem_1\Core\Src\dma.c_save
2025-09-09 12:11:34,239 [INFO] CodeEngine:289 - Generated code: C:\Users\USERIT\STM32CubeIDE\MAD_Lab\Special_Problem_1\Core\Src\dma.c
2025-09-09 12:11:34,245 [INFO] CodeEngine:265 - oldGeneratedFile, C:\Users\USERIT\STM32CubeIDE\MAD_Lab\Special_Problem_1\Core\Inc\dma.h_save
2025-09-09 12:11:34,328 [INFO] CodeEngine:289 - Generated code: C:\Users\USERIT\STM32CubeIDE\MAD_Lab\Special_Problem_1\Core\Inc\dma.h
2025-09-09 12:11:34,342 [INFO] CodeEngine:265 - oldGeneratedFile, C:\Users\USERIT\STM32CubeIDE\MAD_Lab\Special_Problem_1\Core\Src\usart.c_save
2025-09-09 12:11:34,494 [INFO] CodeEngine:289 - Generated code: C:\Users\USERIT\STM32CubeIDE\MAD_Lab\Special_Problem_1\Core\Src\usart.c
2025-09-09 12:11:34,502 [INFO] CodeEngine:265 - oldGeneratedFile, C:\Users\USERIT\STM32CubeIDE\MAD_Lab\Special_Problem_1\Core\Inc\usart.h_save
2025-09-09 12:11:34,582 [INFO] CodeEngine:289 - Generated code: C:\Users\USERIT\STM32CubeIDE\MAD_Lab\Special_Problem_1\Core\Inc\usart.h
2025-09-09 12:11:34,598 [INFO] CodeEngine:265 - oldGeneratedFile, C:\Users\USERIT\STM32CubeIDE\MAD_Lab\Special_Problem_1\Core\Src\stm32f7xx_it.c_save
2025-09-09 12:11:34,815 [INFO] CodeEngine:289 - Generated code: C:\Users\USERIT\STM32CubeIDE\MAD_Lab\Special_Problem_1\Core\Src\stm32f7xx_it.c
2025-09-09 12:11:34,823 [INFO] CodeEngine:265 - oldGeneratedFile, C:\Users\USERIT\STM32CubeIDE\MAD_Lab\Special_Problem_1\Core\Inc\stm32f7xx_it.h_save
2025-09-09 12:11:34,963 [INFO] CodeEngine:289 - Generated code: C:\Users\USERIT\STM32CubeIDE\MAD_Lab\Special_Problem_1\Core\Inc\stm32f7xx_it.h
2025-09-09 12:11:34,982 [INFO] CodeEngine:265 - oldGeneratedFile, C:\Users\USERIT\STM32CubeIDE\MAD_Lab\Special_Problem_1\Core\Src\stm32f7xx_hal_msp.c_save
2025-09-09 12:11:35,147 [INFO] CodeEngine:289 - Generated code: C:\Users\USERIT\STM32CubeIDE\MAD_Lab\Special_Problem_1\Core\Src\stm32f7xx_hal_msp.c
2025-09-09 12:11:35,153 [INFO] CodeEngine:265 - oldGeneratedFile, C:\Users\USERIT\STM32CubeIDE\MAD_Lab\Special_Problem_1\MXTmpFiles\system.tmp_save
2025-09-09 12:11:35,216 [INFO] CodeEngine:289 - Generated code: C:\Users\USERIT\STM32CubeIDE\MAD_Lab\Special_Problem_1\MXTmpFiles\system.tmp
2025-09-09 12:11:35,236 [INFO] CodeEngine:321 - oldGeneratedFile, C:\Users\USERIT\STM32CubeIDE\MAD_Lab\Special_Problem_1\Core\Inc\stm32f7xx_hal_conf.h_save
2025-09-09 12:11:35,372 [INFO] CodeEngine:345 - Generated code: C:\Users\USERIT\STM32CubeIDE\MAD_Lab\Special_Problem_1\Core\Inc\stm32f7xx_hal_conf.h
2025-09-09 12:11:35,420 [INFO] ApiDbMcu:532 - Load IP Config File for ADC1
2025-09-09 12:11:35,425 [INFO] ApiDbMcu:532 - Load IP Config File for USART3
2025-09-09 12:11:35,429 [INFO] ApiDbMcu:532 - Load IP Config File for RCC
2025-09-09 12:11:35,444 [INFO] CodeEngine:265 - oldGeneratedFile, C:\Users\USERIT\STM32CubeIDE\MAD_Lab\Special_Problem_1\Core\Inc\main.h_save
2025-09-09 12:11:35,600 [INFO] CodeEngine:289 - Generated code: C:\Users\USERIT\STM32CubeIDE\MAD_Lab\Special_Problem_1\Core\Inc\main.h
2025-09-09 12:11:35,606 [INFO] CodeEngine:265 - oldGeneratedFile, C:\Users\USERIT\STM32CubeIDE\MAD_Lab\Special_Problem_1\Core\Src\main.c_save
2025-09-09 12:11:35,750 [INFO] CodeEngine:289 - Generated code: C:\Users\USERIT\STM32CubeIDE\MAD_Lab\Special_Problem_1\Core\Src\main.c
2025-09-09 12:11:36,191 [INFO] ProjectBuilder:3606 - Time for Copy HAL[1] : 183mS.
2025-09-09 12:11:36,197 [INFO] ProjectBuilder:5216 - Project Generator version: 4.7.0-B52
2025-09-09 12:11:36,291 [INFO] ConfigFileManager:1595 - The Die is : DIE451
2025-09-09 12:11:36,308 [INFO] ApiDbMcu:532 - Load IP Config File for FATFS
2025-09-09 12:11:36,323 [INFO] ApiDbMcu:532 - Load IP Config File for FREERTOS
2025-09-09 12:11:36,335 [INFO] ApiDbMcu:532 - Load IP Config File for LIBJPEG
2025-09-09 12:11:36,350 [INFO] ApiDbMcu:532 - Load IP Config File for LWIP
2025-09-09 12:11:36,367 [INFO] ApiDbMcu:532 - Load IP Config File for MBEDTLS
2025-09-09 12:11:36,386 [INFO] ApiDbMcu:532 - Load IP Config File for USB_DEVICE
2025-09-09 12:11:36,404 [INFO] ApiDbMcu:532 - Load IP Config File for USB_HOST
2025-09-09 12:11:37,216 [INFO] LogOutputStream:77 - [STDOUT_REDIRECT] 
2025-09-09 12:11:40,620 [INFO] ProjectBuilder:5496 - Time for Generating toolchain IDE Files: 4422mS.
2025-09-09 12:11:40,621 [INFO] ProjectBuilder:3463 - Time for Copy CMSIS : 0mS.
2025-09-09 12:11:40,623 [INFO] ProjectBuilder:3463 - Time for Copy CMSIS : 0mS.
2025-09-09 12:12:17,017 [ERROR] ConfigurationRetriever:142 - IOException on connection: Connect timed out
2025-09-09 12:25:45,917 [INFO] WebApp:194 - Connection lost
2025-09-09 12:25:46,150 [INFO] WebApp:191 - Connection restablished
2025-09-09 12:27:24,700 [INFO] WebApp:194 - Connection lost
2025-09-09 12:27:24,905 [INFO] WebApp:191 - Connection restablished
2025-09-09 12:27:33,408 [INFO] WebApp:194 - Connection lost
2025-09-09 12:27:33,526 [INFO] WebApp:191 - Connection restablished
2025-09-09 12:28:33,017 [ERROR] LogOutputStream:75 - [STDERR_REDIRECT] 
2025-09-09 12:28:33,018 [ERROR] LogOutputStream:75 - [STDERR_REDIRECT] 
2025-09-09 12:39:12,676 [INFO] Activator:176 - 


2025-09-09 12:39:12,679 [INFO] Activator:177 - !SESSION log4j initialized
2025-09-09 12:39:21,268 [INFO] LogOutputStream:77 - [STDOUT_REDIRECT] 
2025-09-09 12:39:23,749 [ERROR] ConfigurationRetriever:142 - IOException on connection: Connect timed out
2025-09-09 12:39:25,925 [INFO] ApplicationProperties:184 - Using Application install path: C:\ST\STM32CubeIDE_1.19.0\STM32CubeIDE\plugins\com.st.stm32cube.common.mx_6.15.0.202507011659
2025-09-09 12:39:25,944 [INFO] DbMcusXml:78 - Set database path to: C:\ST\STM32CubeIDE_1.19.0\STM32CubeIDE\plugins\com.st.stm32cube.common.mx_6.15.0.202507011659\\db\/mcu/
2025-09-09 12:39:25,944 [INFO] ApiDb:274 - Set plugin database path to: C:\ST\STM32CubeIDE_1.19.0\STM32CubeIDE\plugins\com.st.stm32cube.common.mx_6.15.0.202507011659\\db\/plugins/boardmanager/
2025-09-09 12:39:25,944 [WARN] ApiDb:259 - Overriding images path with different value:  => C:\ST\STM32CubeIDE_1.19.0\STM32CubeIDE\plugins\com.st.stm32cube.common.mx_6.15.0.202507011659\\db\/plugins/mcufinder/images/
2025-09-09 12:39:25,950 [INFO] ApiDb:250 - Set database path to: C:\Users\USERIT\.stmcufinder\plugins\mcufinder//mcu/
2025-09-09 12:39:25,952 [INFO] DbMcusAds:125 - Set database path to: C:\Users\USERIT\.stmcufinder\plugins\mcufinder//mcu/
2025-09-09 12:39:25,955 [INFO] CrossReferenceDbSqlite:203 - Set database path to: C:\Users\USERIT\.stmcufinder\plugins\mcufinder//mcu/cs/
2025-09-09 12:39:26,085 [INFO] RulesReader:64 - Compatibility file has been processed (317 Rules)
2025-09-09 12:39:26,182 [INFO] DbMcusXml:78 - Set database path to: C:\ST\STM32CubeIDE_1.19.0\STM32CubeIDE\plugins\com.st.stm32cube.common.mx_6.15.0.202507011659\\db\/mcu/
2025-09-09 12:39:26,182 [INFO] ApiDb:274 - Set plugin database path to: C:\ST\STM32CubeIDE_1.19.0\STM32CubeIDE\plugins\com.st.stm32cube.common.mx_6.15.0.202507011659\\db\/plugins/boardmanager/
2025-09-09 12:39:26,183 [INFO] ApiDb:261 - Set plugin images path to: C:\ST\STM32CubeIDE_1.19.0\STM32CubeIDE\plugins\com.st.stm32cube.common.mx_6.15.0.202507011659\\db\/plugins/mcufinder/images/
2025-09-09 12:39:26,183 [WARN] DbFile:41 - Overriding database path with different value: C:\Users\USERIT\.stmcufinder\plugins\mcufinder/ => C:\Users\USERIT\.stmcufinder\plugins\mcufinder
2025-09-09 12:39:26,183 [INFO] ApiDb:250 - Set database path to: C:\Users\USERIT\.stmcufinder\plugins\mcufinder//mcu/
2025-09-09 12:39:26,183 [WARN] DbFile:41 - Overriding database path with different value: C:\Users\USERIT\.stmcufinder\plugins\mcufinder/ => C:\Users\USERIT\.stmcufinder\plugins\mcufinder
2025-09-09 12:39:26,183 [INFO] DbMcusAds:125 - Set database path to: C:\Users\USERIT\.stmcufinder\plugins\mcufinder//mcu/
2025-09-09 12:39:26,183 [WARN] DbFile:41 - Overriding database path with different value: C:\Users\USERIT\.stmcufinder\plugins\mcufinder/ => C:\Users\USERIT\.stmcufinder\plugins\mcufinder
2025-09-09 12:39:26,183 [WARN] DbFile:41 - Overriding database path with different value: C:\Users\USERIT\.stmcufinder\plugins\mcufinder/ => C:\Users\USERIT\.stmcufinder\plugins\mcufinder
2025-09-09 12:39:26,183 [INFO] CrossReferenceDbSqlite:203 - Set database path to: C:\Users\USERIT\.stmcufinder\plugins\mcufinder//mcu/cs/
2025-09-09 12:39:26,282 [INFO] MainPanel:274 - HeapMemory: 268435456
2025-09-09 12:39:26,431 [INFO] DbMcusXml:78 - Set database path to: C:\ST\STM32CubeIDE_1.19.0\STM32CubeIDE\plugins\com.st.stm32cube.common.mx_6.15.0.202507011659\\db\/mcu/
2025-09-09 12:39:26,431 [INFO] ApiDb:274 - Set plugin database path to: C:\ST\STM32CubeIDE_1.19.0\STM32CubeIDE\plugins\com.st.stm32cube.common.mx_6.15.0.202507011659\\db\/plugins/boardmanager/
2025-09-09 12:39:26,431 [INFO] ApiDb:261 - Set plugin images path to: C:\ST\STM32CubeIDE_1.19.0\STM32CubeIDE\plugins\com.st.stm32cube.common.mx_6.15.0.202507011659\\db\/plugins/mcufinder/images/
2025-09-09 12:39:26,432 [WARN] DbFile:41 - Overriding database path with different value: C:\Users\USERIT\.stmcufinder\plugins\mcufinder/ => C:\Users\USERIT\.stmcufinder\plugins\mcufinder
2025-09-09 12:39:26,432 [INFO] ApiDb:250 - Set database path to: C:\Users\USERIT\.stmcufinder\plugins\mcufinder//mcu/
2025-09-09 12:39:26,432 [WARN] DbFile:41 - Overriding database path with different value: C:\Users\USERIT\.stmcufinder\plugins\mcufinder/ => C:\Users\USERIT\.stmcufinder\plugins\mcufinder
2025-09-09 12:39:26,432 [INFO] DbMcusAds:125 - Set database path to: C:\Users\USERIT\.stmcufinder\plugins\mcufinder//mcu/
2025-09-09 12:39:26,432 [WARN] DbFile:41 - Overriding database path with different value: C:\Users\USERIT\.stmcufinder\plugins\mcufinder/ => C:\Users\USERIT\.stmcufinder\plugins\mcufinder
2025-09-09 12:39:26,432 [WARN] DbFile:41 - Overriding database path with different value: C:\Users\USERIT\.stmcufinder\plugins\mcufinder/ => C:\Users\USERIT\.stmcufinder\plugins\mcufinder
2025-09-09 12:39:26,433 [INFO] CrossReferenceDbSqlite:203 - Set database path to: C:\Users\USERIT\.stmcufinder\plugins\mcufinder//mcu/cs/
2025-09-09 12:39:26,455 [INFO] ApplicationProperties:184 - Using Application install path: C:\ST\STM32CubeIDE_1.19.0\STM32CubeIDE\plugins\com.st.stm32cube.common.mx_6.15.0.202507011659
2025-09-09 12:39:26,457 [INFO] PluginManage:196 - Search for loadable plugins [exclusion list=, ]
2025-09-09 12:39:26,458 [INFO] PluginManage:310 - Check plugin analytics
2025-09-09 12:39:26,672 [INFO] AnalyticsPlugin:253 - Accepted Software Licenses: 
2025-09-09 12:39:26,672 [INFO] AnalyticsPlugin:255 - Accepted CMSIS Pack Licenses: 
2025-09-09 12:39:26,673 [INFO] AnalyticsPlugin:257 - Accepted Firmware Licenses: FW.F7.1.17.0
2025-09-09 12:39:26,676 [INFO] PluginManage:359 - Loaded plugin analytics (category:tool,tabindex:-1)
2025-09-09 12:39:26,677 [INFO] PluginManage:310 - Check plugin cadmodel
2025-09-09 12:39:26,698 [INFO] CADModel:105 - Init CAD model plugin
2025-09-09 12:39:26,699 [INFO] PluginManage:359 - Loaded plugin cadmodel (category:power,tabindex:5)
2025-09-09 12:39:26,699 [INFO] PluginManage:310 - Check plugin clock
2025-09-09 12:39:26,724 [INFO] PluginManage:359 - Loaded plugin clock (category:base,tabindex:2)
2025-09-09 12:39:26,724 [INFO] PluginManage:310 - Check plugin ddr
2025-09-09 12:39:26,727 [INFO] PluginManage:359 - Loaded plugin ddr (category:tool,tabindex:6)
2025-09-09 12:39:26,727 [INFO] PluginManage:310 - Check plugin filemanager
2025-09-09 12:39:26,891 [INFO] PluginManage:359 - Loaded plugin filemanager (category:base,tabindex:10)
2025-09-09 12:39:26,891 [INFO] PluginManage:310 - Check plugin ipmanager
2025-09-09 12:39:26,899 [INFO] PluginManage:359 - Loaded plugin ipmanager (category:base,tabindex:5)
2025-09-09 12:39:26,899 [INFO] PluginManage:310 - Check plugin lpbam
2025-09-09 12:39:26,919 [INFO] PluginManage:359 - Loaded plugin lpbam (category:base,tabindex:0)
2025-09-09 12:39:26,919 [INFO] PluginManage:310 - Check plugin memorymap
2025-09-09 12:39:26,948 [INFO] PluginManage:359 - Loaded plugin memorymap (category:base,tabindex:4)
2025-09-09 12:39:26,948 [INFO] PluginManage:310 - Check plugin pinoutandconfiguration
2025-09-09 12:39:26,968 [INFO] PluginManage:359 - Loaded plugin pinoutandconfiguration (category:base,tabindex:1)
2025-09-09 12:39:26,968 [INFO] PluginManage:310 - Check plugin pinoutconfig
2025-09-09 12:39:27,070 [WARN] SupportedApi:132 - Cannot load RTOS API schema: s4s-elt-must-match.1: The content of 'definitions' must match (annotation?, (simpleType | complexType)?, (unique | key | keyref)*)). A problem was found starting at: attribute.
2025-09-09 12:39:27,211 [INFO] PluginManage:359 - Loaded plugin pinoutconfig (category:base,tabindex:0)
2025-09-09 12:39:27,211 [INFO] PluginManage:310 - Check plugin power
2025-09-09 12:39:27,233 [INFO] PluginManage:359 - Loaded plugin power (category:power,tabindex:4)
2025-09-09 12:39:27,234 [INFO] PluginManage:310 - Check plugin projectmanager
2025-09-09 12:39:27,248 [INFO] PluginManage:359 - Loaded plugin projectmanager (category:projectmanager,tabindex:4)
2025-09-09 12:39:27,248 [INFO] PluginManage:310 - Check plugin rif
2025-09-09 12:39:27,271 [INFO] PluginManage:359 - Loaded plugin rif (category:base,tabindex:3)
2025-09-09 12:39:27,272 [INFO] PluginManage:310 - Check plugin thirdparty
2025-09-09 12:39:27,625 [INFO] PluginManage:359 - Loaded plugin thirdparty (category:base,tabindex:-1)
2025-09-09 12:39:27,625 [WARN] IntegrityCheckThread:84 - waiting for thirdparty lock release [integrity check]
2025-09-09 12:39:27,625 [INFO] PluginManage:310 - Check plugin tools
2025-09-09 12:39:27,625 [INFO] IntegrityCheckThread:86 - entering critical section [integrity check]
2025-09-09 12:39:27,626 [INFO] ThirdPartyUpdaterWithRetryManager:70 - Updater plugin not ready yet. [1/15]
2025-09-09 12:39:27,666 [INFO] PluginManage:359 - Loaded plugin tools (category:base,tabindex:7)
2025-09-09 12:39:27,666 [INFO] PluginManage:310 - Check plugin tutovideos
2025-09-09 12:39:27,903 [INFO] PluginManage:359 - Loaded plugin tutovideos (category:base,tabindex:-1)
2025-09-09 12:39:27,904 [INFO] PluginManage:310 - Check plugin updater
2025-09-09 12:39:27,927 [INFO] PluginManage:359 - Loaded plugin updater (category:base,tabindex:12)
2025-09-09 12:39:27,927 [INFO] PluginManage:310 - Check plugin userauth
2025-09-09 12:39:27,933 [INFO] UserAuth:118 - Init User Auth plugin
2025-09-09 12:39:27,934 [INFO] PluginManage:359 - Loaded plugin userauth (category:base,tabindex:14)
2025-09-09 12:39:27,934 [INFO] PluginManage:283 - PluginManage : Loaded plugins [18]
2025-09-09 12:39:28,215 [INFO] PinOutPanel:1589 - setPackage(No Configuration,No Configuration)
2025-09-09 12:39:28,324 [INFO] CADModel:165 - CPN selected for project level
2025-09-09 12:39:28,324 [INFO] CADModel:114 - Register for checkConnection events
2025-09-09 12:39:28,350 [INFO] IPUIPlugin:80 - create IPUIPlugin
2025-09-09 12:39:28,350 [INFO] PluginManager:220 - loadIPPluginJar : add adc
2025-09-09 12:39:28,388 [INFO] IPUIPlugin:80 - create IPUIPlugin
2025-09-09 12:39:28,388 [INFO] PluginManager:220 - loadIPPluginJar : add aes
2025-09-09 12:39:28,431 [INFO] IPUIPlugin:80 - create IPUIPlugin
2025-09-09 12:39:28,432 [INFO] PluginManager:220 - loadIPPluginJar : add can
2025-09-09 12:39:28,459 [INFO] IPUIPlugin:80 - create IPUIPlugin
2025-09-09 12:39:28,459 [INFO] PluginManager:220 - loadIPPluginJar : add comp
2025-09-09 12:39:28,497 [INFO] IPUIPlugin:80 - create IPUIPlugin
2025-09-09 12:39:28,497 [INFO] PluginManager:220 - loadIPPluginJar : add cryp
2025-09-09 12:39:28,513 [INFO] IPUIPlugin:80 - create IPUIPlugin
2025-09-09 12:39:28,513 [INFO] PluginManager:220 - loadIPPluginJar : add ddr_ctrl_phy
2025-09-09 12:39:28,545 [INFO] IPUIPlugin:80 - create IPUIPlugin
2025-09-09 12:39:28,545 [INFO] PluginManager:220 - loadIPPluginJar : add dfsdm
2025-09-09 12:39:28,559 [INFO] IPUIPlugin:80 - create IPUIPlugin
2025-09-09 12:39:28,559 [INFO] PluginManager:220 - loadIPPluginJar : add dma
2025-09-09 12:39:28,601 [INFO] IPUIPlugin:80 - create IPUIPlugin
2025-09-09 12:39:28,601 [INFO] PluginManager:220 - loadIPPluginJar : add dma3
2025-09-09 12:39:28,650 [INFO] IPUIPlugin:80 - create IPUIPlugin
2025-09-09 12:39:28,651 [INFO] PluginManager:220 - loadIPPluginJar : add extmemmanager
2025-09-09 12:39:28,677 [INFO] IPUIPlugin:80 - create IPUIPlugin
2025-09-09 12:39:28,677 [INFO] PluginManager:220 - loadIPPluginJar : add fatfs
2025-09-09 12:39:28,726 [INFO] IPUIPlugin:80 - create IPUIPlugin
2025-09-09 12:39:28,727 [INFO] PluginManager:220 - loadIPPluginJar : add fmc
2025-09-09 12:39:28,743 [INFO] IPUIPlugin:80 - create IPUIPlugin
2025-09-09 12:39:28,743 [INFO] PluginManager:220 - loadIPPluginJar : add freertos
2025-09-09 12:39:28,767 [INFO] IPUIPlugin:80 - create IPUIPlugin
2025-09-09 12:39:28,767 [INFO] PluginManager:220 - loadIPPluginJar : add genericplugin
2025-09-09 12:39:28,868 [INFO] IPUIPlugin:80 - create IPUIPlugin
2025-09-09 12:39:28,868 [INFO] PluginManager:220 - loadIPPluginJar : add gfxmmu
2025-09-09 12:39:29,000 [INFO] IPUIPlugin:80 - create IPUIPlugin
2025-09-09 12:39:29,000 [INFO] PluginManager:220 - loadIPPluginJar : add gic
2025-09-09 12:39:29,013 [INFO] IPUIPlugin:80 - create IPUIPlugin
2025-09-09 12:39:29,013 [INFO] PluginManager:220 - loadIPPluginJar : add gpio
2025-09-09 12:39:29,169 [INFO] IPUIPlugin:80 - create IPUIPlugin
2025-09-09 12:39:29,169 [INFO] PluginManager:220 - loadIPPluginJar : add gtzc
2025-09-09 12:39:29,218 [INFO] IPUIPlugin:80 - create IPUIPlugin
2025-09-09 12:39:29,219 [INFO] PluginManager:220 - loadIPPluginJar : add hash
2025-09-09 12:39:29,274 [INFO] IPUIPlugin:80 - create IPUIPlugin
2025-09-09 12:39:29,274 [INFO] PluginManager:220 - loadIPPluginJar : add i2c
2025-09-09 12:39:29,318 [INFO] IPUIPlugin:80 - create IPUIPlugin
2025-09-09 12:39:29,319 [INFO] PluginManager:220 - loadIPPluginJar : add i2s
2025-09-09 12:39:29,360 [INFO] IPUIPlugin:80 - create IPUIPlugin
2025-09-09 12:39:29,360 [INFO] PluginManager:220 - loadIPPluginJar : add i3c
2025-09-09 12:39:29,460 [INFO] IPUIPlugin:80 - create IPUIPlugin
2025-09-09 12:39:29,460 [INFO] PluginManager:220 - loadIPPluginJar : add ipddr
2025-09-09 12:39:29,557 [INFO] IPUIPlugin:80 - create IPUIPlugin
2025-09-09 12:39:29,557 [INFO] PluginManager:220 - loadIPPluginJar : add linkedlist
2025-09-09 12:39:29,598 [INFO] IPUIPlugin:80 - create IPUIPlugin
2025-09-09 12:39:29,598 [INFO] PluginManager:220 - loadIPPluginJar : add lorawan
2025-09-09 12:39:29,637 [INFO] IPUIPlugin:80 - create IPUIPlugin
2025-09-09 12:39:29,637 [INFO] PluginManager:220 - loadIPPluginJar : add ltdc
2025-09-09 12:39:29,651 [INFO] IPUIPlugin:80 - create IPUIPlugin
2025-09-09 12:39:29,651 [INFO] PluginManager:220 - loadIPPluginJar : add mdma
2025-09-09 12:39:29,665 [INFO] IPUIPlugin:80 - create IPUIPlugin
2025-09-09 12:39:29,665 [INFO] PluginManager:220 - loadIPPluginJar : add nvic
2025-09-09 12:39:29,707 [INFO] IPUIPlugin:80 - create IPUIPlugin
2025-09-09 12:39:29,707 [INFO] PluginManager:220 - loadIPPluginJar : add opamp
2025-09-09 12:39:29,774 [INFO] IPUIPlugin:80 - create IPUIPlugin
2025-09-09 12:39:29,775 [INFO] PluginManager:220 - loadIPPluginJar : add openamp
2025-09-09 12:39:29,820 [INFO] IPUIPlugin:80 - create IPUIPlugin
2025-09-09 12:39:29,820 [INFO] PluginManager:220 - loadIPPluginJar : add pdm2pcm
2025-09-09 12:39:29,835 [INFO] IPUIPlugin:80 - create IPUIPlugin
2025-09-09 12:39:29,837 [INFO] PluginManager:220 - loadIPPluginJar : add plateformsettings
2025-09-09 12:39:29,861 [INFO] IPUIPlugin:80 - create IPUIPlugin
2025-09-09 12:39:29,861 [INFO] PluginManager:220 - loadIPPluginJar : add quadspi
2025-09-09 12:39:29,888 [INFO] IPUIPlugin:80 - create IPUIPlugin
2025-09-09 12:39:29,889 [INFO] PluginManager:220 - loadIPPluginJar : add radio
2025-09-09 12:39:29,903 [INFO] IPUIPlugin:80 - create IPUIPlugin
2025-09-09 12:39:29,903 [INFO] PluginManager:220 - loadIPPluginJar : add resmgrutility
2025-09-09 12:39:29,951 [INFO] IPUIPlugin:80 - create IPUIPlugin
2025-09-09 12:39:29,951 [INFO] PluginManager:220 - loadIPPluginJar : add sai
2025-09-09 12:39:29,988 [INFO] IPUIPlugin:80 - create IPUIPlugin
2025-09-09 12:39:29,988 [INFO] PluginManager:220 - loadIPPluginJar : add spi
2025-09-09 12:39:30,064 [INFO] IPUIPlugin:80 - create IPUIPlugin
2025-09-09 12:39:30,064 [INFO] PluginManager:220 - loadIPPluginJar : add stm32_wpan
2025-09-09 12:39:30,090 [INFO] IPUIPlugin:80 - create IPUIPlugin
2025-09-09 12:39:30,090 [INFO] PluginManager:220 - loadIPPluginJar : add tim
2025-09-09 12:39:30,155 [INFO] IPUIPlugin:80 - create IPUIPlugin
2025-09-09 12:39:30,156 [INFO] PluginManager:220 - loadIPPluginJar : add touchsensing
2025-09-09 12:39:30,192 [INFO] IPUIPlugin:80 - create IPUIPlugin
2025-09-09 12:39:30,192 [INFO] PluginManager:220 - loadIPPluginJar : add tracer_emb
2025-09-09 12:39:30,224 [INFO] IPUIPlugin:80 - create IPUIPlugin
2025-09-09 12:39:30,225 [INFO] PluginManager:220 - loadIPPluginJar : add ts
2025-09-09 12:39:30,250 [INFO] IPUIPlugin:80 - create IPUIPlugin
2025-09-09 12:39:30,250 [INFO] PluginManager:220 - loadIPPluginJar : add tsc
2025-09-09 12:39:30,275 [INFO] IPUIPlugin:80 - create IPUIPlugin
2025-09-09 12:39:30,275 [INFO] PluginManager:220 - loadIPPluginJar : add ucpd
2025-09-09 12:39:30,323 [INFO] IPUIPlugin:80 - create IPUIPlugin
2025-09-09 12:39:30,323 [INFO] PluginManager:220 - loadIPPluginJar : add usart
2025-09-09 12:39:30,368 [INFO] IPUIPlugin:80 - create IPUIPlugin
2025-09-09 12:39:30,368 [INFO] PluginManager:220 - loadIPPluginJar : add usbx
2025-09-09 12:39:30,500 [FATAL] Updater:351 - Updater called before beeing initialized
2025-09-09 12:39:30,535 [INFO] RulesReader:64 - Compatibility file has been processed (317 Rules)
2025-09-09 12:39:30,555 [INFO] RulesReader:64 - Compatibility file has been processed (317 Rules)
2025-09-09 12:39:30,566 [INFO] CADModel:165 - CPN selected for project level
2025-09-09 12:39:30,566 [INFO] CADModel:114 - Register for checkConnection events
2025-09-09 12:39:30,566 [FATAL] Updater:351 - Updater called before beeing initialized
2025-09-09 12:39:30,566 [ERROR] CADModel:125 - Updater not yet initialized, retry later 
2025-09-09 12:39:30,627 [INFO] ThirdPartyUpdaterWithRetryManager:70 - Updater plugin not ready yet. [2/15]
2025-09-09 12:39:30,766 [FATAL] Updater:351 - Updater called before beeing initialized
2025-09-09 12:39:30,769 [INFO] CADModel:165 - CPN selected for project level
2025-09-09 12:39:30,770 [INFO] CADModel:114 - Register for checkConnection events
2025-09-09 12:39:30,770 [FATAL] Updater:351 - Updater called before beeing initialized
2025-09-09 12:39:30,770 [ERROR] CADModel:125 - Updater not yet initialized, retry later 
2025-09-09 12:39:30,774 [FATAL] Updater:351 - Updater called before beeing initialized
2025-09-09 12:39:30,969 [FATAL] Updater:351 - Updater called before beeing initialized
2025-09-09 12:39:30,982 [INFO] DbMcusAds:53 - JSON generation date=Tue Jul 08 15:14:23 ICT 2025 (1751962463582)
2025-09-09 12:39:30,982 [FATAL] Updater:351 - Updater called before beeing initialized
2025-09-09 12:39:31,021 [WARN] DetailPanel:346 - Failed to get advertising image, set to default
2025-09-09 12:39:31,099 [FATAL] Updater:351 - Updater called before beeing initialized
2025-09-09 12:39:31,101 [FATAL] Updater:351 - Updater called before beeing initialized
2025-09-09 12:39:31,101 [FATAL] Updater:351 - Updater called before beeing initialized
2025-09-09 12:39:31,101 [WARN] DetailPanel:346 - Failed to get advertising image, set to default
2025-09-09 12:39:31,102 [FATAL] Updater:351 - Updater called before beeing initialized
2025-09-09 12:39:31,165 [ERROR] Updater:1198 - MainUpdater not yet initialized. External WinMGr cannot be set.
2025-09-09 12:39:31,176 [INFO] Updater:1134 - Updater Version found : 6.15.0
2025-09-09 12:39:31,191 [INFO] ApplicationProperties:184 - Using Application install path: C:\ST\STM32CubeIDE_1.19.0\STM32CubeIDE\plugins\com.st.stm32cube.common.mx_6.15.0.202507011659
2025-09-09 12:39:32,775 [ERROR] LogOutputStream:75 - [STDERR_REDIRECT] Sep 09, 2025 12:39:32 PM java.util.prefs.WindowsPreferences <init>
2025-09-09 12:39:32,778 [ERROR] LogOutputStream:75 - [STDERR_REDIRECT] WARNING: Could not open/create prefs root node Software\JavaSoft\Prefs at root 0xffffffff80000002. Windows RegCreateKeyEx(...) returned error code 5.
2025-09-09 12:39:32,778 [ERROR] LogOutputStream:75 - [STDERR_REDIRECT] 
2025-09-09 12:39:33,193 [INFO] MainUpdater:2872 - connection check result : 10
2025-09-09 12:39:33,194 [INFO] MainUpdater:289 - Updater Check For Update Now.
2025-09-09 12:39:33,194 [INFO] MicroXplorer:498 - Change Database Version : DB.6.0.150
2025-09-09 12:39:33,238 [INFO] McuFinderGlobals:63 - Set McuFinder mode to 2 (CubeIDE integrated)
2025-09-09 12:39:33,252 [INFO] UserAuth:487 - Internet connection configuration mode: 1
2025-09-09 12:39:33,297 [INFO] JxBrowserEngine:152 - Initiate JxBrowser Engine with user profile folder
2025-09-09 12:39:33,474 [INFO] CheckServerUpdateThread:120 - End of CheckServer Thread
2025-09-09 12:39:34,139 [WARN] PackLoader:240 - Cannot read IP mode file for STMicroelectronics.FP-SNS-MOTENVWB1.1.4.0
2025-09-09 12:39:34,167 [WARN] PackLoader:240 - Cannot read IP mode file for STMicroelectronics.FP-ATR-ASTRA1.2.0.2
2025-09-09 12:39:34,203 [WARN] PackLoader:240 - Cannot read IP mode file for STMicroelectronics.X-CUBE-SMBUS.2.1.0
2025-09-09 12:39:34,234 [WARN] PackLoader:240 - Cannot read IP mode file for STMicroelectronics.X-CUBE-ST60.1.0.0
2025-09-09 12:39:34,328 [WARN] PackLoader:240 - Cannot read IP mode file for STMicroelectronics.X-CUBE-AZRTOS-F7.1.1.0
2025-09-09 12:39:34,424 [WARN] PackLoader:240 - Cannot read IP mode file for Infineon.AIROC-Wi-Fi-Bluetooth-STM32.1.7.1
2025-09-09 12:39:34,481 [WARN] PackLoader:240 - Cannot read IP mode file for STMicroelectronics.X-CUBE-DISPLAY.3.0.0
2025-09-09 12:39:34,529 [WARN] PackLoader:240 - Cannot read IP mode file for STMicroelectronics.X-CUBE-NFC10.1.0.0
2025-09-09 12:39:34,562 [WARN] PackLoader:240 - Cannot read IP mode file for emotas.I-CUBE-CANOPEN.1.3.0
2025-09-09 12:39:34,601 [WARN] PackLoader:240 - Cannot read IP mode file for STMicroelectronics.FP-SNS-STBOX1.2.1.0
2025-09-09 12:39:34,637 [WARN] PackLoader:240 - Cannot read IP mode file for STMicroelectronics.FP-SNS-SMARTAG2.1.2.0
2025-09-09 12:39:34,667 [WARN] PackLoader:240 - Cannot read IP mode file for STMicroelectronics.FP-SNS-FLIGHT1.5.1.0
2025-09-09 12:39:34,710 [INFO] LogOutputStream:77 - [STDOUT_REDIRECT] 1 : Invalid condition id : UX_CORESTACK_Condition cause : null
2025-09-09 12:39:34,711 [INFO] LogOutputStream:77 - [STDOUT_REDIRECT] 1 : Invalid condition id : UX_CORESTACK_Condition cause : null
2025-09-09 12:39:34,713 [INFO] LogOutputStream:77 - [STDOUT_REDIRECT] 1 : Invalid condition id : UX_CORESTACK_Condition cause : null
2025-09-09 12:39:34,715 [INFO] LogOutputStream:77 - [STDOUT_REDIRECT] 1 : Invalid condition id : UX_CORESTACK_Condition cause : null
2025-09-09 12:39:34,718 [INFO] LogOutputStream:77 - [STDOUT_REDIRECT] 1 : Invalid condition id : UX_CORESTACK_Condition cause : null
2025-09-09 12:39:34,725 [WARN] PackLoader:240 - Cannot read IP mode file for STMicroelectronics.X-CUBE-AZRTOS-WL.2.0.0
2025-09-09 12:39:34,755 [WARN] PackLoader:240 - Cannot read IP mode file for STMicroelectronics.FP-SNS-MOTENV1.5.0.0
2025-09-09 12:39:34,784 [WARN] PackLoader:240 - Cannot read IP mode file for WES.I-CUBE-Cesium.1.3.0
2025-09-09 12:39:34,795 [INFO] WebApp:169 - Instantiating new browser for Auth
2025-09-09 12:39:34,816 [WARN] PackLoader:240 - Cannot read IP mode file for STMicroelectronics.X-CUBE-BLE2.3.3.0
2025-09-09 12:39:34,868 [WARN] PackLoader:240 - Cannot read IP mode file for STMicroelectronics.X-CUBE-NFC9.1.0.0
2025-09-09 12:39:34,905 [WARN] PackLoader:240 - Cannot read IP mode file for STMicroelectronics.X-CUBE-BLE1.7.1.0
2025-09-09 12:39:34,933 [WARN] PackLoader:240 - Cannot read IP mode file for wolfSSL.I-CUBE-wolfMQTT.1.19.2
2025-09-09 12:39:34,958 [WARN] PackLoader:240 - Cannot read IP mode file for STMicroelectronics.X-CUBE-AI.10.1.0
2025-09-09 12:39:35,006 [WARN] PackLoader:240 - Cannot read IP mode file for STMicroelectronics.X-CUBE-AZRTOS-G0.1.1.0
2025-09-09 12:39:35,037 [WARN] PackLoader:240 - Cannot read IP mode file for STMicroelectronics.X-CUBE-SAFEA1.1.2.2
2025-09-09 12:39:35,059 [WARN] PackLoader:240 - Cannot read IP mode file for STMicroelectronics.X-CUBE-NFC4.3.0.0
2025-09-09 12:39:35,090 [WARN] PackLoader:240 - Cannot read IP mode file for EmbeddedOffice.I-CUBE-FS-RTOS.1.0.1
2025-09-09 12:39:35,116 [WARN] PackLoader:240 - Cannot read IP mode file for STMicroelectronics.X-CUBE-WB05N.2.0.0
2025-09-09 12:39:35,140 [WARN] PackLoader:240 - Cannot read IP mode file for wolfSSL.I-CUBE-wolfTPM.3.8.0
2025-09-09 12:39:35,168 [WARN] PackLoader:240 - Cannot read IP mode file for STMicroelectronics.X-CUBE-TCPP.4.2.0
2025-09-09 12:39:35,198 [WARN] PackLoader:240 - Cannot read IP mode file for RealThread.X-CUBE-RT-Thread_Nano.4.1.1
2025-09-09 12:39:35,225 [WARN] PackLoader:240 - Cannot read IP mode file for STMicroelectronics.FP-ATR-SIGFOX1.3.2.0
2025-09-09 12:39:35,258 [WARN] PackLoader:240 - Cannot read IP mode file for ITTIA_DB.I-CUBE-ITTIADB.8.9.0
2025-09-09 12:39:35,286 [WARN] PackLoader:240 - Cannot read IP mode file for STMicroelectronics.X-CUBE-ST67W61.1.0.0
2025-09-09 12:39:35,313 [WARN] PackLoader:240 - Cannot read IP mode file for STMicroelectronics.X-CUBE-AI.10.2.0
2025-09-09 12:39:35,396 [WARN] PackLoader:240 - Cannot read IP mode file for SEGGER.I-CUBE-embOS.1.3.1
2025-09-09 12:39:35,497 [WARN] PackLoader:240 - Cannot read IP mode file for STMicroelectronics.X-CUBE-ALGOBUILD.1.4.0
2025-09-09 12:39:35,627 [WARN] PackLoader:240 - Cannot read IP mode file for STMicroelectronics.X-CUBE-MEMS1.11.3.0
2025-09-09 12:39:35,944 [WARN] PackLoader:240 - Cannot read IP mode file for STMicroelectronics.X-CUBE-PM33A1.1.0.0
2025-09-09 12:39:36,002 [WARN] PackLoader:240 - Cannot read IP mode file for STMicroelectronics.X-CUBE-AZRTOS-F4.1.1.0
2025-09-09 12:39:36,034 [WARN] PackLoader:240 - Cannot read IP mode file for STMicroelectronics.X-CUBE-ISPU.2.1.0
2025-09-09 12:39:36,099 [WARN] PackLoader:240 - Cannot read IP mode file for STMicroelectronics.X-CUBE-AZRTOS-L5.2.0.0
2025-09-09 12:39:36,135 [WARN] PackLoader:240 - Cannot read IP mode file for STMicroelectronics.X-CUBE-NFC6.3.1.0
2025-09-09 12:39:36,168 [WARN] PackLoader:240 - Cannot read IP mode file for STMicroelectronics.X-CUBE-FREERTOS.1.3.1
2025-09-09 12:39:36,202 [WARN] PackLoader:240 - Cannot read IP mode file for STMicroelectronics.X-CUBE-DPower.1.3.0
2025-09-09 12:39:36,309 [WARN] ConditionMgr:438 - getConditionDescription Invalid condition id : LAN8742 Phy interface Condition cause : null
2025-09-09 12:39:36,310 [WARN] PackLoader:240 - Cannot read IP mode file for STMicroelectronics.X-CUBE-AZRTOS-L4.2.0.0
2025-09-09 12:39:36,313 [WARN] ConditionMgr:1044 - genDependencies : Invalid condition id : LAN8742 Phy interface Condition cause : null
2025-09-09 12:39:36,313 [WARN] ConditionMgr:1044 - genDependencies : Invalid condition id : LAN8742 Phy interface Condition cause : null
2025-09-09 12:39:36,317 [WARN] ConditionMgr:1044 - genDependencies : Invalid condition id : LAN8742 Phy interface Condition cause : null
2025-09-09 12:39:36,356 [WARN] PackLoader:240 - Cannot read IP mode file for STMicroelectronics.X-CUBE-SFXS2LP1.4.0.0
2025-09-09 12:39:36,424 [WARN] ConditionMgr:438 - getConditionDescription Invalid condition id : UX DEVICE CLASS RTOS Condition cause : null
2025-09-09 12:39:36,426 [WARN] ConditionMgr:438 - getConditionDescription Invalid condition id : UX DEVICE CLASS RTOS Condition cause : null
2025-09-09 12:39:36,431 [WARN] PackLoader:240 - Cannot read IP mode file for STMicroelectronics.X-CUBE-AZRTOS-WB.2.0.0
2025-09-09 12:39:36,434 [WARN] ConditionMgr:1044 - genDependencies : Invalid condition id : UX DEVICE CLASS RTOS Condition cause : null
2025-09-09 12:39:36,434 [WARN] ConditionMgr:1044 - genDependencies : Invalid condition id : UX DEVICE CLASS RTOS Condition cause : null
2025-09-09 12:39:36,435 [WARN] ConditionMgr:1044 - genDependencies : Invalid condition id : UX DEVICE CLASS RTOS Condition cause : null
2025-09-09 12:39:36,435 [WARN] ConditionMgr:1044 - genDependencies : Invalid condition id : UX DEVICE CLASS RTOS Condition cause : null
2025-09-09 12:39:36,436 [WARN] ConditionMgr:1044 - genDependencies : Invalid condition id : UX DEVICE CLASS RTOS Condition cause : null
2025-09-09 12:39:36,474 [WARN] PackLoader:240 - Cannot read IP mode file for STMicroelectronics.X-CUBE-GNSS1.7.0.1
2025-09-09 12:39:36,509 [WARN] PackLoader:240 - Cannot read IP mode file for STMicroelectronics.X-CUBE-TOUCHGFX.4.25.0
2025-09-09 12:39:36,537 [WARN] PackLoader:240 - Cannot read IP mode file for STMicroelectronics.FP-SNS-STBOX1.2.0.0
2025-09-09 12:39:36,547 [INFO] WebApp:463 - Apply proxy settings
2025-09-09 12:39:36,548 [INFO] WebApp:548 - Chromium requires no authentication
2025-09-09 12:39:36,563 [WARN] ConditionMgr:438 - getConditionDescription Invalid condition id : Cortex-A Device cause : null
2025-09-09 12:39:36,564 [INFO] WebApp:491 - Direct internet connection detected
2025-09-09 12:39:36,606 [WARN] ConditionMgr:1044 - genDependencies : Invalid condition id : Cortex-A Device cause : null
2025-09-09 12:39:36,606 [WARN] ConditionMgr:1044 - genDependencies : Invalid condition id : Cortex-A Device cause : null
2025-09-09 12:39:36,606 [WARN] ConditionMgr:1044 - genDependencies : Invalid condition id : Cortex-A Device cause : null
2025-09-09 12:39:36,615 [INFO] WebApp:900 - Register for checkConnection events
2025-09-09 12:39:36,615 [INFO] WebApp:463 - Apply proxy settings
2025-09-09 12:39:36,615 [INFO] WebApp:548 - Chromium requires no authentication
2025-09-09 12:39:36,616 [INFO] WebApp:491 - Direct internet connection detected
2025-09-09 12:39:36,635 [WARN] PackLoader:240 - Cannot read IP mode file for STMicroelectronics.X-CUBE-SUBG2.5.0.0
2025-09-09 12:39:36,687 [WARN] PackLoader:240 - Cannot read IP mode file for STMicroelectronics.X-CUBE-AZRTOS-H7RS.1.1.0
2025-09-09 12:39:36,712 [WARN] PackLoader:240 - Cannot read IP mode file for Cesanta.I-CUBE-Mongoose.7.13.0
2025-09-09 12:39:36,750 [WARN] PackLoader:240 - Cannot read IP mode file for STMicroelectronics.X-CUBE-AZRTOS-G4.2.0.0
2025-09-09 12:39:36,772 [WARN] PackLoader:240 - Cannot read IP mode file for wolfSSL.I-CUBE-wolfSSH.1.4.20
2025-09-09 12:39:36,794 [WARN] PackLoader:240 - Cannot read IP mode file for STMicroelectronics.X-CUBE-NFC7.2.0.0
2025-09-09 12:39:36,819 [WARN] PackLoader:240 - Cannot read IP mode file for STMicroelectronics.X-CUBE-IPS.3.1.0
2025-09-09 12:39:36,849 [WARN] PackLoader:240 - Cannot read IP mode file for STMicroelectronics.X-CUBE-ALS.1.0.2
2025-09-09 12:39:36,876 [WARN] PackLoader:240 - Cannot read IP mode file for STMicroelectronics.X-CUBE-STSE01.1.0.0
2025-09-09 12:39:36,899 [WARN] PackLoader:240 - Cannot read IP mode file for portGmbH.I-Cube-SoM-uGOAL.1.1.0
2025-09-09 12:39:36,929 [WARN] PackLoader:240 - Cannot read IP mode file for STMicroelectronics.X-CUBE-TOF1.3.4.3
2025-09-09 12:39:36,939 [INFO] ThirdParty:978 - Integrity check success = true
2025-09-09 12:39:36,939 [INFO] IntegrityCheckThread:100 - exiting critical section [integrity check]
2025-09-09 12:39:36,939 [INFO] IntegrityCheckThread:103 - End integrity checks thread
2025-09-09 12:39:36,980 [INFO] WebApp:225 - Starting web application
2025-09-09 12:39:36,980 [INFO] WebApp:593 - Web application path used C:\ST\STM32CubeIDE_1.19.0\STM32CubeIDE\plugins\com.st.stm32cube.common.mx_6.15.0.202507011659\db\plugins\mcufinder\reactClient1\index.html
2025-09-09 12:39:37,274 [INFO] UserAuth:487 - Internet connection configuration mode: 1
2025-09-09 12:39:37,421 [INFO] WebApp:191 - Connection restablished
2025-09-09 12:54:51,592 [INFO] WebApp:194 - Connection lost
2025-09-09 12:55:03,500 [INFO] WebApp:191 - Connection restablished
2025-09-09 12:55:10,145 [ERROR] LogOutputStream:75 - [STDERR_REDIRECT] 
2025-09-09 12:57:19,992 [INFO] Activator:176 - 


2025-09-09 12:57:19,992 [INFO] Activator:177 - !SESSION log4j initialized
2025-09-09 12:57:26,703 [INFO] LogOutputStream:77 - [STDOUT_REDIRECT] 
2025-09-09 12:57:31,907 [INFO] ApplicationProperties:184 - Using Application install path: C:\ST\STM32CubeIDE_1.19.0\STM32CubeIDE\plugins\com.st.stm32cube.common.mx_6.15.0.202507011659
2025-09-09 12:57:31,923 [INFO] DbMcusXml:78 - Set database path to: C:\ST\STM32CubeIDE_1.19.0\STM32CubeIDE\plugins\com.st.stm32cube.common.mx_6.15.0.202507011659\\db\/mcu/
2025-09-09 12:57:31,923 [INFO] ApiDb:274 - Set plugin database path to: C:\ST\STM32CubeIDE_1.19.0\STM32CubeIDE\plugins\com.st.stm32cube.common.mx_6.15.0.202507011659\\db\/plugins/boardmanager/
2025-09-09 12:57:31,924 [WARN] ApiDb:259 - Overriding images path with different value:  => C:\ST\STM32CubeIDE_1.19.0\STM32CubeIDE\plugins\com.st.stm32cube.common.mx_6.15.0.202507011659\\db\/plugins/mcufinder/images/
2025-09-09 12:57:31,932 [INFO] ApiDb:250 - Set database path to: C:\Users\USERIT\.stmcufinder\plugins\mcufinder//mcu/
2025-09-09 12:57:31,933 [INFO] DbMcusAds:125 - Set database path to: C:\Users\USERIT\.stmcufinder\plugins\mcufinder//mcu/
2025-09-09 12:57:31,935 [INFO] CrossReferenceDbSqlite:203 - Set database path to: C:\Users\USERIT\.stmcufinder\plugins\mcufinder//mcu/cs/
2025-09-09 12:57:32,047 [INFO] RulesReader:64 - Compatibility file has been processed (317 Rules)
2025-09-09 12:57:32,126 [INFO] DbMcusXml:78 - Set database path to: C:\ST\STM32CubeIDE_1.19.0\STM32CubeIDE\plugins\com.st.stm32cube.common.mx_6.15.0.202507011659\\db\/mcu/
2025-09-09 12:57:32,126 [INFO] ApiDb:274 - Set plugin database path to: C:\ST\STM32CubeIDE_1.19.0\STM32CubeIDE\plugins\com.st.stm32cube.common.mx_6.15.0.202507011659\\db\/plugins/boardmanager/
2025-09-09 12:57:32,126 [INFO] ApiDb:261 - Set plugin images path to: C:\ST\STM32CubeIDE_1.19.0\STM32CubeIDE\plugins\com.st.stm32cube.common.mx_6.15.0.202507011659\\db\/plugins/mcufinder/images/
2025-09-09 12:57:32,126 [WARN] DbFile:41 - Overriding database path with different value: C:\Users\USERIT\.stmcufinder\plugins\mcufinder/ => C:\Users\USERIT\.stmcufinder\plugins\mcufinder
2025-09-09 12:57:32,126 [INFO] ApiDb:250 - Set database path to: C:\Users\USERIT\.stmcufinder\plugins\mcufinder//mcu/
2025-09-09 12:57:32,126 [WARN] DbFile:41 - Overriding database path with different value: C:\Users\USERIT\.stmcufinder\plugins\mcufinder/ => C:\Users\USERIT\.stmcufinder\plugins\mcufinder
2025-09-09 12:57:32,126 [INFO] DbMcusAds:125 - Set database path to: C:\Users\USERIT\.stmcufinder\plugins\mcufinder//mcu/
2025-09-09 12:57:32,126 [WARN] DbFile:41 - Overriding database path with different value: C:\Users\USERIT\.stmcufinder\plugins\mcufinder/ => C:\Users\USERIT\.stmcufinder\plugins\mcufinder
2025-09-09 12:57:32,127 [WARN] DbFile:41 - Overriding database path with different value: C:\Users\USERIT\.stmcufinder\plugins\mcufinder/ => C:\Users\USERIT\.stmcufinder\plugins\mcufinder
2025-09-09 12:57:32,127 [INFO] CrossReferenceDbSqlite:203 - Set database path to: C:\Users\USERIT\.stmcufinder\plugins\mcufinder//mcu/cs/
2025-09-09 12:57:32,205 [INFO] MainPanel:274 - HeapMemory: 268435456
2025-09-09 12:57:32,311 [INFO] DbMcusXml:78 - Set database path to: C:\ST\STM32CubeIDE_1.19.0\STM32CubeIDE\plugins\com.st.stm32cube.common.mx_6.15.0.202507011659\\db\/mcu/
2025-09-09 12:57:32,311 [INFO] ApiDb:274 - Set plugin database path to: C:\ST\STM32CubeIDE_1.19.0\STM32CubeIDE\plugins\com.st.stm32cube.common.mx_6.15.0.202507011659\\db\/plugins/boardmanager/
2025-09-09 12:57:32,311 [INFO] ApiDb:261 - Set plugin images path to: C:\ST\STM32CubeIDE_1.19.0\STM32CubeIDE\plugins\com.st.stm32cube.common.mx_6.15.0.202507011659\\db\/plugins/mcufinder/images/
2025-09-09 12:57:32,311 [WARN] DbFile:41 - Overriding database path with different value: C:\Users\USERIT\.stmcufinder\plugins\mcufinder/ => C:\Users\USERIT\.stmcufinder\plugins\mcufinder
2025-09-09 12:57:32,312 [INFO] ApiDb:250 - Set database path to: C:\Users\USERIT\.stmcufinder\plugins\mcufinder//mcu/
2025-09-09 12:57:32,312 [WARN] DbFile:41 - Overriding database path with different value: C:\Users\USERIT\.stmcufinder\plugins\mcufinder/ => C:\Users\USERIT\.stmcufinder\plugins\mcufinder
2025-09-09 12:57:32,312 [INFO] DbMcusAds:125 - Set database path to: C:\Users\USERIT\.stmcufinder\plugins\mcufinder//mcu/
2025-09-09 12:57:32,312 [WARN] DbFile:41 - Overriding database path with different value: C:\Users\USERIT\.stmcufinder\plugins\mcufinder/ => C:\Users\USERIT\.stmcufinder\plugins\mcufinder
2025-09-09 12:57:32,312 [WARN] DbFile:41 - Overriding database path with different value: C:\Users\USERIT\.stmcufinder\plugins\mcufinder/ => C:\Users\USERIT\.stmcufinder\plugins\mcufinder
2025-09-09 12:57:32,312 [INFO] CrossReferenceDbSqlite:203 - Set database path to: C:\Users\USERIT\.stmcufinder\plugins\mcufinder//mcu/cs/
2025-09-09 12:57:32,327 [INFO] ApplicationProperties:184 - Using Application install path: C:\ST\STM32CubeIDE_1.19.0\STM32CubeIDE\plugins\com.st.stm32cube.common.mx_6.15.0.202507011659
2025-09-09 12:57:32,328 [INFO] PluginManage:196 - Search for loadable plugins [exclusion list=, ]
2025-09-09 12:57:32,329 [INFO] PluginManage:310 - Check plugin analytics
2025-09-09 12:57:32,509 [INFO] AnalyticsPlugin:253 - Accepted Software Licenses: 
2025-09-09 12:57:32,510 [INFO] AnalyticsPlugin:255 - Accepted CMSIS Pack Licenses: 
2025-09-09 12:57:32,510 [INFO] AnalyticsPlugin:257 - Accepted Firmware Licenses: FW.F7.1.17.0
2025-09-09 12:57:32,513 [INFO] PluginManage:359 - Loaded plugin analytics (category:tool,tabindex:-1)
2025-09-09 12:57:32,513 [INFO] PluginManage:310 - Check plugin cadmodel
2025-09-09 12:57:32,540 [INFO] CADModel:105 - Init CAD model plugin
2025-09-09 12:57:32,540 [INFO] PluginManage:359 - Loaded plugin cadmodel (category:power,tabindex:5)
2025-09-09 12:57:32,540 [INFO] PluginManage:310 - Check plugin clock
2025-09-09 12:57:32,570 [INFO] PluginManage:359 - Loaded plugin clock (category:base,tabindex:2)
2025-09-09 12:57:32,570 [INFO] PluginManage:310 - Check plugin ddr
2025-09-09 12:57:32,573 [INFO] PluginManage:359 - Loaded plugin ddr (category:tool,tabindex:6)
2025-09-09 12:57:32,574 [INFO] PluginManage:310 - Check plugin filemanager
2025-09-09 12:57:32,772 [INFO] PluginManage:359 - Loaded plugin filemanager (category:base,tabindex:10)
2025-09-09 12:57:32,772 [INFO] PluginManage:310 - Check plugin ipmanager
2025-09-09 12:57:32,780 [INFO] PluginManage:359 - Loaded plugin ipmanager (category:base,tabindex:5)
2025-09-09 12:57:32,781 [INFO] PluginManage:310 - Check plugin lpbam
2025-09-09 12:57:32,804 [INFO] PluginManage:359 - Loaded plugin lpbam (category:base,tabindex:0)
2025-09-09 12:57:32,804 [INFO] PluginManage:310 - Check plugin memorymap
2025-09-09 12:57:32,840 [INFO] PluginManage:359 - Loaded plugin memorymap (category:base,tabindex:4)
2025-09-09 12:57:32,841 [INFO] PluginManage:310 - Check plugin pinoutandconfiguration
2025-09-09 12:57:32,873 [INFO] PluginManage:359 - Loaded plugin pinoutandconfiguration (category:base,tabindex:1)
2025-09-09 12:57:32,873 [INFO] PluginManage:310 - Check plugin pinoutconfig
2025-09-09 12:57:33,004 [WARN] SupportedApi:132 - Cannot load RTOS API schema: s4s-elt-must-match.1: The content of 'definitions' must match (annotation?, (simpleType | complexType)?, (unique | key | keyref)*)). A problem was found starting at: attribute.
2025-09-09 12:57:33,160 [INFO] PluginManage:359 - Loaded plugin pinoutconfig (category:base,tabindex:0)
2025-09-09 12:57:33,160 [INFO] PluginManage:310 - Check plugin power
2025-09-09 12:57:33,183 [INFO] PluginManage:359 - Loaded plugin power (category:power,tabindex:4)
2025-09-09 12:57:33,183 [INFO] PluginManage:310 - Check plugin projectmanager
2025-09-09 12:57:33,201 [INFO] PluginManage:359 - Loaded plugin projectmanager (category:projectmanager,tabindex:4)
2025-09-09 12:57:33,202 [INFO] PluginManage:310 - Check plugin rif
2025-09-09 12:57:33,232 [INFO] PluginManage:359 - Loaded plugin rif (category:base,tabindex:3)
2025-09-09 12:57:33,232 [INFO] PluginManage:310 - Check plugin thirdparty
2025-09-09 12:57:33,597 [INFO] PluginManage:359 - Loaded plugin thirdparty (category:base,tabindex:-1)
2025-09-09 12:57:33,597 [WARN] IntegrityCheckThread:84 - waiting for thirdparty lock release [integrity check]
2025-09-09 12:57:33,597 [INFO] PluginManage:310 - Check plugin tools
2025-09-09 12:57:33,597 [INFO] IntegrityCheckThread:86 - entering critical section [integrity check]
2025-09-09 12:57:33,598 [INFO] ThirdPartyUpdaterWithRetryManager:70 - Updater plugin not ready yet. [1/15]
2025-09-09 12:57:33,650 [INFO] PluginManage:359 - Loaded plugin tools (category:base,tabindex:7)
2025-09-09 12:57:33,650 [INFO] PluginManage:310 - Check plugin tutovideos
2025-09-09 12:57:33,902 [INFO] PluginManage:359 - Loaded plugin tutovideos (category:base,tabindex:-1)
2025-09-09 12:57:33,903 [INFO] PluginManage:310 - Check plugin updater
2025-09-09 12:57:33,928 [INFO] PluginManage:359 - Loaded plugin updater (category:base,tabindex:12)
2025-09-09 12:57:33,928 [INFO] PluginManage:310 - Check plugin userauth
2025-09-09 12:57:33,932 [INFO] UserAuth:118 - Init User Auth plugin
2025-09-09 12:57:33,933 [INFO] PluginManage:359 - Loaded plugin userauth (category:base,tabindex:14)
2025-09-09 12:57:33,934 [INFO] PluginManage:283 - PluginManage : Loaded plugins [18]
2025-09-09 12:57:34,135 [INFO] PinOutPanel:1589 - setPackage(No Configuration,No Configuration)
2025-09-09 12:57:34,228 [INFO] CADModel:165 - CPN selected for project level
2025-09-09 12:57:34,228 [INFO] CADModel:114 - Register for checkConnection events
2025-09-09 12:57:34,253 [INFO] IPUIPlugin:80 - create IPUIPlugin
2025-09-09 12:57:34,253 [INFO] PluginManager:220 - loadIPPluginJar : add adc
2025-09-09 12:57:34,296 [INFO] IPUIPlugin:80 - create IPUIPlugin
2025-09-09 12:57:34,297 [INFO] PluginManager:220 - loadIPPluginJar : add aes
2025-09-09 12:57:34,346 [INFO] IPUIPlugin:80 - create IPUIPlugin
2025-09-09 12:57:34,347 [INFO] PluginManager:220 - loadIPPluginJar : add can
2025-09-09 12:57:34,377 [INFO] IPUIPlugin:80 - create IPUIPlugin
2025-09-09 12:57:34,377 [INFO] PluginManager:220 - loadIPPluginJar : add comp
2025-09-09 12:57:34,416 [INFO] IPUIPlugin:80 - create IPUIPlugin
2025-09-09 12:57:34,416 [INFO] PluginManager:220 - loadIPPluginJar : add cryp
2025-09-09 12:57:34,430 [INFO] IPUIPlugin:80 - create IPUIPlugin
2025-09-09 12:57:34,430 [INFO] PluginManager:220 - loadIPPluginJar : add ddr_ctrl_phy
2025-09-09 12:57:34,472 [INFO] IPUIPlugin:80 - create IPUIPlugin
2025-09-09 12:57:34,472 [INFO] PluginManager:220 - loadIPPluginJar : add dfsdm
2025-09-09 12:57:34,489 [INFO] IPUIPlugin:80 - create IPUIPlugin
2025-09-09 12:57:34,490 [INFO] PluginManager:220 - loadIPPluginJar : add dma
2025-09-09 12:57:34,539 [INFO] IPUIPlugin:80 - create IPUIPlugin
2025-09-09 12:57:34,539 [INFO] PluginManager:220 - loadIPPluginJar : add dma3
2025-09-09 12:57:34,586 [INFO] IPUIPlugin:80 - create IPUIPlugin
2025-09-09 12:57:34,587 [INFO] PluginManager:220 - loadIPPluginJar : add extmemmanager
2025-09-09 12:57:34,610 [INFO] IPUIPlugin:80 - create IPUIPlugin
2025-09-09 12:57:34,610 [INFO] PluginManager:220 - loadIPPluginJar : add fatfs
2025-09-09 12:57:34,659 [INFO] IPUIPlugin:80 - create IPUIPlugin
2025-09-09 12:57:34,659 [INFO] PluginManager:220 - loadIPPluginJar : add fmc
2025-09-09 12:57:34,676 [INFO] IPUIPlugin:80 - create IPUIPlugin
2025-09-09 12:57:34,676 [INFO] PluginManager:220 - loadIPPluginJar : add freertos
2025-09-09 12:57:34,699 [INFO] IPUIPlugin:80 - create IPUIPlugin
2025-09-09 12:57:34,699 [INFO] PluginManager:220 - loadIPPluginJar : add genericplugin
2025-09-09 12:57:34,795 [INFO] IPUIPlugin:80 - create IPUIPlugin
2025-09-09 12:57:34,795 [INFO] PluginManager:220 - loadIPPluginJar : add gfxmmu
2025-09-09 12:57:34,924 [INFO] IPUIPlugin:80 - create IPUIPlugin
2025-09-09 12:57:34,924 [INFO] PluginManager:220 - loadIPPluginJar : add gic
2025-09-09 12:57:34,938 [INFO] IPUIPlugin:80 - create IPUIPlugin
2025-09-09 12:57:34,938 [INFO] PluginManager:220 - loadIPPluginJar : add gpio
2025-09-09 12:57:35,031 [INFO] IPUIPlugin:80 - create IPUIPlugin
2025-09-09 12:57:35,032 [INFO] PluginManager:220 - loadIPPluginJar : add gtzc
2025-09-09 12:57:35,068 [INFO] IPUIPlugin:80 - create IPUIPlugin
2025-09-09 12:57:35,068 [INFO] PluginManager:220 - loadIPPluginJar : add hash
2025-09-09 12:57:35,121 [INFO] IPUIPlugin:80 - create IPUIPlugin
2025-09-09 12:57:35,121 [INFO] PluginManager:220 - loadIPPluginJar : add i2c
2025-09-09 12:57:35,160 [INFO] IPUIPlugin:80 - create IPUIPlugin
2025-09-09 12:57:35,161 [INFO] PluginManager:220 - loadIPPluginJar : add i2s
2025-09-09 12:57:35,202 [INFO] IPUIPlugin:80 - create IPUIPlugin
2025-09-09 12:57:35,203 [INFO] PluginManager:220 - loadIPPluginJar : add i3c
2025-09-09 12:57:35,299 [INFO] IPUIPlugin:80 - create IPUIPlugin
2025-09-09 12:57:35,300 [INFO] PluginManager:220 - loadIPPluginJar : add ipddr
2025-09-09 12:57:35,390 [INFO] IPUIPlugin:80 - create IPUIPlugin
2025-09-09 12:57:35,391 [INFO] PluginManager:220 - loadIPPluginJar : add linkedlist
2025-09-09 12:57:35,427 [INFO] IPUIPlugin:80 - create IPUIPlugin
2025-09-09 12:57:35,427 [INFO] PluginManager:220 - loadIPPluginJar : add lorawan
2025-09-09 12:57:35,464 [INFO] IPUIPlugin:80 - create IPUIPlugin
2025-09-09 12:57:35,465 [INFO] PluginManager:220 - loadIPPluginJar : add ltdc
2025-09-09 12:57:35,478 [INFO] IPUIPlugin:80 - create IPUIPlugin
2025-09-09 12:57:35,478 [INFO] PluginManager:220 - loadIPPluginJar : add mdma
2025-09-09 12:57:35,492 [INFO] IPUIPlugin:80 - create IPUIPlugin
2025-09-09 12:57:35,493 [INFO] PluginManager:220 - loadIPPluginJar : add nvic
2025-09-09 12:57:35,530 [INFO] IPUIPlugin:80 - create IPUIPlugin
2025-09-09 12:57:35,530 [INFO] PluginManager:220 - loadIPPluginJar : add opamp
2025-09-09 12:57:35,593 [INFO] IPUIPlugin:80 - create IPUIPlugin
2025-09-09 12:57:35,593 [INFO] PluginManager:220 - loadIPPluginJar : add openamp
2025-09-09 12:57:35,639 [INFO] IPUIPlugin:80 - create IPUIPlugin
2025-09-09 12:57:35,640 [INFO] PluginManager:220 - loadIPPluginJar : add pdm2pcm
2025-09-09 12:57:35,653 [INFO] IPUIPlugin:80 - create IPUIPlugin
2025-09-09 12:57:35,655 [INFO] PluginManager:220 - loadIPPluginJar : add plateformsettings
2025-09-09 12:57:35,680 [INFO] IPUIPlugin:80 - create IPUIPlugin
2025-09-09 12:57:35,680 [INFO] PluginManager:220 - loadIPPluginJar : add quadspi
2025-09-09 12:57:35,707 [INFO] IPUIPlugin:80 - create IPUIPlugin
2025-09-09 12:57:35,708 [INFO] PluginManager:220 - loadIPPluginJar : add radio
2025-09-09 12:57:35,722 [INFO] IPUIPlugin:80 - create IPUIPlugin
2025-09-09 12:57:35,722 [INFO] PluginManager:220 - loadIPPluginJar : add resmgrutility
2025-09-09 12:57:35,769 [INFO] IPUIPlugin:80 - create IPUIPlugin
2025-09-09 12:57:35,769 [INFO] PluginManager:220 - loadIPPluginJar : add sai
2025-09-09 12:57:35,807 [INFO] IPUIPlugin:80 - create IPUIPlugin
2025-09-09 12:57:35,807 [INFO] PluginManager:220 - loadIPPluginJar : add spi
2025-09-09 12:57:35,895 [INFO] IPUIPlugin:80 - create IPUIPlugin
2025-09-09 12:57:35,895 [INFO] PluginManager:220 - loadIPPluginJar : add stm32_wpan
2025-09-09 12:57:35,920 [INFO] IPUIPlugin:80 - create IPUIPlugin
2025-09-09 12:57:35,920 [INFO] PluginManager:220 - loadIPPluginJar : add tim
2025-09-09 12:57:35,981 [INFO] IPUIPlugin:80 - create IPUIPlugin
2025-09-09 12:57:35,981 [INFO] PluginManager:220 - loadIPPluginJar : add touchsensing
2025-09-09 12:57:36,010 [INFO] IPUIPlugin:80 - create IPUIPlugin
2025-09-09 12:57:36,010 [INFO] PluginManager:220 - loadIPPluginJar : add tracer_emb
2025-09-09 12:57:36,037 [INFO] IPUIPlugin:80 - create IPUIPlugin
2025-09-09 12:57:36,037 [INFO] PluginManager:220 - loadIPPluginJar : add ts
2025-09-09 12:57:36,061 [INFO] IPUIPlugin:80 - create IPUIPlugin
2025-09-09 12:57:36,061 [INFO] PluginManager:220 - loadIPPluginJar : add tsc
2025-09-09 12:57:36,088 [INFO] IPUIPlugin:80 - create IPUIPlugin
2025-09-09 12:57:36,088 [INFO] PluginManager:220 - loadIPPluginJar : add ucpd
2025-09-09 12:57:36,140 [INFO] IPUIPlugin:80 - create IPUIPlugin
2025-09-09 12:57:36,140 [INFO] PluginManager:220 - loadIPPluginJar : add usart
2025-09-09 12:57:36,186 [INFO] IPUIPlugin:80 - create IPUIPlugin
2025-09-09 12:57:36,186 [INFO] PluginManager:220 - loadIPPluginJar : add usbx
2025-09-09 12:57:36,305 [FATAL] Updater:351 - Updater called before beeing initialized
2025-09-09 12:57:36,360 [INFO] RulesReader:64 - Compatibility file has been processed (317 Rules)
2025-09-09 12:57:36,401 [INFO] RulesReader:64 - Compatibility file has been processed (317 Rules)
2025-09-09 12:57:36,410 [INFO] CADModel:165 - CPN selected for project level
2025-09-09 12:57:36,410 [INFO] CADModel:114 - Register for checkConnection events
2025-09-09 12:57:36,410 [FATAL] Updater:351 - Updater called before beeing initialized
2025-09-09 12:57:36,410 [ERROR] CADModel:125 - Updater not yet initialized, retry later 
2025-09-09 12:57:36,556 [FATAL] Updater:351 - Updater called before beeing initialized
2025-09-09 12:57:36,559 [INFO] CADModel:165 - CPN selected for project level
2025-09-09 12:57:36,559 [INFO] CADModel:114 - Register for checkConnection events
2025-09-09 12:57:36,559 [FATAL] Updater:351 - Updater called before beeing initialized
2025-09-09 12:57:36,559 [ERROR] CADModel:125 - Updater not yet initialized, retry later 
2025-09-09 12:57:36,562 [FATAL] Updater:351 - Updater called before beeing initialized
2025-09-09 12:57:36,600 [INFO] ThirdPartyUpdaterWithRetryManager:70 - Updater plugin not ready yet. [2/15]
2025-09-09 12:57:36,681 [FATAL] Updater:351 - Updater called before beeing initialized
2025-09-09 12:57:36,692 [INFO] DbMcusAds:53 - JSON generation date=Tue Jul 08 15:14:23 ICT 2025 (1751962463582)
2025-09-09 12:57:36,693 [FATAL] Updater:351 - Updater called before beeing initialized
2025-09-09 12:57:36,727 [WARN] DetailPanel:346 - Failed to get advertising image, set to default
2025-09-09 12:57:36,801 [FATAL] Updater:351 - Updater called before beeing initialized
2025-09-09 12:57:36,802 [FATAL] Updater:351 - Updater called before beeing initialized
2025-09-09 12:57:36,802 [FATAL] Updater:351 - Updater called before beeing initialized
2025-09-09 12:57:36,802 [WARN] DetailPanel:346 - Failed to get advertising image, set to default
2025-09-09 12:57:36,803 [FATAL] Updater:351 - Updater called before beeing initialized
2025-09-09 12:57:36,856 [ERROR] Updater:1198 - MainUpdater not yet initialized. External WinMGr cannot be set.
2025-09-09 12:57:36,866 [INFO] Updater:1134 - Updater Version found : 6.15.0
2025-09-09 12:57:36,882 [INFO] ApplicationProperties:184 - Using Application install path: C:\ST\STM32CubeIDE_1.19.0\STM32CubeIDE\plugins\com.st.stm32cube.common.mx_6.15.0.202507011659
2025-09-09 12:57:38,474 [ERROR] LogOutputStream:75 - [STDERR_REDIRECT] Sep 09, 2025 12:57:38 PM java.util.prefs.WindowsPreferences <init>
2025-09-09 12:57:38,475 [ERROR] LogOutputStream:75 - [STDERR_REDIRECT] WARNING: Could not open/create prefs root node Software\JavaSoft\Prefs at root 0xffffffff80000002. Windows RegCreateKeyEx(...) returned error code 5.
2025-09-09 12:57:38,476 [ERROR] LogOutputStream:75 - [STDERR_REDIRECT] 
2025-09-09 12:57:38,806 [INFO] MainUpdater:2872 - connection check result : 10
2025-09-09 12:57:38,806 [INFO] MainUpdater:289 - Updater Check For Update Now.
2025-09-09 12:57:38,807 [INFO] MicroXplorer:498 - Change Database Version : DB.6.0.150
2025-09-09 12:57:38,827 [INFO] McuFinderGlobals:63 - Set McuFinder mode to 2 (CubeIDE integrated)
2025-09-09 12:57:38,836 [INFO] UserAuth:487 - Internet connection configuration mode: 1
2025-09-09 12:57:38,877 [INFO] JxBrowserEngine:152 - Initiate JxBrowser Engine with user profile folder
2025-09-09 12:57:39,025 [INFO] CheckServerUpdateThread:120 - End of CheckServer Thread
2025-09-09 12:57:39,992 [WARN] PackLoader:240 - Cannot read IP mode file for STMicroelectronics.FP-SNS-MOTENVWB1.1.4.0
2025-09-09 12:57:40,021 [WARN] PackLoader:240 - Cannot read IP mode file for STMicroelectronics.FP-ATR-ASTRA1.2.0.2
2025-09-09 12:57:40,052 [WARN] PackLoader:240 - Cannot read IP mode file for STMicroelectronics.X-CUBE-SMBUS.2.1.0
2025-09-09 12:57:40,080 [WARN] PackLoader:240 - Cannot read IP mode file for STMicroelectronics.X-CUBE-ST60.1.0.0
2025-09-09 12:57:40,154 [WARN] PackLoader:240 - Cannot read IP mode file for STMicroelectronics.X-CUBE-AZRTOS-F7.1.1.0
2025-09-09 12:57:40,226 [WARN] PackLoader:240 - Cannot read IP mode file for Infineon.AIROC-Wi-Fi-Bluetooth-STM32.1.7.1
2025-09-09 12:57:40,290 [WARN] PackLoader:240 - Cannot read IP mode file for STMicroelectronics.X-CUBE-DISPLAY.3.0.0
2025-09-09 12:57:40,336 [WARN] PackLoader:240 - Cannot read IP mode file for STMicroelectronics.X-CUBE-NFC10.1.0.0
2025-09-09 12:57:40,363 [WARN] PackLoader:240 - Cannot read IP mode file for emotas.I-CUBE-CANOPEN.1.3.0
2025-09-09 12:57:40,401 [WARN] PackLoader:240 - Cannot read IP mode file for STMicroelectronics.FP-SNS-STBOX1.2.1.0
2025-09-09 12:57:40,422 [INFO] WebApp:169 - Instantiating new browser for Auth
2025-09-09 12:57:40,431 [WARN] PackLoader:240 - Cannot read IP mode file for STMicroelectronics.FP-SNS-SMARTAG2.1.2.0
2025-09-09 12:57:40,472 [WARN] PackLoader:240 - Cannot read IP mode file for STMicroelectronics.FP-SNS-FLIGHT1.5.1.0
2025-09-09 12:57:40,519 [INFO] LogOutputStream:77 - [STDOUT_REDIRECT] 1 : Invalid condition id : UX_CORESTACK_Condition cause : null
2025-09-09 12:57:40,522 [INFO] LogOutputStream:77 - [STDOUT_REDIRECT] 1 : Invalid condition id : UX_CORESTACK_Condition cause : null
2025-09-09 12:57:40,524 [INFO] LogOutputStream:77 - [STDOUT_REDIRECT] 1 : Invalid condition id : UX_CORESTACK_Condition cause : null
2025-09-09 12:57:40,526 [INFO] LogOutputStream:77 - [STDOUT_REDIRECT] 1 : Invalid condition id : UX_CORESTACK_Condition cause : null
2025-09-09 12:57:40,528 [INFO] LogOutputStream:77 - [STDOUT_REDIRECT] 1 : Invalid condition id : UX_CORESTACK_Condition cause : null
2025-09-09 12:57:40,533 [WARN] PackLoader:240 - Cannot read IP mode file for STMicroelectronics.X-CUBE-AZRTOS-WL.2.0.0
2025-09-09 12:57:40,558 [WARN] PackLoader:240 - Cannot read IP mode file for STMicroelectronics.FP-SNS-MOTENV1.5.0.0
2025-09-09 12:57:40,632 [WARN] PackLoader:240 - Cannot read IP mode file for WES.I-CUBE-Cesium.1.3.0
2025-09-09 12:57:40,699 [WARN] PackLoader:240 - Cannot read IP mode file for STMicroelectronics.X-CUBE-BLE2.3.3.0
2025-09-09 12:57:40,726 [WARN] PackLoader:240 - Cannot read IP mode file for STMicroelectronics.X-CUBE-NFC9.1.0.0
2025-09-09 12:57:40,759 [WARN] PackLoader:240 - Cannot read IP mode file for STMicroelectronics.X-CUBE-BLE1.7.1.0
2025-09-09 12:57:40,783 [WARN] PackLoader:240 - Cannot read IP mode file for wolfSSL.I-CUBE-wolfMQTT.1.19.2
2025-09-09 12:57:40,810 [WARN] PackLoader:240 - Cannot read IP mode file for STMicroelectronics.X-CUBE-AI.10.1.0
2025-09-09 12:57:40,880 [WARN] PackLoader:240 - Cannot read IP mode file for STMicroelectronics.X-CUBE-AZRTOS-G0.1.1.0
2025-09-09 12:57:40,940 [WARN] PackLoader:240 - Cannot read IP mode file for STMicroelectronics.X-CUBE-SAFEA1.1.2.2
2025-09-09 12:57:40,974 [WARN] PackLoader:240 - Cannot read IP mode file for STMicroelectronics.X-CUBE-NFC4.3.0.0
2025-09-09 12:57:41,010 [WARN] PackLoader:240 - Cannot read IP mode file for EmbeddedOffice.I-CUBE-FS-RTOS.1.0.1
2025-09-09 12:57:41,043 [WARN] PackLoader:240 - Cannot read IP mode file for STMicroelectronics.X-CUBE-WB05N.2.0.0
2025-09-09 12:57:41,063 [WARN] PackLoader:240 - Cannot read IP mode file for wolfSSL.I-CUBE-wolfTPM.3.8.0
2025-09-09 12:57:41,088 [WARN] PackLoader:240 - Cannot read IP mode file for STMicroelectronics.X-CUBE-TCPP.4.2.0
2025-09-09 12:57:41,113 [WARN] PackLoader:240 - Cannot read IP mode file for RealThread.X-CUBE-RT-Thread_Nano.4.1.1
2025-09-09 12:57:41,133 [WARN] PackLoader:240 - Cannot read IP mode file for STMicroelectronics.FP-ATR-SIGFOX1.3.2.0
2025-09-09 12:57:41,162 [WARN] PackLoader:240 - Cannot read IP mode file for ITTIA_DB.I-CUBE-ITTIADB.8.9.0
2025-09-09 12:57:41,192 [WARN] PackLoader:240 - Cannot read IP mode file for STMicroelectronics.X-CUBE-ST67W61.1.0.0
2025-09-09 12:57:41,217 [WARN] PackLoader:240 - Cannot read IP mode file for STMicroelectronics.X-CUBE-AI.10.2.0
2025-09-09 12:57:41,276 [WARN] PackLoader:240 - Cannot read IP mode file for SEGGER.I-CUBE-embOS.1.3.1
2025-09-09 12:57:41,386 [WARN] PackLoader:240 - Cannot read IP mode file for STMicroelectronics.X-CUBE-ALGOBUILD.1.4.0
2025-09-09 12:57:41,493 [WARN] PackLoader:240 - Cannot read IP mode file for STMicroelectronics.X-CUBE-MEMS1.11.3.0
2025-09-09 12:57:41,807 [WARN] PackLoader:240 - Cannot read IP mode file for STMicroelectronics.X-CUBE-PM33A1.1.0.0
2025-09-09 12:57:41,858 [WARN] PackLoader:240 - Cannot read IP mode file for STMicroelectronics.X-CUBE-AZRTOS-F4.1.1.0
2025-09-09 12:57:41,887 [WARN] PackLoader:240 - Cannot read IP mode file for STMicroelectronics.X-CUBE-ISPU.2.1.0
2025-09-09 12:57:41,939 [WARN] PackLoader:240 - Cannot read IP mode file for STMicroelectronics.X-CUBE-AZRTOS-L5.2.0.0
2025-09-09 12:57:41,982 [WARN] PackLoader:240 - Cannot read IP mode file for STMicroelectronics.X-CUBE-NFC6.3.1.0
2025-09-09 12:57:42,019 [WARN] PackLoader:240 - Cannot read IP mode file for STMicroelectronics.X-CUBE-FREERTOS.1.3.1
2025-09-09 12:57:42,052 [WARN] PackLoader:240 - Cannot read IP mode file for STMicroelectronics.X-CUBE-DPower.1.3.0
2025-09-09 12:57:42,116 [WARN] ConditionMgr:438 - getConditionDescription Invalid condition id : LAN8742 Phy interface Condition cause : null
2025-09-09 12:57:42,118 [WARN] PackLoader:240 - Cannot read IP mode file for STMicroelectronics.X-CUBE-AZRTOS-L4.2.0.0
2025-09-09 12:57:42,119 [WARN] ConditionMgr:1044 - genDependencies : Invalid condition id : LAN8742 Phy interface Condition cause : null
2025-09-09 12:57:42,120 [WARN] ConditionMgr:1044 - genDependencies : Invalid condition id : LAN8742 Phy interface Condition cause : null
2025-09-09 12:57:42,121 [WARN] ConditionMgr:1044 - genDependencies : Invalid condition id : LAN8742 Phy interface Condition cause : null
2025-09-09 12:57:42,159 [WARN] PackLoader:240 - Cannot read IP mode file for STMicroelectronics.X-CUBE-SFXS2LP1.4.0.0
2025-09-09 12:57:42,221 [WARN] ConditionMgr:438 - getConditionDescription Invalid condition id : UX DEVICE CLASS RTOS Condition cause : null
2025-09-09 12:57:42,222 [WARN] ConditionMgr:438 - getConditionDescription Invalid condition id : UX DEVICE CLASS RTOS Condition cause : null
2025-09-09 12:57:42,225 [WARN] PackLoader:240 - Cannot read IP mode file for STMicroelectronics.X-CUBE-AZRTOS-WB.2.0.0
2025-09-09 12:57:42,226 [WARN] ConditionMgr:1044 - genDependencies : Invalid condition id : UX DEVICE CLASS RTOS Condition cause : null
2025-09-09 12:57:42,226 [WARN] ConditionMgr:1044 - genDependencies : Invalid condition id : UX DEVICE CLASS RTOS Condition cause : null
2025-09-09 12:57:42,227 [WARN] ConditionMgr:1044 - genDependencies : Invalid condition id : UX DEVICE CLASS RTOS Condition cause : null
2025-09-09 12:57:42,227 [WARN] ConditionMgr:1044 - genDependencies : Invalid condition id : UX DEVICE CLASS RTOS Condition cause : null
2025-09-09 12:57:42,227 [WARN] ConditionMgr:1044 - genDependencies : Invalid condition id : UX DEVICE CLASS RTOS Condition cause : null
2025-09-09 12:57:42,307 [WARN] PackLoader:240 - Cannot read IP mode file for STMicroelectronics.X-CUBE-GNSS1.7.0.1
2025-09-09 12:57:42,363 [WARN] PackLoader:240 - Cannot read IP mode file for STMicroelectronics.X-CUBE-TOUCHGFX.4.25.0
2025-09-09 12:57:42,435 [WARN] PackLoader:240 - Cannot read IP mode file for STMicroelectronics.FP-SNS-STBOX1.2.0.0
2025-09-09 12:57:42,464 [WARN] ConditionMgr:438 - getConditionDescription Invalid condition id : Cortex-A Device cause : null
2025-09-09 12:57:42,500 [WARN] ConditionMgr:1044 - genDependencies : Invalid condition id : Cortex-A Device cause : null
2025-09-09 12:57:42,500 [WARN] ConditionMgr:1044 - genDependencies : Invalid condition id : Cortex-A Device cause : null
2025-09-09 12:57:42,500 [WARN] ConditionMgr:1044 - genDependencies : Invalid condition id : Cortex-A Device cause : null
2025-09-09 12:57:42,523 [INFO] WebApp:463 - Apply proxy settings
2025-09-09 12:57:42,523 [INFO] WebApp:548 - Chromium requires no authentication
2025-09-09 12:57:42,533 [WARN] PackLoader:240 - Cannot read IP mode file for STMicroelectronics.X-CUBE-SUBG2.5.0.0
2025-09-09 12:57:42,540 [INFO] WebApp:491 - Direct internet connection detected
2025-09-09 12:57:42,591 [WARN] PackLoader:240 - Cannot read IP mode file for STMicroelectronics.X-CUBE-AZRTOS-H7RS.1.1.0
2025-09-09 12:57:42,593 [INFO] WebApp:900 - Register for checkConnection events
2025-09-09 12:57:42,593 [INFO] WebApp:463 - Apply proxy settings
2025-09-09 12:57:42,593 [INFO] WebApp:548 - Chromium requires no authentication
2025-09-09 12:57:42,594 [INFO] WebApp:491 - Direct internet connection detected
2025-09-09 12:57:42,621 [WARN] PackLoader:240 - Cannot read IP mode file for Cesanta.I-CUBE-Mongoose.7.13.0
2025-09-09 12:57:42,665 [WARN] PackLoader:240 - Cannot read IP mode file for STMicroelectronics.X-CUBE-AZRTOS-G4.2.0.0
2025-09-09 12:57:42,690 [WARN] PackLoader:240 - Cannot read IP mode file for wolfSSL.I-CUBE-wolfSSH.1.4.20
2025-09-09 12:57:42,713 [WARN] PackLoader:240 - Cannot read IP mode file for STMicroelectronics.X-CUBE-NFC7.2.0.0
2025-09-09 12:57:42,749 [WARN] PackLoader:240 - Cannot read IP mode file for STMicroelectronics.X-CUBE-IPS.3.1.0
2025-09-09 12:57:42,783 [WARN] PackLoader:240 - Cannot read IP mode file for STMicroelectronics.X-CUBE-ALS.1.0.2
2025-09-09 12:57:42,811 [WARN] PackLoader:240 - Cannot read IP mode file for STMicroelectronics.X-CUBE-STSE01.1.0.0
2025-09-09 12:57:42,839 [WARN] PackLoader:240 - Cannot read IP mode file for portGmbH.I-Cube-SoM-uGOAL.1.1.0
2025-09-09 12:57:42,873 [WARN] PackLoader:240 - Cannot read IP mode file for STMicroelectronics.X-CUBE-TOF1.3.4.3
2025-09-09 12:57:42,884 [INFO] ThirdParty:978 - Integrity check success = true
2025-09-09 12:57:42,884 [INFO] IntegrityCheckThread:100 - exiting critical section [integrity check]
2025-09-09 12:57:42,884 [INFO] IntegrityCheckThread:103 - End integrity checks thread
2025-09-09 12:57:42,949 [INFO] WebApp:225 - Starting web application
2025-09-09 12:57:42,950 [INFO] WebApp:593 - Web application path used C:\ST\STM32CubeIDE_1.19.0\STM32CubeIDE\plugins\com.st.stm32cube.common.mx_6.15.0.202507011659\db\plugins\mcufinder\reactClient1\index.html
2025-09-09 12:57:43,222 [INFO] UserAuth:487 - Internet connection configuration mode: 1
2025-09-09 12:57:43,381 [INFO] WebApp:191 - Connection restablished
2025-09-09 12:57:50,428 [INFO] WebApp:194 - Connection lost
2025-09-09 12:57:50,763 [INFO] WebApp:191 - Connection restablished
2025-09-09 12:58:25,077 [INFO] McuFinderGlobals:63 - Set McuFinder mode to 2 (CubeIDE integrated)
2025-09-09 12:58:25,134 [INFO] MainUpdater:2872 - connection check result : 10
2025-09-09 12:58:25,187 [INFO] McuFinderGlobals:76 - Set McuFinderConnectedMode to true
2025-09-09 12:58:25,635 [INFO] ServerAccessManage:452 - Complete download http(s) 200
2025-09-09 12:58:25,636 [INFO] ServerAccessManage:509 - Download File mcusAds.json._tmp_
2025-09-09 12:58:25,754 [INFO] LoadUrlFilesThread:156 - End of LoadUrlFiles Thread
2025-09-09 12:58:25,937 [INFO] ServerAccessManage:452 - Complete download http(s) 200
2025-09-09 12:58:25,939 [INFO] ServerAccessManage:509 - Download File cube-finder-db.zip
2025-09-09 12:58:27,526 [INFO] FileExtend:248 - Unzip File : cube-finder-db.zip
2025-09-09 12:58:27,526 [INFO] FileExtend:263 - Standard Zip Deflate
2025-09-09 12:58:28,822 [INFO] LoadUrlFilesThread:156 - End of LoadUrlFiles Thread
2025-09-09 12:58:29,831 [INFO] ServerAccessManage:452 - Complete download http(s) 200
2025-09-09 12:58:29,831 [INFO] ServerAccessManage:509 - Download File crdb.zip
2025-09-09 12:58:31,213 [INFO] FileExtend:248 - Unzip File : crdb.zip
2025-09-09 12:58:31,213 [INFO] FileExtend:263 - Standard Zip Deflate
2025-09-09 12:58:31,361 [INFO] LoadUrlFilesThread:156 - End of LoadUrlFiles Thread
2025-09-09 12:58:31,482 [INFO] ServerAccessManage:452 - Complete download http(s) 200
2025-09-09 12:58:31,483 [INFO] ServerAccessManage:509 - Download File tutoVideoDB.zip
2025-09-09 12:58:31,490 [INFO] FileExtend:248 - Unzip File : tutoVideoDB.zip
2025-09-09 12:58:31,490 [INFO] FileExtend:263 - Standard Zip Deflate
2025-09-09 12:58:31,628 [INFO] LoadUrlFilesThread:156 - End of LoadUrlFiles Thread
2025-09-09 12:58:31,632 [WARN] DbFile:41 - Overriding database path with different value: C:\Users\USERIT\.stmcufinder\plugins\mcufinder/ => C:\Users\USERIT\.stmcufinder\plugins\mcufinder
2025-09-09 12:58:31,752 [INFO] ServerAccessManage:452 - Complete download http(s) 200
2025-09-09 12:58:31,753 [INFO] ServerAccessManage:509 - Download File api_config.json
2025-09-09 12:58:31,858 [INFO] LoadUrlFilesThread:156 - End of LoadUrlFiles Thread
2025-09-09 12:58:31,859 [INFO] DbMcusAds:53 - JSON generation date=Tue Jul 08 15:14:23 ICT 2025 (1751962463582)
2025-09-09 12:58:31,883 [INFO] LoadUrlFilesThread:185 - End of LoadServerUrlFiles without Thread
2025-09-09 12:58:31,884 [INFO] TargetSelectorAdapter:259 - Refresh data is successful
2025-09-09 12:58:32,304 [INFO] ApiDb:581 - Connected to CubeFinder SQLite database (C:\Users\USERIT\.stmcufinder\plugins\mcufinder\mcu\cube-finder-db.db)
2025-09-09 12:58:32,414 [INFO] ApiDb:668 - CubeFinder database Data Model version=2.1
2025-09-09 12:58:32,415 [INFO] ApiDb:669 - CubeFinder database Configuration version=3.0.39
2025-09-09 12:58:32,415 [INFO] ApiDb:670 - CubeFinder database generation date=2025-07-24 (1753349077)
2025-09-09 12:58:32,415 [INFO] ApiDb:671 - CubeFinder database FW Pack versions=[FP-ATR-ASTRA1_V2.0.0, FP-SNS-FLIGHT1_V5.1.0, FP-SNS-MOTENV1_V5.0.0, FP-SNS-MOTENVWB1_V1.4.0, FP-SNS-SMARTAG2_V1.2.0, FP-SNS-STBOX1_V2.0.0, STM32Cube_FW_C0_V1.4.0, STM32Cube_FW_F4_V1.28.2, STM32Cube_FW_F7_V1.17.3, STM32Cube_FW_G0_V1.6.2, STM32Cube_FW_G4_V1.6.1, STM32Cube_FW_H5_V1.5.0, STM32Cube_FW_H7RS_V1.2.0, STM32Cube_FW_H7_V1.12.1, STM32Cube_FW_L0_V1.12.2, STM32Cube_FW_L4_V1.18.1, STM32Cube_FW_L5_V1.5.1, STM32Cube_FW_N6_V1.2.0, STM32Cube_FW_U0_V1.3.0, STM32Cube_FW_U3_V1.2.0, STM32Cube_FW_U5_V1.8.0, STM32Cube_FW_WB0_V1.3.0, STM32Cube_FW_WBA_V1.7.0, STM32Cube_FW_WB_V1.23.0, STM32Cube_FW_WL3_V1.2.0, STM32Cube_FW_WL_V1.3.1, X-CUBE-ALGOBUILD_V1.4.0, X-CUBE-ALS_V1.0.2, X-CUBE-AZRTOS-F4_V1.1.0, X-CUBE-AZRTOS-F7_V1.1.0, X-CUBE-AZRTOS-G0_V1.1.0, X-CUBE-AZRTOS-G4_V2.0.0, X-CUBE-AZRTOS-H7RS_V1.1.0, X-CUBE-AZRTOS-H7_V3.4.0, X-CUBE-AZRTOS-L4_V2.0.0, X-CUBE-AZRTOS-L5_V2.0.0, X-CUBE-AZRTOS-WB_V2.0.0, X-CUBE-AZRTOS-WL_V2.0.0, X-CUBE-BLE1_V7.1.0, X-CUBE-BLE2_V3.3.0, X-CUBE-BLEMGR_V4.1.0, X-CUBE-EEPRMA1_V5.2.0, X-CUBE-FREERTOS_V1.3.1, X-CUBE-GNSS1_V6.0.0, X-CUBE-MEMS1_V11.3.0, X-CUBE-NFC4_V3.0.0, X-CUBE-NFC7_V2.0.0, X-CUBE-SFXS2LP1_V4.0.0, X-CUBE-ST67W61_V1.0.0, X-CUBE-SUBG2_V5.0.0, X-CUBE-TOF1_V3.4.3]
2025-09-09 12:58:35,431 [INFO] ApiDb:240 - Found 880 in-development CPN: [B-G473E-ZEST1S, B-WB1M-WPAN1, B-WBA5M-WPAN, B-WL5M-SUBG1, NUCLEO-C031C6, NUCLEO-C051C8, NUCLEO-C071RB, NUCLEO-C092RC, NUCLEO-H503RB, NUCLEO-H533RE, NUCLEO-H563ZI, NUCLEO-H7S3L8, NUCLEO-N657X0-Q, NUCLEO-U031R8, NUCLEO-U083RC, NUCLEO-U385RG-Q, NUCLEO-U545RE-Q, NUCLEO-U5A5ZJ-Q, NUCLEO-WB05KZ, NUCLEO-WB07CC, NUCLEO-WB09KE, NUCLEO-WBA52CG, NUCLEO-WBA55CG, NUCLEO-WL33CC1, NUCLEO-WL33CC2, STEVAL-PROTEUS1, STEVAL-SMARTAG2, STEVAL-STWINBX1, STM320518-EVAL, STM32C0116-DK, STM32C011D6Y3TR, STM32C011D6Y6TR, STM32C011F4P3, STM32C011F4P6, STM32C011F4U3, STM32C011F4U6TR, STM32C011F6P3, STM32C011F6P6, STM32C011F6U3, STM32C011F6U6TR, STM32C011J4M3, STM32C011J4M6, STM32C011J6M3, STM32C011J6M6, STM32C0316-DK, STM32C031C4T3, STM32C031C4T6, STM32C031C4U3, STM32C031C4U6, STM32C031C6T3, STM32C031C6T6, STM32C031C6U3, STM32C031C6U6, STM32C031F4P3, STM32C031F4P6, STM32C031F6P3, STM32C031F6P6, STM32C031G4U3, STM32C031G4U6, STM32C031G6U3, STM32C031G6U6, STM32C031K4T3, STM32C031K4T6, STM32C031K4U3, STM32C031K4U6, STM32C031K6T3, STM32C031K6T6, STM32C031K6U3, STM32C031K6U6, STM32C051C6T6, STM32C051C6U6, STM32C051C8T6, STM32C051C8U6, STM32C051D8Y6TR, STM32C051F6P6, STM32C051F8P6, STM32C051G6U6, STM32C051G8U6, STM32C051K6T6, STM32C051K6U6, STM32C051K8T6, STM32C071C8T6, STM32C071C8T6N, STM32C071C8U6, STM32C071C8U6N, STM32C071CBT6, STM32C071CBT6N, STM32C071CBU6, STM32C071CBU6N, STM32C071F8P6, STM32C071F8P6N, STM32C071FBP6, STM32C071FBP6N, STM32C071FBY6TR, STM32C071G8U6, STM32C071G8U6N, STM32C071GBU6, STM32C071GBU6N, STM32C071K8T6, STM32C071K8T6N, STM32C071K8U6, STM32C071K8U6N, STM32C071KBT6, STM32C071KBT6N, STM32C071KBU6, STM32C071KBU6N, STM32C071R8T6, STM32C071R8T6N, STM32C071RBI6N, STM32C071RBT6, STM32C071RBT6N, STM32C091CBT6, STM32C091CBU6, STM32C091CCT6, STM32C091CCU6, STM32C091ECY6TR, STM32C091FBP6, STM32C091FCP6, STM32C091GBU6, STM32C091GCU6, STM32C091KBT6, STM32C091KBU6, STM32C091KCT6, STM32C091KCU6, STM32C091RBT6, STM32C091RCI6, STM32C091RCT6, STM32C092CBT6, STM32C092CBU6, STM32C092CCT6, STM32C092CCU6, STM32C092ECY6TR, STM32C092FBP6, STM32C092FCP6, STM32C092GBU6, STM32C092GCU6, STM32C092KBT6, STM32C092KBU6, STM32C092KCT6, STM32C092KCU6, STM32C092RBT6, STM32C092RCI6, STM32C092RCT6, STM32G071K8TXN, STM32G071K8UXN, STM32G081GBU6N, STM32G081KBT6N, STM32G081KBUXN, STM32G0B1CCT6N, STM32G0B1KCT6, STM32G0B1NEY6TR, STM32G0B1RCT6N, STM32G0C1CCT6, STM32G0C1CCT6N, STM32G0C1CCU6N, STM32G0C1CET6N, STM32G0C1CEU6N, STM32G0C1KCT6, STM32G0C1NEY6TR, STM32G0C1RCI6N, STM32G0C1RCT6N, STM32G0C1REI6N, STM32G0C1RET6N, STM32G0C1VCI6, STM32G0C1VEI6, STM32G411C6T3, STM32G411C6T6, STM32G411C6U3, STM32G411C6U6, STM32G411C8T3, STM32G411C8T6, STM32G411C8U3, STM32G411C8U6, STM32G411CBT3, STM32G411CBT6, STM32G411CBU3, STM32G411CBU6, STM32G411K6T3, STM32G411K6T6, STM32G411K6U3, STM32G411K6U6, STM32G411K8T3, STM32G411K8T6, STM32G411K8U3, STM32G411K8U6, STM32G411KBT3, STM32G411KBT6, STM32G411KBU3, STM32G411KBU6, STM32G411M6T3, STM32G411M6T6, STM32G411M8T3, STM32G411M8T6, STM32G411MBT3, STM32G411MBT6, STM32G411R6T3, STM32G411R6T6, STM32G411R8T3, STM32G411R8T6, STM32G411RBT3, STM32G411RBT6, STM32G414CBT3, STM32G414CBT6, STM32G414CBU3, STM32G414CBU6, STM32G414CCT3, STM32G414CCT6, STM32G414CCU3, STM32G414CCU6, STM32G414MBT3, STM32G414MBT6, STM32G414MCT3, STM32G414MCT6, STM32G414RBT3, STM32G414RBT6, STM32G414RCT3, STM32G414RCT6, STM32G414VBT3, STM32G414VBT6, STM32G414VCT3, STM32G414VCT6, STM32G431CBT3Z, STM32G431RBT3Z, STM32G471CCT6, STM32G471CCU6, STM32G471CET3, STM32G471CET6, STM32G471CEU3, STM32G471CEU6, STM32G471MCT6, STM32G471MET3, STM32G471MET6, STM32G471MEY6TR, STM32G471QCT6, STM32G471QET3, STM32G471RCT6, STM32G471RET3, STM32G471RET6, STM32G471VCH6, STM32G471VCI6, STM32G471VCT6, STM32G471VEH3, STM32G471VEH6, STM32G471VEI3, STM32G471VEI6, STM32G471VET3, STM32G471VET6, STM32G473QET3Z, STM32G473RET3Z, STM32G474CCT6, STM32G491RET3Z, STM32H503CBT6, STM32H503CBU6, STM32H503EBY6TR, STM32H503KBU6, STM32H503RBT6, STM32H523CCT6, STM32H523CCU6, STM32H523CET6, STM32H523CEU6, STM32H523HEY6TR, STM32H523RCT6, STM32H523RET6, STM32H523VCI6, STM32H523VCT6, STM32H523VEI6, STM32H523VET6, STM32H523ZCJ6, STM32H523ZCT6, STM32H523ZEJ6, STM32H523ZET6, STM32H533CET6, STM32H533CEU6, STM32H533HEY6TR, STM32H533RET6, STM32H533VEI6, STM32H533VET6, STM32H533ZEJ6, STM32H533ZET6, STM32H562AGI6, STM32H562AII6, STM32H562IGK6, STM32H562IGT6, STM32H562IIK6, STM32H562IIT6, STM32H562RGT6, STM32H562RGV6, STM32H562RIT6, STM32H562RIV6, STM32H562VGT6, STM32H562VIT6, STM32H562ZGT6, STM32H562ZIT6, STM32H563AGI6, STM32H563AII3Q, STM32H563AII6, STM32H563IGK6, STM32H563IGT6, STM32H563IIK3Q, STM32H563IIK6, STM32H563IIT3Q, STM32H563IIT6, STM32H563MIY3QTR, STM32H563RGT6, STM32H563RGV6, STM32H563RIT6, STM32H563RIV6, STM32H563VGT6, STM32H563VIT3Q, STM32H563VIT6, STM32H563ZGT6, STM32H563ZIT3Q, STM32H563ZIT6, STM32H573AII3Q, STM32H573AII6, STM32H573I-DK, STM32H573IIK3Q, STM32H573IIK6, STM32H573IIT3Q, STM32H573IIT6, STM32H573MIY3QTR, STM32H573RIT6, STM32H573RIV6, STM32H573VIT3Q, STM32H573VIT6, STM32H573ZIT3Q, STM32H573ZIT6, STM32H7R3A8I6, STM32H7R3I8K6, STM32H7R3I8T6, STM32H7R3L8H6, STM32H7R3L8H6H, STM32H7R3R8V6, STM32H7R3V8H6, STM32H7R3V8T6, STM32H7R3V8Y6TR, STM32H7R3Z8J6, STM32H7R3Z8T6, STM32H7R7A8I6, STM32H7R7I8K6, STM32H7R7I8T6, STM32H7R7L8H6, STM32H7R7L8H6H, STM32H7R7Z8J6, STM32H7S3A8I6, STM32H7S3I8K6, STM32H7S3I8T6, STM32H7S3L8H6, STM32H7S3L8H6H, STM32H7S3R8V6, STM32H7S3V8H6, STM32H7S3V8T6, STM32H7S3V8Y6TR, STM32H7S3Z8J6, STM32H7S3Z8T6, STM32H7S78-DK, STM32H7S7A8I6, STM32H7S7I8K6, STM32H7S7I8T6, STM32H7S7L8H6, STM32H7S7L8H6H, STM32H7S7Z8J6, STM32L4R5QGI6STR, STM32MP131AAE3, STM32MP131AAF3, STM32MP131AAG3, STM32MP131CAE3, STM32MP131CAF3, STM32MP131CAG3, STM32MP131DAE7, STM32MP131DAF7, STM32MP131DAG7, STM32MP131FAE7, STM32MP131FAF7, STM32MP131FAG7, STM32MP133AAE3, STM32MP133AAF3, STM32MP133AAG3, STM32MP133CAE3, STM32MP133CAF3, STM32MP133CAG3, STM32MP133DAE7, STM32MP133DAF7, STM32MP133DAG7, STM32MP133FAE7, STM32MP133FAF7, STM32MP133FAG7, STM32MP135AAE3, STM32MP135AAF3, STM32MP135AAG3, STM32MP135CAE3, STM32MP135CAF3, STM32MP135CAG3, STM32MP135DAE7, STM32MP135DAF7, STM32MP135DAG7, STM32MP135F-DK, STM32MP135FAE7, STM32MP135FAF7, STM32MP135FAF7T, STM32MP135FAF7U, STM32MP135FAG7, STM32MP211AAL3, STM32MP211AAM3, STM32MP211AAN3, STM32MP211AAO3, STM32MP211CAL3, STM32MP211CAM3, STM32MP211CAN3, STM32MP211CAO3, STM32MP211DAL3, STM32MP211DAM3, STM32MP211DAN3, STM32MP211DAO3, STM32MP211FAL3, STM32MP211FAM3, STM32MP211FAN3, STM32MP211FAO3, STM32MP213AAL3, STM32MP213AAM3, STM32MP213AAN3, STM32MP213AAO3, STM32MP213CAL3, STM32MP213CAM3, STM32MP213CAN3, STM32MP213CAO3, STM32MP213DAL3, STM32MP213DAM3, STM32MP213DAN3, STM32MP213DAO3, STM32MP213FAL3, STM32MP213FAM3, STM32MP213FAN3, STM32MP213FAO3, STM32MP215AAL3, STM32MP215AAM3, STM32MP215AAN3, STM32MP215AAO3, STM32MP215CAL3, STM32MP215CAM3, STM32MP215CAN3, STM32MP215CAO3, STM32MP215DAL3, STM32MP215DAM3, STM32MP215DAN3, STM32MP215DAO3, STM32MP215F-DK, STM32MP215FAL3, STM32MP215FAM3, STM32MP215FAN3, STM32MP215FAO3, STM32MP231AAJ3, STM32MP231AAK3, STM32MP231AAL3, STM32MP231CAJ3, STM32MP231CAK3, STM32MP231CAL3, STM32MP231DAJ3, STM32MP231DAK3, STM32MP231DAL3, STM32MP231FAJ3, STM32MP231FAK3, STM32MP231FAL3, STM32MP233AAJ3, STM32MP233AAK3, STM32MP233AAL3, STM32MP233CAJ3, STM32MP233CAK3, STM32MP233CAL3, STM32MP233DAJ3, STM32MP233DAK3, STM32MP233DAL3, STM32MP233FAJ3, STM32MP233FAK3, STM32MP233FAL3, STM32MP235AAJ3, STM32MP235AAK3, STM32MP235AAL3, STM32MP235CAJ3, STM32MP235CAK3, STM32MP235CAL3, STM32MP235DAJ3, STM32MP235DAK3, STM32MP235DAL3, STM32MP235FAJ3, STM32MP235FAK3, STM32MP235FAL3, STM32MP251AAI3, STM32MP251AAK3, STM32MP251AAL3, STM32MP251CAI3, STM32MP251CAK3, STM32MP251CAL3, STM32MP251DAI3, STM32MP251DAK3, STM32MP251DAL3, STM32MP251FAI3, STM32MP251FAK3, STM32MP251FAL3, STM32MP253AAI3, STM32MP253AAK3, STM32MP253AAL3, STM32MP253CAI3, STM32MP253CAK3, STM32MP253CAL3, STM32MP253DAI3, STM32MP253DAK3, STM32MP253DAL3, STM32MP253FAI3, STM32MP253FAK3, STM32MP253FAL3, STM32MP255AAI3, STM32MP255AAK3, STM32MP255AAL3, STM32MP255CAI3, STM32MP255CAK3, STM32MP255CAL3, STM32MP255DAI3, STM32MP255DAK3, STM32MP255DAL3, STM32MP255FAI3, STM32MP255FAK3, STM32MP255FAL3, STM32MP257AAI3, STM32MP257AAK3, STM32MP257AAL3, STM32MP257CAI3, STM32MP257CAK3, STM32MP257CAL3, STM32MP257DAI3, STM32MP257DAK3, STM32MP257DAL3, STM32MP257F-DK, STM32MP257F-EV1, STM32MP257FAI3, STM32MP257FAK3, STM32MP257FAL3, STM32N645A0H3Q, STM32N645B0H3Q, STM32N645I0H3Q, STM32N645L0H3Q, STM32N645X0H3Q, STM32N645Z0H3Q, STM32N647A0H3Q, STM32N647B0H3Q, STM32N647I0H3Q, STM32N647L0H3Q, STM32N647X0H3Q, STM32N647Z0H3Q, STM32N655A0H3Q, STM32N655B0H3Q, STM32N655I0H3Q, STM32N655L0H3Q, STM32N655X0H3Q, STM32N655Z0H3Q, STM32N6570-DK, STM32N657A0H3Q, STM32N657B0H3Q, STM32N657I0H3Q, STM32N657L0H3Q, STM32N657X0H3Q, STM32N657Z0H3Q, STM32U031C6T6, STM32U031C6U6, STM32U031C8T6, STM32U031C8U6, STM32U031F4P6, STM32U031F6P6, STM32U031F8P6, STM32U031G6Y6TR, STM32U031G8Y6TR, STM32U031K4U6, STM32U031K6U6, STM32U031K8U6, STM32U031R6I6, STM32U031R6T6, STM32U031R8I6, STM32U031R8T6, STM32U073C8T6, STM32U073C8U6, STM32U073CBT6, STM32U073CBU6, STM32U073CCT6, STM32U073CCU6, STM32U073H8Y6TR, STM32U073HBY6TR, STM32U073HCY6TR, STM32U073K8U6, STM32U073KBU6, STM32U073KCU6, STM32U073M8I6, STM32U073M8T6, STM32U073MBI6, STM32U073MBT6, STM32U073MCI6, STM32U073MCT6, STM32U073R8I6, STM32U073R8T6, STM32U073RBI6, STM32U073RBT6, STM32U073RCI6, STM32U073RCT6, STM32U083C-DK, STM32U083CCT6, STM32U083CCU6, STM32U083HCY6TR, STM32U083KCU6, STM32U083MCI6, STM32U083MCT6, STM32U083RCI6, STM32U083RCT6, STM32U375CET6, STM32U375CET6Q, STM32U375CEU6, STM32U375CEU6Q, STM32U375CEY6QTR, STM32U375CGT6, STM32U375CGT6Q, STM32U375CGU6, STM32U375CGU6Q, STM32U375CGY6QTR, STM32U375KEU6, STM32U375KGU6, STM32U375REI6, STM32U375REI6Q, STM32U375RET6, STM32U375RET6Q, STM32U375REY6GTR, STM32U375REY6QTR, STM32U375RGI6, STM32U375RGI6Q, STM32U375RGT6, STM32U375RGT6Q, STM32U375RGY6GTR, STM32U375RGY6QTR, STM32U375VEI6, STM32U375VEI6Q, STM32U375VET6, STM32U375VET6Q, STM32U375VGI6, STM32U375VGI6Q, STM32U375VGT6, STM32U375VGT6Q, STM32U385CGT6, STM32U385CGT6Q, STM32U385CGU6, STM32U385CGU6Q, STM32U385CGY6QTR, STM32U385KGU6, STM32U385RGI6, STM32U385RGI6Q, STM32U385RGT6, STM32U385RGT6Q, STM32U385RGY6GTR, STM32U385RGY6QTR, STM32U385VGI6, STM32U385VGI6Q, STM32U385VGT6, STM32U385VGT6Q, STM32U535CBT6, STM32U535CBT6Q, STM32U535CBU6, STM32U535CBU6Q, STM32U535CCT6, STM32U535CCT6Q, STM32U535CCU6, STM32U535CCU6Q, STM32U535CET6, STM32U535CET6Q, STM32U535CEU6, STM32U535CEU6Q, STM32U535JEY6QTR, STM32U535NCY6QTR, STM32U535NEY6QTR, STM32U535RBI6, STM32U535RBI6Q, STM32U535RBT6, STM32U535RBT6Q, STM32U535RCI6, STM32U535RCI6Q, STM32U535RCT6, STM32U535RCT6Q, STM32U535REI6, STM32U535REI6Q, STM32U535RET6, STM32U535RET6Q, STM32U535VCI6, STM32U535VCI6Q, STM32U535VCT6, STM32U535VCT6Q, STM32U535VEI6, STM32U535VEI6Q, STM32U535VET6, STM32U535VET6Q, STM32U545CET6, STM32U545CET6Q, STM32U545CEU6, STM32U545CEU6Q, STM32U545JEY6QTR, STM32U545NEY6QTR, STM32U545REI6, STM32U545REI6Q, STM32U545RET6, STM32U545RET6Q, STM32U545VEI6, STM32U545VEI6Q, STM32U545VET6, STM32U545VET6Q, STM32U595AIH6, STM32U595AIH6Q, STM32U595AJH6, STM32U595AJH6Q, STM32U595QII6, STM32U595QII6Q, STM32U595QJI6, STM32U595QJI6Q, STM32U595RIT6, STM32U595RIT6Q, STM32U595RJT6, STM32U595RJT6Q, STM32U595VIT6, STM32U595VIT6Q, STM32U595VJT6, STM32U595VJT6Q, STM32U595ZIT6, STM32U595ZIT6Q, STM32U595ZIY6QTR, STM32U595ZJT6, STM32U595ZJT6Q, STM32U595ZJY6QTR, STM32U599BJY6QTR, STM32U599NIH6Q, STM32U599NJH6Q, STM32U599VIT6Q, STM32U599VJT6, STM32U599VJT6Q, STM32U599ZIT6Q, STM32U599ZIY6QTR, STM32U599ZJT6Q, STM32U599ZJY6QTR, STM32U5A5AJH6, STM32U5A5AJH6Q, STM32U5A5QII3Q , STM32U5A5QJI6, STM32U5A5QJI6Q, STM32U5A5RJT6, STM32U5A5RJT6Q, STM32U5A5VJT6, STM32U5A5VJT6Q, STM32U5A5ZJT6, STM32U5A5ZJT6Q, STM32U5A5ZJY6QTR, STM32U5A9BJY6QTR, STM32U5A9J-DK, STM32U5A9NJH6Q, STM32U5A9VJT6Q, STM32U5A9ZJT6Q, STM32U5A9ZJY6QTR, STM32U5F7VIT6, STM32U5F7VIT6Q, STM32U5F7VJT6, STM32U5F7VJT6Q, STM32U5F9BJY6QTR, STM32U5F9NJH6Q, STM32U5F9VIT6Q, STM32U5F9VJT6Q, STM32U5F9ZIJ6QTR, STM32U5F9ZIT6Q, STM32U5F9ZJJ6QTR, STM32U5F9ZJT6Q, STM32U5G7VJT6, STM32U5G7VJT6Q, STM32U5G9BJY6QTR, STM32U5G9J-DK1, STM32U5G9J-DK2, STM32U5G9NJH6Q, STM32U5G9VJT6Q, STM32U5G9ZJJ6QTR, STM32U5G9ZJT6Q, STM32WB05KZV6TR, STM32WB05KZV7TR, STM32WB05TZF6TR, STM32WB05TZF7TR, STM32WB06CCF6TR, STM32WB06CCF7TR, STM32WB06CCV6TR, STM32WB06CCV7TR, STM32WB06KCV6TR, STM32WB06KCV7TR, STM32WB07CCF6TR, STM32WB07CCF7TR, STM32WB07CCV6TR, STM32WB07CCV7TR, STM32WB07KCV6TR, STM32WB07KCV7TR, STM32WB09KEV6TR, STM32WB09KEV7TR, STM32WB09TEF6TR, STM32WB09TEF7TR, STM32WB1MMCH6, STM32WBA50KGU6, STM32WBA50KGU6TR, STM32WBA52CEU6, STM32WBA52CEU6TR, STM32WBA52CEU7, STM32WBA52CEU7TR, STM32WBA52CGU6, STM32WBA52CGU6TR, STM32WBA52CGU6U, STM32WBA52CGU7, STM32WBA52CGU7TR, STM32WBA52KEU6, STM32WBA52KEU6TR, STM32WBA52KGU6, STM32WBA52KGU6TR, STM32WBA54CEU6, STM32WBA54CEU6TR, STM32WBA54CEU7, STM32WBA54CEU7TR, STM32WBA54CGU6, STM32WBA54CGU6TR, STM32WBA54CGU7, STM32WBA54CGU7TR, STM32WBA54KEU6, STM32WBA54KEU6TR, STM32WBA54KEU7, STM32WBA54KEU7TR, STM32WBA54KGU6, STM32WBA54KGU6TR, STM32WBA54KGU7, STM32WBA54KGU7TR, STM32WBA55CEU6, STM32WBA55CEU6TR, STM32WBA55CEU7, STM32WBA55CEU7TR, STM32WBA55CGU6, STM32WBA55CGU6TR, STM32WBA55CGU6U, STM32WBA55CGU7, STM32WBA55CGU7TR, STM32WBA55G-DK1, STM32WBA55HEF6, STM32WBA55HEF7, STM32WBA55HGF6, STM32WBA55HGF7, STM32WBA55UEI6, STM32WBA55UEI6TR, STM32WBA55UEI7, STM32WBA55UEI7TR, STM32WBA55UGI6, STM32WBA55UGI6TR, STM32WBA55UGI7, STM32WBA55UGI7TR, STM32WBA5MMGH6TR, STM32WBA62MGF6, STM32WBA62MIF6, STM32WBA65MGF7, STM32WBA65MIF6, STM32WBA65MIF7, STM32WL30K8V6, STM32WL30KBV6, STM32WL31C8V6, STM32WL31CBV6, STM32WL31K8V6, STM32WL31KBV6, STM32WL33C8V6, STM32WL33C8V6X, STM32WL33CBV6, STM32WL33CBV6X, STM32WL33CCV6, STM32WL33CCV6A, STM32WL33CCV6X, STM32WL33K8V7, STM32WL33K8V7X, STM32WL33KBV7 , STM32WL33KBV7X, STM32WL33KCV7, STM32WL33KCV7X, STM32WL5MOCH6, STM32WL5MOCH6TR]
2025-09-09 12:58:35,442 [INFO] DbMcus:218 - Found 4801 MCUs, 4801 are supported
2025-09-09 12:58:35,454 [INFO] ApiDb:423 - Load user favorites file C:\Users\USERIT/.stm32cubeide/favorites.mcus.txt: 1 item(s)
2025-09-09 12:58:35,455 [INFO] ApiDb:427 - User favorites MCUs=[STM32F767ZIT6]
2025-09-09 12:58:35,455 [INFO] DbMcus:224 - Set 1 / 1 favorites MCUs
2025-09-09 12:58:36,148 [INFO] ApiDb:668 - CubeFinder database Data Model version=2.1
2025-09-09 12:58:36,148 [INFO] ApiDb:669 - CubeFinder database Configuration version=3.0.39
2025-09-09 12:58:36,148 [INFO] ApiDb:670 - CubeFinder database generation date=2025-07-24 (1753349077)
2025-09-09 12:58:36,148 [INFO] ApiDb:671 - CubeFinder database FW Pack versions=[FP-ATR-ASTRA1_V2.0.0, FP-SNS-FLIGHT1_V5.1.0, FP-SNS-MOTENV1_V5.0.0, FP-SNS-MOTENVWB1_V1.4.0, FP-SNS-SMARTAG2_V1.2.0, FP-SNS-STBOX1_V2.0.0, STM32Cube_FW_C0_V1.4.0, STM32Cube_FW_F4_V1.28.2, STM32Cube_FW_F7_V1.17.3, STM32Cube_FW_G0_V1.6.2, STM32Cube_FW_G4_V1.6.1, STM32Cube_FW_H5_V1.5.0, STM32Cube_FW_H7RS_V1.2.0, STM32Cube_FW_H7_V1.12.1, STM32Cube_FW_L0_V1.12.2, STM32Cube_FW_L4_V1.18.1, STM32Cube_FW_L5_V1.5.1, STM32Cube_FW_N6_V1.2.0, STM32Cube_FW_U0_V1.3.0, STM32Cube_FW_U3_V1.2.0, STM32Cube_FW_U5_V1.8.0, STM32Cube_FW_WB0_V1.3.0, STM32Cube_FW_WBA_V1.7.0, STM32Cube_FW_WB_V1.23.0, STM32Cube_FW_WL3_V1.2.0, STM32Cube_FW_WL_V1.3.1, X-CUBE-ALGOBUILD_V1.4.0, X-CUBE-ALS_V1.0.2, X-CUBE-AZRTOS-F4_V1.1.0, X-CUBE-AZRTOS-F7_V1.1.0, X-CUBE-AZRTOS-G0_V1.1.0, X-CUBE-AZRTOS-G4_V2.0.0, X-CUBE-AZRTOS-H7RS_V1.1.0, X-CUBE-AZRTOS-H7_V3.4.0, X-CUBE-AZRTOS-L4_V2.0.0, X-CUBE-AZRTOS-L5_V2.0.0, X-CUBE-AZRTOS-WB_V2.0.0, X-CUBE-AZRTOS-WL_V2.0.0, X-CUBE-BLE1_V7.1.0, X-CUBE-BLE2_V3.3.0, X-CUBE-BLEMGR_V4.1.0, X-CUBE-EEPRMA1_V5.2.0, X-CUBE-FREERTOS_V1.3.1, X-CUBE-GNSS1_V6.0.0, X-CUBE-MEMS1_V11.3.0, X-CUBE-NFC4_V3.0.0, X-CUBE-NFC7_V2.0.0, X-CUBE-SFXS2LP1_V4.0.0, X-CUBE-ST67W61_V1.0.0, X-CUBE-SUBG2_V5.0.0, X-CUBE-TOF1_V3.4.3]
2025-09-09 12:58:36,202 [INFO] DbBoardsSqlite:226 - include board P-NUCLEO-WB55-NUCLEO as a kit item of type 'Nucleo-64'
2025-09-09 12:58:36,203 [INFO] DbBoardsSqlite:226 - include board P-NUCLEO-WB55-USBDONGLE as a kit item of type 'Nucleo USB Dongle'
2025-09-09 12:58:36,203 [INFO] DbBoardsSqlite:226 - include board STEVAL-IDP005V1 as a kit item of type 'Evaluation Board'
2025-09-09 12:58:36,203 [INFO] DbBoardsSqlite:226 - include board STEVAL-IDP005V2 as a kit item of type 'Evaluation Board'
2025-09-09 12:58:36,271 [INFO] ApiDb:240 - Found 880 in-development CPN: [B-G473E-ZEST1S, B-WB1M-WPAN1, B-WBA5M-WPAN, B-WL5M-SUBG1, NUCLEO-C031C6, NUCLEO-C051C8, NUCLEO-C071RB, NUCLEO-C092RC, NUCLEO-H503RB, NUCLEO-H533RE, NUCLEO-H563ZI, NUCLEO-H7S3L8, NUCLEO-N657X0-Q, NUCLEO-U031R8, NUCLEO-U083RC, NUCLEO-U385RG-Q, NUCLEO-U545RE-Q, NUCLEO-U5A5ZJ-Q, NUCLEO-WB05KZ, NUCLEO-WB07CC, NUCLEO-WB09KE, NUCLEO-WBA52CG, NUCLEO-WBA55CG, NUCLEO-WL33CC1, NUCLEO-WL33CC2, STEVAL-PROTEUS1, STEVAL-SMARTAG2, STEVAL-STWINBX1, STM320518-EVAL, STM32C0116-DK, STM32C011D6Y3TR, STM32C011D6Y6TR, STM32C011F4P3, STM32C011F4P6, STM32C011F4U3, STM32C011F4U6TR, STM32C011F6P3, STM32C011F6P6, STM32C011F6U3, STM32C011F6U6TR, STM32C011J4M3, STM32C011J4M6, STM32C011J6M3, STM32C011J6M6, STM32C0316-DK, STM32C031C4T3, STM32C031C4T6, STM32C031C4U3, STM32C031C4U6, STM32C031C6T3, STM32C031C6T6, STM32C031C6U3, STM32C031C6U6, STM32C031F4P3, STM32C031F4P6, STM32C031F6P3, STM32C031F6P6, STM32C031G4U3, STM32C031G4U6, STM32C031G6U3, STM32C031G6U6, STM32C031K4T3, STM32C031K4T6, STM32C031K4U3, STM32C031K4U6, STM32C031K6T3, STM32C031K6T6, STM32C031K6U3, STM32C031K6U6, STM32C051C6T6, STM32C051C6U6, STM32C051C8T6, STM32C051C8U6, STM32C051D8Y6TR, STM32C051F6P6, STM32C051F8P6, STM32C051G6U6, STM32C051G8U6, STM32C051K6T6, STM32C051K6U6, STM32C051K8T6, STM32C071C8T6, STM32C071C8T6N, STM32C071C8U6, STM32C071C8U6N, STM32C071CBT6, STM32C071CBT6N, STM32C071CBU6, STM32C071CBU6N, STM32C071F8P6, STM32C071F8P6N, STM32C071FBP6, STM32C071FBP6N, STM32C071FBY6TR, STM32C071G8U6, STM32C071G8U6N, STM32C071GBU6, STM32C071GBU6N, STM32C071K8T6, STM32C071K8T6N, STM32C071K8U6, STM32C071K8U6N, STM32C071KBT6, STM32C071KBT6N, STM32C071KBU6, STM32C071KBU6N, STM32C071R8T6, STM32C071R8T6N, STM32C071RBI6N, STM32C071RBT6, STM32C071RBT6N, STM32C091CBT6, STM32C091CBU6, STM32C091CCT6, STM32C091CCU6, STM32C091ECY6TR, STM32C091FBP6, STM32C091FCP6, STM32C091GBU6, STM32C091GCU6, STM32C091KBT6, STM32C091KBU6, STM32C091KCT6, STM32C091KCU6, STM32C091RBT6, STM32C091RCI6, STM32C091RCT6, STM32C092CBT6, STM32C092CBU6, STM32C092CCT6, STM32C092CCU6, STM32C092ECY6TR, STM32C092FBP6, STM32C092FCP6, STM32C092GBU6, STM32C092GCU6, STM32C092KBT6, STM32C092KBU6, STM32C092KCT6, STM32C092KCU6, STM32C092RBT6, STM32C092RCI6, STM32C092RCT6, STM32G071K8TXN, STM32G071K8UXN, STM32G081GBU6N, STM32G081KBT6N, STM32G081KBUXN, STM32G0B1CCT6N, STM32G0B1KCT6, STM32G0B1NEY6TR, STM32G0B1RCT6N, STM32G0C1CCT6, STM32G0C1CCT6N, STM32G0C1CCU6N, STM32G0C1CET6N, STM32G0C1CEU6N, STM32G0C1KCT6, STM32G0C1NEY6TR, STM32G0C1RCI6N, STM32G0C1RCT6N, STM32G0C1REI6N, STM32G0C1RET6N, STM32G0C1VCI6, STM32G0C1VEI6, STM32G411C6T3, STM32G411C6T6, STM32G411C6U3, STM32G411C6U6, STM32G411C8T3, STM32G411C8T6, STM32G411C8U3, STM32G411C8U6, STM32G411CBT3, STM32G411CBT6, STM32G411CBU3, STM32G411CBU6, STM32G411K6T3, STM32G411K6T6, STM32G411K6U3, STM32G411K6U6, STM32G411K8T3, STM32G411K8T6, STM32G411K8U3, STM32G411K8U6, STM32G411KBT3, STM32G411KBT6, STM32G411KBU3, STM32G411KBU6, STM32G411M6T3, STM32G411M6T6, STM32G411M8T3, STM32G411M8T6, STM32G411MBT3, STM32G411MBT6, STM32G411R6T3, STM32G411R6T6, STM32G411R8T3, STM32G411R8T6, STM32G411RBT3, STM32G411RBT6, STM32G414CBT3, STM32G414CBT6, STM32G414CBU3, STM32G414CBU6, STM32G414CCT3, STM32G414CCT6, STM32G414CCU3, STM32G414CCU6, STM32G414MBT3, STM32G414MBT6, STM32G414MCT3, STM32G414MCT6, STM32G414RBT3, STM32G414RBT6, STM32G414RCT3, STM32G414RCT6, STM32G414VBT3, STM32G414VBT6, STM32G414VCT3, STM32G414VCT6, STM32G431CBT3Z, STM32G431RBT3Z, STM32G471CCT6, STM32G471CCU6, STM32G471CET3, STM32G471CET6, STM32G471CEU3, STM32G471CEU6, STM32G471MCT6, STM32G471MET3, STM32G471MET6, STM32G471MEY6TR, STM32G471QCT6, STM32G471QET3, STM32G471RCT6, STM32G471RET3, STM32G471RET6, STM32G471VCH6, STM32G471VCI6, STM32G471VCT6, STM32G471VEH3, STM32G471VEH6, STM32G471VEI3, STM32G471VEI6, STM32G471VET3, STM32G471VET6, STM32G473QET3Z, STM32G473RET3Z, STM32G474CCT6, STM32G491RET3Z, STM32H503CBT6, STM32H503CBU6, STM32H503EBY6TR, STM32H503KBU6, STM32H503RBT6, STM32H523CCT6, STM32H523CCU6, STM32H523CET6, STM32H523CEU6, STM32H523HEY6TR, STM32H523RCT6, STM32H523RET6, STM32H523VCI6, STM32H523VCT6, STM32H523VEI6, STM32H523VET6, STM32H523ZCJ6, STM32H523ZCT6, STM32H523ZEJ6, STM32H523ZET6, STM32H533CET6, STM32H533CEU6, STM32H533HEY6TR, STM32H533RET6, STM32H533VEI6, STM32H533VET6, STM32H533ZEJ6, STM32H533ZET6, STM32H562AGI6, STM32H562AII6, STM32H562IGK6, STM32H562IGT6, STM32H562IIK6, STM32H562IIT6, STM32H562RGT6, STM32H562RGV6, STM32H562RIT6, STM32H562RIV6, STM32H562VGT6, STM32H562VIT6, STM32H562ZGT6, STM32H562ZIT6, STM32H563AGI6, STM32H563AII3Q, STM32H563AII6, STM32H563IGK6, STM32H563IGT6, STM32H563IIK3Q, STM32H563IIK6, STM32H563IIT3Q, STM32H563IIT6, STM32H563MIY3QTR, STM32H563RGT6, STM32H563RGV6, STM32H563RIT6, STM32H563RIV6, STM32H563VGT6, STM32H563VIT3Q, STM32H563VIT6, STM32H563ZGT6, STM32H563ZIT3Q, STM32H563ZIT6, STM32H573AII3Q, STM32H573AII6, STM32H573I-DK, STM32H573IIK3Q, STM32H573IIK6, STM32H573IIT3Q, STM32H573IIT6, STM32H573MIY3QTR, STM32H573RIT6, STM32H573RIV6, STM32H573VIT3Q, STM32H573VIT6, STM32H573ZIT3Q, STM32H573ZIT6, STM32H7R3A8I6, STM32H7R3I8K6, STM32H7R3I8T6, STM32H7R3L8H6, STM32H7R3L8H6H, STM32H7R3R8V6, STM32H7R3V8H6, STM32H7R3V8T6, STM32H7R3V8Y6TR, STM32H7R3Z8J6, STM32H7R3Z8T6, STM32H7R7A8I6, STM32H7R7I8K6, STM32H7R7I8T6, STM32H7R7L8H6, STM32H7R7L8H6H, STM32H7R7Z8J6, STM32H7S3A8I6, STM32H7S3I8K6, STM32H7S3I8T6, STM32H7S3L8H6, STM32H7S3L8H6H, STM32H7S3R8V6, STM32H7S3V8H6, STM32H7S3V8T6, STM32H7S3V8Y6TR, STM32H7S3Z8J6, STM32H7S3Z8T6, STM32H7S78-DK, STM32H7S7A8I6, STM32H7S7I8K6, STM32H7S7I8T6, STM32H7S7L8H6, STM32H7S7L8H6H, STM32H7S7Z8J6, STM32L4R5QGI6STR, STM32MP131AAE3, STM32MP131AAF3, STM32MP131AAG3, STM32MP131CAE3, STM32MP131CAF3, STM32MP131CAG3, STM32MP131DAE7, STM32MP131DAF7, STM32MP131DAG7, STM32MP131FAE7, STM32MP131FAF7, STM32MP131FAG7, STM32MP133AAE3, STM32MP133AAF3, STM32MP133AAG3, STM32MP133CAE3, STM32MP133CAF3, STM32MP133CAG3, STM32MP133DAE7, STM32MP133DAF7, STM32MP133DAG7, STM32MP133FAE7, STM32MP133FAF7, STM32MP133FAG7, STM32MP135AAE3, STM32MP135AAF3, STM32MP135AAG3, STM32MP135CAE3, STM32MP135CAF3, STM32MP135CAG3, STM32MP135DAE7, STM32MP135DAF7, STM32MP135DAG7, STM32MP135F-DK, STM32MP135FAE7, STM32MP135FAF7, STM32MP135FAF7T, STM32MP135FAF7U, STM32MP135FAG7, STM32MP211AAL3, STM32MP211AAM3, STM32MP211AAN3, STM32MP211AAO3, STM32MP211CAL3, STM32MP211CAM3, STM32MP211CAN3, STM32MP211CAO3, STM32MP211DAL3, STM32MP211DAM3, STM32MP211DAN3, STM32MP211DAO3, STM32MP211FAL3, STM32MP211FAM3, STM32MP211FAN3, STM32MP211FAO3, STM32MP213AAL3, STM32MP213AAM3, STM32MP213AAN3, STM32MP213AAO3, STM32MP213CAL3, STM32MP213CAM3, STM32MP213CAN3, STM32MP213CAO3, STM32MP213DAL3, STM32MP213DAM3, STM32MP213DAN3, STM32MP213DAO3, STM32MP213FAL3, STM32MP213FAM3, STM32MP213FAN3, STM32MP213FAO3, STM32MP215AAL3, STM32MP215AAM3, STM32MP215AAN3, STM32MP215AAO3, STM32MP215CAL3, STM32MP215CAM3, STM32MP215CAN3, STM32MP215CAO3, STM32MP215DAL3, STM32MP215DAM3, STM32MP215DAN3, STM32MP215DAO3, STM32MP215F-DK, STM32MP215FAL3, STM32MP215FAM3, STM32MP215FAN3, STM32MP215FAO3, STM32MP231AAJ3, STM32MP231AAK3, STM32MP231AAL3, STM32MP231CAJ3, STM32MP231CAK3, STM32MP231CAL3, STM32MP231DAJ3, STM32MP231DAK3, STM32MP231DAL3, STM32MP231FAJ3, STM32MP231FAK3, STM32MP231FAL3, STM32MP233AAJ3, STM32MP233AAK3, STM32MP233AAL3, STM32MP233CAJ3, STM32MP233CAK3, STM32MP233CAL3, STM32MP233DAJ3, STM32MP233DAK3, STM32MP233DAL3, STM32MP233FAJ3, STM32MP233FAK3, STM32MP233FAL3, STM32MP235AAJ3, STM32MP235AAK3, STM32MP235AAL3, STM32MP235CAJ3, STM32MP235CAK3, STM32MP235CAL3, STM32MP235DAJ3, STM32MP235DAK3, STM32MP235DAL3, STM32MP235FAJ3, STM32MP235FAK3, STM32MP235FAL3, STM32MP251AAI3, STM32MP251AAK3, STM32MP251AAL3, STM32MP251CAI3, STM32MP251CAK3, STM32MP251CAL3, STM32MP251DAI3, STM32MP251DAK3, STM32MP251DAL3, STM32MP251FAI3, STM32MP251FAK3, STM32MP251FAL3, STM32MP253AAI3, STM32MP253AAK3, STM32MP253AAL3, STM32MP253CAI3, STM32MP253CAK3, STM32MP253CAL3, STM32MP253DAI3, STM32MP253DAK3, STM32MP253DAL3, STM32MP253FAI3, STM32MP253FAK3, STM32MP253FAL3, STM32MP255AAI3, STM32MP255AAK3, STM32MP255AAL3, STM32MP255CAI3, STM32MP255CAK3, STM32MP255CAL3, STM32MP255DAI3, STM32MP255DAK3, STM32MP255DAL3, STM32MP255FAI3, STM32MP255FAK3, STM32MP255FAL3, STM32MP257AAI3, STM32MP257AAK3, STM32MP257AAL3, STM32MP257CAI3, STM32MP257CAK3, STM32MP257CAL3, STM32MP257DAI3, STM32MP257DAK3, STM32MP257DAL3, STM32MP257F-DK, STM32MP257F-EV1, STM32MP257FAI3, STM32MP257FAK3, STM32MP257FAL3, STM32N645A0H3Q, STM32N645B0H3Q, STM32N645I0H3Q, STM32N645L0H3Q, STM32N645X0H3Q, STM32N645Z0H3Q, STM32N647A0H3Q, STM32N647B0H3Q, STM32N647I0H3Q, STM32N647L0H3Q, STM32N647X0H3Q, STM32N647Z0H3Q, STM32N655A0H3Q, STM32N655B0H3Q, STM32N655I0H3Q, STM32N655L0H3Q, STM32N655X0H3Q, STM32N655Z0H3Q, STM32N6570-DK, STM32N657A0H3Q, STM32N657B0H3Q, STM32N657I0H3Q, STM32N657L0H3Q, STM32N657X0H3Q, STM32N657Z0H3Q, STM32U031C6T6, STM32U031C6U6, STM32U031C8T6, STM32U031C8U6, STM32U031F4P6, STM32U031F6P6, STM32U031F8P6, STM32U031G6Y6TR, STM32U031G8Y6TR, STM32U031K4U6, STM32U031K6U6, STM32U031K8U6, STM32U031R6I6, STM32U031R6T6, STM32U031R8I6, STM32U031R8T6, STM32U073C8T6, STM32U073C8U6, STM32U073CBT6, STM32U073CBU6, STM32U073CCT6, STM32U073CCU6, STM32U073H8Y6TR, STM32U073HBY6TR, STM32U073HCY6TR, STM32U073K8U6, STM32U073KBU6, STM32U073KCU6, STM32U073M8I6, STM32U073M8T6, STM32U073MBI6, STM32U073MBT6, STM32U073MCI6, STM32U073MCT6, STM32U073R8I6, STM32U073R8T6, STM32U073RBI6, STM32U073RBT6, STM32U073RCI6, STM32U073RCT6, STM32U083C-DK, STM32U083CCT6, STM32U083CCU6, STM32U083HCY6TR, STM32U083KCU6, STM32U083MCI6, STM32U083MCT6, STM32U083RCI6, STM32U083RCT6, STM32U375CET6, STM32U375CET6Q, STM32U375CEU6, STM32U375CEU6Q, STM32U375CEY6QTR, STM32U375CGT6, STM32U375CGT6Q, STM32U375CGU6, STM32U375CGU6Q, STM32U375CGY6QTR, STM32U375KEU6, STM32U375KGU6, STM32U375REI6, STM32U375REI6Q, STM32U375RET6, STM32U375RET6Q, STM32U375REY6GTR, STM32U375REY6QTR, STM32U375RGI6, STM32U375RGI6Q, STM32U375RGT6, STM32U375RGT6Q, STM32U375RGY6GTR, STM32U375RGY6QTR, STM32U375VEI6, STM32U375VEI6Q, STM32U375VET6, STM32U375VET6Q, STM32U375VGI6, STM32U375VGI6Q, STM32U375VGT6, STM32U375VGT6Q, STM32U385CGT6, STM32U385CGT6Q, STM32U385CGU6, STM32U385CGU6Q, STM32U385CGY6QTR, STM32U385KGU6, STM32U385RGI6, STM32U385RGI6Q, STM32U385RGT6, STM32U385RGT6Q, STM32U385RGY6GTR, STM32U385RGY6QTR, STM32U385VGI6, STM32U385VGI6Q, STM32U385VGT6, STM32U385VGT6Q, STM32U535CBT6, STM32U535CBT6Q, STM32U535CBU6, STM32U535CBU6Q, STM32U535CCT6, STM32U535CCT6Q, STM32U535CCU6, STM32U535CCU6Q, STM32U535CET6, STM32U535CET6Q, STM32U535CEU6, STM32U535CEU6Q, STM32U535JEY6QTR, STM32U535NCY6QTR, STM32U535NEY6QTR, STM32U535RBI6, STM32U535RBI6Q, STM32U535RBT6, STM32U535RBT6Q, STM32U535RCI6, STM32U535RCI6Q, STM32U535RCT6, STM32U535RCT6Q, STM32U535REI6, STM32U535REI6Q, STM32U535RET6, STM32U535RET6Q, STM32U535VCI6, STM32U535VCI6Q, STM32U535VCT6, STM32U535VCT6Q, STM32U535VEI6, STM32U535VEI6Q, STM32U535VET6, STM32U535VET6Q, STM32U545CET6, STM32U545CET6Q, STM32U545CEU6, STM32U545CEU6Q, STM32U545JEY6QTR, STM32U545NEY6QTR, STM32U545REI6, STM32U545REI6Q, STM32U545RET6, STM32U545RET6Q, STM32U545VEI6, STM32U545VEI6Q, STM32U545VET6, STM32U545VET6Q, STM32U595AIH6, STM32U595AIH6Q, STM32U595AJH6, STM32U595AJH6Q, STM32U595QII6, STM32U595QII6Q, STM32U595QJI6, STM32U595QJI6Q, STM32U595RIT6, STM32U595RIT6Q, STM32U595RJT6, STM32U595RJT6Q, STM32U595VIT6, STM32U595VIT6Q, STM32U595VJT6, STM32U595VJT6Q, STM32U595ZIT6, STM32U595ZIT6Q, STM32U595ZIY6QTR, STM32U595ZJT6, STM32U595ZJT6Q, STM32U595ZJY6QTR, STM32U599BJY6QTR, STM32U599NIH6Q, STM32U599NJH6Q, STM32U599VIT6Q, STM32U599VJT6, STM32U599VJT6Q, STM32U599ZIT6Q, STM32U599ZIY6QTR, STM32U599ZJT6Q, STM32U599ZJY6QTR, STM32U5A5AJH6, STM32U5A5AJH6Q, STM32U5A5QII3Q , STM32U5A5QJI6, STM32U5A5QJI6Q, STM32U5A5RJT6, STM32U5A5RJT6Q, STM32U5A5VJT6, STM32U5A5VJT6Q, STM32U5A5ZJT6, STM32U5A5ZJT6Q, STM32U5A5ZJY6QTR, STM32U5A9BJY6QTR, STM32U5A9J-DK, STM32U5A9NJH6Q, STM32U5A9VJT6Q, STM32U5A9ZJT6Q, STM32U5A9ZJY6QTR, STM32U5F7VIT6, STM32U5F7VIT6Q, STM32U5F7VJT6, STM32U5F7VJT6Q, STM32U5F9BJY6QTR, STM32U5F9NJH6Q, STM32U5F9VIT6Q, STM32U5F9VJT6Q, STM32U5F9ZIJ6QTR, STM32U5F9ZIT6Q, STM32U5F9ZJJ6QTR, STM32U5F9ZJT6Q, STM32U5G7VJT6, STM32U5G7VJT6Q, STM32U5G9BJY6QTR, STM32U5G9J-DK1, STM32U5G9J-DK2, STM32U5G9NJH6Q, STM32U5G9VJT6Q, STM32U5G9ZJJ6QTR, STM32U5G9ZJT6Q, STM32WB05KZV6TR, STM32WB05KZV7TR, STM32WB05TZF6TR, STM32WB05TZF7TR, STM32WB06CCF6TR, STM32WB06CCF7TR, STM32WB06CCV6TR, STM32WB06CCV7TR, STM32WB06KCV6TR, STM32WB06KCV7TR, STM32WB07CCF6TR, STM32WB07CCF7TR, STM32WB07CCV6TR, STM32WB07CCV7TR, STM32WB07KCV6TR, STM32WB07KCV7TR, STM32WB09KEV6TR, STM32WB09KEV7TR, STM32WB09TEF6TR, STM32WB09TEF7TR, STM32WB1MMCH6, STM32WBA50KGU6, STM32WBA50KGU6TR, STM32WBA52CEU6, STM32WBA52CEU6TR, STM32WBA52CEU7, STM32WBA52CEU7TR, STM32WBA52CGU6, STM32WBA52CGU6TR, STM32WBA52CGU6U, STM32WBA52CGU7, STM32WBA52CGU7TR, STM32WBA52KEU6, STM32WBA52KEU6TR, STM32WBA52KGU6, STM32WBA52KGU6TR, STM32WBA54CEU6, STM32WBA54CEU6TR, STM32WBA54CEU7, STM32WBA54CEU7TR, STM32WBA54CGU6, STM32WBA54CGU6TR, STM32WBA54CGU7, STM32WBA54CGU7TR, STM32WBA54KEU6, STM32WBA54KEU6TR, STM32WBA54KEU7, STM32WBA54KEU7TR, STM32WBA54KGU6, STM32WBA54KGU6TR, STM32WBA54KGU7, STM32WBA54KGU7TR, STM32WBA55CEU6, STM32WBA55CEU6TR, STM32WBA55CEU7, STM32WBA55CEU7TR, STM32WBA55CGU6, STM32WBA55CGU6TR, STM32WBA55CGU6U, STM32WBA55CGU7, STM32WBA55CGU7TR, STM32WBA55G-DK1, STM32WBA55HEF6, STM32WBA55HEF7, STM32WBA55HGF6, STM32WBA55HGF7, STM32WBA55UEI6, STM32WBA55UEI6TR, STM32WBA55UEI7, STM32WBA55UEI7TR, STM32WBA55UGI6, STM32WBA55UGI6TR, STM32WBA55UGI7, STM32WBA55UGI7TR, STM32WBA5MMGH6TR, STM32WBA62MGF6, STM32WBA62MIF6, STM32WBA65MGF7, STM32WBA65MIF6, STM32WBA65MIF7, STM32WL30K8V6, STM32WL30KBV6, STM32WL31C8V6, STM32WL31CBV6, STM32WL31K8V6, STM32WL31KBV6, STM32WL33C8V6, STM32WL33C8V6X, STM32WL33CBV6, STM32WL33CBV6X, STM32WL33CCV6, STM32WL33CCV6A, STM32WL33CCV6X, STM32WL33K8V7, STM32WL33K8V7X, STM32WL33KBV7 , STM32WL33KBV7X, STM32WL33KCV7, STM32WL33KCV7X, STM32WL5MOCH6, STM32WL5MOCH6TR]
2025-09-09 12:58:36,541 [INFO] BoardInfo:889 - No configuration file found for board P-NUCLEO-WB55
2025-09-09 12:58:36,543 [INFO] DbBoards:161 - Kit is not supported: P-NUCLEO-WB55
2025-09-09 12:58:36,567 [INFO] BoardInfo:889 - No configuration file found for board STEVAL-BFA001V1B
2025-09-09 12:58:36,569 [INFO] DbBoards:161 - Kit is not supported: STEVAL-BFA001V1B
2025-09-09 12:58:36,571 [INFO] BoardInfo:889 - No configuration file found for board STEVAL-BFA001V2B
2025-09-09 12:58:36,572 [INFO] DbBoards:161 - Kit is not supported: STEVAL-BFA001V2B
2025-09-09 12:58:36,897 [INFO] DbBoards:168 - Found 212 boards, 209 are supported
2025-09-09 12:58:36,897 [INFO] DbBoards:169 - Found 212 boards, 43 of them is supported for  Bsp
2025-09-09 12:58:36,900 [INFO] ApiDb:423 - Load user favorites file C:\Users\USERIT/.stm32cubeide/favorites.boards.txt: 0 item(s)
2025-09-09 12:58:36,900 [INFO] ApiDb:427 - User favorites Boards=[]
2025-09-09 12:58:36,901 [INFO] DbBoards:198 - Set 0 / 0 favorites Boards
2025-09-09 12:58:36,903 [INFO] ApiDb:668 - CubeFinder database Data Model version=2.1
2025-09-09 12:58:36,903 [INFO] ApiDb:669 - CubeFinder database Configuration version=3.0.39
2025-09-09 12:58:36,903 [INFO] ApiDb:670 - CubeFinder database generation date=2025-07-24 (1753349077)
2025-09-09 12:58:36,904 [INFO] ApiDb:671 - CubeFinder database FW Pack versions=[FP-ATR-ASTRA1_V2.0.0, FP-SNS-FLIGHT1_V5.1.0, FP-SNS-MOTENV1_V5.0.0, FP-SNS-MOTENVWB1_V1.4.0, FP-SNS-SMARTAG2_V1.2.0, FP-SNS-STBOX1_V2.0.0, STM32Cube_FW_C0_V1.4.0, STM32Cube_FW_F4_V1.28.2, STM32Cube_FW_F7_V1.17.3, STM32Cube_FW_G0_V1.6.2, STM32Cube_FW_G4_V1.6.1, STM32Cube_FW_H5_V1.5.0, STM32Cube_FW_H7RS_V1.2.0, STM32Cube_FW_H7_V1.12.1, STM32Cube_FW_L0_V1.12.2, STM32Cube_FW_L4_V1.18.1, STM32Cube_FW_L5_V1.5.1, STM32Cube_FW_N6_V1.2.0, STM32Cube_FW_U0_V1.3.0, STM32Cube_FW_U3_V1.2.0, STM32Cube_FW_U5_V1.8.0, STM32Cube_FW_WB0_V1.3.0, STM32Cube_FW_WBA_V1.7.0, STM32Cube_FW_WB_V1.23.0, STM32Cube_FW_WL3_V1.2.0, STM32Cube_FW_WL_V1.3.1, X-CUBE-ALGOBUILD_V1.4.0, X-CUBE-ALS_V1.0.2, X-CUBE-AZRTOS-F4_V1.1.0, X-CUBE-AZRTOS-F7_V1.1.0, X-CUBE-AZRTOS-G0_V1.1.0, X-CUBE-AZRTOS-G4_V2.0.0, X-CUBE-AZRTOS-H7RS_V1.1.0, X-CUBE-AZRTOS-H7_V3.4.0, X-CUBE-AZRTOS-L4_V2.0.0, X-CUBE-AZRTOS-L5_V2.0.0, X-CUBE-AZRTOS-WB_V2.0.0, X-CUBE-AZRTOS-WL_V2.0.0, X-CUBE-BLE1_V7.1.0, X-CUBE-BLE2_V3.3.0, X-CUBE-BLEMGR_V4.1.0, X-CUBE-EEPRMA1_V5.2.0, X-CUBE-FREERTOS_V1.3.1, X-CUBE-GNSS1_V6.0.0, X-CUBE-MEMS1_V11.3.0, X-CUBE-NFC4_V3.0.0, X-CUBE-NFC7_V2.0.0, X-CUBE-SFXS2LP1_V4.0.0, X-CUBE-ST67W61_V1.0.0, X-CUBE-SUBG2_V5.0.0, X-CUBE-TOF1_V3.4.3]
2025-09-09 12:58:37,871 [ERROR] DbExamplesSqlite:437 - Missing JSON key: board_cpn
2025-09-09 12:58:37,872 [ERROR] DbExamplesSqlite:437 - Missing JSON key: board_cpn
2025-09-09 12:58:37,872 [ERROR] DbExamplesSqlite:437 - Missing JSON key: board_cpn
2025-09-09 12:58:37,872 [ERROR] DbExamplesSqlite:437 - Missing JSON key: board_cpn
2025-09-09 12:58:38,071 [ERROR] DbExamplesSqlite:437 - Missing JSON key: board_cpn
2025-09-09 12:58:38,071 [ERROR] DbExamplesSqlite:437 - Missing JSON key: board_cpn
2025-09-09 12:58:38,072 [ERROR] DbExamplesSqlite:437 - Missing JSON key: board_cpn
2025-09-09 12:58:38,072 [ERROR] DbExamplesSqlite:437 - Missing JSON key: board_cpn
2025-09-09 12:58:38,072 [ERROR] DbExamplesSqlite:437 - Missing JSON key: board_cpn
2025-09-09 12:58:38,073 [ERROR] DbExamplesSqlite:437 - Missing JSON key: board_cpn
2025-09-09 12:58:38,073 [ERROR] DbExamplesSqlite:437 - Missing JSON key: board_cpn
2025-09-09 12:58:38,073 [ERROR] DbExamplesSqlite:437 - Missing JSON key: board_cpn
2025-09-09 12:58:38,073 [ERROR] DbExamplesSqlite:437 - Missing JSON key: board_cpn
2025-09-09 12:58:38,295 [ERROR] DbExamplesSqlite:437 - Missing JSON key: board_cpn
2025-09-09 12:58:38,296 [ERROR] DbExamplesSqlite:437 - Missing JSON key: board_cpn
2025-09-09 12:58:38,300 [INFO] DbExamplesSqlite:395 - Ignored 33 examples not supported by CubeIDE
2025-09-09 12:58:38,300 [INFO] DbExamplesSqlite:396 - Found 10866 examples active
2025-09-09 12:58:38,300 [INFO] DbExamplesSqlite:397 - Found 0 examples obsolete
2025-09-09 12:58:38,301 [INFO] DbExamplesSqlite:398 - Found 0 examples under development
2025-09-09 12:58:38,301 [INFO] DbExamplesSqlite:399 - Found 65 examples not building
2025-09-09 12:58:38,307 [INFO] DbExamples:125 - Found 10898 examples
2025-09-09 12:58:38,334 [INFO] DbExamples:222 - Found 134 boards with related examples
2025-09-09 12:58:38,336 [INFO] DbExamples:235 - Found 111 MCUs with related examples
2025-09-09 12:58:38,366 [INFO] ApiDb:414 - User favorites file not found: C:\Users\USERIT/.stm32cubeide/favorites.examples.txt
2025-09-09 12:58:38,366 [INFO] DbExamples:250 - Set 0 / 0 favorites Examples
2025-09-09 12:58:38,940 [INFO] McuFinderGlobals:76 - Set McuFinderConnectedMode to true
2025-09-09 12:58:38,955 [INFO] MultiScanPanel:200 - Auto-refresh data requested => check proxy status ongoing
2025-09-09 12:58:38,961 [INFO] FinderPluginLoader:96 - Searching for filters in installed packs
2025-09-09 12:58:40,685 [INFO] LoadUrlFilesThread:185 - End of LoadServerUrlFiles without Thread
2025-09-09 12:58:40,761 [INFO] DetailPanel:341 - Set advertising image to C:/Users/USERIT/STM32Cube/Repository/\en.2400x1350px.jpeg
2025-09-09 13:00:04,471 [INFO] MainUpdater:2872 - connection check result : 10
2025-09-09 13:00:04,472 [INFO] MainUpdater:2872 - connection check result : 10
2025-09-09 13:00:06,213 [INFO] MicroXplorer:468 - Change Database Path : 
2025-09-09 13:00:06,214 [INFO] MicroXplorer:498 - Change Database Version : DB.6.0.150
2025-09-09 13:00:06,228 [WARN] ThirdParty:871 - waiting for thirdparty lock release [close project]
2025-09-09 13:00:06,228 [INFO] ThirdParty:873 - entering critical section [close project]
2025-09-09 13:00:06,232 [INFO] ThirdParty:883 - exiting critical section [close project]
2025-09-09 13:00:06,240 [INFO] PinOutPanel:1589 - setPackage(No Configuration,No Configuration)
2025-09-09 13:00:06,243 [INFO] UtilMem:75 - Begin LoadConfig() Used Memory: 855943072 Bytes (999292928)
2025-09-09 13:00:06,247 [INFO] MicroXplorer:468 - Change Database Path : 
2025-09-09 13:00:06,247 [INFO] MicroXplorer:498 - Change Database Version : DB.6.0.150
2025-09-09 13:00:06,247 [INFO] OpenFileManager:355 - Change cursor
2025-09-09 13:00:06,361 [INFO] Mcu:2029 - Initializing MCU STM32F767ZITx STM32F767ZITx STM32F767ZIT6
2025-09-09 13:00:09,681 [INFO] Context:786 - Trying to add GPIOservice into a context  which must be forbidden
2025-09-09 13:00:10,496 [INFO] ImportTextPane:234 - (OptionalMessage_ERROR) Unable to find key (Mcu.ThirdPartyNb) in loaded IOC file
2025-09-09 13:00:10,496 [INFO] ImportTextPane:234 - (OptionalMessage_ERROR) Unable to find key (Mcu.PinsNb) in loaded IOC file
2025-09-09 13:00:10,497 [INFO] ImportTextPane:234 - (OptionalMessage_ERROR) Pin0 (VP_RIF_VS_RIF1) cannot be retrieved for this MCU
2025-09-09 13:00:10,497 [INFO] ImportTextPane:234 - (OptionalMessage_ERROR) Unable to find key (Mcu.IPNb) in loaded IOC file
2025-09-09 13:00:10,594 [INFO] RtosManager:558 - Registered RTOS mode: class=CMSIS, group=RTOS, mode=CMSIS_V1, owner=FREERTOS
2025-09-09 13:00:10,594 [INFO] RtosManager:558 - Registered RTOS mode: class=CMSIS, group=RTOS2, mode=CMSIS_V2, owner=FREERTOS
2025-09-09 13:00:10,594 [INFO] RtosManager:558 - Registered RTOS mode: class=RTOS, group=Core, mode=CMSIS_V1, owner=FREERTOS
2025-09-09 13:00:10,594 [INFO] RtosManager:558 - Registered RTOS mode: class=RTOS, group=Core, mode=CMSIS_V2, owner=FREERTOS
2025-09-09 13:00:10,595 [WARN] ModelIntegratedComponent:184 - Missing modes for component STMicroelectronics:FreeRTOS:0.0.1:STMicroelectronics:RTOS:FreeRTOS:Core:::10.2.0:
2025-09-09 13:00:10,619 [WARN] ModelIntegratedComponent:63 - No mode defined for component null
2025-09-09 13:00:10,619 [WARN] ModelIntegratedComponent:63 - No mode defined for component null
2025-09-09 13:00:10,620 [WARN] ModelIntegratedComponent:63 - No mode defined for component null
2025-09-09 13:00:10,620 [WARN] ModelIntegratedComponent:63 - No mode defined for component null
2025-09-09 13:00:10,620 [WARN] ModelIntegratedComponent:63 - No mode defined for component null
2025-09-09 13:00:10,620 [WARN] ModelIntegratedComponent:63 - No mode defined for component null
2025-09-09 13:00:10,620 [WARN] ModelIntegratedComponent:63 - No mode defined for component null
2025-09-09 13:00:10,620 [WARN] ModelIntegratedComponent:63 - No mode defined for component null
2025-09-09 13:00:10,620 [WARN] ModelIntegratedComponent:63 - No mode defined for component null
2025-09-09 13:00:10,620 [WARN] ModelIntegratedComponent:63 - No mode defined for component null
2025-09-09 13:00:10,620 [WARN] ModelIntegratedComponent:63 - No mode defined for component null
2025-09-09 13:00:10,620 [WARN] ModelIntegratedComponent:63 - No mode defined for component null
2025-09-09 13:00:10,620 [WARN] ModelIntegratedComponent:63 - No mode defined for component null
2025-09-09 13:00:10,620 [WARN] ModelIntegratedComponent:63 - No mode defined for component null
2025-09-09 13:00:10,620 [WARN] ModelIntegratedComponent:63 - No mode defined for component null
2025-09-09 13:00:10,620 [WARN] ModelIntegratedComponent:63 - No mode defined for component null
2025-09-09 13:00:10,620 [WARN] ModelIntegratedComponent:63 - No mode defined for component null
2025-09-09 13:00:10,620 [WARN] ModelIntegratedComponent:63 - No mode defined for component null
2025-09-09 13:00:10,620 [WARN] ModelIntegratedComponent:63 - No mode defined for component null
2025-09-09 13:00:10,620 [WARN] ModelIntegratedComponent:63 - No mode defined for component null
2025-09-09 13:00:10,620 [WARN] ModelIntegratedComponent:63 - No mode defined for component null
2025-09-09 13:00:10,620 [WARN] ModelIntegratedComponent:63 - No mode defined for component null
2025-09-09 13:00:10,620 [WARN] ModelIntegratedComponent:63 - No mode defined for component null
2025-09-09 13:00:10,620 [WARN] ModelIntegratedComponent:63 - No mode defined for component null
2025-09-09 13:00:10,620 [WARN] ModelIntegratedComponent:63 - No mode defined for component null
2025-09-09 13:00:10,621 [WARN] ModelIntegratedComponent:63 - No mode defined for component null
2025-09-09 13:00:10,621 [WARN] ModelIntegratedComponent:63 - No mode defined for component null
2025-09-09 13:00:10,621 [WARN] ModelIntegratedComponent:63 - No mode defined for component null
2025-09-09 13:00:10,621 [WARN] ModelIntegratedComponent:63 - No mode defined for component null
2025-09-09 13:00:10,621 [WARN] ModelIntegratedComponent:63 - No mode defined for component null
2025-09-09 13:00:10,621 [WARN] ModelIntegratedComponent:63 - No mode defined for component null
2025-09-09 13:00:10,621 [WARN] ModelIntegratedComponent:63 - No mode defined for component null
2025-09-09 13:00:10,621 [WARN] ModelIntegratedComponent:63 - No mode defined for component null
2025-09-09 13:00:10,621 [WARN] ModelIntegratedComponent:63 - No mode defined for component null
2025-09-09 13:00:10,621 [WARN] ModelIntegratedComponent:63 - No mode defined for component null
2025-09-09 13:00:10,621 [WARN] ModelPack:524 - Component already loaded: STMicroelectronics:HAL Drivers:0.0.0:STMicroelectronics:Device:STMicro_Driver:XSPI:HAL::0.0.1:HAL_XSPI
2025-09-09 13:00:10,768 [INFO] ThirdPartyModel:298 - Start build external matchings
2025-09-09 13:00:11,243 [INFO] ThirdPartyModel:316 - End build external matchings
2025-09-09 13:00:11,743 [INFO] UtilMem:75 - End LoadConfig() Used Memory: 857665808 Bytes (1073741824)
2025-09-09 13:00:11,814 [WARN] ThirdParty:833 - waiting for thirdparty lock release [change project]
2025-09-09 13:00:11,814 [INFO] ThirdParty:835 - entering critical section [change project]
2025-09-09 13:00:11,814 [INFO] ThirdParty:1030 - CMSIS Pack Vendor :STMicroelectronics X-CUBE-PM33A1 1.0.0
2025-09-09 13:00:11,814 [INFO] ThirdParty:1030 - CMSIS Pack Vendor :STMicroelectronics USBPD 4.1
2025-09-09 13:00:11,814 [INFO] ThirdParty:1030 - CMSIS Pack Vendor :STMicroelectronics X-CUBE-NFC9 1.0.0
2025-09-09 13:00:11,814 [INFO] ThirdParty:1030 - CMSIS Pack Vendor :STMicroelectronics USB_HOST 2.0.0
2025-09-09 13:00:11,814 [INFO] ThirdParty:1030 - CMSIS Pack Vendor :STMicroelectronics FP-SNS-MOTENVWB1 1.4.0
2025-09-09 13:00:11,814 [INFO] ThirdParty:1030 - CMSIS Pack Vendor :STMicroelectronics X-CUBE-AZRTOS-F4 1.1.0
2025-09-09 13:00:11,814 [INFO] ThirdParty:1030 - CMSIS Pack Vendor :STMicroelectronics LIBJPEG 8.0.0
2025-09-09 13:00:11,814 [INFO] ThirdParty:1030 - CMSIS Pack Vendor :STMicroelectronics FP-ATR-ASTRA1 2.0.2
2025-09-09 13:00:11,815 [INFO] ThirdParty:1030 - CMSIS Pack Vendor :STMicroelectronics X-CUBE-BLE1 7.1.0
2025-09-09 13:00:11,815 [INFO] ThirdParty:1030 - CMSIS Pack Vendor :STMicroelectronics X-CUBE-SMBUS 2.1.0
2025-09-09 13:00:11,815 [INFO] ThirdParty:1030 - CMSIS Pack Vendor :wolfSSL I-CUBE-wolfMQTT 1.19.2
2025-09-09 13:00:11,815 [INFO] ThirdParty:1030 - CMSIS Pack Vendor :STMicroelectronics USB_DEVICE 3.0.0
2025-09-09 13:00:11,815 [INFO] ThirdParty:1030 - CMSIS Pack Vendor :STMicroelectronics X-CUBE-ISPU 2.1.0
2025-09-09 13:00:11,815 [INFO] ThirdParty:1030 - CMSIS Pack Vendor :STMicroelectronics X-CUBE-AZRTOS-WB 2.0.0
2025-09-09 13:00:11,815 [INFO] ThirdParty:1030 - CMSIS Pack Vendor :STMicroelectronics X-CUBE-ST60 1.0.0
2025-09-09 13:00:11,815 [INFO] ThirdParty:1030 - CMSIS Pack Vendor :STMicroelectronics X-CUBE-GNSS1 7.0.1
2025-09-09 13:00:11,815 [INFO] ThirdParty:1030 - CMSIS Pack Vendor :STMicroelectronics X-CUBE-AZRTOS-F7 1.1.0
2025-09-09 13:00:11,815 [INFO] ThirdParty:1030 - CMSIS Pack Vendor :STMicroelectronics X-CUBE-AZRTOS-L5 2.0.0
2025-09-09 13:00:11,815 [INFO] ThirdParty:1030 - CMSIS Pack Vendor :STMicroelectronics X-CUBE-TOUCHGFX 4.25.0
2025-09-09 13:00:11,815 [INFO] ThirdParty:1030 - CMSIS Pack Vendor :STMicroelectronics USB_DEVICE 2.0.0
2025-09-09 13:00:11,815 [INFO] ThirdParty:1030 - CMSIS Pack Vendor :STMicroelectronics X-CUBE-NFC6 3.1.0
2025-09-09 13:00:11,815 [INFO] ThirdParty:1030 - CMSIS Pack Vendor :STMicroelectronics X-CUBE-AI 10.1.0
2025-09-09 13:00:11,815 [INFO] ThirdParty:1030 - CMSIS Pack Vendor :STMicroelectronics FP-SNS-STBOX1 2.0.0
2025-09-09 13:00:11,815 [INFO] ThirdParty:1030 - CMSIS Pack Vendor :quantropi X-CUBE-qispace-sdk-base 2.1.0
2025-09-09 13:00:11,815 [INFO] ThirdParty:1030 - CMSIS Pack Vendor :STMicroelectronics FreeRTOS 0.0.1
2025-09-09 13:00:11,815 [INFO] ThirdParty:1030 - CMSIS Pack Vendor :STMicroelectronics X-CUBE-AZRTOS-G0 1.1.0
2025-09-09 13:00:11,815 [INFO] ThirdParty:1030 - CMSIS Pack Vendor :STMicroelectronics X-CUBE-SAFEA1 1.2.2
2025-09-09 13:00:11,815 [INFO] ThirdParty:1030 - CMSIS Pack Vendor :STMicroelectronics X-CUBE-NFC4 3.0.0
2025-09-09 13:00:11,815 [INFO] ThirdParty:1030 - CMSIS Pack Vendor :STMicroelectronics X-CUBE-SUBG2 5.0.0
2025-09-09 13:00:11,815 [INFO] ThirdParty:1030 - CMSIS Pack Vendor :STMicroelectronics X-CUBE-AZRTOS-H7RS 1.1.0
2025-09-09 13:00:11,815 [INFO] ThirdParty:1030 - CMSIS Pack Vendor :STMicroelectronics STM32_WPAN 1.0.0
2025-09-09 13:00:11,815 [INFO] ThirdParty:1030 - CMSIS Pack Vendor :EmbeddedOffice I-CUBE-FS-RTOS 1.0.1
2025-09-09 13:00:11,815 [INFO] ThirdParty:1030 - CMSIS Pack Vendor :STMicroelectronics lwIP 2.0.3
2025-09-09 13:00:11,815 [INFO] ThirdParty:1030 - CMSIS Pack Vendor :Cesanta I-CUBE-Mongoose 7.13.0
2025-09-09 13:00:11,816 [INFO] ThirdParty:1030 - CMSIS Pack Vendor :STMicroelectronics USB_HOST 1.0.0
2025-09-09 13:00:11,816 [INFO] ThirdParty:1030 - CMSIS Pack Vendor :Infineon AIROC-Wi-Fi-Bluetooth-STM32 1.7.1
2025-09-09 13:00:11,816 [INFO] ThirdParty:1030 - CMSIS Pack Vendor :STMicroelectronics X-CUBE-AZRTOS-G4 2.0.0
2025-09-09 13:00:11,816 [INFO] ThirdParty:1030 - CMSIS Pack Vendor :STMicroelectronics X-CUBE-WB05N 2.0.0
2025-09-09 13:00:11,816 [INFO] ThirdParty:1030 - CMSIS Pack Vendor :STMicroelectronics PDM2PCM 3.1.0
2025-09-09 13:00:11,816 [INFO] ThirdParty:1030 - CMSIS Pack Vendor :STMicroelectronics PDM2PCM 3.3.0
2025-09-09 13:00:11,816 [INFO] ThirdParty:1030 - CMSIS Pack Vendor :wolfSSL I-CUBE-wolfTPM 3.8.0
2025-09-09 13:00:11,816 [INFO] ThirdParty:1030 - CMSIS Pack Vendor :STMicroelectronics X-CUBE-DISPLAY 3.0.0
2025-09-09 13:00:11,816 [INFO] ThirdParty:1030 - CMSIS Pack Vendor :wolfSSL I-CUBE-wolfSSH 1.4.20
2025-09-09 13:00:11,816 [INFO] ThirdParty:1030 - CMSIS Pack Vendor :STMicroelectronics X-CUBE-NFC7 2.0.0
2025-09-09 13:00:11,816 [INFO] ThirdParty:1030 - CMSIS Pack Vendor :STMicroelectronics X-CUBE-TCPP 4.2.0
2025-09-09 13:00:11,816 [INFO] ThirdParty:1030 - CMSIS Pack Vendor :RealThread X-CUBE-RT-Thread_Nano 4.1.1
2025-09-09 13:00:11,816 [INFO] ThirdParty:1030 - CMSIS Pack Vendor :STMicroelectronics FP-ATR-SIGFOX1 3.2.0
2025-09-09 13:00:11,816 [INFO] ThirdParty:1030 - CMSIS Pack Vendor :STMicroelectronics X-CUBE-NFC10 1.0.0
2025-09-09 13:00:11,816 [INFO] ThirdParty:1030 - CMSIS Pack Vendor :STMicroelectronics X-CUBE-FREERTOS 1.3.1
2025-09-09 13:00:11,816 [INFO] ThirdParty:1030 - CMSIS Pack Vendor :STMicroelectronics HAL Drivers 0.0.0
2025-09-09 13:00:11,816 [INFO] ThirdParty:1030 - CMSIS Pack Vendor :STMicroelectronics MBEDTLS 2.16.2
2025-09-09 13:00:11,816 [INFO] ThirdParty:1030 - CMSIS Pack Vendor :STMicroelectronics X-CUBE-IPS 3.1.0
2025-09-09 13:00:11,816 [INFO] ThirdParty:1030 - CMSIS Pack Vendor :STMicroelectronics X-CUBE-ALS 1.0.2
2025-09-09 13:00:11,816 [INFO] ThirdParty:1030 - CMSIS Pack Vendor :emotas I-CUBE-CANOPEN 1.3.0
2025-09-09 13:00:11,816 [INFO] ThirdParty:1030 - CMSIS Pack Vendor :STMicroelectronics MBEDTLS 2.14.1
2025-09-09 13:00:11,816 [INFO] ThirdParty:1030 - CMSIS Pack Vendor :ITTIA_DB I-CUBE-ITTIADB 8.9.0
2025-09-09 13:00:11,816 [INFO] ThirdParty:1030 - CMSIS Pack Vendor :STMicroelectronics X-CUBE-STSE01 1.0.0
2025-09-09 13:00:11,816 [INFO] ThirdParty:1030 - CMSIS Pack Vendor :portGmbH I-Cube-SoM-uGOAL 1.1.0
2025-09-09 13:00:11,816 [INFO] ThirdParty:1030 - CMSIS Pack Vendor :STMicroelectronics X-CUBE-ST67W61 1.0.0
2025-09-09 13:00:11,817 [INFO] ThirdParty:1030 - CMSIS Pack Vendor :STMicroelectronics FP-SNS-STBOX1 2.1.0
2025-09-09 13:00:11,817 [INFO] ThirdParty:1030 - CMSIS Pack Vendor :STMicroelectronics X-CUBE-AI 10.2.0
2025-09-09 13:00:11,817 [INFO] ThirdParty:1030 - CMSIS Pack Vendor :STMicroelectronics ThreadX 1.0.0
2025-09-09 13:00:11,817 [INFO] ThirdParty:1030 - CMSIS Pack Vendor :STMicroelectronics FP-SNS-SMARTAG2 1.2.0
2025-09-09 13:00:11,817 [INFO] ThirdParty:1030 - CMSIS Pack Vendor :STMicroelectronics FP-SNS-FLIGHT1 5.1.0
2025-09-09 13:00:11,817 [INFO] ThirdParty:1030 - CMSIS Pack Vendor :STMicroelectronics X-CUBE-AZRTOS-WL 2.0.0
2025-09-09 13:00:11,817 [INFO] ThirdParty:1030 - CMSIS Pack Vendor :SEGGER I-CUBE-embOS 1.3.1
2025-09-09 13:00:11,817 [INFO] ThirdParty:1030 - CMSIS Pack Vendor :STMicroelectronics X-CUBE-ALGOBUILD 1.4.0
2025-09-09 13:00:11,817 [INFO] ThirdParty:1030 - CMSIS Pack Vendor :STMicroelectronics X-CUBE-DPower 1.3.0
2025-09-09 13:00:11,817 [INFO] ThirdParty:1030 - CMSIS Pack Vendor :STMicroelectronics X-CUBE-MEMS1 11.3.0
2025-09-09 13:00:11,818 [INFO] ThirdParty:1030 - CMSIS Pack Vendor :STMicroelectronics FP-SNS-MOTENV1 5.0.0
2025-09-09 13:00:11,818 [INFO] ThirdParty:1030 - CMSIS Pack Vendor :STMicroelectronics USB_DEVICE 1.0.0
2025-09-09 13:00:11,818 [INFO] ThirdParty:1030 - CMSIS Pack Vendor :STMicroelectronics X-CUBE-AZRTOS-L4 2.0.0
2025-09-09 13:00:11,819 [INFO] ThirdParty:1030 - CMSIS Pack Vendor :STMicroelectronics ThreadX 0.0.2
2025-09-09 13:00:11,819 [INFO] ThirdParty:1030 - CMSIS Pack Vendor :WES I-CUBE-Cesium 1.3.0
2025-09-09 13:00:11,819 [INFO] ThirdParty:1030 - CMSIS Pack Vendor :STMicroelectronics lwIP 2.1.2
2025-09-09 13:00:11,819 [INFO] ThirdParty:1030 - CMSIS Pack Vendor :STMicroelectronics X-CUBE-SFXS2LP1 4.0.0
2025-09-09 13:00:11,819 [INFO] ThirdParty:1030 - CMSIS Pack Vendor :STMicroelectronics X-CUBE-BLE2 3.3.0
2025-09-09 13:00:11,819 [INFO] ThirdParty:1030 - CMSIS Pack Vendor :STMicroelectronics X-CUBE-TOF1 3.4.3
2025-09-09 13:00:11,819 [INFO] ThirdParty:1030 - CMSIS Pack Vendor :STMicroelectronics PDM2PCM 3.2.0
2025-09-09 13:00:11,820 [INFO] ThirdParty:841 - exiting critical section [change project]
2025-09-09 13:00:12,703 [INFO] PinOutPanel:1589 - setPackage(No Configuration,No Configuration)
2025-09-09 13:00:12,704 [INFO] PinOutPanel:1589 - setPackage(STM32F767ZITx,LQFP144)
2025-09-09 13:00:13,291 [INFO] UtilMem:75 - Before build in PCC Used Memory: 865537568 Bytes (1073741824)
2025-09-09 13:00:14,098 [INFO] UtilMem:75 - After build in PCC Used Memory: 945751584 Bytes (1073741824)
2025-09-09 13:00:14,135 [INFO] IPUIPlugin:80 - create IPUIPlugin
2025-09-09 13:00:14,135 [INFO] IPUIPlugin:80 - create IPUIPlugin
2025-09-09 13:00:14,135 [INFO] IPUIPlugin:80 - create IPUIPlugin
2025-09-09 13:00:14,136 [INFO] IPUIPlugin:80 - create IPUIPlugin
2025-09-09 13:00:14,136 [INFO] IPUIPlugin:80 - create IPUIPlugin
2025-09-09 13:00:14,136 [INFO] IPUIPlugin:80 - create IPUIPlugin
2025-09-09 13:00:14,136 [INFO] IPUIPlugin:80 - create IPUIPlugin
2025-09-09 13:00:14,137 [INFO] IPUIPlugin:80 - create IPUIPlugin
2025-09-09 13:00:14,137 [INFO] IPUIPlugin:80 - create IPUIPlugin
2025-09-09 13:00:14,137 [INFO] IPUIPlugin:80 - create IPUIPlugin
2025-09-09 13:00:14,138 [INFO] IPUIPlugin:80 - create IPUIPlugin
2025-09-09 13:00:14,138 [INFO] IPUIPlugin:80 - create IPUIPlugin
2025-09-09 13:00:14,138 [INFO] IPUIPlugin:80 - create IPUIPlugin
2025-09-09 13:00:14,138 [INFO] IPUIPlugin:80 - create IPUIPlugin
2025-09-09 13:00:14,138 [INFO] IPUIPlugin:80 - create IPUIPlugin
2025-09-09 13:00:14,139 [INFO] IPUIPlugin:80 - create IPUIPlugin
2025-09-09 13:00:14,139 [INFO] IPUIPlugin:80 - create IPUIPlugin
2025-09-09 13:00:14,139 [INFO] IPUIPlugin:80 - create IPUIPlugin
2025-09-09 13:00:14,139 [INFO] IPUIPlugin:80 - create IPUIPlugin
2025-09-09 13:00:14,139 [INFO] IPUIPlugin:80 - create IPUIPlugin
2025-09-09 13:00:14,139 [INFO] IPUIPlugin:80 - create IPUIPlugin
2025-09-09 13:00:14,140 [INFO] IPUIPlugin:80 - create IPUIPlugin
2025-09-09 13:00:14,140 [INFO] IPUIPlugin:80 - create IPUIPlugin
2025-09-09 13:00:14,140 [INFO] IPUIPlugin:80 - create IPUIPlugin
2025-09-09 13:00:14,140 [INFO] IPUIPlugin:80 - create IPUIPlugin
2025-09-09 13:00:14,140 [INFO] IPUIPlugin:80 - create IPUIPlugin
2025-09-09 13:00:14,140 [INFO] IPUIPlugin:80 - create IPUIPlugin
2025-09-09 13:00:14,140 [INFO] IPUIPlugin:80 - create IPUIPlugin
2025-09-09 13:00:14,141 [INFO] IPUIPlugin:80 - create IPUIPlugin
2025-09-09 13:00:14,141 [INFO] IPUIPlugin:80 - create IPUIPlugin
2025-09-09 13:00:14,141 [INFO] IPUIPlugin:80 - create IPUIPlugin
2025-09-09 13:00:14,141 [INFO] IPUIPlugin:80 - create IPUIPlugin
2025-09-09 13:00:14,141 [INFO] IPUIPlugin:80 - create IPUIPlugin
2025-09-09 13:00:14,142 [INFO] IPUIPlugin:80 - create IPUIPlugin
2025-09-09 13:00:14,142 [INFO] IPUIPlugin:80 - create IPUIPlugin
2025-09-09 13:00:14,142 [INFO] IPUIPlugin:80 - create IPUIPlugin
2025-09-09 13:00:14,142 [INFO] IPUIPlugin:80 - create IPUIPlugin
2025-09-09 13:00:14,142 [INFO] IPUIPlugin:80 - create IPUIPlugin
2025-09-09 13:00:14,143 [INFO] IPUIPlugin:80 - create IPUIPlugin
2025-09-09 13:00:14,143 [INFO] IPUIPlugin:80 - create IPUIPlugin
2025-09-09 13:00:14,144 [INFO] IPUIPlugin:80 - create IPUIPlugin
2025-09-09 13:00:14,144 [INFO] IPUIPlugin:80 - create IPUIPlugin
2025-09-09 13:00:14,145 [INFO] IPUIPlugin:80 - create IPUIPlugin
2025-09-09 13:00:14,145 [INFO] IPUIPlugin:80 - create IPUIPlugin
2025-09-09 13:00:14,145 [INFO] IPUIPlugin:80 - create IPUIPlugin
2025-09-09 13:00:14,145 [INFO] IPUIPlugin:80 - create IPUIPlugin
2025-09-09 13:00:14,146 [INFO] IPUIPlugin:80 - create IPUIPlugin
2025-09-09 13:00:14,146 [INFO] IPUIPlugin:80 - create IPUIPlugin
2025-09-09 13:00:14,146 [INFO] IPUIPlugin:80 - create IPUIPlugin
2025-09-09 13:00:14,146 [INFO] IPUIPlugin:80 - create IPUIPlugin
2025-09-09 13:00:14,146 [INFO] IPUIPlugin:80 - create IPUIPlugin
2025-09-09 13:00:14,147 [INFO] IPUIPlugin:80 - create IPUIPlugin
2025-09-09 13:00:14,147 [INFO] IPUIPlugin:80 - create IPUIPlugin
2025-09-09 13:00:14,148 [INFO] IPUIPlugin:80 - create IPUIPlugin
2025-09-09 13:00:14,148 [INFO] IPUIPlugin:80 - create IPUIPlugin
2025-09-09 13:00:14,148 [INFO] IPUIPlugin:80 - create IPUIPlugin
2025-09-09 13:00:14,148 [INFO] IPUIPlugin:80 - create IPUIPlugin
2025-09-09 13:00:14,149 [INFO] IPUIPlugin:80 - create IPUIPlugin
2025-09-09 13:00:14,149 [INFO] IPUIPlugin:80 - create IPUIPlugin
2025-09-09 13:00:14,149 [INFO] IPUIPlugin:80 - create IPUIPlugin
2025-09-09 13:00:14,149 [INFO] IPUIPlugin:80 - create IPUIPlugin
2025-09-09 13:00:14,150 [INFO] IPUIPlugin:80 - create IPUIPlugin
2025-09-09 13:00:14,150 [INFO] IPUIPlugin:80 - create IPUIPlugin
2025-09-09 13:00:14,150 [INFO] IPUIPlugin:80 - create IPUIPlugin
2025-09-09 13:00:14,151 [INFO] IPUIPlugin:80 - create IPUIPlugin
2025-09-09 13:00:14,151 [INFO] IPUIPlugin:80 - create IPUIPlugin
2025-09-09 13:00:14,152 [INFO] IPUIPlugin:80 - create IPUIPlugin
2025-09-09 13:00:14,152 [INFO] IPUIPlugin:80 - create IPUIPlugin
2025-09-09 13:00:14,152 [INFO] IPUIPlugin:80 - create IPUIPlugin
2025-09-09 13:00:14,153 [INFO] IPUIPlugin:80 - create IPUIPlugin
2025-09-09 13:00:14,153 [INFO] IPUIPlugin:80 - create IPUIPlugin
2025-09-09 13:00:14,153 [INFO] IPUIPlugin:80 - create IPUIPlugin
2025-09-09 13:00:14,153 [INFO] IPUIPlugin:80 - create IPUIPlugin
2025-09-09 13:00:14,154 [INFO] IPUIPlugin:80 - create IPUIPlugin
2025-09-09 13:00:14,154 [INFO] IPUIPlugin:80 - create IPUIPlugin
2025-09-09 13:00:14,154 [INFO] IPUIPlugin:80 - create IPUIPlugin
2025-09-09 13:00:14,155 [INFO] IPUIPlugin:80 - create IPUIPlugin
2025-09-09 13:00:14,155 [INFO] IPUIPlugin:80 - create IPUIPlugin
2025-09-09 13:00:14,155 [INFO] IPUIPlugin:80 - create IPUIPlugin
2025-09-09 13:00:14,253 [INFO] ApiDbMcu:532 - Load IP Config File for PDM2PCM
2025-09-09 13:00:14,450 [INFO] CADModel:165 - CPN selected for project levelSTM32F767ZIT6
2025-09-09 13:00:14,450 [INFO] CADModel:114 - Register for checkConnection events
2025-09-09 13:00:14,496 [INFO] OpenFileManager:386 - Restore cursor
2025-09-09 13:00:16,991 [INFO] UtilMem:75 - End SaveConfig() Used Memory: 806852616 Bytes (1073741824)
2025-09-09 13:00:17,085 [INFO] UtilMem:75 - End SaveConfig() Used Memory: 839344496 Bytes (1073741824)
2025-09-09 13:00:17,565 [INFO] BlockDiagram:2775 - set Specific Code input for plugin: RCC
2025-09-09 13:00:17,566 [INFO] BlockDiagram:2775 - set Specific Code input for plugin: NVIC
2025-09-09 13:00:17,566 [INFO] BlockDiagram:2775 - set Specific Code input for plugin: CORTEX_M7
2025-09-09 13:00:17,570 [INFO] CodeGenerator:892 - code generatio: config db path: C:\ST\STM32CubeIDE_1.19.0\STM32CubeIDE\plugins\com.st.stm32cube.common.mx_6.15.0.202507011659\\db\
2025-09-09 13:00:17,858 [INFO] CodeEngine:265 - oldGeneratedFile, C:\Users\USERIT\STM32CubeIDE\MAD_Lab\Lab_07\MXTmpFiles\license.tmp_save
2025-09-09 13:00:18,336 [INFO] CodeEngine:289 - Generated code: C:\Users\USERIT\STM32CubeIDE\MAD_Lab\Lab_07\MXTmpFiles\license.tmp
2025-09-09 13:00:18,461 [INFO] CodeEngine:265 - oldGeneratedFile, C:\Users\USERIT\STM32CubeIDE\MAD_Lab\Lab_07\MXTmpFiles\cortex.tmp_save
2025-09-09 13:00:18,662 [INFO] CodeEngine:289 - Generated code: C:\Users\USERIT\STM32CubeIDE\MAD_Lab\Lab_07\MXTmpFiles\cortex.tmp
2025-09-09 13:00:18,689 [INFO] CodeEngine:265 - oldGeneratedFile, C:\Users\USERIT\STM32CubeIDE\MAD_Lab\Lab_07\Core\Src\stm32f7xx_it.c_save
2025-09-09 13:00:18,885 [INFO] CodeEngine:289 - Generated code: C:\Users\USERIT\STM32CubeIDE\MAD_Lab\Lab_07\Core\Src\stm32f7xx_it.c
2025-09-09 13:00:18,905 [INFO] CodeEngine:265 - oldGeneratedFile, C:\Users\USERIT\STM32CubeIDE\MAD_Lab\Lab_07\Core\Inc\stm32f7xx_it.h_save
2025-09-09 13:00:18,996 [INFO] CodeEngine:289 - Generated code: C:\Users\USERIT\STM32CubeIDE\MAD_Lab\Lab_07\Core\Inc\stm32f7xx_it.h
2025-09-09 13:00:19,046 [INFO] CodeEngine:265 - oldGeneratedFile, C:\Users\USERIT\STM32CubeIDE\MAD_Lab\Lab_07\Core\Src\stm32f7xx_hal_msp.c_save
2025-09-09 13:00:19,209 [INFO] CodeEngine:289 - Generated code: C:\Users\USERIT\STM32CubeIDE\MAD_Lab\Lab_07\Core\Src\stm32f7xx_hal_msp.c
2025-09-09 13:00:19,225 [INFO] CodeEngine:265 - oldGeneratedFile, C:\Users\USERIT\STM32CubeIDE\MAD_Lab\Lab_07\MXTmpFiles\system.tmp_save
2025-09-09 13:00:19,296 [INFO] CodeEngine:289 - Generated code: C:\Users\USERIT\STM32CubeIDE\MAD_Lab\Lab_07\MXTmpFiles\system.tmp
2025-09-09 13:00:19,321 [INFO] CodeEngine:321 - oldGeneratedFile, C:\Users\USERIT\STM32CubeIDE\MAD_Lab\Lab_07\Core\Inc\stm32f7xx_hal_conf.h_save
2025-09-09 13:00:19,466 [INFO] CodeEngine:345 - Generated code: C:\Users\USERIT\STM32CubeIDE\MAD_Lab\Lab_07\Core\Inc\stm32f7xx_hal_conf.h
2025-09-09 13:00:19,531 [INFO] ApiDbMcu:532 - Load IP Config File for RCC
2025-09-09 13:00:19,544 [INFO] CodeEngine:265 - oldGeneratedFile, C:\Users\USERIT\STM32CubeIDE\MAD_Lab\Lab_07\Core\Inc\main.h_save
2025-09-09 13:00:19,690 [INFO] CodeEngine:289 - Generated code: C:\Users\USERIT\STM32CubeIDE\MAD_Lab\Lab_07\Core\Inc\main.h
2025-09-09 13:00:19,705 [INFO] CodeEngine:265 - oldGeneratedFile, C:\Users\USERIT\STM32CubeIDE\MAD_Lab\Lab_07\Core\Src\main.c_save
2025-09-09 13:00:19,833 [INFO] CodeEngine:289 - Generated code: C:\Users\USERIT\STM32CubeIDE\MAD_Lab\Lab_07\Core\Src\main.c
2025-09-09 13:00:20,150 [INFO] ProjectBuilder:3606 - Time for Copy HAL[1] : 139mS.
2025-09-09 13:00:20,156 [INFO] ProjectBuilder:5216 - Project Generator version: 4.7.0-B52
2025-09-09 13:00:20,248 [INFO] ConfigFileManager:1595 - The Die is : DIE451
2025-09-09 13:00:20,270 [INFO] ApiDbMcu:532 - Load IP Config File for FATFS
2025-09-09 13:00:20,286 [INFO] ApiDbMcu:532 - Load IP Config File for FREERTOS
2025-09-09 13:00:20,299 [INFO] ApiDbMcu:532 - Load IP Config File for LIBJPEG
2025-09-09 13:00:20,313 [INFO] ApiDbMcu:532 - Load IP Config File for LWIP
2025-09-09 13:00:20,328 [INFO] ApiDbMcu:532 - Load IP Config File for MBEDTLS
2025-09-09 13:00:20,344 [INFO] ApiDbMcu:532 - Load IP Config File for USB_DEVICE
2025-09-09 13:00:20,357 [INFO] ApiDbMcu:532 - Load IP Config File for USB_HOST
2025-09-09 13:00:21,362 [INFO] LogOutputStream:77 - [STDOUT_REDIRECT] 
2025-09-09 13:00:24,556 [INFO] ProjectBuilder:5496 - Time for Generating toolchain IDE Files: 4400mS.
2025-09-09 13:00:24,557 [INFO] ProjectBuilder:3463 - Time for Copy CMSIS : 1mS.
2025-09-09 13:00:24,559 [INFO] ProjectBuilder:3463 - Time for Copy CMSIS : 0mS.
2025-09-09 13:00:25,960 [INFO] McuFinderGlobals:76 - Set McuFinderConnectedMode to true
2025-09-09 13:00:25,964 [INFO] ApiDb:448 - Save user favorites file C:\Users\USERIT/.stm32cubeide/favorites.mcus.txt: 1 item(s)
2025-09-09 13:00:25,964 [INFO] ApiDb:452 - User favorites MCUs=[STM32F767ZIT6]
2025-09-09 13:05:25,514 [INFO] NvicIntPanel:101 - NVIC parent = com.st.microxplorer.plugins.ip.nvic.MultiNvicIntPanel[,0,0,1128x240,layout=javax.swing.BoxLayout,alignmentX=0.0,alignmentY=0.0,border=,flags=9,maximumSize=,minimumSize=,preferredSize=]
2025-09-09 13:05:29,951 [INFO] UtilMem:75 - End SaveConfig() Used Memory: 711076128 Bytes (1073741824)
2025-09-09 13:05:31,062 [INFO] UtilMem:75 - End SaveConfig() Used Memory: 812256360 Bytes (1073741824)
2025-09-09 13:05:31,657 [INFO] BlockDiagram:2775 - set Specific Code input for plugin: TIM1_8F77
2025-09-09 13:05:31,658 [INFO] BlockDiagram:2775 - set Specific Code input for plugin: SYS
2025-09-09 13:05:31,658 [INFO] BlockDiagram:2775 - set Specific Code input for plugin: RCC
2025-09-09 13:05:31,658 [INFO] BlockDiagram:2775 - set Specific Code input for plugin: NVIC
2025-09-09 13:05:31,659 [INFO] BlockDiagram:2775 - set Specific Code input for plugin: CORTEX_M7
2025-09-09 13:05:31,659 [INFO] BlockDiagram:2775 - set Specific Code input for plugin: GPIO
2025-09-09 13:05:31,664 [INFO] CodeGenerator:892 - code generatio: config db path: C:\ST\STM32CubeIDE_1.19.0\STM32CubeIDE\plugins\com.st.stm32cube.common.mx_6.15.0.202507011659\\db\
2025-09-09 13:05:31,895 [INFO] CodeEngine:265 - oldGeneratedFile, C:\Users\USERIT\STM32CubeIDE\MAD_Lab\Lab_07\MXTmpFiles\license.tmp_save
2025-09-09 13:05:32,095 [INFO] CodeEngine:289 - Generated code: C:\Users\USERIT\STM32CubeIDE\MAD_Lab\Lab_07\MXTmpFiles\license.tmp
2025-09-09 13:05:32,157 [INFO] CodeEngine:265 - oldGeneratedFile, C:\Users\USERIT\STM32CubeIDE\MAD_Lab\Lab_07\MXTmpFiles\gpio.tmp_save
2025-09-09 13:05:32,309 [INFO] CodeEngine:289 - Generated code: C:\Users\USERIT\STM32CubeIDE\MAD_Lab\Lab_07\MXTmpFiles\gpio.tmp
2025-09-09 13:05:32,572 [INFO] CodeEngine:265 - oldGeneratedFile, C:\Users\USERIT\STM32CubeIDE\MAD_Lab\Lab_07\MXTmpFiles\cortex.tmp_save
2025-09-09 13:05:32,695 [INFO] CodeEngine:289 - Generated code: C:\Users\USERIT\STM32CubeIDE\MAD_Lab\Lab_07\MXTmpFiles\cortex.tmp
2025-09-09 13:05:32,715 [INFO] CodeEngine:265 - oldGeneratedFile, C:\Users\USERIT\STM32CubeIDE\MAD_Lab\Lab_07\Core\Src\stm32f7xx_it.c_save
2025-09-09 13:05:32,867 [INFO] CodeEngine:289 - Generated code: C:\Users\USERIT\STM32CubeIDE\MAD_Lab\Lab_07\Core\Src\stm32f7xx_it.c
2025-09-09 13:05:32,875 [INFO] CodeEngine:265 - oldGeneratedFile, C:\Users\USERIT\STM32CubeIDE\MAD_Lab\Lab_07\Core\Inc\stm32f7xx_it.h_save
2025-09-09 13:05:32,946 [INFO] CodeEngine:289 - Generated code: C:\Users\USERIT\STM32CubeIDE\MAD_Lab\Lab_07\Core\Inc\stm32f7xx_it.h
2025-09-09 13:05:32,992 [INFO] CodeEngine:265 - oldGeneratedFile, C:\Users\USERIT\STM32CubeIDE\MAD_Lab\Lab_07\Core\Src\stm32f7xx_hal_msp.c_save
2025-09-09 13:05:33,217 [INFO] CodeEngine:289 - Generated code: C:\Users\USERIT\STM32CubeIDE\MAD_Lab\Lab_07\Core\Src\stm32f7xx_hal_msp.c
2025-09-09 13:05:33,224 [INFO] CodeEngine:265 - oldGeneratedFile, C:\Users\USERIT\STM32CubeIDE\MAD_Lab\Lab_07\MXTmpFiles\system.tmp_save
2025-09-09 13:05:33,295 [INFO] CodeEngine:289 - Generated code: C:\Users\USERIT\STM32CubeIDE\MAD_Lab\Lab_07\MXTmpFiles\system.tmp
2025-09-09 13:05:33,311 [INFO] CodeEngine:321 - oldGeneratedFile, C:\Users\USERIT\STM32CubeIDE\MAD_Lab\Lab_07\Core\Inc\stm32f7xx_hal_conf.h_save
2025-09-09 13:05:33,480 [INFO] CodeEngine:345 - Generated code: C:\Users\USERIT\STM32CubeIDE\MAD_Lab\Lab_07\Core\Inc\stm32f7xx_hal_conf.h
2025-09-09 13:05:33,524 [INFO] ApiDbMcu:532 - Load IP Config File for TIM2
2025-09-09 13:05:33,526 [WARN] IPConfigManager:3811 - IP not found : TIM
2025-09-09 13:05:33,527 [WARN] CodeGenerator:4259 - IP not found : null
2025-09-09 13:05:33,539 [INFO] CodeEngine:265 - oldGeneratedFile, C:\Users\USERIT\STM32CubeIDE\MAD_Lab\Lab_07\Core\Inc\main.h_save
2025-09-09 13:05:33,666 [INFO] CodeEngine:289 - Generated code: C:\Users\USERIT\STM32CubeIDE\MAD_Lab\Lab_07\Core\Inc\main.h
2025-09-09 13:05:33,674 [INFO] CodeEngine:265 - oldGeneratedFile, C:\Users\USERIT\STM32CubeIDE\MAD_Lab\Lab_07\Core\Src\main.c_save
2025-09-09 13:05:33,822 [INFO] CodeEngine:289 - Generated code: C:\Users\USERIT\STM32CubeIDE\MAD_Lab\Lab_07\Core\Src\main.c
2025-09-09 13:05:34,178 [INFO] ProjectBuilder:3606 - Time for Copy HAL[1] : 177mS.
2025-09-09 13:05:34,181 [INFO] ProjectBuilder:5216 - Project Generator version: 4.7.0-B52
2025-09-09 13:05:34,268 [INFO] ConfigFileManager:1595 - The Die is : DIE451
2025-09-09 13:05:35,988 [INFO] ProjectBuilder:5496 - Time for Generating toolchain IDE Files: 1807mS.
2025-09-09 13:05:35,990 [INFO] ProjectBuilder:3463 - Time for Copy CMSIS : 1mS.
2025-09-09 13:05:35,992 [INFO] ProjectBuilder:3463 - Time for Copy CMSIS : 0mS.
2025-09-09 13:06:03,891 [INFO] NvicIntPanel:101 - NVIC parent = com.st.microxplorer.plugins.ip.nvic.MultiNvicIntPanel[,0,0,0x0,invalid,layout=javax.swing.BoxLayout,alignmentX=0.0,alignmentY=0.0,border=,flags=9,maximumSize=,minimumSize=,preferredSize=]
2025-09-09 13:06:13,530 [INFO] Gpio:278 - dependency for GPIO []
2025-09-09 13:07:24,381 [INFO] Gpio:278 - dependency for GPIO []
2025-09-09 13:07:24,437 [INFO] NvicIntPanel:101 - NVIC parent = com.st.microxplorer.plugins.ip.nvic.MultiNvicIntPanel[,0,0,0x0,invalid,layout=javax.swing.BoxLayout,alignmentX=0.0,alignmentY=0.0,border=,flags=9,maximumSize=,minimumSize=,preferredSize=]
2025-09-09 13:15:16,735 [INFO] UtilMem:75 - End SaveConfig() Used Memory: 387581496 Bytes (1073741824)
2025-09-09 13:15:17,455 [INFO] UtilMem:75 - End SaveConfig() Used Memory: 432781320 Bytes (1073741824)
2025-09-09 13:15:17,996 [INFO] BlockDiagram:2775 - set Specific Code input for plugin: TIM1_8F77
2025-09-09 13:15:17,997 [INFO] BlockDiagram:2775 - set Specific Code input for plugin: SYS
2025-09-09 13:15:17,998 [INFO] BlockDiagram:2775 - set Specific Code input for plugin: RCC
2025-09-09 13:15:17,998 [INFO] BlockDiagram:2775 - set Specific Code input for plugin: NVIC
2025-09-09 13:15:17,998 [INFO] BlockDiagram:2775 - set Specific Code input for plugin: CORTEX_M7
2025-09-09 13:15:17,998 [INFO] BlockDiagram:2775 - set Specific Code input for plugin: GPIO
2025-09-09 13:15:18,000 [INFO] CodeGenerator:892 - code generatio: config db path: C:\ST\STM32CubeIDE_1.19.0\STM32CubeIDE\plugins\com.st.stm32cube.common.mx_6.15.0.202507011659\\db\
2025-09-09 13:15:18,229 [INFO] CodeEngine:265 - oldGeneratedFile, C:\Users\USERIT\STM32CubeIDE\MAD_Lab\Lab_07\MXTmpFiles\license.tmp_save
2025-09-09 13:15:18,434 [INFO] CodeEngine:289 - Generated code: C:\Users\USERIT\STM32CubeIDE\MAD_Lab\Lab_07\MXTmpFiles\license.tmp
2025-09-09 13:15:18,474 [INFO] CodeEngine:265 - oldGeneratedFile, C:\Users\USERIT\STM32CubeIDE\MAD_Lab\Lab_07\Core\Src\gpio.c_save
2025-09-09 13:15:18,636 [INFO] CodeEngine:289 - Generated code: C:\Users\USERIT\STM32CubeIDE\MAD_Lab\Lab_07\Core\Src\gpio.c
2025-09-09 13:15:18,657 [INFO] CodeEngine:265 - oldGeneratedFile, C:\Users\USERIT\STM32CubeIDE\MAD_Lab\Lab_07\Core\Inc\gpio.h_save
2025-09-09 13:15:18,768 [INFO] CodeEngine:289 - Generated code: C:\Users\USERIT\STM32CubeIDE\MAD_Lab\Lab_07\Core\Inc\gpio.h
2025-09-09 13:15:18,853 [INFO] CodeEngine:265 - oldGeneratedFile, C:\Users\USERIT\STM32CubeIDE\MAD_Lab\Lab_07\MXTmpFiles\cortex.tmp_save
2025-09-09 13:15:18,975 [INFO] CodeEngine:289 - Generated code: C:\Users\USERIT\STM32CubeIDE\MAD_Lab\Lab_07\MXTmpFiles\cortex.tmp
2025-09-09 13:15:18,993 [INFO] CodeEngine:265 - oldGeneratedFile, C:\Users\USERIT\STM32CubeIDE\MAD_Lab\Lab_07\Core\Src\tim.c_save
2025-09-09 13:15:19,186 [INFO] CodeEngine:289 - Generated code: C:\Users\USERIT\STM32CubeIDE\MAD_Lab\Lab_07\Core\Src\tim.c
2025-09-09 13:15:19,208 [INFO] CodeEngine:265 - oldGeneratedFile, C:\Users\USERIT\STM32CubeIDE\MAD_Lab\Lab_07\Core\Inc\tim.h_save
2025-09-09 13:15:19,316 [INFO] CodeEngine:289 - Generated code: C:\Users\USERIT\STM32CubeIDE\MAD_Lab\Lab_07\Core\Inc\tim.h
2025-09-09 13:15:19,352 [INFO] CodeEngine:265 - oldGeneratedFile, C:\Users\USERIT\STM32CubeIDE\MAD_Lab\Lab_07\Core\Src\stm32f7xx_it.c_save
2025-09-09 13:15:19,496 [INFO] CodeEngine:289 - Generated code: C:\Users\USERIT\STM32CubeIDE\MAD_Lab\Lab_07\Core\Src\stm32f7xx_it.c
2025-09-09 13:15:19,505 [INFO] CodeEngine:265 - oldGeneratedFile, C:\Users\USERIT\STM32CubeIDE\MAD_Lab\Lab_07\Core\Inc\stm32f7xx_it.h_save
2025-09-09 13:15:19,574 [INFO] CodeEngine:289 - Generated code: C:\Users\USERIT\STM32CubeIDE\MAD_Lab\Lab_07\Core\Inc\stm32f7xx_it.h
2025-09-09 13:15:19,593 [INFO] CodeEngine:265 - oldGeneratedFile, C:\Users\USERIT\STM32CubeIDE\MAD_Lab\Lab_07\Core\Src\stm32f7xx_hal_msp.c_save
2025-09-09 13:15:19,744 [INFO] CodeEngine:289 - Generated code: C:\Users\USERIT\STM32CubeIDE\MAD_Lab\Lab_07\Core\Src\stm32f7xx_hal_msp.c
2025-09-09 13:15:19,751 [INFO] CodeEngine:265 - oldGeneratedFile, C:\Users\USERIT\STM32CubeIDE\MAD_Lab\Lab_07\MXTmpFiles\system.tmp_save
2025-09-09 13:15:19,816 [INFO] CodeEngine:289 - Generated code: C:\Users\USERIT\STM32CubeIDE\MAD_Lab\Lab_07\MXTmpFiles\system.tmp
2025-09-09 13:15:19,833 [INFO] CodeEngine:321 - oldGeneratedFile, C:\Users\USERIT\STM32CubeIDE\MAD_Lab\Lab_07\Core\Inc\stm32f7xx_hal_conf.h_save
2025-09-09 13:15:19,996 [INFO] CodeEngine:345 - Generated code: C:\Users\USERIT\STM32CubeIDE\MAD_Lab\Lab_07\Core\Inc\stm32f7xx_hal_conf.h
2025-09-09 13:15:20,036 [INFO] CodeEngine:265 - oldGeneratedFile, C:\Users\USERIT\STM32CubeIDE\MAD_Lab\Lab_07\Core\Inc\main.h_save
2025-09-09 13:15:20,181 [INFO] CodeEngine:289 - Generated code: C:\Users\USERIT\STM32CubeIDE\MAD_Lab\Lab_07\Core\Inc\main.h
2025-09-09 13:15:20,190 [INFO] CodeEngine:265 - oldGeneratedFile, C:\Users\USERIT\STM32CubeIDE\MAD_Lab\Lab_07\Core\Src\main.c_save
2025-09-09 13:15:20,331 [INFO] CodeEngine:289 - Generated code: C:\Users\USERIT\STM32CubeIDE\MAD_Lab\Lab_07\Core\Src\main.c
2025-09-09 13:15:20,694 [INFO] ProjectBuilder:3606 - Time for Copy HAL[1] : 182mS.
2025-09-09 13:15:20,698 [INFO] ProjectBuilder:5216 - Project Generator version: 4.7.0-B52
2025-09-09 13:15:20,797 [INFO] ConfigFileManager:1595 - The Die is : DIE451
2025-09-09 13:15:22,041 [INFO] ProjectBuilder:5496 - Time for Generating toolchain IDE Files: 1343mS.
2025-09-09 13:15:22,043 [INFO] ProjectBuilder:3463 - Time for Copy CMSIS : 0mS.
2025-09-09 13:15:22,046 [INFO] ProjectBuilder:3463 - Time for Copy CMSIS : 1mS.
2025-09-09 13:21:42,904 [ERROR] LogOutputStream:75 - [STDERR_REDIRECT] 
2025-09-09 13:22:19,237 [INFO] Activator:176 - 


2025-09-09 13:22:19,239 [INFO] Activator:177 - !SESSION log4j initialized
2025-09-09 13:22:22,816 [INFO] LogOutputStream:77 - [STDOUT_REDIRECT] 
2025-09-09 13:22:25,875 [INFO] ApplicationProperties:184 - Using Application install path: C:\ST\STM32CubeIDE_1.19.0\STM32CubeIDE\plugins\com.st.stm32cube.common.mx_6.15.0.202507011659
2025-09-09 13:22:25,890 [INFO] DbMcusXml:78 - Set database path to: C:\ST\STM32CubeIDE_1.19.0\STM32CubeIDE\plugins\com.st.stm32cube.common.mx_6.15.0.202507011659\\db\/mcu/
2025-09-09 13:22:25,891 [INFO] ApiDb:274 - Set plugin database path to: C:\ST\STM32CubeIDE_1.19.0\STM32CubeIDE\plugins\com.st.stm32cube.common.mx_6.15.0.202507011659\\db\/plugins/boardmanager/
2025-09-09 13:22:25,891 [WARN] ApiDb:259 - Overriding images path with different value:  => C:\ST\STM32CubeIDE_1.19.0\STM32CubeIDE\plugins\com.st.stm32cube.common.mx_6.15.0.202507011659\\db\/plugins/mcufinder/images/
2025-09-09 13:22:25,897 [INFO] ApiDb:250 - Set database path to: C:\Users\USERIT\.stmcufinder\plugins\mcufinder//mcu/
2025-09-09 13:22:25,898 [INFO] DbMcusAds:125 - Set database path to: C:\Users\USERIT\.stmcufinder\plugins\mcufinder//mcu/
2025-09-09 13:22:25,900 [INFO] CrossReferenceDbSqlite:203 - Set database path to: C:\Users\USERIT\.stmcufinder\plugins\mcufinder//mcu/cs/
2025-09-09 13:22:26,020 [INFO] RulesReader:64 - Compatibility file has been processed (317 Rules)
2025-09-09 13:22:26,098 [INFO] DbMcusXml:78 - Set database path to: C:\ST\STM32CubeIDE_1.19.0\STM32CubeIDE\plugins\com.st.stm32cube.common.mx_6.15.0.202507011659\\db\/mcu/
2025-09-09 13:22:26,098 [INFO] ApiDb:274 - Set plugin database path to: C:\ST\STM32CubeIDE_1.19.0\STM32CubeIDE\plugins\com.st.stm32cube.common.mx_6.15.0.202507011659\\db\/plugins/boardmanager/
2025-09-09 13:22:26,098 [INFO] ApiDb:261 - Set plugin images path to: C:\ST\STM32CubeIDE_1.19.0\STM32CubeIDE\plugins\com.st.stm32cube.common.mx_6.15.0.202507011659\\db\/plugins/mcufinder/images/
2025-09-09 13:22:26,098 [WARN] DbFile:41 - Overriding database path with different value: C:\Users\USERIT\.stmcufinder\plugins\mcufinder/ => C:\Users\USERIT\.stmcufinder\plugins\mcufinder
2025-09-09 13:22:26,099 [INFO] ApiDb:250 - Set database path to: C:\Users\USERIT\.stmcufinder\plugins\mcufinder//mcu/
2025-09-09 13:22:26,099 [WARN] DbFile:41 - Overriding database path with different value: C:\Users\USERIT\.stmcufinder\plugins\mcufinder/ => C:\Users\USERIT\.stmcufinder\plugins\mcufinder
2025-09-09 13:22:26,099 [INFO] DbMcusAds:125 - Set database path to: C:\Users\USERIT\.stmcufinder\plugins\mcufinder//mcu/
2025-09-09 13:22:26,099 [WARN] DbFile:41 - Overriding database path with different value: C:\Users\USERIT\.stmcufinder\plugins\mcufinder/ => C:\Users\USERIT\.stmcufinder\plugins\mcufinder
2025-09-09 13:22:26,099 [WARN] DbFile:41 - Overriding database path with different value: C:\Users\USERIT\.stmcufinder\plugins\mcufinder/ => C:\Users\USERIT\.stmcufinder\plugins\mcufinder
2025-09-09 13:22:26,099 [INFO] CrossReferenceDbSqlite:203 - Set database path to: C:\Users\USERIT\.stmcufinder\plugins\mcufinder//mcu/cs/
2025-09-09 13:22:26,168 [INFO] MainPanel:274 - HeapMemory: 268435456
2025-09-09 13:22:26,263 [INFO] DbMcusXml:78 - Set database path to: C:\ST\STM32CubeIDE_1.19.0\STM32CubeIDE\plugins\com.st.stm32cube.common.mx_6.15.0.202507011659\\db\/mcu/
2025-09-09 13:22:26,264 [INFO] ApiDb:274 - Set plugin database path to: C:\ST\STM32CubeIDE_1.19.0\STM32CubeIDE\plugins\com.st.stm32cube.common.mx_6.15.0.202507011659\\db\/plugins/boardmanager/
2025-09-09 13:22:26,264 [INFO] ApiDb:261 - Set plugin images path to: C:\ST\STM32CubeIDE_1.19.0\STM32CubeIDE\plugins\com.st.stm32cube.common.mx_6.15.0.202507011659\\db\/plugins/mcufinder/images/
2025-09-09 13:22:26,265 [WARN] DbFile:41 - Overriding database path with different value: C:\Users\USERIT\.stmcufinder\plugins\mcufinder/ => C:\Users\USERIT\.stmcufinder\plugins\mcufinder
2025-09-09 13:22:26,265 [INFO] ApiDb:250 - Set database path to: C:\Users\USERIT\.stmcufinder\plugins\mcufinder//mcu/
2025-09-09 13:22:26,265 [WARN] DbFile:41 - Overriding database path with different value: C:\Users\USERIT\.stmcufinder\plugins\mcufinder/ => C:\Users\USERIT\.stmcufinder\plugins\mcufinder
2025-09-09 13:22:26,265 [INFO] DbMcusAds:125 - Set database path to: C:\Users\USERIT\.stmcufinder\plugins\mcufinder//mcu/
2025-09-09 13:22:26,265 [WARN] DbFile:41 - Overriding database path with different value: C:\Users\USERIT\.stmcufinder\plugins\mcufinder/ => C:\Users\USERIT\.stmcufinder\plugins\mcufinder
2025-09-09 13:22:26,265 [WARN] DbFile:41 - Overriding database path with different value: C:\Users\USERIT\.stmcufinder\plugins\mcufinder/ => C:\Users\USERIT\.stmcufinder\plugins\mcufinder
2025-09-09 13:22:26,266 [INFO] CrossReferenceDbSqlite:203 - Set database path to: C:\Users\USERIT\.stmcufinder\plugins\mcufinder//mcu/cs/
2025-09-09 13:22:26,281 [INFO] ApplicationProperties:184 - Using Application install path: C:\ST\STM32CubeIDE_1.19.0\STM32CubeIDE\plugins\com.st.stm32cube.common.mx_6.15.0.202507011659
2025-09-09 13:22:26,282 [INFO] PluginManage:196 - Search for loadable plugins [exclusion list=, ]
2025-09-09 13:22:26,283 [INFO] PluginManage:310 - Check plugin analytics
2025-09-09 13:22:26,452 [INFO] AnalyticsPlugin:253 - Accepted Software Licenses: 
2025-09-09 13:22:26,453 [INFO] AnalyticsPlugin:255 - Accepted CMSIS Pack Licenses: 
2025-09-09 13:22:26,453 [INFO] AnalyticsPlugin:257 - Accepted Firmware Licenses: FW.F7.1.17.0
2025-09-09 13:22:26,453 [INFO] PluginManage:359 - Loaded plugin analytics (category:tool,tabindex:-1)
2025-09-09 13:22:26,454 [INFO] PluginManage:310 - Check plugin cadmodel
2025-09-09 13:22:26,458 [INFO] CADModel:105 - Init CAD model plugin
2025-09-09 13:22:26,458 [INFO] PluginManage:359 - Loaded plugin cadmodel (category:power,tabindex:5)
2025-09-09 13:22:26,459 [INFO] PluginManage:310 - Check plugin clock
2025-09-09 13:22:26,465 [INFO] PluginManage:359 - Loaded plugin clock (category:base,tabindex:2)
2025-09-09 13:22:26,465 [INFO] PluginManage:310 - Check plugin ddr
2025-09-09 13:22:26,467 [INFO] PluginManage:359 - Loaded plugin ddr (category:tool,tabindex:6)
2025-09-09 13:22:26,467 [INFO] PluginManage:310 - Check plugin filemanager
2025-09-09 13:22:26,584 [INFO] PluginManage:359 - Loaded plugin filemanager (category:base,tabindex:10)
2025-09-09 13:22:26,584 [INFO] PluginManage:310 - Check plugin ipmanager
2025-09-09 13:22:26,590 [INFO] PluginManage:359 - Loaded plugin ipmanager (category:base,tabindex:5)
2025-09-09 13:22:26,591 [INFO] PluginManage:310 - Check plugin lpbam
2025-09-09 13:22:26,598 [INFO] PluginManage:359 - Loaded plugin lpbam (category:base,tabindex:0)
2025-09-09 13:22:26,598 [INFO] PluginManage:310 - Check plugin memorymap
2025-09-09 13:22:26,611 [INFO] PluginManage:359 - Loaded plugin memorymap (category:base,tabindex:4)
2025-09-09 13:22:26,611 [INFO] PluginManage:310 - Check plugin pinoutandconfiguration
2025-09-09 13:22:26,619 [INFO] PluginManage:359 - Loaded plugin pinoutandconfiguration (category:base,tabindex:1)
2025-09-09 13:22:26,620 [INFO] PluginManage:310 - Check plugin pinoutconfig
2025-09-09 13:22:26,698 [WARN] SupportedApi:132 - Cannot load RTOS API schema: s4s-elt-must-match.1: The content of 'definitions' must match (annotation?, (simpleType | complexType)?, (unique | key | keyref)*)). A problem was found starting at: attribute.
2025-09-09 13:22:26,818 [INFO] PluginManage:359 - Loaded plugin pinoutconfig (category:base,tabindex:0)
2025-09-09 13:22:26,818 [INFO] PluginManage:310 - Check plugin power
2025-09-09 13:22:26,826 [INFO] PluginManage:359 - Loaded plugin power (category:power,tabindex:4)
2025-09-09 13:22:26,827 [INFO] PluginManage:310 - Check plugin projectmanager
2025-09-09 13:22:26,842 [INFO] PluginManage:359 - Loaded plugin projectmanager (category:projectmanager,tabindex:4)
2025-09-09 13:22:26,842 [INFO] PluginManage:310 - Check plugin rif
2025-09-09 13:22:26,856 [INFO] PluginManage:359 - Loaded plugin rif (category:base,tabindex:3)
2025-09-09 13:22:26,856 [INFO] PluginManage:310 - Check plugin thirdparty
2025-09-09 13:22:27,034 [INFO] PluginManage:359 - Loaded plugin thirdparty (category:base,tabindex:-1)
2025-09-09 13:22:27,034 [WARN] IntegrityCheckThread:84 - waiting for thirdparty lock release [integrity check]
2025-09-09 13:22:27,034 [INFO] PluginManage:310 - Check plugin tools
2025-09-09 13:22:27,034 [INFO] IntegrityCheckThread:86 - entering critical section [integrity check]
2025-09-09 13:22:27,035 [INFO] ThirdPartyUpdaterWithRetryManager:70 - Updater plugin not ready yet. [1/15]
2025-09-09 13:22:27,038 [INFO] PluginManage:359 - Loaded plugin tools (category:base,tabindex:7)
2025-09-09 13:22:27,038 [INFO] PluginManage:310 - Check plugin tutovideos
2025-09-09 13:22:27,341 [INFO] PluginManage:359 - Loaded plugin tutovideos (category:base,tabindex:-1)
2025-09-09 13:22:27,341 [INFO] PluginManage:310 - Check plugin updater
2025-09-09 13:22:27,372 [INFO] PluginManage:359 - Loaded plugin updater (category:base,tabindex:12)
2025-09-09 13:22:27,372 [INFO] PluginManage:310 - Check plugin userauth
2025-09-09 13:22:27,376 [INFO] UserAuth:118 - Init User Auth plugin
2025-09-09 13:22:27,377 [INFO] PluginManage:359 - Loaded plugin userauth (category:base,tabindex:14)
2025-09-09 13:22:27,378 [INFO] PluginManage:283 - PluginManage : Loaded plugins [18]
2025-09-09 13:22:27,589 [INFO] PinOutPanel:1589 - setPackage(No Configuration,No Configuration)
2025-09-09 13:22:27,672 [INFO] CADModel:165 - CPN selected for project level
2025-09-09 13:22:27,672 [INFO] CADModel:114 - Register for checkConnection events
2025-09-09 13:22:27,686 [INFO] IPUIPlugin:80 - create IPUIPlugin
2025-09-09 13:22:27,686 [INFO] PluginManager:220 - loadIPPluginJar : add adc
2025-09-09 13:22:27,689 [INFO] IPUIPlugin:80 - create IPUIPlugin
2025-09-09 13:22:27,689 [INFO] PluginManager:220 - loadIPPluginJar : add aes
2025-09-09 13:22:27,691 [INFO] IPUIPlugin:80 - create IPUIPlugin
2025-09-09 13:22:27,691 [INFO] PluginManager:220 - loadIPPluginJar : add can
2025-09-09 13:22:27,692 [INFO] IPUIPlugin:80 - create IPUIPlugin
2025-09-09 13:22:27,693 [INFO] PluginManager:220 - loadIPPluginJar : add comp
2025-09-09 13:22:27,695 [INFO] IPUIPlugin:80 - create IPUIPlugin
2025-09-09 13:22:27,695 [INFO] PluginManager:220 - loadIPPluginJar : add cryp
2025-09-09 13:22:27,698 [INFO] IPUIPlugin:80 - create IPUIPlugin
2025-09-09 13:22:27,698 [INFO] PluginManager:220 - loadIPPluginJar : add ddr_ctrl_phy
2025-09-09 13:22:27,700 [INFO] IPUIPlugin:80 - create IPUIPlugin
2025-09-09 13:22:27,700 [INFO] PluginManager:220 - loadIPPluginJar : add dfsdm
2025-09-09 13:22:27,704 [INFO] IPUIPlugin:80 - create IPUIPlugin
2025-09-09 13:22:27,705 [INFO] PluginManager:220 - loadIPPluginJar : add dma
2025-09-09 13:22:27,706 [INFO] IPUIPlugin:80 - create IPUIPlugin
2025-09-09 13:22:27,706 [INFO] PluginManager:220 - loadIPPluginJar : add dma3
2025-09-09 13:22:27,709 [INFO] IPUIPlugin:80 - create IPUIPlugin
2025-09-09 13:22:27,709 [INFO] PluginManager:220 - loadIPPluginJar : add extmemmanager
2025-09-09 13:22:27,710 [INFO] IPUIPlugin:80 - create IPUIPlugin
2025-09-09 13:22:27,710 [INFO] PluginManager:220 - loadIPPluginJar : add fatfs
2025-09-09 13:22:27,713 [INFO] IPUIPlugin:80 - create IPUIPlugin
2025-09-09 13:22:27,714 [INFO] PluginManager:220 - loadIPPluginJar : add fmc
2025-09-09 13:22:27,719 [INFO] IPUIPlugin:80 - create IPUIPlugin
2025-09-09 13:22:27,719 [INFO] PluginManager:220 - loadIPPluginJar : add freertos
2025-09-09 13:22:27,720 [INFO] IPUIPlugin:80 - create IPUIPlugin
2025-09-09 13:22:27,720 [INFO] PluginManager:220 - loadIPPluginJar : add genericplugin
2025-09-09 13:22:27,722 [INFO] IPUIPlugin:80 - create IPUIPlugin
2025-09-09 13:22:27,723 [INFO] PluginManager:220 - loadIPPluginJar : add gfxmmu
2025-09-09 13:22:27,727 [INFO] IPUIPlugin:80 - create IPUIPlugin
2025-09-09 13:22:27,727 [INFO] PluginManager:220 - loadIPPluginJar : add gic
2025-09-09 13:22:27,730 [INFO] IPUIPlugin:80 - create IPUIPlugin
2025-09-09 13:22:27,730 [INFO] PluginManager:220 - loadIPPluginJar : add gpio
2025-09-09 13:22:27,733 [INFO] IPUIPlugin:80 - create IPUIPlugin
2025-09-09 13:22:27,734 [INFO] PluginManager:220 - loadIPPluginJar : add gtzc
2025-09-09 13:22:27,736 [INFO] IPUIPlugin:80 - create IPUIPlugin
2025-09-09 13:22:27,736 [INFO] PluginManager:220 - loadIPPluginJar : add hash
2025-09-09 13:22:27,738 [INFO] IPUIPlugin:80 - create IPUIPlugin
2025-09-09 13:22:27,739 [INFO] PluginManager:220 - loadIPPluginJar : add i2c
2025-09-09 13:22:27,741 [INFO] IPUIPlugin:80 - create IPUIPlugin
2025-09-09 13:22:27,741 [INFO] PluginManager:220 - loadIPPluginJar : add i2s
2025-09-09 13:22:27,744 [INFO] IPUIPlugin:80 - create IPUIPlugin
2025-09-09 13:22:27,744 [INFO] PluginManager:220 - loadIPPluginJar : add i3c
2025-09-09 13:22:27,748 [INFO] IPUIPlugin:80 - create IPUIPlugin
2025-09-09 13:22:27,748 [INFO] PluginManager:220 - loadIPPluginJar : add ipddr
2025-09-09 13:22:27,754 [INFO] IPUIPlugin:80 - create IPUIPlugin
2025-09-09 13:22:27,754 [INFO] PluginManager:220 - loadIPPluginJar : add linkedlist
2025-09-09 13:22:27,757 [INFO] IPUIPlugin:80 - create IPUIPlugin
2025-09-09 13:22:27,757 [INFO] PluginManager:220 - loadIPPluginJar : add lorawan
2025-09-09 13:22:27,758 [INFO] IPUIPlugin:80 - create IPUIPlugin
2025-09-09 13:22:27,758 [INFO] PluginManager:220 - loadIPPluginJar : add ltdc
2025-09-09 13:22:27,763 [INFO] IPUIPlugin:80 - create IPUIPlugin
2025-09-09 13:22:27,763 [INFO] PluginManager:220 - loadIPPluginJar : add mdma
2025-09-09 13:22:27,767 [INFO] IPUIPlugin:80 - create IPUIPlugin
2025-09-09 13:22:27,767 [INFO] PluginManager:220 - loadIPPluginJar : add nvic
2025-09-09 13:22:27,770 [INFO] IPUIPlugin:80 - create IPUIPlugin
2025-09-09 13:22:27,770 [INFO] PluginManager:220 - loadIPPluginJar : add opamp
2025-09-09 13:22:27,773 [INFO] IPUIPlugin:80 - create IPUIPlugin
2025-09-09 13:22:27,773 [INFO] PluginManager:220 - loadIPPluginJar : add openamp
2025-09-09 13:22:27,775 [INFO] IPUIPlugin:80 - create IPUIPlugin
2025-09-09 13:22:27,775 [INFO] PluginManager:220 - loadIPPluginJar : add pdm2pcm
2025-09-09 13:22:27,780 [INFO] IPUIPlugin:80 - create IPUIPlugin
2025-09-09 13:22:27,782 [INFO] PluginManager:220 - loadIPPluginJar : add plateformsettings
2025-09-09 13:22:27,783 [INFO] IPUIPlugin:80 - create IPUIPlugin
2025-09-09 13:22:27,783 [INFO] PluginManager:220 - loadIPPluginJar : add quadspi
2025-09-09 13:22:27,785 [INFO] IPUIPlugin:80 - create IPUIPlugin
2025-09-09 13:22:27,785 [INFO] PluginManager:220 - loadIPPluginJar : add radio
2025-09-09 13:22:27,788 [INFO] IPUIPlugin:80 - create IPUIPlugin
2025-09-09 13:22:27,788 [INFO] PluginManager:220 - loadIPPluginJar : add resmgrutility
2025-09-09 13:22:27,791 [INFO] IPUIPlugin:80 - create IPUIPlugin
2025-09-09 13:22:27,791 [INFO] PluginManager:220 - loadIPPluginJar : add sai
2025-09-09 13:22:27,793 [INFO] IPUIPlugin:80 - create IPUIPlugin
2025-09-09 13:22:27,793 [INFO] PluginManager:220 - loadIPPluginJar : add spi
2025-09-09 13:22:27,797 [INFO] IPUIPlugin:80 - create IPUIPlugin
2025-09-09 13:22:27,798 [INFO] PluginManager:220 - loadIPPluginJar : add stm32_wpan
2025-09-09 13:22:27,799 [INFO] IPUIPlugin:80 - create IPUIPlugin
2025-09-09 13:22:27,799 [INFO] PluginManager:220 - loadIPPluginJar : add tim
2025-09-09 13:22:27,802 [INFO] IPUIPlugin:80 - create IPUIPlugin
2025-09-09 13:22:27,802 [INFO] PluginManager:220 - loadIPPluginJar : add touchsensing
2025-09-09 13:22:27,804 [INFO] IPUIPlugin:80 - create IPUIPlugin
2025-09-09 13:22:27,804 [INFO] PluginManager:220 - loadIPPluginJar : add tracer_emb
2025-09-09 13:22:27,805 [INFO] IPUIPlugin:80 - create IPUIPlugin
2025-09-09 13:22:27,805 [INFO] PluginManager:220 - loadIPPluginJar : add ts
2025-09-09 13:22:27,807 [INFO] IPUIPlugin:80 - create IPUIPlugin
2025-09-09 13:22:27,807 [INFO] PluginManager:220 - loadIPPluginJar : add tsc
2025-09-09 13:22:27,809 [INFO] IPUIPlugin:80 - create IPUIPlugin
2025-09-09 13:22:27,809 [INFO] PluginManager:220 - loadIPPluginJar : add ucpd
2025-09-09 13:22:27,811 [INFO] IPUIPlugin:80 - create IPUIPlugin
2025-09-09 13:22:27,811 [INFO] PluginManager:220 - loadIPPluginJar : add usart
2025-09-09 13:22:27,813 [INFO] IPUIPlugin:80 - create IPUIPlugin
2025-09-09 13:22:27,813 [INFO] PluginManager:220 - loadIPPluginJar : add usbx
2025-09-09 13:22:27,932 [FATAL] Updater:351 - Updater called before beeing initialized
2025-09-09 13:22:27,955 [INFO] RulesReader:64 - Compatibility file has been processed (317 Rules)
2025-09-09 13:22:27,967 [INFO] RulesReader:64 - Compatibility file has been processed (317 Rules)
2025-09-09 13:22:27,976 [INFO] CADModel:165 - CPN selected for project level
2025-09-09 13:22:27,976 [INFO] CADModel:114 - Register for checkConnection events
2025-09-09 13:22:27,976 [FATAL] Updater:351 - Updater called before beeing initialized
2025-09-09 13:22:27,976 [ERROR] CADModel:125 - Updater not yet initialized, retry later 
2025-09-09 13:22:28,112 [FATAL] Updater:351 - Updater called before beeing initialized
2025-09-09 13:22:28,114 [INFO] CADModel:165 - CPN selected for project level
2025-09-09 13:22:28,114 [INFO] CADModel:114 - Register for checkConnection events
2025-09-09 13:22:28,115 [FATAL] Updater:351 - Updater called before beeing initialized
2025-09-09 13:22:28,115 [ERROR] CADModel:125 - Updater not yet initialized, retry later 
2025-09-09 13:22:28,117 [FATAL] Updater:351 - Updater called before beeing initialized
2025-09-09 13:22:28,220 [FATAL] Updater:351 - Updater called before beeing initialized
2025-09-09 13:22:28,223 [INFO] DbMcusAds:53 - JSON generation date=Tue Jul 08 15:14:23 ICT 2025 (1751962463582)
2025-09-09 13:22:28,224 [FATAL] Updater:351 - Updater called before beeing initialized
2025-09-09 13:22:28,258 [WARN] DetailPanel:346 - Failed to get advertising image, set to default
2025-09-09 13:22:28,327 [FATAL] Updater:351 - Updater called before beeing initialized
2025-09-09 13:22:28,328 [FATAL] Updater:351 - Updater called before beeing initialized
2025-09-09 13:22:28,329 [FATAL] Updater:351 - Updater called before beeing initialized
2025-09-09 13:22:28,329 [WARN] DetailPanel:346 - Failed to get advertising image, set to default
2025-09-09 13:22:28,329 [FATAL] Updater:351 - Updater called before beeing initialized
2025-09-09 13:22:28,365 [ERROR] Updater:1198 - MainUpdater not yet initialized. External WinMGr cannot be set.
2025-09-09 13:22:28,367 [INFO] Updater:1134 - Updater Version found : 6.15.0
2025-09-09 13:22:28,381 [INFO] ApplicationProperties:184 - Using Application install path: C:\ST\STM32CubeIDE_1.19.0\STM32CubeIDE\plugins\com.st.stm32cube.common.mx_6.15.0.202507011659
2025-09-09 13:22:29,961 [ERROR] LogOutputStream:75 - [STDERR_REDIRECT] Sep 09, 2025 1:22:29 PM java.util.prefs.WindowsPreferences <init>
2025-09-09 13:22:29,962 [ERROR] LogOutputStream:75 - [STDERR_REDIRECT] WARNING: Could not open/create prefs root node Software\JavaSoft\Prefs at root 0xffffffff80000002. Windows RegCreateKeyEx(...) returned error code 5.
2025-09-09 13:22:29,962 [ERROR] LogOutputStream:75 - [STDERR_REDIRECT] 
2025-09-09 13:22:30,036 [INFO] ThirdPartyUpdaterWithRetryManager:70 - Updater plugin not ready yet. [2/15]
2025-09-09 13:22:30,332 [INFO] MainUpdater:2872 - connection check result : 10
2025-09-09 13:22:30,333 [INFO] MainUpdater:289 - Updater Check For Update Now.
2025-09-09 13:22:30,333 [INFO] MicroXplorer:498 - Change Database Version : DB.6.0.150
2025-09-09 13:22:30,359 [INFO] McuFinderGlobals:63 - Set McuFinder mode to 2 (CubeIDE integrated)
2025-09-09 13:22:30,362 [INFO] UserAuth:487 - Internet connection configuration mode: 1
2025-09-09 13:22:30,394 [INFO] JxBrowserEngine:152 - Initiate JxBrowser Engine with user profile folder
2025-09-09 13:22:30,542 [INFO] CheckServerUpdateThread:120 - End of CheckServer Thread
2025-09-09 13:22:31,286 [INFO] WebApp:169 - Instantiating new browser for Auth
2025-09-09 13:22:32,048 [INFO] WebApp:463 - Apply proxy settings
2025-09-09 13:22:32,048 [INFO] WebApp:548 - Chromium requires no authentication
2025-09-09 13:22:32,062 [INFO] WebApp:491 - Direct internet connection detected
2025-09-09 13:22:32,101 [INFO] WebApp:900 - Register for checkConnection events
2025-09-09 13:22:32,102 [INFO] WebApp:463 - Apply proxy settings
2025-09-09 13:22:32,102 [INFO] WebApp:548 - Chromium requires no authentication
2025-09-09 13:22:32,103 [INFO] WebApp:491 - Direct internet connection detected
2025-09-09 13:22:32,295 [INFO] WebApp:225 - Starting web application
2025-09-09 13:22:32,295 [INFO] WebApp:593 - Web application path used C:\ST\STM32CubeIDE_1.19.0\STM32CubeIDE\plugins\com.st.stm32cube.common.mx_6.15.0.202507011659\db\plugins\mcufinder\reactClient1\index.html
2025-09-09 13:22:32,410 [INFO] UserAuth:487 - Internet connection configuration mode: 1
2025-09-09 13:22:33,153 [INFO] WebApp:191 - Connection restablished
2025-09-09 13:22:33,279 [WARN] PackLoader:240 - Cannot read IP mode file for STMicroelectronics.FP-SNS-MOTENVWB1.1.4.0
2025-09-09 13:22:33,290 [WARN] PackLoader:240 - Cannot read IP mode file for STMicroelectronics.FP-ATR-ASTRA1.2.0.2
2025-09-09 13:22:33,299 [WARN] PackLoader:240 - Cannot read IP mode file for STMicroelectronics.X-CUBE-SMBUS.2.1.0
2025-09-09 13:22:33,305 [WARN] PackLoader:240 - Cannot read IP mode file for STMicroelectronics.X-CUBE-ST60.1.0.0
2025-09-09 13:22:33,333 [WARN] PackLoader:240 - Cannot read IP mode file for STMicroelectronics.X-CUBE-AZRTOS-F7.1.1.0
2025-09-09 13:22:33,364 [WARN] PackLoader:240 - Cannot read IP mode file for Infineon.AIROC-Wi-Fi-Bluetooth-STM32.1.7.1
2025-09-09 13:22:33,376 [WARN] PackLoader:240 - Cannot read IP mode file for STMicroelectronics.X-CUBE-DISPLAY.3.0.0
2025-09-09 13:22:33,388 [WARN] PackLoader:240 - Cannot read IP mode file for STMicroelectronics.X-CUBE-NFC10.1.0.0
2025-09-09 13:22:33,396 [WARN] PackLoader:240 - Cannot read IP mode file for emotas.I-CUBE-CANOPEN.1.3.0
2025-09-09 13:22:33,403 [WARN] PackLoader:240 - Cannot read IP mode file for STMicroelectronics.FP-SNS-STBOX1.2.1.0
2025-09-09 13:22:33,413 [WARN] PackLoader:240 - Cannot read IP mode file for STMicroelectronics.FP-SNS-SMARTAG2.1.2.0
2025-09-09 13:22:33,419 [WARN] PackLoader:240 - Cannot read IP mode file for STMicroelectronics.FP-SNS-FLIGHT1.5.1.0
2025-09-09 13:22:33,431 [INFO] LogOutputStream:77 - [STDOUT_REDIRECT] 1 : Invalid condition id : UX_CORESTACK_Condition cause : null
2025-09-09 13:22:33,432 [INFO] LogOutputStream:77 - [STDOUT_REDIRECT] 1 : Invalid condition id : UX_CORESTACK_Condition cause : null
2025-09-09 13:22:33,434 [INFO] LogOutputStream:77 - [STDOUT_REDIRECT] 1 : Invalid condition id : UX_CORESTACK_Condition cause : null
2025-09-09 13:22:33,435 [INFO] LogOutputStream:77 - [STDOUT_REDIRECT] 1 : Invalid condition id : UX_CORESTACK_Condition cause : null
2025-09-09 13:22:33,436 [INFO] LogOutputStream:77 - [STDOUT_REDIRECT] 1 : Invalid condition id : UX_CORESTACK_Condition cause : null
2025-09-09 13:22:33,443 [WARN] PackLoader:240 - Cannot read IP mode file for STMicroelectronics.X-CUBE-AZRTOS-WL.2.0.0
2025-09-09 13:22:33,456 [WARN] PackLoader:240 - Cannot read IP mode file for STMicroelectronics.FP-SNS-MOTENV1.5.0.0
2025-09-09 13:22:33,469 [WARN] PackLoader:240 - Cannot read IP mode file for WES.I-CUBE-Cesium.1.3.0
2025-09-09 13:22:33,477 [WARN] PackLoader:240 - Cannot read IP mode file for STMicroelectronics.X-CUBE-BLE2.3.3.0
2025-09-09 13:22:33,483 [WARN] PackLoader:240 - Cannot read IP mode file for STMicroelectronics.X-CUBE-NFC9.1.0.0
2025-09-09 13:22:33,490 [WARN] PackLoader:240 - Cannot read IP mode file for STMicroelectronics.X-CUBE-BLE1.7.1.0
2025-09-09 13:22:33,495 [WARN] PackLoader:240 - Cannot read IP mode file for wolfSSL.I-CUBE-wolfMQTT.1.19.2
2025-09-09 13:22:33,500 [WARN] PackLoader:240 - Cannot read IP mode file for STMicroelectronics.X-CUBE-AI.10.1.0
2025-09-09 13:22:33,518 [WARN] PackLoader:240 - Cannot read IP mode file for STMicroelectronics.X-CUBE-AZRTOS-G0.1.1.0
2025-09-09 13:22:33,528 [WARN] PackLoader:240 - Cannot read IP mode file for STMicroelectronics.X-CUBE-SAFEA1.1.2.2
2025-09-09 13:22:33,537 [WARN] PackLoader:240 - Cannot read IP mode file for STMicroelectronics.X-CUBE-NFC4.3.0.0
2025-09-09 13:22:33,548 [WARN] PackLoader:240 - Cannot read IP mode file for EmbeddedOffice.I-CUBE-FS-RTOS.1.0.1
2025-09-09 13:22:33,556 [WARN] PackLoader:240 - Cannot read IP mode file for STMicroelectronics.X-CUBE-WB05N.2.0.0
2025-09-09 13:22:33,560 [WARN] PackLoader:240 - Cannot read IP mode file for wolfSSL.I-CUBE-wolfTPM.3.8.0
2025-09-09 13:22:33,566 [WARN] PackLoader:240 - Cannot read IP mode file for STMicroelectronics.X-CUBE-TCPP.4.2.0
2025-09-09 13:22:33,575 [WARN] PackLoader:240 - Cannot read IP mode file for RealThread.X-CUBE-RT-Thread_Nano.4.1.1
2025-09-09 13:22:33,581 [WARN] PackLoader:240 - Cannot read IP mode file for STMicroelectronics.FP-ATR-SIGFOX1.3.2.0
2025-09-09 13:22:33,588 [WARN] PackLoader:240 - Cannot read IP mode file for ITTIA_DB.I-CUBE-ITTIADB.8.9.0
2025-09-09 13:22:33,593 [WARN] PackLoader:240 - Cannot read IP mode file for STMicroelectronics.X-CUBE-ST67W61.1.0.0
2025-09-09 13:22:33,597 [WARN] PackLoader:240 - Cannot read IP mode file for STMicroelectronics.X-CUBE-AI.10.2.0
2025-09-09 13:22:33,646 [WARN] PackLoader:240 - Cannot read IP mode file for SEGGER.I-CUBE-embOS.1.3.1
2025-09-09 13:22:33,763 [WARN] PackLoader:240 - Cannot read IP mode file for STMicroelectronics.X-CUBE-ALGOBUILD.1.4.0
2025-09-09 13:22:33,831 [WARN] PackLoader:240 - Cannot read IP mode file for STMicroelectronics.X-CUBE-MEMS1.11.3.0
2025-09-09 13:22:34,007 [WARN] PackLoader:240 - Cannot read IP mode file for STMicroelectronics.X-CUBE-PM33A1.1.0.0
2025-09-09 13:22:34,029 [WARN] PackLoader:240 - Cannot read IP mode file for STMicroelectronics.X-CUBE-AZRTOS-F4.1.1.0
2025-09-09 13:22:34,041 [WARN] PackLoader:240 - Cannot read IP mode file for STMicroelectronics.X-CUBE-ISPU.2.1.0
2025-09-09 13:22:34,066 [WARN] PackLoader:240 - Cannot read IP mode file for STMicroelectronics.X-CUBE-AZRTOS-L5.2.0.0
2025-09-09 13:22:34,079 [WARN] PackLoader:240 - Cannot read IP mode file for STMicroelectronics.X-CUBE-NFC6.3.1.0
2025-09-09 13:22:34,089 [WARN] PackLoader:240 - Cannot read IP mode file for STMicroelectronics.X-CUBE-FREERTOS.1.3.1
2025-09-09 13:22:34,108 [WARN] PackLoader:240 - Cannot read IP mode file for STMicroelectronics.X-CUBE-DPower.1.3.0
2025-09-09 13:22:34,132 [WARN] ConditionMgr:438 - getConditionDescription Invalid condition id : LAN8742 Phy interface Condition cause : null
2025-09-09 13:22:34,134 [WARN] PackLoader:240 - Cannot read IP mode file for STMicroelectronics.X-CUBE-AZRTOS-L4.2.0.0
2025-09-09 13:22:34,136 [WARN] ConditionMgr:1044 - genDependencies : Invalid condition id : LAN8742 Phy interface Condition cause : null
2025-09-09 13:22:34,138 [WARN] ConditionMgr:1044 - genDependencies : Invalid condition id : LAN8742 Phy interface Condition cause : null
2025-09-09 13:22:34,139 [WARN] ConditionMgr:1044 - genDependencies : Invalid condition id : LAN8742 Phy interface Condition cause : null
2025-09-09 13:22:34,154 [WARN] PackLoader:240 - Cannot read IP mode file for STMicroelectronics.X-CUBE-SFXS2LP1.4.0.0
2025-09-09 13:22:34,174 [WARN] ConditionMgr:438 - getConditionDescription Invalid condition id : UX DEVICE CLASS RTOS Condition cause : null
2025-09-09 13:22:34,175 [WARN] ConditionMgr:438 - getConditionDescription Invalid condition id : UX DEVICE CLASS RTOS Condition cause : null
2025-09-09 13:22:34,177 [WARN] PackLoader:240 - Cannot read IP mode file for STMicroelectronics.X-CUBE-AZRTOS-WB.2.0.0
2025-09-09 13:22:34,179 [WARN] ConditionMgr:1044 - genDependencies : Invalid condition id : UX DEVICE CLASS RTOS Condition cause : null
2025-09-09 13:22:34,180 [WARN] ConditionMgr:1044 - genDependencies : Invalid condition id : UX DEVICE CLASS RTOS Condition cause : null
2025-09-09 13:22:34,181 [WARN] ConditionMgr:1044 - genDependencies : Invalid condition id : UX DEVICE CLASS RTOS Condition cause : null
2025-09-09 13:22:34,181 [WARN] ConditionMgr:1044 - genDependencies : Invalid condition id : UX DEVICE CLASS RTOS Condition cause : null
2025-09-09 13:22:34,181 [WARN] ConditionMgr:1044 - genDependencies : Invalid condition id : UX DEVICE CLASS RTOS Condition cause : null
2025-09-09 13:22:34,191 [WARN] PackLoader:240 - Cannot read IP mode file for STMicroelectronics.X-CUBE-GNSS1.7.0.1
2025-09-09 13:22:34,199 [WARN] PackLoader:240 - Cannot read IP mode file for STMicroelectronics.X-CUBE-TOUCHGFX.4.25.0
2025-09-09 13:22:34,206 [WARN] PackLoader:240 - Cannot read IP mode file for STMicroelectronics.FP-SNS-STBOX1.2.0.0
2025-09-09 13:22:34,214 [WARN] ConditionMgr:438 - getConditionDescription Invalid condition id : Cortex-A Device cause : null
2025-09-09 13:22:34,252 [WARN] ConditionMgr:1044 - genDependencies : Invalid condition id : Cortex-A Device cause : null
2025-09-09 13:22:34,253 [WARN] ConditionMgr:1044 - genDependencies : Invalid condition id : Cortex-A Device cause : null
2025-09-09 13:22:34,253 [WARN] ConditionMgr:1044 - genDependencies : Invalid condition id : Cortex-A Device cause : null
2025-09-09 13:22:34,264 [WARN] PackLoader:240 - Cannot read IP mode file for STMicroelectronics.X-CUBE-SUBG2.5.0.0
2025-09-09 13:22:34,284 [WARN] PackLoader:240 - Cannot read IP mode file for STMicroelectronics.X-CUBE-AZRTOS-H7RS.1.1.0
2025-09-09 13:22:34,290 [WARN] PackLoader:240 - Cannot read IP mode file for Cesanta.I-CUBE-Mongoose.7.13.0
2025-09-09 13:22:34,316 [WARN] PackLoader:240 - Cannot read IP mode file for STMicroelectronics.X-CUBE-AZRTOS-G4.2.0.0
2025-09-09 13:22:34,323 [WARN] PackLoader:240 - Cannot read IP mode file for wolfSSL.I-CUBE-wolfSSH.1.4.20
2025-09-09 13:22:34,329 [WARN] PackLoader:240 - Cannot read IP mode file for STMicroelectronics.X-CUBE-NFC7.2.0.0
2025-09-09 13:22:34,340 [WARN] PackLoader:240 - Cannot read IP mode file for STMicroelectronics.X-CUBE-IPS.3.1.0
2025-09-09 13:22:34,350 [WARN] PackLoader:240 - Cannot read IP mode file for STMicroelectronics.X-CUBE-ALS.1.0.2
2025-09-09 13:22:34,355 [WARN] PackLoader:240 - Cannot read IP mode file for STMicroelectronics.X-CUBE-STSE01.1.0.0
2025-09-09 13:22:34,361 [WARN] PackLoader:240 - Cannot read IP mode file for portGmbH.I-Cube-SoM-uGOAL.1.1.0
2025-09-09 13:22:34,369 [WARN] PackLoader:240 - Cannot read IP mode file for STMicroelectronics.X-CUBE-TOF1.3.4.3
2025-09-09 13:22:34,376 [INFO] ThirdParty:978 - Integrity check success = true
2025-09-09 13:22:34,376 [INFO] IntegrityCheckThread:100 - exiting critical section [integrity check]
2025-09-09 13:22:34,376 [INFO] IntegrityCheckThread:103 - End integrity checks thread
2025-09-09 13:22:47,642 [INFO] McuFinderGlobals:63 - Set McuFinder mode to 2 (CubeIDE integrated)
2025-09-09 13:22:47,645 [INFO] MainUpdater:2872 - connection check result : 10
2025-09-09 13:22:48,202 [INFO] ApiDb:581 - Connected to CubeFinder SQLite database (C:\Users\USERIT\.stmcufinder\plugins\mcufinder\mcu\cube-finder-db.db)
2025-09-09 13:22:48,301 [INFO] ApiDb:668 - CubeFinder database Data Model version=2.1
2025-09-09 13:22:48,302 [INFO] ApiDb:669 - CubeFinder database Configuration version=3.0.39
2025-09-09 13:22:48,302 [INFO] ApiDb:670 - CubeFinder database generation date=2025-07-24 (1753349077)
2025-09-09 13:22:48,302 [INFO] ApiDb:671 - CubeFinder database FW Pack versions=[FP-ATR-ASTRA1_V2.0.0, FP-SNS-FLIGHT1_V5.1.0, FP-SNS-MOTENV1_V5.0.0, FP-SNS-MOTENVWB1_V1.4.0, FP-SNS-SMARTAG2_V1.2.0, FP-SNS-STBOX1_V2.0.0, STM32Cube_FW_C0_V1.4.0, STM32Cube_FW_F4_V1.28.2, STM32Cube_FW_F7_V1.17.3, STM32Cube_FW_G0_V1.6.2, STM32Cube_FW_G4_V1.6.1, STM32Cube_FW_H5_V1.5.0, STM32Cube_FW_H7RS_V1.2.0, STM32Cube_FW_H7_V1.12.1, STM32Cube_FW_L0_V1.12.2, STM32Cube_FW_L4_V1.18.1, STM32Cube_FW_L5_V1.5.1, STM32Cube_FW_N6_V1.2.0, STM32Cube_FW_U0_V1.3.0, STM32Cube_FW_U3_V1.2.0, STM32Cube_FW_U5_V1.8.0, STM32Cube_FW_WB0_V1.3.0, STM32Cube_FW_WBA_V1.7.0, STM32Cube_FW_WB_V1.23.0, STM32Cube_FW_WL3_V1.2.0, STM32Cube_FW_WL_V1.3.1, X-CUBE-ALGOBUILD_V1.4.0, X-CUBE-ALS_V1.0.2, X-CUBE-AZRTOS-F4_V1.1.0, X-CUBE-AZRTOS-F7_V1.1.0, X-CUBE-AZRTOS-G0_V1.1.0, X-CUBE-AZRTOS-G4_V2.0.0, X-CUBE-AZRTOS-H7RS_V1.1.0, X-CUBE-AZRTOS-H7_V3.4.0, X-CUBE-AZRTOS-L4_V2.0.0, X-CUBE-AZRTOS-L5_V2.0.0, X-CUBE-AZRTOS-WB_V2.0.0, X-CUBE-AZRTOS-WL_V2.0.0, X-CUBE-BLE1_V7.1.0, X-CUBE-BLE2_V3.3.0, X-CUBE-BLEMGR_V4.1.0, X-CUBE-EEPRMA1_V5.2.0, X-CUBE-FREERTOS_V1.3.1, X-CUBE-GNSS1_V6.0.0, X-CUBE-MEMS1_V11.3.0, X-CUBE-NFC4_V3.0.0, X-CUBE-NFC7_V2.0.0, X-CUBE-SFXS2LP1_V4.0.0, X-CUBE-ST67W61_V1.0.0, X-CUBE-SUBG2_V5.0.0, X-CUBE-TOF1_V3.4.3]
2025-09-09 13:22:50,795 [INFO] ApiDb:240 - Found 880 in-development CPN: [B-G473E-ZEST1S, B-WB1M-WPAN1, B-WBA5M-WPAN, B-WL5M-SUBG1, NUCLEO-C031C6, NUCLEO-C051C8, NUCLEO-C071RB, NUCLEO-C092RC, NUCLEO-H503RB, NUCLEO-H533RE, NUCLEO-H563ZI, NUCLEO-H7S3L8, NUCLEO-N657X0-Q, NUCLEO-U031R8, NUCLEO-U083RC, NUCLEO-U385RG-Q, NUCLEO-U545RE-Q, NUCLEO-U5A5ZJ-Q, NUCLEO-WB05KZ, NUCLEO-WB07CC, NUCLEO-WB09KE, NUCLEO-WBA52CG, NUCLEO-WBA55CG, NUCLEO-WL33CC1, NUCLEO-WL33CC2, STEVAL-PROTEUS1, STEVAL-SMARTAG2, STEVAL-STWINBX1, STM320518-EVAL, STM32C0116-DK, STM32C011D6Y3TR, STM32C011D6Y6TR, STM32C011F4P3, STM32C011F4P6, STM32C011F4U3, STM32C011F4U6TR, STM32C011F6P3, STM32C011F6P6, STM32C011F6U3, STM32C011F6U6TR, STM32C011J4M3, STM32C011J4M6, STM32C011J6M3, STM32C011J6M6, STM32C0316-DK, STM32C031C4T3, STM32C031C4T6, STM32C031C4U3, STM32C031C4U6, STM32C031C6T3, STM32C031C6T6, STM32C031C6U3, STM32C031C6U6, STM32C031F4P3, STM32C031F4P6, STM32C031F6P3, STM32C031F6P6, STM32C031G4U3, STM32C031G4U6, STM32C031G6U3, STM32C031G6U6, STM32C031K4T3, STM32C031K4T6, STM32C031K4U3, STM32C031K4U6, STM32C031K6T3, STM32C031K6T6, STM32C031K6U3, STM32C031K6U6, STM32C051C6T6, STM32C051C6U6, STM32C051C8T6, STM32C051C8U6, STM32C051D8Y6TR, STM32C051F6P6, STM32C051F8P6, STM32C051G6U6, STM32C051G8U6, STM32C051K6T6, STM32C051K6U6, STM32C051K8T6, STM32C071C8T6, STM32C071C8T6N, STM32C071C8U6, STM32C071C8U6N, STM32C071CBT6, STM32C071CBT6N, STM32C071CBU6, STM32C071CBU6N, STM32C071F8P6, STM32C071F8P6N, STM32C071FBP6, STM32C071FBP6N, STM32C071FBY6TR, STM32C071G8U6, STM32C071G8U6N, STM32C071GBU6, STM32C071GBU6N, STM32C071K8T6, STM32C071K8T6N, STM32C071K8U6, STM32C071K8U6N, STM32C071KBT6, STM32C071KBT6N, STM32C071KBU6, STM32C071KBU6N, STM32C071R8T6, STM32C071R8T6N, STM32C071RBI6N, STM32C071RBT6, STM32C071RBT6N, STM32C091CBT6, STM32C091CBU6, STM32C091CCT6, STM32C091CCU6, STM32C091ECY6TR, STM32C091FBP6, STM32C091FCP6, STM32C091GBU6, STM32C091GCU6, STM32C091KBT6, STM32C091KBU6, STM32C091KCT6, STM32C091KCU6, STM32C091RBT6, STM32C091RCI6, STM32C091RCT6, STM32C092CBT6, STM32C092CBU6, STM32C092CCT6, STM32C092CCU6, STM32C092ECY6TR, STM32C092FBP6, STM32C092FCP6, STM32C092GBU6, STM32C092GCU6, STM32C092KBT6, STM32C092KBU6, STM32C092KCT6, STM32C092KCU6, STM32C092RBT6, STM32C092RCI6, STM32C092RCT6, STM32G071K8TXN, STM32G071K8UXN, STM32G081GBU6N, STM32G081KBT6N, STM32G081KBUXN, STM32G0B1CCT6N, STM32G0B1KCT6, STM32G0B1NEY6TR, STM32G0B1RCT6N, STM32G0C1CCT6, STM32G0C1CCT6N, STM32G0C1CCU6N, STM32G0C1CET6N, STM32G0C1CEU6N, STM32G0C1KCT6, STM32G0C1NEY6TR, STM32G0C1RCI6N, STM32G0C1RCT6N, STM32G0C1REI6N, STM32G0C1RET6N, STM32G0C1VCI6, STM32G0C1VEI6, STM32G411C6T3, STM32G411C6T6, STM32G411C6U3, STM32G411C6U6, STM32G411C8T3, STM32G411C8T6, STM32G411C8U3, STM32G411C8U6, STM32G411CBT3, STM32G411CBT6, STM32G411CBU3, STM32G411CBU6, STM32G411K6T3, STM32G411K6T6, STM32G411K6U3, STM32G411K6U6, STM32G411K8T3, STM32G411K8T6, STM32G411K8U3, STM32G411K8U6, STM32G411KBT3, STM32G411KBT6, STM32G411KBU3, STM32G411KBU6, STM32G411M6T3, STM32G411M6T6, STM32G411M8T3, STM32G411M8T6, STM32G411MBT3, STM32G411MBT6, STM32G411R6T3, STM32G411R6T6, STM32G411R8T3, STM32G411R8T6, STM32G411RBT3, STM32G411RBT6, STM32G414CBT3, STM32G414CBT6, STM32G414CBU3, STM32G414CBU6, STM32G414CCT3, STM32G414CCT6, STM32G414CCU3, STM32G414CCU6, STM32G414MBT3, STM32G414MBT6, STM32G414MCT3, STM32G414MCT6, STM32G414RBT3, STM32G414RBT6, STM32G414RCT3, STM32G414RCT6, STM32G414VBT3, STM32G414VBT6, STM32G414VCT3, STM32G414VCT6, STM32G431CBT3Z, STM32G431RBT3Z, STM32G471CCT6, STM32G471CCU6, STM32G471CET3, STM32G471CET6, STM32G471CEU3, STM32G471CEU6, STM32G471MCT6, STM32G471MET3, STM32G471MET6, STM32G471MEY6TR, STM32G471QCT6, STM32G471QET3, STM32G471RCT6, STM32G471RET3, STM32G471RET6, STM32G471VCH6, STM32G471VCI6, STM32G471VCT6, STM32G471VEH3, STM32G471VEH6, STM32G471VEI3, STM32G471VEI6, STM32G471VET3, STM32G471VET6, STM32G473QET3Z, STM32G473RET3Z, STM32G474CCT6, STM32G491RET3Z, STM32H503CBT6, STM32H503CBU6, STM32H503EBY6TR, STM32H503KBU6, STM32H503RBT6, STM32H523CCT6, STM32H523CCU6, STM32H523CET6, STM32H523CEU6, STM32H523HEY6TR, STM32H523RCT6, STM32H523RET6, STM32H523VCI6, STM32H523VCT6, STM32H523VEI6, STM32H523VET6, STM32H523ZCJ6, STM32H523ZCT6, STM32H523ZEJ6, STM32H523ZET6, STM32H533CET6, STM32H533CEU6, STM32H533HEY6TR, STM32H533RET6, STM32H533VEI6, STM32H533VET6, STM32H533ZEJ6, STM32H533ZET6, STM32H562AGI6, STM32H562AII6, STM32H562IGK6, STM32H562IGT6, STM32H562IIK6, STM32H562IIT6, STM32H562RGT6, STM32H562RGV6, STM32H562RIT6, STM32H562RIV6, STM32H562VGT6, STM32H562VIT6, STM32H562ZGT6, STM32H562ZIT6, STM32H563AGI6, STM32H563AII3Q, STM32H563AII6, STM32H563IGK6, STM32H563IGT6, STM32H563IIK3Q, STM32H563IIK6, STM32H563IIT3Q, STM32H563IIT6, STM32H563MIY3QTR, STM32H563RGT6, STM32H563RGV6, STM32H563RIT6, STM32H563RIV6, STM32H563VGT6, STM32H563VIT3Q, STM32H563VIT6, STM32H563ZGT6, STM32H563ZIT3Q, STM32H563ZIT6, STM32H573AII3Q, STM32H573AII6, STM32H573I-DK, STM32H573IIK3Q, STM32H573IIK6, STM32H573IIT3Q, STM32H573IIT6, STM32H573MIY3QTR, STM32H573RIT6, STM32H573RIV6, STM32H573VIT3Q, STM32H573VIT6, STM32H573ZIT3Q, STM32H573ZIT6, STM32H7R3A8I6, STM32H7R3I8K6, STM32H7R3I8T6, STM32H7R3L8H6, STM32H7R3L8H6H, STM32H7R3R8V6, STM32H7R3V8H6, STM32H7R3V8T6, STM32H7R3V8Y6TR, STM32H7R3Z8J6, STM32H7R3Z8T6, STM32H7R7A8I6, STM32H7R7I8K6, STM32H7R7I8T6, STM32H7R7L8H6, STM32H7R7L8H6H, STM32H7R7Z8J6, STM32H7S3A8I6, STM32H7S3I8K6, STM32H7S3I8T6, STM32H7S3L8H6, STM32H7S3L8H6H, STM32H7S3R8V6, STM32H7S3V8H6, STM32H7S3V8T6, STM32H7S3V8Y6TR, STM32H7S3Z8J6, STM32H7S3Z8T6, STM32H7S78-DK, STM32H7S7A8I6, STM32H7S7I8K6, STM32H7S7I8T6, STM32H7S7L8H6, STM32H7S7L8H6H, STM32H7S7Z8J6, STM32L4R5QGI6STR, STM32MP131AAE3, STM32MP131AAF3, STM32MP131AAG3, STM32MP131CAE3, STM32MP131CAF3, STM32MP131CAG3, STM32MP131DAE7, STM32MP131DAF7, STM32MP131DAG7, STM32MP131FAE7, STM32MP131FAF7, STM32MP131FAG7, STM32MP133AAE3, STM32MP133AAF3, STM32MP133AAG3, STM32MP133CAE3, STM32MP133CAF3, STM32MP133CAG3, STM32MP133DAE7, STM32MP133DAF7, STM32MP133DAG7, STM32MP133FAE7, STM32MP133FAF7, STM32MP133FAG7, STM32MP135AAE3, STM32MP135AAF3, STM32MP135AAG3, STM32MP135CAE3, STM32MP135CAF3, STM32MP135CAG3, STM32MP135DAE7, STM32MP135DAF7, STM32MP135DAG7, STM32MP135F-DK, STM32MP135FAE7, STM32MP135FAF7, STM32MP135FAF7T, STM32MP135FAF7U, STM32MP135FAG7, STM32MP211AAL3, STM32MP211AAM3, STM32MP211AAN3, STM32MP211AAO3, STM32MP211CAL3, STM32MP211CAM3, STM32MP211CAN3, STM32MP211CAO3, STM32MP211DAL3, STM32MP211DAM3, STM32MP211DAN3, STM32MP211DAO3, STM32MP211FAL3, STM32MP211FAM3, STM32MP211FAN3, STM32MP211FAO3, STM32MP213AAL3, STM32MP213AAM3, STM32MP213AAN3, STM32MP213AAO3, STM32MP213CAL3, STM32MP213CAM3, STM32MP213CAN3, STM32MP213CAO3, STM32MP213DAL3, STM32MP213DAM3, STM32MP213DAN3, STM32MP213DAO3, STM32MP213FAL3, STM32MP213FAM3, STM32MP213FAN3, STM32MP213FAO3, STM32MP215AAL3, STM32MP215AAM3, STM32MP215AAN3, STM32MP215AAO3, STM32MP215CAL3, STM32MP215CAM3, STM32MP215CAN3, STM32MP215CAO3, STM32MP215DAL3, STM32MP215DAM3, STM32MP215DAN3, STM32MP215DAO3, STM32MP215F-DK, STM32MP215FAL3, STM32MP215FAM3, STM32MP215FAN3, STM32MP215FAO3, STM32MP231AAJ3, STM32MP231AAK3, STM32MP231AAL3, STM32MP231CAJ3, STM32MP231CAK3, STM32MP231CAL3, STM32MP231DAJ3, STM32MP231DAK3, STM32MP231DAL3, STM32MP231FAJ3, STM32MP231FAK3, STM32MP231FAL3, STM32MP233AAJ3, STM32MP233AAK3, STM32MP233AAL3, STM32MP233CAJ3, STM32MP233CAK3, STM32MP233CAL3, STM32MP233DAJ3, STM32MP233DAK3, STM32MP233DAL3, STM32MP233FAJ3, STM32MP233FAK3, STM32MP233FAL3, STM32MP235AAJ3, STM32MP235AAK3, STM32MP235AAL3, STM32MP235CAJ3, STM32MP235CAK3, STM32MP235CAL3, STM32MP235DAJ3, STM32MP235DAK3, STM32MP235DAL3, STM32MP235FAJ3, STM32MP235FAK3, STM32MP235FAL3, STM32MP251AAI3, STM32MP251AAK3, STM32MP251AAL3, STM32MP251CAI3, STM32MP251CAK3, STM32MP251CAL3, STM32MP251DAI3, STM32MP251DAK3, STM32MP251DAL3, STM32MP251FAI3, STM32MP251FAK3, STM32MP251FAL3, STM32MP253AAI3, STM32MP253AAK3, STM32MP253AAL3, STM32MP253CAI3, STM32MP253CAK3, STM32MP253CAL3, STM32MP253DAI3, STM32MP253DAK3, STM32MP253DAL3, STM32MP253FAI3, STM32MP253FAK3, STM32MP253FAL3, STM32MP255AAI3, STM32MP255AAK3, STM32MP255AAL3, STM32MP255CAI3, STM32MP255CAK3, STM32MP255CAL3, STM32MP255DAI3, STM32MP255DAK3, STM32MP255DAL3, STM32MP255FAI3, STM32MP255FAK3, STM32MP255FAL3, STM32MP257AAI3, STM32MP257AAK3, STM32MP257AAL3, STM32MP257CAI3, STM32MP257CAK3, STM32MP257CAL3, STM32MP257DAI3, STM32MP257DAK3, STM32MP257DAL3, STM32MP257F-DK, STM32MP257F-EV1, STM32MP257FAI3, STM32MP257FAK3, STM32MP257FAL3, STM32N645A0H3Q, STM32N645B0H3Q, STM32N645I0H3Q, STM32N645L0H3Q, STM32N645X0H3Q, STM32N645Z0H3Q, STM32N647A0H3Q, STM32N647B0H3Q, STM32N647I0H3Q, STM32N647L0H3Q, STM32N647X0H3Q, STM32N647Z0H3Q, STM32N655A0H3Q, STM32N655B0H3Q, STM32N655I0H3Q, STM32N655L0H3Q, STM32N655X0H3Q, STM32N655Z0H3Q, STM32N6570-DK, STM32N657A0H3Q, STM32N657B0H3Q, STM32N657I0H3Q, STM32N657L0H3Q, STM32N657X0H3Q, STM32N657Z0H3Q, STM32U031C6T6, STM32U031C6U6, STM32U031C8T6, STM32U031C8U6, STM32U031F4P6, STM32U031F6P6, STM32U031F8P6, STM32U031G6Y6TR, STM32U031G8Y6TR, STM32U031K4U6, STM32U031K6U6, STM32U031K8U6, STM32U031R6I6, STM32U031R6T6, STM32U031R8I6, STM32U031R8T6, STM32U073C8T6, STM32U073C8U6, STM32U073CBT6, STM32U073CBU6, STM32U073CCT6, STM32U073CCU6, STM32U073H8Y6TR, STM32U073HBY6TR, STM32U073HCY6TR, STM32U073K8U6, STM32U073KBU6, STM32U073KCU6, STM32U073M8I6, STM32U073M8T6, STM32U073MBI6, STM32U073MBT6, STM32U073MCI6, STM32U073MCT6, STM32U073R8I6, STM32U073R8T6, STM32U073RBI6, STM32U073RBT6, STM32U073RCI6, STM32U073RCT6, STM32U083C-DK, STM32U083CCT6, STM32U083CCU6, STM32U083HCY6TR, STM32U083KCU6, STM32U083MCI6, STM32U083MCT6, STM32U083RCI6, STM32U083RCT6, STM32U375CET6, STM32U375CET6Q, STM32U375CEU6, STM32U375CEU6Q, STM32U375CEY6QTR, STM32U375CGT6, STM32U375CGT6Q, STM32U375CGU6, STM32U375CGU6Q, STM32U375CGY6QTR, STM32U375KEU6, STM32U375KGU6, STM32U375REI6, STM32U375REI6Q, STM32U375RET6, STM32U375RET6Q, STM32U375REY6GTR, STM32U375REY6QTR, STM32U375RGI6, STM32U375RGI6Q, STM32U375RGT6, STM32U375RGT6Q, STM32U375RGY6GTR, STM32U375RGY6QTR, STM32U375VEI6, STM32U375VEI6Q, STM32U375VET6, STM32U375VET6Q, STM32U375VGI6, STM32U375VGI6Q, STM32U375VGT6, STM32U375VGT6Q, STM32U385CGT6, STM32U385CGT6Q, STM32U385CGU6, STM32U385CGU6Q, STM32U385CGY6QTR, STM32U385KGU6, STM32U385RGI6, STM32U385RGI6Q, STM32U385RGT6, STM32U385RGT6Q, STM32U385RGY6GTR, STM32U385RGY6QTR, STM32U385VGI6, STM32U385VGI6Q, STM32U385VGT6, STM32U385VGT6Q, STM32U535CBT6, STM32U535CBT6Q, STM32U535CBU6, STM32U535CBU6Q, STM32U535CCT6, STM32U535CCT6Q, STM32U535CCU6, STM32U535CCU6Q, STM32U535CET6, STM32U535CET6Q, STM32U535CEU6, STM32U535CEU6Q, STM32U535JEY6QTR, STM32U535NCY6QTR, STM32U535NEY6QTR, STM32U535RBI6, STM32U535RBI6Q, STM32U535RBT6, STM32U535RBT6Q, STM32U535RCI6, STM32U535RCI6Q, STM32U535RCT6, STM32U535RCT6Q, STM32U535REI6, STM32U535REI6Q, STM32U535RET6, STM32U535RET6Q, STM32U535VCI6, STM32U535VCI6Q, STM32U535VCT6, STM32U535VCT6Q, STM32U535VEI6, STM32U535VEI6Q, STM32U535VET6, STM32U535VET6Q, STM32U545CET6, STM32U545CET6Q, STM32U545CEU6, STM32U545CEU6Q, STM32U545JEY6QTR, STM32U545NEY6QTR, STM32U545REI6, STM32U545REI6Q, STM32U545RET6, STM32U545RET6Q, STM32U545VEI6, STM32U545VEI6Q, STM32U545VET6, STM32U545VET6Q, STM32U595AIH6, STM32U595AIH6Q, STM32U595AJH6, STM32U595AJH6Q, STM32U595QII6, STM32U595QII6Q, STM32U595QJI6, STM32U595QJI6Q, STM32U595RIT6, STM32U595RIT6Q, STM32U595RJT6, STM32U595RJT6Q, STM32U595VIT6, STM32U595VIT6Q, STM32U595VJT6, STM32U595VJT6Q, STM32U595ZIT6, STM32U595ZIT6Q, STM32U595ZIY6QTR, STM32U595ZJT6, STM32U595ZJT6Q, STM32U595ZJY6QTR, STM32U599BJY6QTR, STM32U599NIH6Q, STM32U599NJH6Q, STM32U599VIT6Q, STM32U599VJT6, STM32U599VJT6Q, STM32U599ZIT6Q, STM32U599ZIY6QTR, STM32U599ZJT6Q, STM32U599ZJY6QTR, STM32U5A5AJH6, STM32U5A5AJH6Q, STM32U5A5QII3Q , STM32U5A5QJI6, STM32U5A5QJI6Q, STM32U5A5RJT6, STM32U5A5RJT6Q, STM32U5A5VJT6, STM32U5A5VJT6Q, STM32U5A5ZJT6, STM32U5A5ZJT6Q, STM32U5A5ZJY6QTR, STM32U5A9BJY6QTR, STM32U5A9J-DK, STM32U5A9NJH6Q, STM32U5A9VJT6Q, STM32U5A9ZJT6Q, STM32U5A9ZJY6QTR, STM32U5F7VIT6, STM32U5F7VIT6Q, STM32U5F7VJT6, STM32U5F7VJT6Q, STM32U5F9BJY6QTR, STM32U5F9NJH6Q, STM32U5F9VIT6Q, STM32U5F9VJT6Q, STM32U5F9ZIJ6QTR, STM32U5F9ZIT6Q, STM32U5F9ZJJ6QTR, STM32U5F9ZJT6Q, STM32U5G7VJT6, STM32U5G7VJT6Q, STM32U5G9BJY6QTR, STM32U5G9J-DK1, STM32U5G9J-DK2, STM32U5G9NJH6Q, STM32U5G9VJT6Q, STM32U5G9ZJJ6QTR, STM32U5G9ZJT6Q, STM32WB05KZV6TR, STM32WB05KZV7TR, STM32WB05TZF6TR, STM32WB05TZF7TR, STM32WB06CCF6TR, STM32WB06CCF7TR, STM32WB06CCV6TR, STM32WB06CCV7TR, STM32WB06KCV6TR, STM32WB06KCV7TR, STM32WB07CCF6TR, STM32WB07CCF7TR, STM32WB07CCV6TR, STM32WB07CCV7TR, STM32WB07KCV6TR, STM32WB07KCV7TR, STM32WB09KEV6TR, STM32WB09KEV7TR, STM32WB09TEF6TR, STM32WB09TEF7TR, STM32WB1MMCH6, STM32WBA50KGU6, STM32WBA50KGU6TR, STM32WBA52CEU6, STM32WBA52CEU6TR, STM32WBA52CEU7, STM32WBA52CEU7TR, STM32WBA52CGU6, STM32WBA52CGU6TR, STM32WBA52CGU6U, STM32WBA52CGU7, STM32WBA52CGU7TR, STM32WBA52KEU6, STM32WBA52KEU6TR, STM32WBA52KGU6, STM32WBA52KGU6TR, STM32WBA54CEU6, STM32WBA54CEU6TR, STM32WBA54CEU7, STM32WBA54CEU7TR, STM32WBA54CGU6, STM32WBA54CGU6TR, STM32WBA54CGU7, STM32WBA54CGU7TR, STM32WBA54KEU6, STM32WBA54KEU6TR, STM32WBA54KEU7, STM32WBA54KEU7TR, STM32WBA54KGU6, STM32WBA54KGU6TR, STM32WBA54KGU7, STM32WBA54KGU7TR, STM32WBA55CEU6, STM32WBA55CEU6TR, STM32WBA55CEU7, STM32WBA55CEU7TR, STM32WBA55CGU6, STM32WBA55CGU6TR, STM32WBA55CGU6U, STM32WBA55CGU7, STM32WBA55CGU7TR, STM32WBA55G-DK1, STM32WBA55HEF6, STM32WBA55HEF7, STM32WBA55HGF6, STM32WBA55HGF7, STM32WBA55UEI6, STM32WBA55UEI6TR, STM32WBA55UEI7, STM32WBA55UEI7TR, STM32WBA55UGI6, STM32WBA55UGI6TR, STM32WBA55UGI7, STM32WBA55UGI7TR, STM32WBA5MMGH6TR, STM32WBA62MGF6, STM32WBA62MIF6, STM32WBA65MGF7, STM32WBA65MIF6, STM32WBA65MIF7, STM32WL30K8V6, STM32WL30KBV6, STM32WL31C8V6, STM32WL31CBV6, STM32WL31K8V6, STM32WL31KBV6, STM32WL33C8V6, STM32WL33C8V6X, STM32WL33CBV6, STM32WL33CBV6X, STM32WL33CCV6, STM32WL33CCV6A, STM32WL33CCV6X, STM32WL33K8V7, STM32WL33K8V7X, STM32WL33KBV7 , STM32WL33KBV7X, STM32WL33KCV7, STM32WL33KCV7X, STM32WL5MOCH6, STM32WL5MOCH6TR]
2025-09-09 13:22:50,802 [INFO] DbMcus:218 - Found 4801 MCUs, 4801 are supported
2025-09-09 13:22:50,802 [INFO] ApiDb:423 - Load user favorites file C:\Users\USERIT/.stm32cubeide/favorites.mcus.txt: 1 item(s)
2025-09-09 13:22:50,802 [INFO] ApiDb:427 - User favorites MCUs=[STM32F767ZIT6]
2025-09-09 13:22:50,803 [INFO] DbMcus:224 - Set 1 / 1 favorites MCUs
2025-09-09 13:22:51,244 [INFO] ApiDb:668 - CubeFinder database Data Model version=2.1
2025-09-09 13:22:51,244 [INFO] ApiDb:669 - CubeFinder database Configuration version=3.0.39
2025-09-09 13:22:51,245 [INFO] ApiDb:670 - CubeFinder database generation date=2025-07-24 (1753349077)
2025-09-09 13:22:51,245 [INFO] ApiDb:671 - CubeFinder database FW Pack versions=[FP-ATR-ASTRA1_V2.0.0, FP-SNS-FLIGHT1_V5.1.0, FP-SNS-MOTENV1_V5.0.0, FP-SNS-MOTENVWB1_V1.4.0, FP-SNS-SMARTAG2_V1.2.0, FP-SNS-STBOX1_V2.0.0, STM32Cube_FW_C0_V1.4.0, STM32Cube_FW_F4_V1.28.2, STM32Cube_FW_F7_V1.17.3, STM32Cube_FW_G0_V1.6.2, STM32Cube_FW_G4_V1.6.1, STM32Cube_FW_H5_V1.5.0, STM32Cube_FW_H7RS_V1.2.0, STM32Cube_FW_H7_V1.12.1, STM32Cube_FW_L0_V1.12.2, STM32Cube_FW_L4_V1.18.1, STM32Cube_FW_L5_V1.5.1, STM32Cube_FW_N6_V1.2.0, STM32Cube_FW_U0_V1.3.0, STM32Cube_FW_U3_V1.2.0, STM32Cube_FW_U5_V1.8.0, STM32Cube_FW_WB0_V1.3.0, STM32Cube_FW_WBA_V1.7.0, STM32Cube_FW_WB_V1.23.0, STM32Cube_FW_WL3_V1.2.0, STM32Cube_FW_WL_V1.3.1, X-CUBE-ALGOBUILD_V1.4.0, X-CUBE-ALS_V1.0.2, X-CUBE-AZRTOS-F4_V1.1.0, X-CUBE-AZRTOS-F7_V1.1.0, X-CUBE-AZRTOS-G0_V1.1.0, X-CUBE-AZRTOS-G4_V2.0.0, X-CUBE-AZRTOS-H7RS_V1.1.0, X-CUBE-AZRTOS-H7_V3.4.0, X-CUBE-AZRTOS-L4_V2.0.0, X-CUBE-AZRTOS-L5_V2.0.0, X-CUBE-AZRTOS-WB_V2.0.0, X-CUBE-AZRTOS-WL_V2.0.0, X-CUBE-BLE1_V7.1.0, X-CUBE-BLE2_V3.3.0, X-CUBE-BLEMGR_V4.1.0, X-CUBE-EEPRMA1_V5.2.0, X-CUBE-FREERTOS_V1.3.1, X-CUBE-GNSS1_V6.0.0, X-CUBE-MEMS1_V11.3.0, X-CUBE-NFC4_V3.0.0, X-CUBE-NFC7_V2.0.0, X-CUBE-SFXS2LP1_V4.0.0, X-CUBE-ST67W61_V1.0.0, X-CUBE-SUBG2_V5.0.0, X-CUBE-TOF1_V3.4.3]
2025-09-09 13:22:51,320 [INFO] DbBoardsSqlite:226 - include board P-NUCLEO-WB55-NUCLEO as a kit item of type 'Nucleo-64'
2025-09-09 13:22:51,320 [INFO] DbBoardsSqlite:226 - include board P-NUCLEO-WB55-USBDONGLE as a kit item of type 'Nucleo USB Dongle'
2025-09-09 13:22:51,321 [INFO] DbBoardsSqlite:226 - include board STEVAL-IDP005V1 as a kit item of type 'Evaluation Board'
2025-09-09 13:22:51,321 [INFO] DbBoardsSqlite:226 - include board STEVAL-IDP005V2 as a kit item of type 'Evaluation Board'
2025-09-09 13:22:51,387 [INFO] ApiDb:240 - Found 880 in-development CPN: [B-G473E-ZEST1S, B-WB1M-WPAN1, B-WBA5M-WPAN, B-WL5M-SUBG1, NUCLEO-C031C6, NUCLEO-C051C8, NUCLEO-C071RB, NUCLEO-C092RC, NUCLEO-H503RB, NUCLEO-H533RE, NUCLEO-H563ZI, NUCLEO-H7S3L8, NUCLEO-N657X0-Q, NUCLEO-U031R8, NUCLEO-U083RC, NUCLEO-U385RG-Q, NUCLEO-U545RE-Q, NUCLEO-U5A5ZJ-Q, NUCLEO-WB05KZ, NUCLEO-WB07CC, NUCLEO-WB09KE, NUCLEO-WBA52CG, NUCLEO-WBA55CG, NUCLEO-WL33CC1, NUCLEO-WL33CC2, STEVAL-PROTEUS1, STEVAL-SMARTAG2, STEVAL-STWINBX1, STM320518-EVAL, STM32C0116-DK, STM32C011D6Y3TR, STM32C011D6Y6TR, STM32C011F4P3, STM32C011F4P6, STM32C011F4U3, STM32C011F4U6TR, STM32C011F6P3, STM32C011F6P6, STM32C011F6U3, STM32C011F6U6TR, STM32C011J4M3, STM32C011J4M6, STM32C011J6M3, STM32C011J6M6, STM32C0316-DK, STM32C031C4T3, STM32C031C4T6, STM32C031C4U3, STM32C031C4U6, STM32C031C6T3, STM32C031C6T6, STM32C031C6U3, STM32C031C6U6, STM32C031F4P3, STM32C031F4P6, STM32C031F6P3, STM32C031F6P6, STM32C031G4U3, STM32C031G4U6, STM32C031G6U3, STM32C031G6U6, STM32C031K4T3, STM32C031K4T6, STM32C031K4U3, STM32C031K4U6, STM32C031K6T3, STM32C031K6T6, STM32C031K6U3, STM32C031K6U6, STM32C051C6T6, STM32C051C6U6, STM32C051C8T6, STM32C051C8U6, STM32C051D8Y6TR, STM32C051F6P6, STM32C051F8P6, STM32C051G6U6, STM32C051G8U6, STM32C051K6T6, STM32C051K6U6, STM32C051K8T6, STM32C071C8T6, STM32C071C8T6N, STM32C071C8U6, STM32C071C8U6N, STM32C071CBT6, STM32C071CBT6N, STM32C071CBU6, STM32C071CBU6N, STM32C071F8P6, STM32C071F8P6N, STM32C071FBP6, STM32C071FBP6N, STM32C071FBY6TR, STM32C071G8U6, STM32C071G8U6N, STM32C071GBU6, STM32C071GBU6N, STM32C071K8T6, STM32C071K8T6N, STM32C071K8U6, STM32C071K8U6N, STM32C071KBT6, STM32C071KBT6N, STM32C071KBU6, STM32C071KBU6N, STM32C071R8T6, STM32C071R8T6N, STM32C071RBI6N, STM32C071RBT6, STM32C071RBT6N, STM32C091CBT6, STM32C091CBU6, STM32C091CCT6, STM32C091CCU6, STM32C091ECY6TR, STM32C091FBP6, STM32C091FCP6, STM32C091GBU6, STM32C091GCU6, STM32C091KBT6, STM32C091KBU6, STM32C091KCT6, STM32C091KCU6, STM32C091RBT6, STM32C091RCI6, STM32C091RCT6, STM32C092CBT6, STM32C092CBU6, STM32C092CCT6, STM32C092CCU6, STM32C092ECY6TR, STM32C092FBP6, STM32C092FCP6, STM32C092GBU6, STM32C092GCU6, STM32C092KBT6, STM32C092KBU6, STM32C092KCT6, STM32C092KCU6, STM32C092RBT6, STM32C092RCI6, STM32C092RCT6, STM32G071K8TXN, STM32G071K8UXN, STM32G081GBU6N, STM32G081KBT6N, STM32G081KBUXN, STM32G0B1CCT6N, STM32G0B1KCT6, STM32G0B1NEY6TR, STM32G0B1RCT6N, STM32G0C1CCT6, STM32G0C1CCT6N, STM32G0C1CCU6N, STM32G0C1CET6N, STM32G0C1CEU6N, STM32G0C1KCT6, STM32G0C1NEY6TR, STM32G0C1RCI6N, STM32G0C1RCT6N, STM32G0C1REI6N, STM32G0C1RET6N, STM32G0C1VCI6, STM32G0C1VEI6, STM32G411C6T3, STM32G411C6T6, STM32G411C6U3, STM32G411C6U6, STM32G411C8T3, STM32G411C8T6, STM32G411C8U3, STM32G411C8U6, STM32G411CBT3, STM32G411CBT6, STM32G411CBU3, STM32G411CBU6, STM32G411K6T3, STM32G411K6T6, STM32G411K6U3, STM32G411K6U6, STM32G411K8T3, STM32G411K8T6, STM32G411K8U3, STM32G411K8U6, STM32G411KBT3, STM32G411KBT6, STM32G411KBU3, STM32G411KBU6, STM32G411M6T3, STM32G411M6T6, STM32G411M8T3, STM32G411M8T6, STM32G411MBT3, STM32G411MBT6, STM32G411R6T3, STM32G411R6T6, STM32G411R8T3, STM32G411R8T6, STM32G411RBT3, STM32G411RBT6, STM32G414CBT3, STM32G414CBT6, STM32G414CBU3, STM32G414CBU6, STM32G414CCT3, STM32G414CCT6, STM32G414CCU3, STM32G414CCU6, STM32G414MBT3, STM32G414MBT6, STM32G414MCT3, STM32G414MCT6, STM32G414RBT3, STM32G414RBT6, STM32G414RCT3, STM32G414RCT6, STM32G414VBT3, STM32G414VBT6, STM32G414VCT3, STM32G414VCT6, STM32G431CBT3Z, STM32G431RBT3Z, STM32G471CCT6, STM32G471CCU6, STM32G471CET3, STM32G471CET6, STM32G471CEU3, STM32G471CEU6, STM32G471MCT6, STM32G471MET3, STM32G471MET6, STM32G471MEY6TR, STM32G471QCT6, STM32G471QET3, STM32G471RCT6, STM32G471RET3, STM32G471RET6, STM32G471VCH6, STM32G471VCI6, STM32G471VCT6, STM32G471VEH3, STM32G471VEH6, STM32G471VEI3, STM32G471VEI6, STM32G471VET3, STM32G471VET6, STM32G473QET3Z, STM32G473RET3Z, STM32G474CCT6, STM32G491RET3Z, STM32H503CBT6, STM32H503CBU6, STM32H503EBY6TR, STM32H503KBU6, STM32H503RBT6, STM32H523CCT6, STM32H523CCU6, STM32H523CET6, STM32H523CEU6, STM32H523HEY6TR, STM32H523RCT6, STM32H523RET6, STM32H523VCI6, STM32H523VCT6, STM32H523VEI6, STM32H523VET6, STM32H523ZCJ6, STM32H523ZCT6, STM32H523ZEJ6, STM32H523ZET6, STM32H533CET6, STM32H533CEU6, STM32H533HEY6TR, STM32H533RET6, STM32H533VEI6, STM32H533VET6, STM32H533ZEJ6, STM32H533ZET6, STM32H562AGI6, STM32H562AII6, STM32H562IGK6, STM32H562IGT6, STM32H562IIK6, STM32H562IIT6, STM32H562RGT6, STM32H562RGV6, STM32H562RIT6, STM32H562RIV6, STM32H562VGT6, STM32H562VIT6, STM32H562ZGT6, STM32H562ZIT6, STM32H563AGI6, STM32H563AII3Q, STM32H563AII6, STM32H563IGK6, STM32H563IGT6, STM32H563IIK3Q, STM32H563IIK6, STM32H563IIT3Q, STM32H563IIT6, STM32H563MIY3QTR, STM32H563RGT6, STM32H563RGV6, STM32H563RIT6, STM32H563RIV6, STM32H563VGT6, STM32H563VIT3Q, STM32H563VIT6, STM32H563ZGT6, STM32H563ZIT3Q, STM32H563ZIT6, STM32H573AII3Q, STM32H573AII6, STM32H573I-DK, STM32H573IIK3Q, STM32H573IIK6, STM32H573IIT3Q, STM32H573IIT6, STM32H573MIY3QTR, STM32H573RIT6, STM32H573RIV6, STM32H573VIT3Q, STM32H573VIT6, STM32H573ZIT3Q, STM32H573ZIT6, STM32H7R3A8I6, STM32H7R3I8K6, STM32H7R3I8T6, STM32H7R3L8H6, STM32H7R3L8H6H, STM32H7R3R8V6, STM32H7R3V8H6, STM32H7R3V8T6, STM32H7R3V8Y6TR, STM32H7R3Z8J6, STM32H7R3Z8T6, STM32H7R7A8I6, STM32H7R7I8K6, STM32H7R7I8T6, STM32H7R7L8H6, STM32H7R7L8H6H, STM32H7R7Z8J6, STM32H7S3A8I6, STM32H7S3I8K6, STM32H7S3I8T6, STM32H7S3L8H6, STM32H7S3L8H6H, STM32H7S3R8V6, STM32H7S3V8H6, STM32H7S3V8T6, STM32H7S3V8Y6TR, STM32H7S3Z8J6, STM32H7S3Z8T6, STM32H7S78-DK, STM32H7S7A8I6, STM32H7S7I8K6, STM32H7S7I8T6, STM32H7S7L8H6, STM32H7S7L8H6H, STM32H7S7Z8J6, STM32L4R5QGI6STR, STM32MP131AAE3, STM32MP131AAF3, STM32MP131AAG3, STM32MP131CAE3, STM32MP131CAF3, STM32MP131CAG3, STM32MP131DAE7, STM32MP131DAF7, STM32MP131DAG7, STM32MP131FAE7, STM32MP131FAF7, STM32MP131FAG7, STM32MP133AAE3, STM32MP133AAF3, STM32MP133AAG3, STM32MP133CAE3, STM32MP133CAF3, STM32MP133CAG3, STM32MP133DAE7, STM32MP133DAF7, STM32MP133DAG7, STM32MP133FAE7, STM32MP133FAF7, STM32MP133FAG7, STM32MP135AAE3, STM32MP135AAF3, STM32MP135AAG3, STM32MP135CAE3, STM32MP135CAF3, STM32MP135CAG3, STM32MP135DAE7, STM32MP135DAF7, STM32MP135DAG7, STM32MP135F-DK, STM32MP135FAE7, STM32MP135FAF7, STM32MP135FAF7T, STM32MP135FAF7U, STM32MP135FAG7, STM32MP211AAL3, STM32MP211AAM3, STM32MP211AAN3, STM32MP211AAO3, STM32MP211CAL3, STM32MP211CAM3, STM32MP211CAN3, STM32MP211CAO3, STM32MP211DAL3, STM32MP211DAM3, STM32MP211DAN3, STM32MP211DAO3, STM32MP211FAL3, STM32MP211FAM3, STM32MP211FAN3, STM32MP211FAO3, STM32MP213AAL3, STM32MP213AAM3, STM32MP213AAN3, STM32MP213AAO3, STM32MP213CAL3, STM32MP213CAM3, STM32MP213CAN3, STM32MP213CAO3, STM32MP213DAL3, STM32MP213DAM3, STM32MP213DAN3, STM32MP213DAO3, STM32MP213FAL3, STM32MP213FAM3, STM32MP213FAN3, STM32MP213FAO3, STM32MP215AAL3, STM32MP215AAM3, STM32MP215AAN3, STM32MP215AAO3, STM32MP215CAL3, STM32MP215CAM3, STM32MP215CAN3, STM32MP215CAO3, STM32MP215DAL3, STM32MP215DAM3, STM32MP215DAN3, STM32MP215DAO3, STM32MP215F-DK, STM32MP215FAL3, STM32MP215FAM3, STM32MP215FAN3, STM32MP215FAO3, STM32MP231AAJ3, STM32MP231AAK3, STM32MP231AAL3, STM32MP231CAJ3, STM32MP231CAK3, STM32MP231CAL3, STM32MP231DAJ3, STM32MP231DAK3, STM32MP231DAL3, STM32MP231FAJ3, STM32MP231FAK3, STM32MP231FAL3, STM32MP233AAJ3, STM32MP233AAK3, STM32MP233AAL3, STM32MP233CAJ3, STM32MP233CAK3, STM32MP233CAL3, STM32MP233DAJ3, STM32MP233DAK3, STM32MP233DAL3, STM32MP233FAJ3, STM32MP233FAK3, STM32MP233FAL3, STM32MP235AAJ3, STM32MP235AAK3, STM32MP235AAL3, STM32MP235CAJ3, STM32MP235CAK3, STM32MP235CAL3, STM32MP235DAJ3, STM32MP235DAK3, STM32MP235DAL3, STM32MP235FAJ3, STM32MP235FAK3, STM32MP235FAL3, STM32MP251AAI3, STM32MP251AAK3, STM32MP251AAL3, STM32MP251CAI3, STM32MP251CAK3, STM32MP251CAL3, STM32MP251DAI3, STM32MP251DAK3, STM32MP251DAL3, STM32MP251FAI3, STM32MP251FAK3, STM32MP251FAL3, STM32MP253AAI3, STM32MP253AAK3, STM32MP253AAL3, STM32MP253CAI3, STM32MP253CAK3, STM32MP253CAL3, STM32MP253DAI3, STM32MP253DAK3, STM32MP253DAL3, STM32MP253FAI3, STM32MP253FAK3, STM32MP253FAL3, STM32MP255AAI3, STM32MP255AAK3, STM32MP255AAL3, STM32MP255CAI3, STM32MP255CAK3, STM32MP255CAL3, STM32MP255DAI3, STM32MP255DAK3, STM32MP255DAL3, STM32MP255FAI3, STM32MP255FAK3, STM32MP255FAL3, STM32MP257AAI3, STM32MP257AAK3, STM32MP257AAL3, STM32MP257CAI3, STM32MP257CAK3, STM32MP257CAL3, STM32MP257DAI3, STM32MP257DAK3, STM32MP257DAL3, STM32MP257F-DK, STM32MP257F-EV1, STM32MP257FAI3, STM32MP257FAK3, STM32MP257FAL3, STM32N645A0H3Q, STM32N645B0H3Q, STM32N645I0H3Q, STM32N645L0H3Q, STM32N645X0H3Q, STM32N645Z0H3Q, STM32N647A0H3Q, STM32N647B0H3Q, STM32N647I0H3Q, STM32N647L0H3Q, STM32N647X0H3Q, STM32N647Z0H3Q, STM32N655A0H3Q, STM32N655B0H3Q, STM32N655I0H3Q, STM32N655L0H3Q, STM32N655X0H3Q, STM32N655Z0H3Q, STM32N6570-DK, STM32N657A0H3Q, STM32N657B0H3Q, STM32N657I0H3Q, STM32N657L0H3Q, STM32N657X0H3Q, STM32N657Z0H3Q, STM32U031C6T6, STM32U031C6U6, STM32U031C8T6, STM32U031C8U6, STM32U031F4P6, STM32U031F6P6, STM32U031F8P6, STM32U031G6Y6TR, STM32U031G8Y6TR, STM32U031K4U6, STM32U031K6U6, STM32U031K8U6, STM32U031R6I6, STM32U031R6T6, STM32U031R8I6, STM32U031R8T6, STM32U073C8T6, STM32U073C8U6, STM32U073CBT6, STM32U073CBU6, STM32U073CCT6, STM32U073CCU6, STM32U073H8Y6TR, STM32U073HBY6TR, STM32U073HCY6TR, STM32U073K8U6, STM32U073KBU6, STM32U073KCU6, STM32U073M8I6, STM32U073M8T6, STM32U073MBI6, STM32U073MBT6, STM32U073MCI6, STM32U073MCT6, STM32U073R8I6, STM32U073R8T6, STM32U073RBI6, STM32U073RBT6, STM32U073RCI6, STM32U073RCT6, STM32U083C-DK, STM32U083CCT6, STM32U083CCU6, STM32U083HCY6TR, STM32U083KCU6, STM32U083MCI6, STM32U083MCT6, STM32U083RCI6, STM32U083RCT6, STM32U375CET6, STM32U375CET6Q, STM32U375CEU6, STM32U375CEU6Q, STM32U375CEY6QTR, STM32U375CGT6, STM32U375CGT6Q, STM32U375CGU6, STM32U375CGU6Q, STM32U375CGY6QTR, STM32U375KEU6, STM32U375KGU6, STM32U375REI6, STM32U375REI6Q, STM32U375RET6, STM32U375RET6Q, STM32U375REY6GTR, STM32U375REY6QTR, STM32U375RGI6, STM32U375RGI6Q, STM32U375RGT6, STM32U375RGT6Q, STM32U375RGY6GTR, STM32U375RGY6QTR, STM32U375VEI6, STM32U375VEI6Q, STM32U375VET6, STM32U375VET6Q, STM32U375VGI6, STM32U375VGI6Q, STM32U375VGT6, STM32U375VGT6Q, STM32U385CGT6, STM32U385CGT6Q, STM32U385CGU6, STM32U385CGU6Q, STM32U385CGY6QTR, STM32U385KGU6, STM32U385RGI6, STM32U385RGI6Q, STM32U385RGT6, STM32U385RGT6Q, STM32U385RGY6GTR, STM32U385RGY6QTR, STM32U385VGI6, STM32U385VGI6Q, STM32U385VGT6, STM32U385VGT6Q, STM32U535CBT6, STM32U535CBT6Q, STM32U535CBU6, STM32U535CBU6Q, STM32U535CCT6, STM32U535CCT6Q, STM32U535CCU6, STM32U535CCU6Q, STM32U535CET6, STM32U535CET6Q, STM32U535CEU6, STM32U535CEU6Q, STM32U535JEY6QTR, STM32U535NCY6QTR, STM32U535NEY6QTR, STM32U535RBI6, STM32U535RBI6Q, STM32U535RBT6, STM32U535RBT6Q, STM32U535RCI6, STM32U535RCI6Q, STM32U535RCT6, STM32U535RCT6Q, STM32U535REI6, STM32U535REI6Q, STM32U535RET6, STM32U535RET6Q, STM32U535VCI6, STM32U535VCI6Q, STM32U535VCT6, STM32U535VCT6Q, STM32U535VEI6, STM32U535VEI6Q, STM32U535VET6, STM32U535VET6Q, STM32U545CET6, STM32U545CET6Q, STM32U545CEU6, STM32U545CEU6Q, STM32U545JEY6QTR, STM32U545NEY6QTR, STM32U545REI6, STM32U545REI6Q, STM32U545RET6, STM32U545RET6Q, STM32U545VEI6, STM32U545VEI6Q, STM32U545VET6, STM32U545VET6Q, STM32U595AIH6, STM32U595AIH6Q, STM32U595AJH6, STM32U595AJH6Q, STM32U595QII6, STM32U595QII6Q, STM32U595QJI6, STM32U595QJI6Q, STM32U595RIT6, STM32U595RIT6Q, STM32U595RJT6, STM32U595RJT6Q, STM32U595VIT6, STM32U595VIT6Q, STM32U595VJT6, STM32U595VJT6Q, STM32U595ZIT6, STM32U595ZIT6Q, STM32U595ZIY6QTR, STM32U595ZJT6, STM32U595ZJT6Q, STM32U595ZJY6QTR, STM32U599BJY6QTR, STM32U599NIH6Q, STM32U599NJH6Q, STM32U599VIT6Q, STM32U599VJT6, STM32U599VJT6Q, STM32U599ZIT6Q, STM32U599ZIY6QTR, STM32U599ZJT6Q, STM32U599ZJY6QTR, STM32U5A5AJH6, STM32U5A5AJH6Q, STM32U5A5QII3Q , STM32U5A5QJI6, STM32U5A5QJI6Q, STM32U5A5RJT6, STM32U5A5RJT6Q, STM32U5A5VJT6, STM32U5A5VJT6Q, STM32U5A5ZJT6, STM32U5A5ZJT6Q, STM32U5A5ZJY6QTR, STM32U5A9BJY6QTR, STM32U5A9J-DK, STM32U5A9NJH6Q, STM32U5A9VJT6Q, STM32U5A9ZJT6Q, STM32U5A9ZJY6QTR, STM32U5F7VIT6, STM32U5F7VIT6Q, STM32U5F7VJT6, STM32U5F7VJT6Q, STM32U5F9BJY6QTR, STM32U5F9NJH6Q, STM32U5F9VIT6Q, STM32U5F9VJT6Q, STM32U5F9ZIJ6QTR, STM32U5F9ZIT6Q, STM32U5F9ZJJ6QTR, STM32U5F9ZJT6Q, STM32U5G7VJT6, STM32U5G7VJT6Q, STM32U5G9BJY6QTR, STM32U5G9J-DK1, STM32U5G9J-DK2, STM32U5G9NJH6Q, STM32U5G9VJT6Q, STM32U5G9ZJJ6QTR, STM32U5G9ZJT6Q, STM32WB05KZV6TR, STM32WB05KZV7TR, STM32WB05TZF6TR, STM32WB05TZF7TR, STM32WB06CCF6TR, STM32WB06CCF7TR, STM32WB06CCV6TR, STM32WB06CCV7TR, STM32WB06KCV6TR, STM32WB06KCV7TR, STM32WB07CCF6TR, STM32WB07CCF7TR, STM32WB07CCV6TR, STM32WB07CCV7TR, STM32WB07KCV6TR, STM32WB07KCV7TR, STM32WB09KEV6TR, STM32WB09KEV7TR, STM32WB09TEF6TR, STM32WB09TEF7TR, STM32WB1MMCH6, STM32WBA50KGU6, STM32WBA50KGU6TR, STM32WBA52CEU6, STM32WBA52CEU6TR, STM32WBA52CEU7, STM32WBA52CEU7TR, STM32WBA52CGU6, STM32WBA52CGU6TR, STM32WBA52CGU6U, STM32WBA52CGU7, STM32WBA52CGU7TR, STM32WBA52KEU6, STM32WBA52KEU6TR, STM32WBA52KGU6, STM32WBA52KGU6TR, STM32WBA54CEU6, STM32WBA54CEU6TR, STM32WBA54CEU7, STM32WBA54CEU7TR, STM32WBA54CGU6, STM32WBA54CGU6TR, STM32WBA54CGU7, STM32WBA54CGU7TR, STM32WBA54KEU6, STM32WBA54KEU6TR, STM32WBA54KEU7, STM32WBA54KEU7TR, STM32WBA54KGU6, STM32WBA54KGU6TR, STM32WBA54KGU7, STM32WBA54KGU7TR, STM32WBA55CEU6, STM32WBA55CEU6TR, STM32WBA55CEU7, STM32WBA55CEU7TR, STM32WBA55CGU6, STM32WBA55CGU6TR, STM32WBA55CGU6U, STM32WBA55CGU7, STM32WBA55CGU7TR, STM32WBA55G-DK1, STM32WBA55HEF6, STM32WBA55HEF7, STM32WBA55HGF6, STM32WBA55HGF7, STM32WBA55UEI6, STM32WBA55UEI6TR, STM32WBA55UEI7, STM32WBA55UEI7TR, STM32WBA55UGI6, STM32WBA55UGI6TR, STM32WBA55UGI7, STM32WBA55UGI7TR, STM32WBA5MMGH6TR, STM32WBA62MGF6, STM32WBA62MIF6, STM32WBA65MGF7, STM32WBA65MIF6, STM32WBA65MIF7, STM32WL30K8V6, STM32WL30KBV6, STM32WL31C8V6, STM32WL31CBV6, STM32WL31K8V6, STM32WL31KBV6, STM32WL33C8V6, STM32WL33C8V6X, STM32WL33CBV6, STM32WL33CBV6X, STM32WL33CCV6, STM32WL33CCV6A, STM32WL33CCV6X, STM32WL33K8V7, STM32WL33K8V7X, STM32WL33KBV7 , STM32WL33KBV7X, STM32WL33KCV7, STM32WL33KCV7X, STM32WL5MOCH6, STM32WL5MOCH6TR]
2025-09-09 13:22:51,638 [INFO] BoardInfo:889 - No configuration file found for board P-NUCLEO-WB55
2025-09-09 13:22:51,639 [INFO] DbBoards:161 - Kit is not supported: P-NUCLEO-WB55
2025-09-09 13:22:51,654 [INFO] BoardInfo:889 - No configuration file found for board STEVAL-BFA001V1B
2025-09-09 13:22:51,656 [INFO] DbBoards:161 - Kit is not supported: STEVAL-BFA001V1B
2025-09-09 13:22:51,657 [INFO] BoardInfo:889 - No configuration file found for board STEVAL-BFA001V2B
2025-09-09 13:22:51,658 [INFO] DbBoards:161 - Kit is not supported: STEVAL-BFA001V2B
2025-09-09 13:22:51,905 [INFO] DbBoards:168 - Found 212 boards, 209 are supported
2025-09-09 13:22:51,905 [INFO] DbBoards:169 - Found 212 boards, 43 of them is supported for  Bsp
2025-09-09 13:22:51,907 [INFO] ApiDb:423 - Load user favorites file C:\Users\USERIT/.stm32cubeide/favorites.boards.txt: 0 item(s)
2025-09-09 13:22:51,907 [INFO] ApiDb:427 - User favorites Boards=[]
2025-09-09 13:22:51,908 [INFO] DbBoards:198 - Set 0 / 0 favorites Boards
2025-09-09 13:22:51,908 [INFO] McuFinderGlobals:76 - Set McuFinderConnectedMode to true
2025-09-09 13:22:51,914 [INFO] MultiScanPanel:200 - Auto-refresh data requested => check proxy status ongoing
2025-09-09 13:22:51,917 [INFO] FinderPluginLoader:96 - Searching for filters in installed packs
2025-09-09 13:22:53,433 [INFO] LoadUrlFilesThread:185 - End of LoadServerUrlFiles without Thread
2025-09-09 13:22:53,529 [INFO] DetailPanel:341 - Set advertising image to C:/Users/USERIT/STM32Cube/Repository/\en.2400x1350px.jpeg
2025-09-09 13:23:06,788 [INFO] MultiScanPanel:200 - Auto-refresh data requested => check proxy status ongoing
2025-09-09 13:23:06,962 [INFO] LoadUrlFilesThread:185 - End of LoadServerUrlFiles without Thread
2025-09-09 13:23:06,962 [INFO] DetailPanel:341 - Set advertising image to C:/Users/USERIT/STM32Cube/Repository/\en.2400x1350px.jpeg
2025-09-09 13:23:06,977 [INFO] DbBoards:642 - Loading board mini-images...
2025-09-09 13:23:09,019 [ERROR] DbBoards:659 - Image file not found for board STM32MP215F-DK: C:\Users\USERIT\.stmcufinder\plugins\mcufinder//mcu//boards_images/STM32MP215F-DK.jpg
2025-09-09 13:23:09,179 [INFO] DbBoards:665 - Loaded 211 board mini-images
2025-09-09 13:23:43,014 [INFO] BoardResultTable:719 - Mark Board NUCLEO-F767ZI as favorite
2025-09-09 13:24:15,307 [INFO] MainUpdater:2872 - connection check result : 10
2025-09-09 13:24:15,307 [INFO] MainUpdater:2872 - connection check result : 10
2025-09-09 13:24:15,328 [INFO] MicroXplorer:468 - Change Database Path : 
2025-09-09 13:24:15,328 [INFO] MicroXplorer:498 - Change Database Version : DB.6.0.150
2025-09-09 13:24:15,341 [WARN] ThirdParty:871 - waiting for thirdparty lock release [close project]
2025-09-09 13:24:15,341 [INFO] ThirdParty:873 - entering critical section [close project]
2025-09-09 13:24:15,342 [INFO] ThirdParty:883 - exiting critical section [close project]
2025-09-09 13:24:15,345 [INFO] PinOutPanel:1589 - setPackage(No Configuration,No Configuration)
2025-09-09 13:24:15,348 [INFO] UtilMem:75 - Begin LoadConfig() Used Memory: 958016672 Bytes (1073741824)
2025-09-09 13:24:15,354 [INFO] OpenFileManager:355 - Change cursor
2025-09-09 13:24:15,441 [INFO] ProjectFactory:514 - No CPN specified for board NUCLEO-F767ZI => set CPN to STM32F767ZIT6
2025-09-09 13:24:15,442 [INFO] Mcu:2029 - Initializing MCU STM32F767ZITx STM32F767ZITx STM32F767ZIT6
2025-09-09 13:24:18,422 [INFO] Context:786 - Trying to add GPIOservice into a context  which must be forbidden
2025-09-09 13:24:19,119 [INFO] Rule:233 - rule 117617 - U5Cobra4M][GTZC] default value MPCBB3 and MPCBB5 - Not Secured memory - MPCBB1 is applicable
2025-09-09 13:24:19,119 [INFO] Rule:233 - rule 117617 - U5Cobra4M][GTZC] default value MPCBB3 and MPCBB5 - Not Secured memory - MPCBB1 is applicable
2025-09-09 13:24:19,119 [INFO] Rule:233 - rule 117617 - U5Cobra4M][GTZC] default value MPCBB3 and MPCBB5 - Not Secured memory - MPCBB2 is applicable
2025-09-09 13:24:19,119 [INFO] Rule:233 - rule 117617 - U5Cobra4M][GTZC] default value MPCBB3 and MPCBB5 - Not Secured memory - MPCBB2 is applicable
2025-09-09 13:24:19,119 [INFO] Rule:233 - rule 117617 - U5Cobra4M][GTZC] default value MPCBB3 and MPCBB5 - Not Secured memory - MPCBB3 is applicable
2025-09-09 13:24:19,119 [INFO] Rule:233 - rule 117617 - U5Cobra4M][GTZC] default value MPCBB3 and MPCBB5 - Not Secured memory - MPCBB3 is applicable
2025-09-09 13:24:19,119 [INFO] Rule:233 - rule 117617 - U5Cobra4M][GTZC] default value MPCBB3 and MPCBB5 - Not Secured memory - MPCBB4 is applicable
2025-09-09 13:24:19,119 [INFO] Rule:233 - rule 117617 - U5Cobra4M][GTZC] default value MPCBB3 and MPCBB5 - Not Secured memory - MPCBB4 is applicable
2025-09-09 13:24:19,119 [INFO] Rule:233 - rule 117617 - U5Cobra4M][GTZC] default value MPCBB3 and MPCBB5 - Secured memory - MPCBB1 is applicable
2025-09-09 13:24:19,119 [INFO] Rule:233 - rule 117617 - U5Cobra4M][GTZC] default value MPCBB3 and MPCBB5 - Secured memory - MPCBB2 is applicable
2025-09-09 13:24:19,119 [INFO] Rule:233 - rule 117617 - U5Cobra4M][GTZC] default value MPCBB3 and MPCBB5 - Secured memory - MPCBB3 is applicable
2025-09-09 13:24:19,119 [INFO] Rule:233 - rule 117617 - U5Cobra4M][GTZC] default value MPCBB3 and MPCBB5 - Secured memory - MPCBB4 is applicable
2025-09-09 13:24:19,119 [INFO] Rule:233 - rule 117617 - U5Cobra4M][GTZC] default value MPCBB3 and MPCBB5 - Privileged memory - MPCBB1 is applicable
2025-09-09 13:24:19,119 [INFO] Rule:233 - rule 117617 - U5Cobra4M][GTZC] default value MPCBB3 and MPCBB5 - Privileged memory - MPCBB2 is applicable
2025-09-09 13:24:19,119 [INFO] Rule:233 - rule 117617 - U5Cobra4M][GTZC] default value MPCBB3 and MPCBB5 - Privileged memory - MPCBB3 is applicable
2025-09-09 13:24:19,119 [INFO] Rule:233 - rule 117617 - U5Cobra4M][GTZC] default value MPCBB3 and MPCBB5 - Privileged memory - MPCBB4 is applicable
2025-09-09 13:24:19,120 [INFO] Rule:233 - rule 117617 - U5Cobra4M][GTZC] default value MPCBB3 and MPCBB5 - Not Privileged memory - MPCBB1 is applicable
2025-09-09 13:24:19,120 [INFO] Rule:233 - rule 117617 - U5Cobra4M][GTZC] default value MPCBB3 and MPCBB5 - Not Privileged memory - MPCBB2 is applicable
2025-09-09 13:24:19,120 [INFO] Rule:233 - rule 117617 - U5Cobra4M][GTZC] default value MPCBB3 and MPCBB5 - Not Privileged memory - MPCBB3 is applicable
2025-09-09 13:24:19,120 [INFO] Rule:233 - rule 117617 - U5Cobra4M][GTZC] default value MPCBB3 and MPCBB5 - Not Privileged memory - MPCBB4 is applicable
2025-09-09 13:24:19,120 [INFO] Rule:233 - rule 117617 - U5Cobra4M][GTZC] default value MPCBB3 and MPCBB5 - Privileged memory - MPCBB1 is applicable
2025-09-09 13:24:19,120 [INFO] Rule:233 - rule 117617 - U5Cobra4M][GTZC] default value MPCBB3 and MPCBB5 - Privileged memory - MPCBB2 is applicable
2025-09-09 13:24:19,120 [INFO] Rule:233 - rule 117617 - U5Cobra4M][GTZC] default value MPCBB3 and MPCBB5 - Privileged memory - MPCBB3 is applicable
2025-09-09 13:24:19,120 [INFO] Rule:233 - rule 117617 - U5Cobra4M][GTZC] default value MPCBB3 and MPCBB5 - Privileged memory - MPCBB4 is applicable
2025-09-09 13:24:19,120 [INFO] Rule:233 - rule 117617 - U5Cobra4M][GTZC] default value MPCBB3 and MPCBB5 - Privileged memory - MPCBB1 is applicable
2025-09-09 13:24:19,120 [INFO] Rule:233 - rule 117617 - U5Cobra4M][GTZC] default value MPCBB3 and MPCBB5 - Privileged memory - MPCBB2 is applicable
2025-09-09 13:24:19,120 [INFO] Rule:233 - rule 117617 - U5Cobra4M][GTZC] default value MPCBB3 and MPCBB5 - Privileged memory - MPCBB3 is applicable
2025-09-09 13:24:19,120 [INFO] Rule:233 - rule 117617 - U5Cobra4M][GTZC] default value MPCBB3 and MPCBB5 - Privileged memory - MPCBB4 is applicable
2025-09-09 13:24:19,120 [INFO] Rule:233 - rule 117617 - U5Cobra4M][GTZC] default value MPCBB3 and MPCBB5 - Not Privileged memory - MPCBB1 is applicable
2025-09-09 13:24:19,120 [INFO] Rule:233 - rule 117617 - U5Cobra4M][GTZC] default value MPCBB3 and MPCBB5 - Not Privileged memory - MPCBB2 is applicable
2025-09-09 13:24:19,120 [INFO] Rule:233 - rule 117617 - U5Cobra4M][GTZC] default value MPCBB3 and MPCBB5 - Not Privileged memory - MPCBB3 is applicable
2025-09-09 13:24:19,120 [INFO] Rule:233 - rule 117617 - U5Cobra4M][GTZC] default value MPCBB3 and MPCBB5 - Not Privileged memory - MPCBB4 is applicable
2025-09-09 13:24:19,120 [INFO] Rule:233 - rule 117617 - U5Cobra4M][GTZC] default value MPCBB3 and MPCBB5 - Privileged memory - MPCBB1 is applicable
2025-09-09 13:24:19,121 [INFO] Rule:233 - rule 117617 - U5Cobra4M][GTZC] default value MPCBB3 and MPCBB5 - Privileged memory - MPCBB2 is applicable
2025-09-09 13:24:19,121 [INFO] Rule:233 - rule 117617 - U5Cobra4M][GTZC] default value MPCBB3 and MPCBB5 - Privileged memory - MPCBB3 is applicable
2025-09-09 13:24:19,121 [INFO] Rule:233 - rule 117617 - U5Cobra4M][GTZC] default value MPCBB3 and MPCBB5 - Privileged memory - MPCBB4 is applicable
2025-09-09 13:24:19,121 [INFO] Rule:233 - rule Rename SubGHz_Phy SUBGHZ_APPLICATION SUBGHZ_PINGPONG to SUBGHZ_ADV_APPLICATION is applicable
2025-09-09 13:24:19,121 [INFO] Rule:233 - rule Rename Enabled to IBEACON is applicable
2025-09-09 13:24:19,121 [INFO] Rule:233 - rule GTZC_S instance for project manager is applicable
2025-09-09 13:24:19,121 [INFO] Rule:233 - rule GTZC_S instance for context M33S is applicable
2025-09-09 13:24:19,121 [INFO] Rule:233 - rule GTZC_S instance value for IP GTZC is applicable
2025-09-09 13:24:19,121 [INFO] Rule:233 - rule GTZC_S instance for mcu.IP is applicable
2025-09-09 13:24:19,121 [INFO] Rule:233 - rule GTZC_S instance for VP is applicable
2025-09-09 13:24:19,121 [INFO] Rule:233 - rule GTZC_S instance for signal is applicable
2025-09-09 13:24:19,121 [INFO] Rule:233 - rule GTZC_S instance for mcu.Pin is applicable
2025-09-09 13:24:19,121 [INFO] Rule:233 - rule GTZC_S instance for VP is applicable
2025-09-09 13:24:19,121 [INFO] Rule:233 - rule GTZC_S instance for signal is applicable
2025-09-09 13:24:19,121 [INFO] Rule:233 - rule GTZC_S instance for mcu is applicable
2025-09-09 13:24:19,121 [INFO] Rule:233 - rule GTZC_S instance for mcu.Pin is applicable
2025-09-09 13:24:19,121 [INFO] Rule:233 - rule GTZC_S instance value for IP GTZC is applicable
2025-09-09 13:24:19,121 [INFO] Rule:233 - rule GTZC_S instance for project manager is applicable
2025-09-09 13:24:19,121 [INFO] Rule:233 - rule GTZC_S instance for context M33S is applicable
2025-09-09 13:24:19,121 [INFO] Rule:233 - rule GTZC_S instance for VP is applicable
2025-09-09 13:24:19,121 [INFO] Rule:233 - rule GTZC_S instance for signal is applicable
2025-09-09 13:24:19,122 [INFO] Rule:233 - rule WakeUp0 Mode is applicable
2025-09-09 13:24:19,122 [INFO] Rule:233 - rule WakeUp0 SIGNAL is applicable
2025-09-09 13:24:19,122 [INFO] Rule:233 - rule WakeUp1 Mode is applicable
2025-09-09 13:24:19,122 [INFO] Rule:233 - rule WakeUp1 SIGNAL is applicable
2025-09-09 13:24:19,122 [INFO] Rule:233 - rule WakeUp2 Mode is applicable
2025-09-09 13:24:19,122 [INFO] Rule:233 - rule WakeUp2 SIGNAL is applicable
2025-09-09 13:24:19,122 [INFO] Rule:233 - rule WakeUp4 Mode is applicable
2025-09-09 13:24:19,122 [INFO] Rule:233 - rule WakeUp4 SIGNAL is applicable
2025-09-09 13:24:19,122 [INFO] Rule:233 - rule WakeUp5 Mode is applicable
2025-09-09 13:24:19,122 [INFO] Rule:233 - rule WakeUp5 SIGNAL is applicable
2025-09-09 13:24:19,122 [INFO] Rule:233 - rule Change Default Value for LSE Drive Capability for WB family is applicable
2025-09-09 13:24:19,122 [INFO] Rule:233 - rule Change Default Value for ADC Clock Prescaler G0 family is applicable
2025-09-09 13:24:19,122 [INFO] Rule:233 - rule Change USART1CLockSelection refparam name for MP1 is applicable
2025-09-09 13:24:19,122 [INFO] Rule:233 - rule Change USART2CLockSelection refparam name for MP1 is applicable
2025-09-09 13:24:19,123 [INFO] Rule:233 - rule Change USART3CLockSelection refparam name for MP1 is applicable
2025-09-09 13:24:19,123 [INFO] Rule:233 - rule Change UART4CLockSelection refparam name for MP1 is applicable
2025-09-09 13:24:19,123 [INFO] Rule:233 - rule Change UART5CLockSelection refparam name for MP1 is applicable
2025-09-09 13:24:19,123 [INFO] Rule:233 - rule Change LPUART1CLockSelection refparam name for MP1 is applicable
2025-09-09 13:24:19,123 [INFO] Rule:233 - rule Change LPTIM1CLockSelection refparam name for MP1 is applicable
2025-09-09 13:24:19,124 [INFO] Rule:233 - rule Change LPTIM2CLockSelection refparam name for MP1 is applicable
2025-09-09 13:24:19,124 [INFO] Rule:233 - rule Change RCC_MCO1Source refparam name for MP1 is applicable
2025-09-09 13:24:19,124 [INFO] Rule:233 - rule Change LSCOSource1 refparam name for MP1 is applicable
2025-09-09 13:24:19,124 [INFO] Rule:233 - rule Change SMPSCLockSelection refparam name for MP1 is applicable
2025-09-09 13:24:19,124 [INFO] Rule:233 - rule Change LPTIM3CLockSelection refparam name for MP1 is applicable
2025-09-09 13:24:19,124 [INFO] Rule:233 - rule Change MPCBB* Default Template Mode to Parameters is applicable
2025-09-09 13:24:19,124 [INFO] Rule:233 - rule Change MPCWM* or MPCBB* Secure Mode to Parameters is applicable
2025-09-09 13:24:19,124 [INFO] Rule:233 - rule Change MPCWM* or MPCBB* No Secure Mode to Parameters is applicable
2025-09-09 13:24:19,124 [INFO] Rule:233 - rule Change TZSC IP Secure Mode to Parameters is applicable
2025-09-09 13:24:19,124 [INFO] Rule:233 - rule Change TZSC IP No Secure Mode to Parameters is applicable
2025-09-09 13:24:19,124 [INFO] Rule:233 - rule Change TZSC IP Privilege Mode to Parameters is applicable
2025-09-09 13:24:19,124 [INFO] Rule:233 - rule Change TZSC IP No Privilege Mode to Parameters is applicable
2025-09-09 13:24:19,124 [INFO] Rule:233 - rule Change TZIC IT Secure Mode to Parameters is applicable
2025-09-09 13:24:19,124 [INFO] Rule:233 - rule Change TZIC IT No Secure Mode to Parameters is applicable
2025-09-09 13:24:19,124 [INFO] Rule:233 - rule Add MPCBB1_NonSecureArea_Start_Address value with referenced to MPCBB1_NonSecureArea_Start value is applicable
2025-09-09 13:24:19,124 [INFO] Rule:233 - rule Add MPCBB2_NonSecureArea_Start_Address value with referenced to MPCBB2_NonSecureArea_Start value is applicable
2025-09-09 13:24:19,125 [INFO] Rule:233 - rule Add MPCWM1_NonSecureArea*_Start_Address value with referenced to MPCWM1_NonSecureArea*_Start value is applicable
2025-09-09 13:24:19,125 [INFO] Rule:233 - rule Add MPCWM2_NonSecureArea*_Start_Address value with referenced to MPCWM2_NonSecureArea*_Start value is applicable
2025-09-09 13:24:19,125 [INFO] Rule:233 - rule Add MPCWM3_NonSecureArea_Start_Address value with referenced to MPCWM3_NonSecureArea_Start value is applicable
2025-09-09 13:24:19,125 [INFO] Rule:233 - rule Change Default Value for PLL1UserDefinedConfig is applicable
2025-09-09 13:24:19,125 [INFO] Rule:233 - rule OPAMP is applicable
2025-09-09 13:24:19,125 [INFO] Rule:233 - rule LPUART IPParameter rename Prescaler parameter to ClockPrescaler for STM32H7 is applicable
2025-09-09 13:24:19,125 [INFO] Rule:233 - rule LPUART IPParameter rename Prescaler parameter to ClockPrescaler for STM32H7 is applicable
2025-09-09 13:24:19,125 [INFO] Rule:233 - rule LPUART IPParameter rename Prescaler parameter to ClockPrescaler for STM32WB is applicable
2025-09-09 13:24:19,125 [INFO] Rule:233 - rule LPUART IPParameter rename Prescaler parameter to ClockPrescaler for STM32WB is applicable
2025-09-09 13:24:19,125 [INFO] Rule:233 - rule LPUART IPParameter rename Prescaler parameter to ClockPrescaler for STM32G4 is applicable
2025-09-09 13:24:19,125 [INFO] Rule:233 - rule LPUART IPParameter rename Prescaler parameter to ClockPrescaler for STM32G4 is applicable
2025-09-09 13:24:19,125 [INFO] Rule:233 - rule LPUART IPParameter rename Prescaler parameter to ClockPrescaler for STM32L5 is applicable
2025-09-09 13:24:19,125 [INFO] Rule:233 - rule LPUART IPParameter rename Prescaler parameter to ClockPrescaler for STM32L5 is applicable
2025-09-09 13:24:19,125 [INFO] Rule:233 - rule LPUART IPParameter rename Prescaler parameter to ClockPrescaler for STM32G4 is applicable
2025-09-09 13:24:19,125 [INFO] Rule:233 - rule LPUART IPParameter rename Prescaler parameter to ClockPrescaler for STM32G4 is applicable
2025-09-09 13:24:19,125 [INFO] Rule:233 - rule USB device lib V2.5.3 for L0 rename USBD_SUPPORT_USER_STRING parameter to USBD_SUPPORT_USER_STRING_DESC4 is applicable
2025-09-09 13:24:19,125 [INFO] Rule:233 - rule I2SCLockSelection clock entry align is applicable
2025-09-09 13:24:19,125 [INFO] Rule:233 - rule Assign TIMx context if used as SYS timebase is applicable
2025-09-09 13:24:19,125 [INFO] Rule:233 - rule Change GPIO_Pu Default Value for I2C is applicable
2025-09-09 13:24:19,125 [INFO] Rule:233 - rule Change GPIO_Pu Default Value for SMBus is applicable
2025-09-09 13:24:19,125 [INFO] Rule:233 - rule change FDCAN default value is applicable
2025-09-09 13:24:19,125 [INFO] Rule:233 - rule Rename STM32WPAN CFG_BLE_IRK to CFG_BLE_IR is applicable
2025-09-09 13:24:19,125 [INFO] Rule:233 - rule Rename STM32WPAN CFG_BLE_ERK to CFG_BLE_ER is applicable
2025-09-09 13:24:19,125 [INFO] Rule:233 - rule Rename STM32WPAN CFG_BLE_IRK_HEX to CFG_BLE_IR_HEX is applicable
2025-09-09 13:24:19,126 [INFO] Rule:233 - rule Rename STM32WPAN CFG_BLE_ERK_HEX to CFG_BLE_ER_HEX is applicable
2025-09-09 13:24:19,126 [INFO] Rule:233 - rule Adapt Old IOC before rework replace old CORTEX_M33/CORTEX_M55 attributes by the new one. is applicable
2025-09-09 13:24:19,126 [INFO] Rule:233 - rule Rename parametre of RCC RCC_APBDBG_DIV2 to RCC_TIMPRES_DIV2 is applicable
2025-09-09 13:24:19,126 [INFO] Rule:233 - rule Rename DIE493 pin PA10 [PA12] -> PA10 is applicable
2025-09-09 13:24:19,126 [INFO] Rule:233 - rule Rename DIE493 pin PA9 [PA11] -> PA9 is applicable
2025-09-09 13:24:19,126 [INFO] Rule:233 - rule Rename DIE492 PartNumber CPN STM32WBA5MJGHx -> STM32WBA5MMGHx is applicable
2025-09-09 13:24:19,126 [INFO] Rule:233 - rule Rename DIE492 PartNumber  Name STM32WBA5MJGHx -> STM32WBA5MMGHx is applicable
2025-09-09 13:24:19,126 [INFO] Rule:233 - rule Rename DIE492 PartNumber UserName STM32WBA5MJGHx -> STM32WBA5MMGHx is applicable
2025-09-09 13:24:19,126 [INFO] Rule:233 - rule Rename DIE492 PartNumber DeviceId STM32WBA5MJGHx -> STM32WBA5MMGHx is applicable
2025-09-09 13:24:19,126 [INFO] Rule:233 - rule Adapt Old IOC CSI. is applicable
2025-09-09 13:24:19,126 [INFO] Rule:233 - rule Adapt Old IOC DCMIPP. is applicable
2025-09-09 13:24:19,126 [INFO] Rule:233 - rule Adapt Old IOC DCMIPP Mode Parallel. is applicable
2025-09-09 13:24:19,126 [INFO] Rule:233 - rule Adapt Old IOC LTDC. is applicable
2025-09-09 13:24:19,126 [INFO] Rule:233 - rule Rename STM32MP2 RIF Peripheral LTDC RIF.RISUP.LTDC_L0L1.Privilege -> RIF.RISUP.LTDC_L1L2.Privilege is applicable
2025-09-09 13:24:19,126 [INFO] Rule:233 - rule Rename STM32MP2 RIF Peripheral LTDC RIF.RISUP.LTDC_L0L1.Privilege -> RIF.RISUP.LTDC_L1L2.Privilege is applicable
2025-09-09 13:24:19,126 [INFO] Rule:233 - rule Rename STM32MP2 RIF Peripheral LTDC RIF.RISUP.LTDC_L0L1.Lock -> RIF.RISUP.LTDC_L1L2.Lock is applicable
2025-09-09 13:24:19,126 [INFO] Rule:233 - rule Rename STM32MP2 RIF Peripheral LTDC RIF.RISUP.LTDC_L2.Lock -> RIF.RISUP.LTDC_L3.Lock is applicable
2025-09-09 13:24:19,126 [INFO] Rule:233 - rule Adapt the old IOC example for updating the SYS when it is misconfigured. is applicable
2025-09-09 13:24:19,126 [INFO] Rule:233 - rule Rename STM32C09 Mcu.Package LQFP64 -> LQFP48 is applicable
2025-09-09 13:24:19,126 [INFO] Rule:233 - rule Adapt the old IOC example for updating the SYS when it is misconfigured. is applicable
2025-09-09 13:24:19,126 [INFO] Rule:233 - rule Adapt the old IOC example for updating the SYS when it is misconfigured. is applicable
2025-09-09 13:24:19,131 [INFO] DbConfProperties:307 - Apply Compatibility (7/134 Rules)
2025-09-09 13:24:19,150 [INFO] ImportTextPane:234 - (OptionalMessage_ERROR) Pin30 (VP_RIF_VS_RIF1) cannot be retrieved for this MCU
2025-09-09 13:24:19,307 [INFO] RtosManager:558 - Registered RTOS mode: class=CMSIS, group=RTOS, mode=CMSIS_V1, owner=FREERTOS
2025-09-09 13:24:19,308 [INFO] RtosManager:558 - Registered RTOS mode: class=CMSIS, group=RTOS2, mode=CMSIS_V2, owner=FREERTOS
2025-09-09 13:24:19,308 [INFO] RtosManager:558 - Registered RTOS mode: class=RTOS, group=Core, mode=CMSIS_V1, owner=FREERTOS
2025-09-09 13:24:19,308 [INFO] RtosManager:558 - Registered RTOS mode: class=RTOS, group=Core, mode=CMSIS_V2, owner=FREERTOS
2025-09-09 13:24:19,308 [WARN] ModelIntegratedComponent:184 - Missing modes for component STMicroelectronics:FreeRTOS:0.0.1:STMicroelectronics:RTOS:FreeRTOS:Core:::10.2.0:
2025-09-09 13:24:19,342 [WARN] ModelIntegratedComponent:63 - No mode defined for component null
2025-09-09 13:24:19,342 [WARN] ModelIntegratedComponent:63 - No mode defined for component null
2025-09-09 13:24:19,342 [WARN] ModelIntegratedComponent:63 - No mode defined for component null
2025-09-09 13:24:19,343 [WARN] ModelIntegratedComponent:63 - No mode defined for component null
2025-09-09 13:24:19,343 [WARN] ModelIntegratedComponent:63 - No mode defined for component null
2025-09-09 13:24:19,343 [WARN] ModelIntegratedComponent:63 - No mode defined for component null
2025-09-09 13:24:19,343 [WARN] ModelIntegratedComponent:63 - No mode defined for component null
2025-09-09 13:24:19,343 [WARN] ModelIntegratedComponent:63 - No mode defined for component null
2025-09-09 13:24:19,343 [WARN] ModelIntegratedComponent:63 - No mode defined for component null
2025-09-09 13:24:19,343 [WARN] ModelIntegratedComponent:63 - No mode defined for component null
2025-09-09 13:24:19,343 [WARN] ModelIntegratedComponent:63 - No mode defined for component null
2025-09-09 13:24:19,343 [WARN] ModelIntegratedComponent:63 - No mode defined for component null
2025-09-09 13:24:19,343 [WARN] ModelIntegratedComponent:63 - No mode defined for component null
2025-09-09 13:24:19,343 [WARN] ModelIntegratedComponent:63 - No mode defined for component null
2025-09-09 13:24:19,344 [WARN] ModelIntegratedComponent:63 - No mode defined for component null
2025-09-09 13:24:19,344 [WARN] ModelIntegratedComponent:63 - No mode defined for component null
2025-09-09 13:24:19,344 [WARN] ModelIntegratedComponent:63 - No mode defined for component null
2025-09-09 13:24:19,344 [WARN] ModelIntegratedComponent:63 - No mode defined for component null
2025-09-09 13:24:19,344 [WARN] ModelIntegratedComponent:63 - No mode defined for component null
2025-09-09 13:24:19,344 [WARN] ModelIntegratedComponent:63 - No mode defined for component null
2025-09-09 13:24:19,344 [WARN] ModelIntegratedComponent:63 - No mode defined for component null
2025-09-09 13:24:19,345 [WARN] ModelIntegratedComponent:63 - No mode defined for component null
2025-09-09 13:24:19,345 [WARN] ModelIntegratedComponent:63 - No mode defined for component null
2025-09-09 13:24:19,345 [WARN] ModelIntegratedComponent:63 - No mode defined for component null
2025-09-09 13:24:19,345 [WARN] ModelIntegratedComponent:63 - No mode defined for component null
2025-09-09 13:24:19,346 [WARN] ModelIntegratedComponent:63 - No mode defined for component null
2025-09-09 13:24:19,346 [WARN] ModelIntegratedComponent:63 - No mode defined for component null
2025-09-09 13:24:19,346 [WARN] ModelIntegratedComponent:63 - No mode defined for component null
2025-09-09 13:24:19,346 [WARN] ModelIntegratedComponent:63 - No mode defined for component null
2025-09-09 13:24:19,346 [WARN] ModelIntegratedComponent:63 - No mode defined for component null
2025-09-09 13:24:19,346 [WARN] ModelIntegratedComponent:63 - No mode defined for component null
2025-09-09 13:24:19,346 [WARN] ModelIntegratedComponent:63 - No mode defined for component null
2025-09-09 13:24:19,346 [WARN] ModelIntegratedComponent:63 - No mode defined for component null
2025-09-09 13:24:19,346 [WARN] ModelIntegratedComponent:63 - No mode defined for component null
2025-09-09 13:24:19,346 [WARN] ModelIntegratedComponent:63 - No mode defined for component null
2025-09-09 13:24:19,347 [WARN] ModelPack:524 - Component already loaded: STMicroelectronics:HAL Drivers:0.0.0:STMicroelectronics:Device:STMicro_Driver:XSPI:HAL::0.0.1:HAL_XSPI
2025-09-09 13:24:19,509 [INFO] ThirdPartyModel:298 - Start build external matchings
2025-09-09 13:24:20,068 [INFO] ThirdPartyModel:316 - End build external matchings
2025-09-09 13:24:20,084 [WARN] IP:2250 - Warning not found: check if there is a RefParameter without a condition.
2025-09-09 13:24:20,084 [WARN] IP:2250 - RxBufferAddress not found: check if there is a RefParameter without a condition.
2025-09-09 13:24:20,084 [WARN] IP:2250 - DESC_SIZE_UNIT not found: check if there is a RefParameter without a condition.
2025-09-09 13:24:20,085 [INFO] ImportTextPane:234 - (OptionalMessage_ERROR) IP (ETH) : Invalid parameter (PHY_Name)
2025-09-09 13:24:20,085 [INFO] ImportTextPane:234 - (OptionalMessage_ERROR) IP (ETH) : Invalid parameter (PHY_Value)
2025-09-09 13:24:20,085 [INFO] ImportTextPane:234 - (OptionalMessage_ERROR) IP (ETH) : Invalid parameter (PhyAddress)
2025-09-09 13:24:20,087 [INFO] ImportTextPane:234 - (OptionalMessage_ERROR) IP (RCC) : Invalid parameter (48MHZClocksFreq_Value)
2025-09-09 13:24:20,087 [INFO] ImportTextPane:234 - (OptionalMessage_ERROR) IP (RCC) : Invalid parameter (ADC12outputFreq_Value)
2025-09-09 13:24:20,087 [INFO] ImportTextPane:234 - (OptionalMessage_ERROR) IP (RCC) : Invalid parameter (ADC34outputFreq_Value)
2025-09-09 13:24:20,087 [INFO] ImportTextPane:234 - (OptionalMessage_ERROR) IP (RCC) : Invalid parameter (FamilyName)
2025-09-09 13:24:20,087 [INFO] ImportTextPane:234 - (OptionalMessage_ERROR) IP (RCC) : Invalid parameter (I2SClocksFreq_Value)
2025-09-09 13:24:20,088 [INFO] ImportTextPane:234 - (OptionalMessage_ERROR) IP (RCC) : Invalid parameter (LCDTFToutputFreq_Value)
2025-09-09 13:24:20,088 [INFO] ImportTextPane:234 - (OptionalMessage_ERROR) IP (RCC) : Invalid parameter (MCOFreq_Value)
2025-09-09 13:24:20,089 [INFO] ImportTextPane:234 - (OptionalMessage_ERROR) IP (RCC) : Invalid parameter (PLLMCOFreq_Value)
2025-09-09 13:24:20,089 [INFO] ImportTextPane:234 - (OptionalMessage_ERROR) IP (RCC) : Invalid parameter (PLLMUL)
2025-09-09 13:24:20,089 [INFO] ImportTextPane:234 - (OptionalMessage_ERROR) IP (RCC) : Invalid parameter (PRESCALERUSB)
2025-09-09 13:24:20,090 [INFO] ImportTextPane:234 - (OptionalMessage_ERROR) IP (RCC) : Invalid parameter (RTCHSEDivFreq_Value)
2025-09-09 13:24:20,090 [INFO] ImportTextPane:234 - (OptionalMessage_ERROR) IP (RCC) : Parameter (SDMMC2Freq_Value) has invalid value (96000000)
2025-09-09 13:24:20,090 [INFO] ImportTextPane:234 - (OptionalMessage_ERROR) IP (RCC) : Parameter (SDMMCFreq_Value) has invalid value (96000000)
2025-09-09 13:24:20,090 [INFO] ImportTextPane:234 - (OptionalMessage_ERROR) IP (RCC) : Invalid parameter (SYSCLKSourceVirtual)
2025-09-09 13:24:20,090 [INFO] ImportTextPane:234 - (OptionalMessage_ERROR) IP (RCC) : Invalid parameter (TIM15Freq_Value)
2025-09-09 13:24:20,090 [INFO] ImportTextPane:234 - (OptionalMessage_ERROR) IP (RCC) : Invalid parameter (TIM16Freq_Value)
2025-09-09 13:24:20,090 [INFO] ImportTextPane:234 - (OptionalMessage_ERROR) IP (RCC) : Invalid parameter (TIM17Freq_Value)
2025-09-09 13:24:20,090 [INFO] ImportTextPane:234 - (OptionalMessage_ERROR) IP (RCC) : Invalid parameter (TIM1Freq_Value)
2025-09-09 13:24:20,090 [INFO] ImportTextPane:234 - (OptionalMessage_ERROR) IP (RCC) : Invalid parameter (TIM20Freq_Value)
2025-09-09 13:24:20,090 [INFO] ImportTextPane:234 - (OptionalMessage_ERROR) IP (RCC) : Invalid parameter (TIM2Freq_Value)
2025-09-09 13:24:20,090 [INFO] ImportTextPane:234 - (OptionalMessage_ERROR) IP (RCC) : Invalid parameter (TIM3Freq_Value)
2025-09-09 13:24:20,090 [INFO] ImportTextPane:234 - (OptionalMessage_ERROR) IP (RCC) : Invalid parameter (TIM8Freq_Value)
2025-09-09 13:24:20,091 [INFO] ImportTextPane:234 - (OptionalMessage_ERROR) IP (RCC) : Invalid parameter (VCOOutput2Freq_Value)
2025-09-09 13:24:20,091 [INFO] ImportTextPane:234 - (OptionalMessage_ERROR) IP (RCC) : Invalid parameter (VcooutputI2S)
2025-09-09 13:24:20,550 [INFO] UtilMem:75 - End LoadConfig() Used Memory: 911461072 Bytes (1073741824)
2025-09-09 13:24:20,604 [WARN] ThirdParty:833 - waiting for thirdparty lock release [change project]
2025-09-09 13:24:20,605 [INFO] ThirdParty:835 - entering critical section [change project]
2025-09-09 13:24:20,606 [INFO] ThirdParty:1030 - CMSIS Pack Vendor :STMicroelectronics X-CUBE-PM33A1 1.0.0
2025-09-09 13:24:20,606 [INFO] ThirdParty:1030 - CMSIS Pack Vendor :STMicroelectronics USBPD 4.1
2025-09-09 13:24:20,606 [INFO] ThirdParty:1030 - CMSIS Pack Vendor :STMicroelectronics X-CUBE-NFC9 1.0.0
2025-09-09 13:24:20,606 [INFO] ThirdParty:1030 - CMSIS Pack Vendor :STMicroelectronics USB_HOST 2.0.0
2025-09-09 13:24:20,606 [INFO] ThirdParty:1030 - CMSIS Pack Vendor :STMicroelectronics FP-SNS-MOTENVWB1 1.4.0
2025-09-09 13:24:20,606 [INFO] ThirdParty:1030 - CMSIS Pack Vendor :STMicroelectronics X-CUBE-AZRTOS-F4 1.1.0
2025-09-09 13:24:20,606 [INFO] ThirdParty:1030 - CMSIS Pack Vendor :STMicroelectronics LIBJPEG 8.0.0
2025-09-09 13:24:20,606 [INFO] ThirdParty:1030 - CMSIS Pack Vendor :STMicroelectronics FP-ATR-ASTRA1 2.0.2
2025-09-09 13:24:20,606 [INFO] ThirdParty:1030 - CMSIS Pack Vendor :STMicroelectronics X-CUBE-BLE1 7.1.0
2025-09-09 13:24:20,606 [INFO] ThirdParty:1030 - CMSIS Pack Vendor :STMicroelectronics X-CUBE-SMBUS 2.1.0
2025-09-09 13:24:20,606 [INFO] ThirdParty:1030 - CMSIS Pack Vendor :wolfSSL I-CUBE-wolfMQTT 1.19.2
2025-09-09 13:24:20,607 [INFO] ThirdParty:1030 - CMSIS Pack Vendor :STMicroelectronics USB_DEVICE 3.0.0
2025-09-09 13:24:20,607 [INFO] ThirdParty:1030 - CMSIS Pack Vendor :STMicroelectronics X-CUBE-ISPU 2.1.0
2025-09-09 13:24:20,607 [INFO] ThirdParty:1030 - CMSIS Pack Vendor :STMicroelectronics X-CUBE-AZRTOS-WB 2.0.0
2025-09-09 13:24:20,607 [INFO] ThirdParty:1030 - CMSIS Pack Vendor :STMicroelectronics X-CUBE-ST60 1.0.0
2025-09-09 13:24:20,607 [INFO] ThirdParty:1030 - CMSIS Pack Vendor :STMicroelectronics X-CUBE-GNSS1 7.0.1
2025-09-09 13:24:20,607 [INFO] ThirdParty:1030 - CMSIS Pack Vendor :STMicroelectronics X-CUBE-AZRTOS-F7 1.1.0
2025-09-09 13:24:20,607 [INFO] ThirdParty:1030 - CMSIS Pack Vendor :STMicroelectronics X-CUBE-AZRTOS-L5 2.0.0
2025-09-09 13:24:20,607 [INFO] ThirdParty:1030 - CMSIS Pack Vendor :STMicroelectronics X-CUBE-TOUCHGFX 4.25.0
2025-09-09 13:24:20,607 [INFO] ThirdParty:1030 - CMSIS Pack Vendor :STMicroelectronics USB_DEVICE 2.0.0
2025-09-09 13:24:20,607 [INFO] ThirdParty:1030 - CMSIS Pack Vendor :STMicroelectronics X-CUBE-NFC6 3.1.0
2025-09-09 13:24:20,607 [INFO] ThirdParty:1030 - CMSIS Pack Vendor :STMicroelectronics X-CUBE-AI 10.1.0
2025-09-09 13:24:20,607 [INFO] ThirdParty:1030 - CMSIS Pack Vendor :STMicroelectronics FP-SNS-STBOX1 2.0.0
2025-09-09 13:24:20,607 [INFO] ThirdParty:1030 - CMSIS Pack Vendor :quantropi X-CUBE-qispace-sdk-base 2.1.0
2025-09-09 13:24:20,607 [INFO] ThirdParty:1030 - CMSIS Pack Vendor :STMicroelectronics FreeRTOS 0.0.1
2025-09-09 13:24:20,607 [INFO] ThirdParty:1030 - CMSIS Pack Vendor :STMicroelectronics X-CUBE-AZRTOS-G0 1.1.0
2025-09-09 13:24:20,607 [INFO] ThirdParty:1030 - CMSIS Pack Vendor :STMicroelectronics X-CUBE-SAFEA1 1.2.2
2025-09-09 13:24:20,608 [INFO] ThirdParty:1030 - CMSIS Pack Vendor :STMicroelectronics X-CUBE-NFC4 3.0.0
2025-09-09 13:24:20,608 [INFO] ThirdParty:1030 - CMSIS Pack Vendor :STMicroelectronics X-CUBE-SUBG2 5.0.0
2025-09-09 13:24:20,608 [INFO] ThirdParty:1030 - CMSIS Pack Vendor :STMicroelectronics X-CUBE-AZRTOS-H7RS 1.1.0
2025-09-09 13:24:20,608 [INFO] ThirdParty:1030 - CMSIS Pack Vendor :STMicroelectronics STM32_WPAN 1.0.0
2025-09-09 13:24:20,608 [INFO] ThirdParty:1030 - CMSIS Pack Vendor :EmbeddedOffice I-CUBE-FS-RTOS 1.0.1
2025-09-09 13:24:20,608 [INFO] ThirdParty:1030 - CMSIS Pack Vendor :STMicroelectronics lwIP 2.0.3
2025-09-09 13:24:20,608 [INFO] ThirdParty:1030 - CMSIS Pack Vendor :Cesanta I-CUBE-Mongoose 7.13.0
2025-09-09 13:24:20,608 [INFO] ThirdParty:1030 - CMSIS Pack Vendor :STMicroelectronics USB_HOST 1.0.0
2025-09-09 13:24:20,608 [INFO] ThirdParty:1030 - CMSIS Pack Vendor :Infineon AIROC-Wi-Fi-Bluetooth-STM32 1.7.1
2025-09-09 13:24:20,608 [INFO] ThirdParty:1030 - CMSIS Pack Vendor :STMicroelectronics X-CUBE-AZRTOS-G4 2.0.0
2025-09-09 13:24:20,609 [INFO] ThirdParty:1030 - CMSIS Pack Vendor :STMicroelectronics X-CUBE-WB05N 2.0.0
2025-09-09 13:24:20,610 [INFO] ThirdParty:1030 - CMSIS Pack Vendor :STMicroelectronics PDM2PCM 3.1.0
2025-09-09 13:24:20,610 [INFO] ThirdParty:1030 - CMSIS Pack Vendor :STMicroelectronics PDM2PCM 3.3.0
2025-09-09 13:24:20,610 [INFO] ThirdParty:1030 - CMSIS Pack Vendor :wolfSSL I-CUBE-wolfTPM 3.8.0
2025-09-09 13:24:20,610 [INFO] ThirdParty:1030 - CMSIS Pack Vendor :STMicroelectronics X-CUBE-DISPLAY 3.0.0
2025-09-09 13:24:20,610 [INFO] ThirdParty:1030 - CMSIS Pack Vendor :wolfSSL I-CUBE-wolfSSH 1.4.20
2025-09-09 13:24:20,610 [INFO] ThirdParty:1030 - CMSIS Pack Vendor :STMicroelectronics X-CUBE-NFC7 2.0.0
2025-09-09 13:24:20,610 [INFO] ThirdParty:1030 - CMSIS Pack Vendor :STMicroelectronics X-CUBE-TCPP 4.2.0
2025-09-09 13:24:20,610 [INFO] ThirdParty:1030 - CMSIS Pack Vendor :RealThread X-CUBE-RT-Thread_Nano 4.1.1
2025-09-09 13:24:20,610 [INFO] ThirdParty:1030 - CMSIS Pack Vendor :STMicroelectronics FP-ATR-SIGFOX1 3.2.0
2025-09-09 13:24:20,610 [INFO] ThirdParty:1030 - CMSIS Pack Vendor :STMicroelectronics X-CUBE-NFC10 1.0.0
2025-09-09 13:24:20,610 [INFO] ThirdParty:1030 - CMSIS Pack Vendor :STMicroelectronics X-CUBE-FREERTOS 1.3.1
2025-09-09 13:24:20,611 [INFO] ThirdParty:1030 - CMSIS Pack Vendor :STMicroelectronics HAL Drivers 0.0.0
2025-09-09 13:24:20,611 [INFO] ThirdParty:1030 - CMSIS Pack Vendor :STMicroelectronics MBEDTLS 2.16.2
2025-09-09 13:24:20,611 [INFO] ThirdParty:1030 - CMSIS Pack Vendor :STMicroelectronics X-CUBE-IPS 3.1.0
2025-09-09 13:24:20,611 [INFO] ThirdParty:1030 - CMSIS Pack Vendor :STMicroelectronics X-CUBE-ALS 1.0.2
2025-09-09 13:24:20,611 [INFO] ThirdParty:1030 - CMSIS Pack Vendor :emotas I-CUBE-CANOPEN 1.3.0
2025-09-09 13:24:20,611 [INFO] ThirdParty:1030 - CMSIS Pack Vendor :STMicroelectronics MBEDTLS 2.14.1
2025-09-09 13:24:20,611 [INFO] ThirdParty:1030 - CMSIS Pack Vendor :ITTIA_DB I-CUBE-ITTIADB 8.9.0
2025-09-09 13:24:20,611 [INFO] ThirdParty:1030 - CMSIS Pack Vendor :STMicroelectronics X-CUBE-STSE01 1.0.0
2025-09-09 13:24:20,612 [INFO] ThirdParty:1030 - CMSIS Pack Vendor :portGmbH I-Cube-SoM-uGOAL 1.1.0
2025-09-09 13:24:20,612 [INFO] ThirdParty:1030 - CMSIS Pack Vendor :STMicroelectronics X-CUBE-ST67W61 1.0.0
2025-09-09 13:24:20,612 [INFO] ThirdParty:1030 - CMSIS Pack Vendor :STMicroelectronics FP-SNS-STBOX1 2.1.0
2025-09-09 13:24:20,612 [INFO] ThirdParty:1030 - CMSIS Pack Vendor :STMicroelectronics X-CUBE-AI 10.2.0
2025-09-09 13:24:20,612 [INFO] ThirdParty:1030 - CMSIS Pack Vendor :STMicroelectronics ThreadX 1.0.0
2025-09-09 13:24:20,612 [INFO] ThirdParty:1030 - CMSIS Pack Vendor :STMicroelectronics FP-SNS-SMARTAG2 1.2.0
2025-09-09 13:24:20,612 [INFO] ThirdParty:1030 - CMSIS Pack Vendor :STMicroelectronics FP-SNS-FLIGHT1 5.1.0
2025-09-09 13:24:20,612 [INFO] ThirdParty:1030 - CMSIS Pack Vendor :STMicroelectronics X-CUBE-AZRTOS-WL 2.0.0
2025-09-09 13:24:20,612 [INFO] ThirdParty:1030 - CMSIS Pack Vendor :SEGGER I-CUBE-embOS 1.3.1
2025-09-09 13:24:20,612 [INFO] ThirdParty:1030 - CMSIS Pack Vendor :STMicroelectronics X-CUBE-ALGOBUILD 1.4.0
2025-09-09 13:24:20,612 [INFO] ThirdParty:1030 - CMSIS Pack Vendor :STMicroelectronics X-CUBE-DPower 1.3.0
2025-09-09 13:24:20,612 [INFO] ThirdParty:1030 - CMSIS Pack Vendor :STMicroelectronics X-CUBE-MEMS1 11.3.0
2025-09-09 13:24:20,612 [INFO] ThirdParty:1030 - CMSIS Pack Vendor :STMicroelectronics FP-SNS-MOTENV1 5.0.0
2025-09-09 13:24:20,612 [INFO] ThirdParty:1030 - CMSIS Pack Vendor :STMicroelectronics USB_DEVICE 1.0.0
2025-09-09 13:24:20,613 [INFO] ThirdParty:1030 - CMSIS Pack Vendor :STMicroelectronics X-CUBE-AZRTOS-L4 2.0.0
2025-09-09 13:24:20,613 [INFO] ThirdParty:1030 - CMSIS Pack Vendor :STMicroelectronics ThreadX 0.0.2
2025-09-09 13:24:20,613 [INFO] ThirdParty:1030 - CMSIS Pack Vendor :WES I-CUBE-Cesium 1.3.0
2025-09-09 13:24:20,613 [INFO] ThirdParty:1030 - CMSIS Pack Vendor :STMicroelectronics lwIP 2.1.2
2025-09-09 13:24:20,613 [INFO] ThirdParty:1030 - CMSIS Pack Vendor :STMicroelectronics X-CUBE-SFXS2LP1 4.0.0
2025-09-09 13:24:20,613 [INFO] ThirdParty:1030 - CMSIS Pack Vendor :STMicroelectronics X-CUBE-BLE2 3.3.0
2025-09-09 13:24:20,613 [INFO] ThirdParty:1030 - CMSIS Pack Vendor :STMicroelectronics X-CUBE-TOF1 3.4.3
2025-09-09 13:24:20,613 [INFO] ThirdParty:1030 - CMSIS Pack Vendor :STMicroelectronics PDM2PCM 3.2.0
2025-09-09 13:24:20,613 [INFO] ThirdParty:841 - exiting critical section [change project]
2025-09-09 13:24:21,442 [INFO] PinOutPanel:1589 - setPackage(No Configuration,No Configuration)
2025-09-09 13:24:21,444 [INFO] PinOutPanel:1589 - setPackage(STM32F767ZITx,LQFP144)
2025-09-09 13:24:22,135 [INFO] UtilMem:75 - Before build in PCC Used Memory: 876156624 Bytes (1073741824)
2025-09-09 13:24:22,840 [INFO] UtilMem:75 - After build in PCC Used Memory: 953751248 Bytes (1073741824)
2025-09-09 13:24:22,875 [INFO] IPUIPlugin:80 - create IPUIPlugin
2025-09-09 13:24:22,875 [INFO] IPUIPlugin:80 - create IPUIPlugin
2025-09-09 13:24:22,875 [INFO] IPUIPlugin:80 - create IPUIPlugin
2025-09-09 13:24:22,875 [INFO] IPUIPlugin:80 - create IPUIPlugin
2025-09-09 13:24:22,875 [INFO] IPUIPlugin:80 - create IPUIPlugin
2025-09-09 13:24:22,875 [INFO] IPUIPlugin:80 - create IPUIPlugin
2025-09-09 13:24:22,876 [INFO] IPUIPlugin:80 - create IPUIPlugin
2025-09-09 13:24:22,876 [INFO] IPUIPlugin:80 - create IPUIPlugin
2025-09-09 13:24:22,876 [INFO] IPUIPlugin:80 - create IPUIPlugin
2025-09-09 13:24:22,876 [INFO] IPUIPlugin:80 - create IPUIPlugin
2025-09-09 13:24:22,876 [INFO] IPUIPlugin:80 - create IPUIPlugin
2025-09-09 13:24:22,876 [INFO] IPUIPlugin:80 - create IPUIPlugin
2025-09-09 13:24:22,877 [INFO] IPUIPlugin:80 - create IPUIPlugin
2025-09-09 13:24:22,877 [INFO] IPUIPlugin:80 - create IPUIPlugin
2025-09-09 13:24:22,877 [INFO] IPUIPlugin:80 - create IPUIPlugin
2025-09-09 13:24:22,877 [INFO] IPUIPlugin:80 - create IPUIPlugin
2025-09-09 13:24:22,877 [INFO] IPUIPlugin:80 - create IPUIPlugin
2025-09-09 13:24:22,877 [INFO] IPUIPlugin:80 - create IPUIPlugin
2025-09-09 13:24:22,878 [INFO] IPUIPlugin:80 - create IPUIPlugin
2025-09-09 13:24:22,878 [INFO] IPUIPlugin:80 - create IPUIPlugin
2025-09-09 13:24:22,878 [INFO] IPUIPlugin:80 - create IPUIPlugin
2025-09-09 13:24:22,878 [INFO] IPUIPlugin:80 - create IPUIPlugin
2025-09-09 13:24:22,878 [INFO] IPUIPlugin:80 - create IPUIPlugin
2025-09-09 13:24:22,879 [INFO] IPUIPlugin:80 - create IPUIPlugin
2025-09-09 13:24:22,879 [INFO] IPUIPlugin:80 - create IPUIPlugin
2025-09-09 13:24:22,879 [INFO] IPUIPlugin:80 - create IPUIPlugin
2025-09-09 13:24:22,879 [INFO] IPUIPlugin:80 - create IPUIPlugin
2025-09-09 13:24:22,879 [INFO] IPUIPlugin:80 - create IPUIPlugin
2025-09-09 13:24:22,879 [INFO] IPUIPlugin:80 - create IPUIPlugin
2025-09-09 13:24:22,880 [INFO] IPUIPlugin:80 - create IPUIPlugin
2025-09-09 13:24:22,880 [INFO] IPUIPlugin:80 - create IPUIPlugin
2025-09-09 13:24:22,880 [INFO] IPUIPlugin:80 - create IPUIPlugin
2025-09-09 13:24:22,881 [INFO] IPUIPlugin:80 - create IPUIPlugin
2025-09-09 13:24:22,881 [INFO] IPUIPlugin:80 - create IPUIPlugin
2025-09-09 13:24:22,881 [INFO] IPUIPlugin:80 - create IPUIPlugin
2025-09-09 13:24:22,882 [INFO] IPUIPlugin:80 - create IPUIPlugin
2025-09-09 13:24:22,882 [INFO] IPUIPlugin:80 - create IPUIPlugin
2025-09-09 13:24:22,882 [INFO] IPUIPlugin:80 - create IPUIPlugin
2025-09-09 13:24:22,882 [INFO] IPUIPlugin:80 - create IPUIPlugin
2025-09-09 13:24:22,882 [INFO] IPUIPlugin:80 - create IPUIPlugin
2025-09-09 13:24:22,883 [INFO] IPUIPlugin:80 - create IPUIPlugin
2025-09-09 13:24:22,883 [INFO] IPUIPlugin:80 - create IPUIPlugin
2025-09-09 13:24:22,883 [INFO] IPUIPlugin:80 - create IPUIPlugin
2025-09-09 13:24:22,883 [INFO] IPUIPlugin:80 - create IPUIPlugin
2025-09-09 13:24:22,883 [INFO] IPUIPlugin:80 - create IPUIPlugin
2025-09-09 13:24:22,884 [INFO] IPUIPlugin:80 - create IPUIPlugin
2025-09-09 13:24:22,884 [INFO] IPUIPlugin:80 - create IPUIPlugin
2025-09-09 13:24:22,884 [INFO] IPUIPlugin:80 - create IPUIPlugin
2025-09-09 13:24:22,884 [INFO] IPUIPlugin:80 - create IPUIPlugin
2025-09-09 13:24:22,884 [INFO] IPUIPlugin:80 - create IPUIPlugin
2025-09-09 13:24:22,885 [INFO] IPUIPlugin:80 - create IPUIPlugin
2025-09-09 13:24:22,885 [INFO] IPUIPlugin:80 - create IPUIPlugin
2025-09-09 13:24:22,885 [INFO] IPUIPlugin:80 - create IPUIPlugin
2025-09-09 13:24:22,886 [INFO] IPUIPlugin:80 - create IPUIPlugin
2025-09-09 13:24:22,886 [INFO] IPUIPlugin:80 - create IPUIPlugin
2025-09-09 13:24:22,887 [INFO] IPUIPlugin:80 - create IPUIPlugin
2025-09-09 13:24:22,887 [INFO] IPUIPlugin:80 - create IPUIPlugin
2025-09-09 13:24:22,888 [INFO] IPUIPlugin:80 - create IPUIPlugin
2025-09-09 13:24:22,888 [INFO] IPUIPlugin:80 - create IPUIPlugin
2025-09-09 13:24:22,888 [INFO] IPUIPlugin:80 - create IPUIPlugin
2025-09-09 13:24:22,888 [INFO] IPUIPlugin:80 - create IPUIPlugin
2025-09-09 13:24:22,889 [INFO] IPUIPlugin:80 - create IPUIPlugin
2025-09-09 13:24:22,889 [INFO] IPUIPlugin:80 - create IPUIPlugin
2025-09-09 13:24:22,889 [INFO] IPUIPlugin:80 - create IPUIPlugin
2025-09-09 13:24:22,889 [INFO] IPUIPlugin:80 - create IPUIPlugin
2025-09-09 13:24:22,890 [INFO] IPUIPlugin:80 - create IPUIPlugin
2025-09-09 13:24:22,890 [INFO] IPUIPlugin:80 - create IPUIPlugin
2025-09-09 13:24:22,890 [INFO] IPUIPlugin:80 - create IPUIPlugin
2025-09-09 13:24:22,891 [INFO] IPUIPlugin:80 - create IPUIPlugin
2025-09-09 13:24:22,891 [INFO] IPUIPlugin:80 - create IPUIPlugin
2025-09-09 13:24:22,891 [INFO] IPUIPlugin:80 - create IPUIPlugin
2025-09-09 13:24:22,892 [INFO] IPUIPlugin:80 - create IPUIPlugin
2025-09-09 13:24:22,892 [INFO] IPUIPlugin:80 - create IPUIPlugin
2025-09-09 13:24:22,892 [INFO] IPUIPlugin:80 - create IPUIPlugin
2025-09-09 13:24:22,893 [INFO] IPUIPlugin:80 - create IPUIPlugin
2025-09-09 13:24:22,893 [INFO] IPUIPlugin:80 - create IPUIPlugin
2025-09-09 13:24:22,895 [INFO] IPUIPlugin:80 - create IPUIPlugin
2025-09-09 13:24:22,896 [INFO] IPUIPlugin:80 - create IPUIPlugin
2025-09-09 13:24:22,896 [INFO] IPUIPlugin:80 - create IPUIPlugin
2025-09-09 13:24:22,965 [INFO] ApiDbMcu:532 - Load IP Config File for PDM2PCM
2025-09-09 13:24:23,243 [INFO] CADModel:165 - CPN selected for project levelSTM32F767ZIT6
2025-09-09 13:24:23,243 [INFO] CADModel:114 - Register for checkConnection events
2025-09-09 13:24:23,300 [INFO] OpenFileManager:386 - Restore cursor
2025-09-09 13:24:23,673 [WARN] IP:2250 - Warning not found: check if there is a RefParameter without a condition.
2025-09-09 13:24:23,673 [WARN] IP:2250 - RxBufferAddress not found: check if there is a RefParameter without a condition.
2025-09-09 13:24:23,673 [WARN] IP:2250 - DESC_SIZE_UNIT not found: check if there is a RefParameter without a condition.
2025-09-09 13:24:23,674 [WARN] IP:2250 - Warning not found: check if there is a RefParameter without a condition.
2025-09-09 13:24:23,675 [WARN] IP:2250 - RxBufferAddress not found: check if there is a RefParameter without a condition.
2025-09-09 13:24:23,675 [WARN] IP:2250 - DESC_SIZE_UNIT not found: check if there is a RefParameter without a condition.
2025-09-09 13:24:24,318 [INFO] UtilMem:75 - End SaveConfig() Used Memory: 956639000 Bytes (1073741824)
2025-09-09 13:24:24,449 [INFO] UtilMem:75 - End SaveConfig() Used Memory: 987040368 Bytes (1073741824)
2025-09-09 13:24:24,859 [INFO] BlockDiagram:2775 - set Specific Code input for plugin: SYS
2025-09-09 13:24:24,860 [INFO] BlockDiagram:2775 - set Specific Code input for plugin: RCC
2025-09-09 13:24:24,860 [INFO] BlockDiagram:2775 - set Specific Code input for plugin: USB_OTG_FS
2025-09-09 13:24:24,861 [INFO] BlockDiagram:2775 - set Specific Code input for plugin: NVIC
2025-09-09 13:24:24,861 [INFO] BlockDiagram:2775 - set Specific Code input for plugin: USART
2025-09-09 13:24:24,863 [INFO] BlockDiagram:2775 - set Specific Code input for plugin: GPIO
2025-09-09 13:24:24,864 [INFO] BlockDiagram:2775 - set Specific Code input for plugin: ETH
2025-09-09 13:24:24,866 [INFO] CodeGenerator:892 - code generatio: config db path: C:\ST\STM32CubeIDE_1.19.0\STM32CubeIDE\plugins\com.st.stm32cube.common.mx_6.15.0.202507011659\\db\
2025-09-09 13:24:24,877 [WARN] IP:2250 - Warning not found: check if there is a RefParameter without a condition.
2025-09-09 13:24:24,878 [WARN] IP:2250 - RxBufferAddress not found: check if there is a RefParameter without a condition.
2025-09-09 13:24:24,878 [WARN] IP:2250 - DESC_SIZE_UNIT not found: check if there is a RefParameter without a condition.
2025-09-09 13:24:25,176 [INFO] CodeEngine:265 - oldGeneratedFile, C:\Users\USERIT\STM32CubeIDE\MAD_Lab\Lab_07\MXTmpFiles\license.tmp_save
2025-09-09 13:24:25,663 [INFO] CodeEngine:289 - Generated code: C:\Users\USERIT\STM32CubeIDE\MAD_Lab\Lab_07\MXTmpFiles\license.tmp
2025-09-09 13:24:25,811 [INFO] CodeEngine:265 - oldGeneratedFile, C:\Users\USERIT\STM32CubeIDE\MAD_Lab\Lab_07\MXTmpFiles\gpio.tmp_save
2025-09-09 13:24:26,119 [INFO] CodeEngine:289 - Generated code: C:\Users\USERIT\STM32CubeIDE\MAD_Lab\Lab_07\MXTmpFiles\gpio.tmp
2025-09-09 13:24:26,810 [WARN] IPConfigManager:3238 - Warning: the RefConfig PWREx_EnableUSBVoltageDetector is not available in your config.xml file
2025-09-09 13:24:26,832 [INFO] CodeEngine:265 - oldGeneratedFile, C:\Users\USERIT\STM32CubeIDE\MAD_Lab\Lab_07\MXTmpFiles\cortex.tmp_save
2025-09-09 13:24:27,006 [INFO] CodeEngine:289 - Generated code: C:\Users\USERIT\STM32CubeIDE\MAD_Lab\Lab_07\MXTmpFiles\cortex.tmp
2025-09-09 13:24:27,035 [INFO] CodeEngine:265 - oldGeneratedFile, C:\Users\USERIT\STM32CubeIDE\MAD_Lab\Lab_07\Core\Src\stm32f7xx_it.c_save
2025-09-09 13:24:27,195 [INFO] CodeEngine:289 - Generated code: C:\Users\USERIT\STM32CubeIDE\MAD_Lab\Lab_07\Core\Src\stm32f7xx_it.c
2025-09-09 13:24:27,202 [INFO] CodeEngine:265 - oldGeneratedFile, C:\Users\USERIT\STM32CubeIDE\MAD_Lab\Lab_07\Core\Inc\stm32f7xx_it.h_save
2025-09-09 13:24:27,272 [INFO] CodeEngine:289 - Generated code: C:\Users\USERIT\STM32CubeIDE\MAD_Lab\Lab_07\Core\Inc\stm32f7xx_it.h
2025-09-09 13:24:27,293 [INFO] CodeEngine:265 - oldGeneratedFile, C:\Users\USERIT\STM32CubeIDE\MAD_Lab\Lab_07\Core\Src\stm32f7xx_hal_msp.c_save
2025-09-09 13:24:27,508 [INFO] CodeEngine:289 - Generated code: C:\Users\USERIT\STM32CubeIDE\MAD_Lab\Lab_07\Core\Src\stm32f7xx_hal_msp.c
2025-09-09 13:24:27,527 [INFO] CodeEngine:265 - oldGeneratedFile, C:\Users\USERIT\STM32CubeIDE\MAD_Lab\Lab_07\MXTmpFiles\system.tmp_save
2025-09-09 13:24:27,599 [INFO] CodeEngine:289 - Generated code: C:\Users\USERIT\STM32CubeIDE\MAD_Lab\Lab_07\MXTmpFiles\system.tmp
2025-09-09 13:24:27,619 [INFO] CodeEngine:321 - oldGeneratedFile, C:\Users\USERIT\STM32CubeIDE\MAD_Lab\Lab_07\Core\Inc\stm32f7xx_hal_conf.h_save
2025-09-09 13:24:27,770 [INFO] CodeEngine:345 - Generated code: C:\Users\USERIT\STM32CubeIDE\MAD_Lab\Lab_07\Core\Inc\stm32f7xx_hal_conf.h
2025-09-09 13:24:27,855 [INFO] ApiDbMcu:532 - Load IP Config File for ETH
2025-09-09 13:24:27,868 [INFO] ApiDbMcu:532 - Load IP Config File for USART3
2025-09-09 13:24:27,874 [INFO] ApiDbMcu:532 - Load IP Config File for USB_OTG_FS
2025-09-09 13:24:27,883 [INFO] ApiDbMcu:532 - Load IP Config File for RCC
2025-09-09 13:24:27,887 [WARN] IPConfigManager:3811 - IP not found : USB_OTG
2025-09-09 13:24:27,888 [WARN] CodeGenerator:4259 - IP not found : null
2025-09-09 13:24:27,898 [INFO] CodeEngine:265 - oldGeneratedFile, C:\Users\USERIT\STM32CubeIDE\MAD_Lab\Lab_07\Core\Inc\main.h_save
2025-09-09 13:24:28,062 [INFO] CodeEngine:289 - Generated code: C:\Users\USERIT\STM32CubeIDE\MAD_Lab\Lab_07\Core\Inc\main.h
2025-09-09 13:24:28,077 [INFO] CodeEngine:265 - oldGeneratedFile, C:\Users\USERIT\STM32CubeIDE\MAD_Lab\Lab_07\Core\Src\main.c_save
2025-09-09 13:24:28,242 [INFO] CodeEngine:289 - Generated code: C:\Users\USERIT\STM32CubeIDE\MAD_Lab\Lab_07\Core\Src\main.c
2025-09-09 13:24:28,623 [INFO] ProjectBuilder:3606 - Time for Copy HAL[1] : 155mS.
2025-09-09 13:24:28,631 [INFO] ProjectBuilder:5216 - Project Generator version: 4.7.0-B52
2025-09-09 13:24:28,743 [INFO] ConfigFileManager:1595 - The Die is : DIE451
2025-09-09 13:24:28,762 [INFO] ApiDbMcu:532 - Load IP Config File for FATFS
2025-09-09 13:24:28,801 [INFO] ApiDbMcu:532 - Load IP Config File for FREERTOS
2025-09-09 13:24:28,808 [INFO] ApiDbMcu:532 - Load IP Config File for LIBJPEG
2025-09-09 13:24:28,895 [INFO] ApiDbMcu:532 - Load IP Config File for LWIP
2025-09-09 13:24:28,937 [INFO] ApiDbMcu:532 - Load IP Config File for MBEDTLS
2025-09-09 13:24:28,981 [INFO] ApiDbMcu:532 - Load IP Config File for USB_DEVICE
2025-09-09 13:24:28,993 [INFO] ApiDbMcu:532 - Load IP Config File for USB_HOST
2025-09-09 13:24:29,431 [INFO] LogOutputStream:77 - [STDOUT_REDIRECT] 
2025-09-09 13:24:31,539 [INFO] ProjectBuilder:5496 - Time for Generating toolchain IDE Files: 2908mS.
2025-09-09 13:24:31,541 [INFO] ProjectBuilder:3463 - Time for Copy CMSIS : 0mS.
2025-09-09 13:24:31,544 [INFO] ProjectBuilder:3463 - Time for Copy CMSIS : 0mS.
2025-09-09 13:24:32,588 [INFO] McuFinderGlobals:76 - Set McuFinderConnectedMode to true
2025-09-09 13:24:32,593 [INFO] ApiDb:448 - Save user favorites file C:\Users\USERIT/.stm32cubeide/favorites.mcus.txt: 1 item(s)
2025-09-09 13:24:32,593 [INFO] ApiDb:452 - User favorites MCUs=[STM32F767ZIT6]
2025-09-09 13:24:32,596 [INFO] ApiDb:448 - Save user favorites file C:\Users\USERIT/.stm32cubeide/favorites.boards.txt: 1 item(s)
2025-09-09 13:24:32,596 [INFO] ApiDb:452 - User favorites Boards=[NUCLEO-F767ZI]
2025-09-09 13:26:21,132 [INFO] NvicIntPanel:101 - NVIC parent = com.st.microxplorer.plugins.ip.nvic.MultiNvicIntPanel[,0,0,0x0,invalid,layout=javax.swing.BoxLayout,alignmentX=0.0,alignmentY=0.0,border=,flags=9,maximumSize=,minimumSize=,preferredSize=]
2025-09-09 13:26:53,664 [INFO] NvicIntPanel:101 - NVIC parent = com.st.microxplorer.plugins.ip.nvic.MultiNvicIntPanel[,0,0,0x0,invalid,layout=javax.swing.BoxLayout,alignmentX=0.0,alignmentY=0.0,border=,flags=9,maximumSize=,minimumSize=,preferredSize=]
2025-09-09 13:27:30,360 [WARN] IP:2250 - Warning not found: check if there is a RefParameter without a condition.
2025-09-09 13:27:30,363 [WARN] IP:2250 - RxBufferAddress not found: check if there is a RefParameter without a condition.
2025-09-09 13:27:30,363 [WARN] IP:2250 - DESC_SIZE_UNIT not found: check if there is a RefParameter without a condition.
2025-09-09 13:27:30,364 [WARN] IP:2250 - Warning not found: check if there is a RefParameter without a condition.
2025-09-09 13:27:30,364 [WARN] IP:2250 - RxBufferAddress not found: check if there is a RefParameter without a condition.
2025-09-09 13:27:30,364 [WARN] IP:2250 - DESC_SIZE_UNIT not found: check if there is a RefParameter without a condition.
2025-09-09 13:27:30,733 [WARN] IP:2250 - Warning not found: check if there is a RefParameter without a condition.
2025-09-09 13:27:30,733 [WARN] IP:2250 - RxBufferAddress not found: check if there is a RefParameter without a condition.
2025-09-09 13:27:30,733 [WARN] IP:2250 - DESC_SIZE_UNIT not found: check if there is a RefParameter without a condition.
2025-09-09 13:27:30,733 [WARN] IP:2250 - Warning not found: check if there is a RefParameter without a condition.
2025-09-09 13:27:30,733 [WARN] IP:2250 - RxBufferAddress not found: check if there is a RefParameter without a condition.
2025-09-09 13:27:30,734 [WARN] IP:2250 - DESC_SIZE_UNIT not found: check if there is a RefParameter without a condition.
2025-09-09 13:27:35,924 [FATAL] LogicalParser:296 - Exception caught expression :S_LPBAM_CONF
java.lang.NullPointerException: Cannot invoke "com.bestcode.mathparser.Node.getValue()" because "this.m_Node" is null
	at com.bestcode.mathparser.MathParserImpl.evaluate(MathParserImpl.java:325) ~[STM32CubeMX.jar:?]
	at com.bestcode.mathparser.MathParserImpl.getValue(MathParserImpl.java:255) ~[STM32CubeMX.jar:?]
	at com.st.microxplorer.util.LogicalParser.checkCondition(LogicalParser.java:294) ~[STM32CubeMX.jar:?]
	at com.st.microxplorer.codegenerator.IPConfigManager.getUsedPins(IPConfigManager.java:3302) ~[STM32CubeMX.jar:?]
	at com.st.microxplorer.mcu.GPIOService.isUsed(GPIOService.java:637) ~[STM32CubeMX.jar:?]
	at com.st.microxplorer.peripheralpanel.EmptyPeriphMode.isSet(PeriphMode.java:1665) ~[STM32CubeMX.jar:?]
	at com.st.microxplorer.peripheralpanel.PeripheralTree.updateModes(PeripheralTree.java:749) ~[STM32CubeMX.jar:?]
	at com.st.microxplorer.peripheralpanel.PeripheralTree.updateModes(PeripheralTree.java:705) ~[STM32CubeMX.jar:?]
	at com.st.microxplorer.peripheralpanel.PeripheralTree.updateModes(PeripheralTree.java:705) ~[STM32CubeMX.jar:?]
	at com.st.microxplorer.peripheralpanel.PeripheralTree.updateModes(PeripheralTree.java:658) ~[STM32CubeMX.jar:?]
	at com.st.microxplorer.plugins.pinoutconfig.guiV5.PeripheralsSelectionPanel.updatePeripheralsTree(PeripheralsSelectionPanel.java:645) ~[?:?]
	at com.st.microxplorer.plugins.pinoutconfig.guiV5.PeripheralsSelectionPanel.propertyChange(PeripheralsSelectionPanel.java:756) ~[?:?]
	at java.beans.PropertyChangeSupport.fire(PropertyChangeSupport.java:343) ~[?:?]
	at java.beans.PropertyChangeSupport.firePropertyChange(PropertyChangeSupport.java:335) ~[?:?]
	at com.st.microxplorer.mxsystem.MxSystem.propertyChange(MxSystem.java:473) ~[STM32CubeMX.jar:?]
	at java.beans.PropertyChangeSupport.fire(PropertyChangeSupport.java:343) ~[?:?]
	at java.beans.PropertyChangeSupport.firePropertyChange(PropertyChangeSupport.java:335) ~[?:?]
	at com.st.microxplorer.mcu.Mcu.propertyChange(Mcu.java:1728) ~[STM32CubeMX.jar:?]
	at java.beans.PropertyChangeSupport.fire(PropertyChangeSupport.java:343) ~[?:?]
	at java.beans.PropertyChangeSupport.firePropertyChange(PropertyChangeSupport.java:335) ~[?:?]
	at com.st.microxplorer.util.MXPropertyChangeSupport.refreshing(MXPropertyChangeSupport.java:72) ~[STM32CubeMX.jar:?]
	at com.st.microxplorer.mcu.Mcu.refreshingMcu(Mcu.java:6099) ~[STM32CubeMX.jar:?]
	at com.st.microxplorer.mcu.RCCService.refreshing(RCCService.java:346) ~[STM32CubeMX.jar:?]
	at com.st.microxplorer.plugins.clock.gui.ActiveOutputUI.keyPressed(ActiveOutputUI.java:751) ~[?:?]
	at java.awt.AWTEventMulticaster.keyPressed(AWTEventMulticaster.java:257) ~[?:?]
	at java.awt.Component.processKeyEvent(Component.java:6579) ~[?:?]
	at javax.swing.JComponent.processKeyEvent(JComponent.java:2905) ~[?:?]
	at java.awt.Component.processEvent(Component.java:6398) ~[?:?]
	at java.awt.Container.processEvent(Container.java:2266) ~[?:?]
	at java.awt.Component.dispatchEventImpl(Component.java:4996) ~[?:?]
	at java.awt.Container.dispatchEventImpl(Container.java:2324) ~[?:?]
	at java.awt.Component.dispatchEvent(Component.java:4828) ~[?:?]
	at java.awt.KeyboardFocusManager.redispatchEvent(KeyboardFocusManager.java:1952) ~[?:?]
	at java.awt.DefaultKeyboardFocusManager.dispatchKeyEvent(DefaultKeyboardFocusManager.java:883) ~[?:?]
	at java.awt.DefaultKeyboardFocusManager.preDispatchKeyEvent(DefaultKeyboardFocusManager.java:1146) ~[?:?]
	at java.awt.DefaultKeyboardFocusManager.typeAheadAssertions(DefaultKeyboardFocusManager.java:1020) ~[?:?]
	at java.awt.DefaultKeyboardFocusManager.dispatchEvent(DefaultKeyboardFocusManager.java:848) ~[?:?]
	at java.awt.Component.dispatchEventImpl(Component.java:4877) ~[?:?]
	at java.awt.Container.dispatchEventImpl(Container.java:2324) ~[?:?]
	at java.awt.Component.dispatchEvent(Component.java:4828) ~[?:?]
	at java.awt.EventQueue.dispatchEventImpl(EventQueue.java:775) ~[?:?]
	at java.awt.EventQueue$4.run(EventQueue.java:720) ~[?:?]
	at java.awt.EventQueue$4.run(EventQueue.java:714) ~[?:?]
	at java.security.AccessController.doPrivileged(AccessController.java:400) ~[?:?]
	at java.security.ProtectionDomain$JavaSecurityAccessImpl.doIntersectionPrivilege(ProtectionDomain.java:87) ~[?:?]
	at java.security.ProtectionDomain$JavaSecurityAccessImpl.doIntersectionPrivilege(ProtectionDomain.java:98) ~[?:?]
	at java.awt.EventQueue$5.run(EventQueue.java:747) ~[?:?]
	at java.awt.EventQueue$5.run(EventQueue.java:745) ~[?:?]
	at java.security.AccessController.doPrivileged(AccessController.java:400) ~[?:?]
	at java.security.ProtectionDomain$JavaSecurityAccessImpl.doIntersectionPrivilege(ProtectionDomain.java:87) ~[?:?]
	at java.awt.EventQueue.dispatchEvent(EventQueue.java:744) ~[?:?]
	at java.awt.EventDispatchThread.pumpOneEventForFilters(EventDispatchThread.java:203) ~[?:?]
	at java.awt.EventDispatchThread.pumpEventsForFilter(EventDispatchThread.java:124) ~[?:?]
	at java.awt.EventDispatchThread.pumpEventsForHierarchy(EventDispatchThread.java:113) ~[?:?]
	at java.awt.EventDispatchThread.pumpEvents(EventDispatchThread.java:109) ~[?:?]
	at java.awt.EventDispatchThread.pumpEvents(EventDispatchThread.java:101) ~[?:?]
	at java.awt.EventDispatchThread.run(EventDispatchThread.java:90) ~[?:?]
2025-09-09 13:27:35,996 [WARN] IP:2250 - Warning not found: check if there is a RefParameter without a condition.
2025-09-09 13:27:35,996 [WARN] IP:2250 - RxBufferAddress not found: check if there is a RefParameter without a condition.
2025-09-09 13:27:35,997 [WARN] IP:2250 - DESC_SIZE_UNIT not found: check if there is a RefParameter without a condition.
2025-09-09 13:27:35,997 [WARN] IP:2250 - Warning not found: check if there is a RefParameter without a condition.
2025-09-09 13:27:35,997 [WARN] IP:2250 - RxBufferAddress not found: check if there is a RefParameter without a condition.
2025-09-09 13:27:35,997 [WARN] IP:2250 - DESC_SIZE_UNIT not found: check if there is a RefParameter without a condition.
2025-09-09 13:27:36,278 [WARN] IP:2250 - Warning not found: check if there is a RefParameter without a condition.
2025-09-09 13:27:36,278 [WARN] IP:2250 - RxBufferAddress not found: check if there is a RefParameter without a condition.
2025-09-09 13:27:36,278 [WARN] IP:2250 - DESC_SIZE_UNIT not found: check if there is a RefParameter without a condition.
2025-09-09 13:27:36,279 [WARN] IP:2250 - Warning not found: check if there is a RefParameter without a condition.
2025-09-09 13:27:36,279 [WARN] IP:2250 - RxBufferAddress not found: check if there is a RefParameter without a condition.
2025-09-09 13:27:36,279 [WARN] IP:2250 - DESC_SIZE_UNIT not found: check if there is a RefParameter without a condition.
2025-09-09 13:27:42,470 [WARN] IP:2250 - Warning not found: check if there is a RefParameter without a condition.
2025-09-09 13:27:42,470 [WARN] IP:2250 - RxBufferAddress not found: check if there is a RefParameter without a condition.
2025-09-09 13:27:42,471 [WARN] IP:2250 - DESC_SIZE_UNIT not found: check if there is a RefParameter without a condition.
2025-09-09 13:27:42,471 [WARN] IP:2250 - Warning not found: check if there is a RefParameter without a condition.
2025-09-09 13:27:42,471 [WARN] IP:2250 - RxBufferAddress not found: check if there is a RefParameter without a condition.
2025-09-09 13:27:42,471 [WARN] IP:2250 - DESC_SIZE_UNIT not found: check if there is a RefParameter without a condition.
2025-09-09 13:27:42,693 [WARN] IP:2250 - Warning not found: check if there is a RefParameter without a condition.
2025-09-09 13:27:42,693 [WARN] IP:2250 - RxBufferAddress not found: check if there is a RefParameter without a condition.
2025-09-09 13:27:42,693 [WARN] IP:2250 - DESC_SIZE_UNIT not found: check if there is a RefParameter without a condition.
2025-09-09 13:27:42,693 [WARN] IP:2250 - Warning not found: check if there is a RefParameter without a condition.
2025-09-09 13:27:42,693 [WARN] IP:2250 - RxBufferAddress not found: check if there is a RefParameter without a condition.
2025-09-09 13:27:42,694 [WARN] IP:2250 - DESC_SIZE_UNIT not found: check if there is a RefParameter without a condition.
2025-09-09 13:27:45,559 [WARN] IP:2250 - Warning not found: check if there is a RefParameter without a condition.
2025-09-09 13:27:45,560 [WARN] IP:2250 - RxBufferAddress not found: check if there is a RefParameter without a condition.
2025-09-09 13:27:45,560 [WARN] IP:2250 - DESC_SIZE_UNIT not found: check if there is a RefParameter without a condition.
2025-09-09 13:27:45,561 [WARN] IP:2250 - Warning not found: check if there is a RefParameter without a condition.
2025-09-09 13:27:45,561 [WARN] IP:2250 - RxBufferAddress not found: check if there is a RefParameter without a condition.
2025-09-09 13:27:45,561 [WARN] IP:2250 - DESC_SIZE_UNIT not found: check if there is a RefParameter without a condition.
2025-09-09 13:27:49,001 [WARN] IP:2250 - Warning not found: check if there is a RefParameter without a condition.
2025-09-09 13:27:49,001 [WARN] IP:2250 - RxBufferAddress not found: check if there is a RefParameter without a condition.
2025-09-09 13:27:49,001 [WARN] IP:2250 - DESC_SIZE_UNIT not found: check if there is a RefParameter without a condition.
2025-09-09 13:27:49,002 [WARN] IP:2250 - Warning not found: check if there is a RefParameter without a condition.
2025-09-09 13:27:49,002 [WARN] IP:2250 - RxBufferAddress not found: check if there is a RefParameter without a condition.
2025-09-09 13:27:49,002 [WARN] IP:2250 - DESC_SIZE_UNIT not found: check if there is a RefParameter without a condition.
2025-09-09 13:27:56,725 [INFO] UtilMem:75 - End SaveConfig() Used Memory: 637856896 Bytes (1073741824)
2025-09-09 13:27:57,608 [INFO] UtilMem:75 - End SaveConfig() Used Memory: 724434680 Bytes (1073741824)
2025-09-09 13:27:58,120 [INFO] BlockDiagram:2775 - set Specific Code input for plugin: TIM1_8F77
2025-09-09 13:27:58,120 [INFO] BlockDiagram:2775 - set Specific Code input for plugin: SYS
2025-09-09 13:27:58,120 [INFO] BlockDiagram:2775 - set Specific Code input for plugin: RCC
2025-09-09 13:27:58,120 [INFO] BlockDiagram:2775 - set Specific Code input for plugin: USB_OTG_FS
2025-09-09 13:27:58,120 [INFO] BlockDiagram:2775 - set Specific Code input for plugin: NVIC
2025-09-09 13:27:58,120 [INFO] BlockDiagram:2775 - set Specific Code input for plugin: USART
2025-09-09 13:27:58,121 [INFO] BlockDiagram:2775 - set Specific Code input for plugin: GPIO
2025-09-09 13:27:58,121 [INFO] BlockDiagram:2775 - set Specific Code input for plugin: ETH
2025-09-09 13:27:58,126 [INFO] CodeGenerator:892 - code generatio: config db path: C:\ST\STM32CubeIDE_1.19.0\STM32CubeIDE\plugins\com.st.stm32cube.common.mx_6.15.0.202507011659\\db\
2025-09-09 13:27:58,131 [WARN] IP:2250 - Warning not found: check if there is a RefParameter without a condition.
2025-09-09 13:27:58,132 [WARN] IP:2250 - RxBufferAddress not found: check if there is a RefParameter without a condition.
2025-09-09 13:27:58,132 [WARN] IP:2250 - DESC_SIZE_UNIT not found: check if there is a RefParameter without a condition.
2025-09-09 13:27:58,307 [INFO] CodeEngine:265 - oldGeneratedFile, C:\Users\USERIT\STM32CubeIDE\MAD_Lab\Lab_07\MXTmpFiles\license.tmp_save
2025-09-09 13:27:58,516 [INFO] CodeEngine:289 - Generated code: C:\Users\USERIT\STM32CubeIDE\MAD_Lab\Lab_07\MXTmpFiles\license.tmp
2025-09-09 13:27:58,593 [INFO] CodeEngine:265 - oldGeneratedFile, C:\Users\USERIT\STM32CubeIDE\MAD_Lab\Lab_07\Core\Src\gpio.c_save
2025-09-09 13:27:58,764 [INFO] CodeEngine:289 - Generated code: C:\Users\USERIT\STM32CubeIDE\MAD_Lab\Lab_07\Core\Src\gpio.c
2025-09-09 13:27:58,784 [INFO] CodeEngine:265 - oldGeneratedFile, C:\Users\USERIT\STM32CubeIDE\MAD_Lab\Lab_07\Core\Inc\gpio.h_save
2025-09-09 13:27:58,862 [INFO] CodeEngine:289 - Generated code: C:\Users\USERIT\STM32CubeIDE\MAD_Lab\Lab_07\Core\Inc\gpio.h
2025-09-09 13:27:59,395 [WARN] IPConfigManager:3238 - Warning: the RefConfig PWREx_EnableUSBVoltageDetector is not available in your config.xml file
2025-09-09 13:27:59,409 [INFO] CodeEngine:265 - oldGeneratedFile, C:\Users\USERIT\STM32CubeIDE\MAD_Lab\Lab_07\MXTmpFiles\cortex.tmp_save
2025-09-09 13:27:59,529 [INFO] CodeEngine:289 - Generated code: C:\Users\USERIT\STM32CubeIDE\MAD_Lab\Lab_07\MXTmpFiles\cortex.tmp
2025-09-09 13:27:59,543 [INFO] CodeEngine:265 - oldGeneratedFile, C:\Users\USERIT\STM32CubeIDE\MAD_Lab\Lab_07\Core\Src\eth.c_save
2025-09-09 13:27:59,733 [INFO] CodeEngine:289 - Generated code: C:\Users\USERIT\STM32CubeIDE\MAD_Lab\Lab_07\Core\Src\eth.c
2025-09-09 13:27:59,753 [INFO] CodeEngine:265 - oldGeneratedFile, C:\Users\USERIT\STM32CubeIDE\MAD_Lab\Lab_07\Core\Inc\eth.h_save
2025-09-09 13:27:59,836 [INFO] CodeEngine:289 - Generated code: C:\Users\USERIT\STM32CubeIDE\MAD_Lab\Lab_07\Core\Inc\eth.h
2025-09-09 13:27:59,860 [INFO] CodeEngine:265 - oldGeneratedFile, C:\Users\USERIT\STM32CubeIDE\MAD_Lab\Lab_07\Core\Src\tim.c_save
2025-09-09 13:28:00,042 [INFO] CodeEngine:289 - Generated code: C:\Users\USERIT\STM32CubeIDE\MAD_Lab\Lab_07\Core\Src\tim.c
2025-09-09 13:28:00,063 [INFO] CodeEngine:265 - oldGeneratedFile, C:\Users\USERIT\STM32CubeIDE\MAD_Lab\Lab_07\Core\Inc\tim.h_save
2025-09-09 13:28:00,158 [INFO] CodeEngine:289 - Generated code: C:\Users\USERIT\STM32CubeIDE\MAD_Lab\Lab_07\Core\Inc\tim.h
2025-09-09 13:28:00,180 [INFO] CodeEngine:265 - oldGeneratedFile, C:\Users\USERIT\STM32CubeIDE\MAD_Lab\Lab_07\Core\Src\usart.c_save
2025-09-09 13:28:00,318 [INFO] CodeEngine:289 - Generated code: C:\Users\USERIT\STM32CubeIDE\MAD_Lab\Lab_07\Core\Src\usart.c
2025-09-09 13:28:00,333 [INFO] CodeEngine:265 - oldGeneratedFile, C:\Users\USERIT\STM32CubeIDE\MAD_Lab\Lab_07\Core\Inc\usart.h_save
2025-09-09 13:28:00,403 [INFO] CodeEngine:289 - Generated code: C:\Users\USERIT\STM32CubeIDE\MAD_Lab\Lab_07\Core\Inc\usart.h
2025-09-09 13:28:00,422 [INFO] CodeEngine:265 - oldGeneratedFile, C:\Users\USERIT\STM32CubeIDE\MAD_Lab\Lab_07\Core\Src\usb_otg.c_save
2025-09-09 13:28:00,552 [INFO] CodeEngine:289 - Generated code: C:\Users\USERIT\STM32CubeIDE\MAD_Lab\Lab_07\Core\Src\usb_otg.c
2025-09-09 13:28:00,565 [INFO] CodeEngine:265 - oldGeneratedFile, C:\Users\USERIT\STM32CubeIDE\MAD_Lab\Lab_07\Core\Inc\usb_otg.h_save
2025-09-09 13:28:00,634 [INFO] CodeEngine:289 - Generated code: C:\Users\USERIT\STM32CubeIDE\MAD_Lab\Lab_07\Core\Inc\usb_otg.h
2025-09-09 13:28:00,656 [INFO] CodeEngine:265 - oldGeneratedFile, C:\Users\USERIT\STM32CubeIDE\MAD_Lab\Lab_07\Core\Src\stm32f7xx_it.c_save
2025-09-09 13:28:00,758 [INFO] CodeEngine:289 - Generated code: C:\Users\USERIT\STM32CubeIDE\MAD_Lab\Lab_07\Core\Src\stm32f7xx_it.c
2025-09-09 13:28:00,764 [INFO] CodeEngine:265 - oldGeneratedFile, C:\Users\USERIT\STM32CubeIDE\MAD_Lab\Lab_07\Core\Inc\stm32f7xx_it.h_save
2025-09-09 13:28:00,843 [INFO] CodeEngine:289 - Generated code: C:\Users\USERIT\STM32CubeIDE\MAD_Lab\Lab_07\Core\Inc\stm32f7xx_it.h
2025-09-09 13:28:00,859 [INFO] CodeEngine:265 - oldGeneratedFile, C:\Users\USERIT\STM32CubeIDE\MAD_Lab\Lab_07\Core\Src\stm32f7xx_hal_msp.c_save
2025-09-09 13:28:00,984 [INFO] CodeEngine:289 - Generated code: C:\Users\USERIT\STM32CubeIDE\MAD_Lab\Lab_07\Core\Src\stm32f7xx_hal_msp.c
2025-09-09 13:28:00,989 [INFO] CodeEngine:265 - oldGeneratedFile, C:\Users\USERIT\STM32CubeIDE\MAD_Lab\Lab_07\MXTmpFiles\system.tmp_save
2025-09-09 13:28:01,038 [INFO] CodeEngine:289 - Generated code: C:\Users\USERIT\STM32CubeIDE\MAD_Lab\Lab_07\MXTmpFiles\system.tmp
2025-09-09 13:28:01,049 [INFO] CodeEngine:321 - oldGeneratedFile, C:\Users\USERIT\STM32CubeIDE\MAD_Lab\Lab_07\Core\Inc\stm32f7xx_hal_conf.h_save
2025-09-09 13:28:01,188 [INFO] CodeEngine:345 - Generated code: C:\Users\USERIT\STM32CubeIDE\MAD_Lab\Lab_07\Core\Inc\stm32f7xx_hal_conf.h
2025-09-09 13:28:01,230 [INFO] ApiDbMcu:532 - Load IP Config File for TIM2
2025-09-09 13:28:01,244 [INFO] CodeEngine:265 - oldGeneratedFile, C:\Users\USERIT\STM32CubeIDE\MAD_Lab\Lab_07\Core\Inc\main.h_save
2025-09-09 13:28:01,401 [INFO] CodeEngine:289 - Generated code: C:\Users\USERIT\STM32CubeIDE\MAD_Lab\Lab_07\Core\Inc\main.h
2025-09-09 13:28:01,409 [INFO] CodeEngine:265 - oldGeneratedFile, C:\Users\USERIT\STM32CubeIDE\MAD_Lab\Lab_07\Core\Src\main.c_save
2025-09-09 13:28:01,528 [INFO] CodeEngine:289 - Generated code: C:\Users\USERIT\STM32CubeIDE\MAD_Lab\Lab_07\Core\Src\main.c
2025-09-09 13:28:01,875 [INFO] ProjectBuilder:3606 - Time for Copy HAL[1] : 174mS.
2025-09-09 13:28:01,879 [INFO] ProjectBuilder:5216 - Project Generator version: 4.7.0-B52
2025-09-09 13:28:01,981 [INFO] ConfigFileManager:1595 - The Die is : DIE451
2025-09-09 13:28:03,244 [INFO] ProjectBuilder:5496 - Time for Generating toolchain IDE Files: 1365mS.
2025-09-09 13:28:03,245 [INFO] ProjectBuilder:3463 - Time for Copy CMSIS : 0mS.
2025-09-09 13:28:03,249 [INFO] ProjectBuilder:3463 - Time for Copy CMSIS : 0mS.
2025-09-09 13:37:19,362 [INFO] UtilMem:75 - End SaveConfig() Used Memory: 496582232 Bytes (1073741824)
2025-09-09 13:37:20,173 [INFO] BlockDiagram:2775 - set Specific Code input for plugin: TIM1_8F77
2025-09-09 13:37:20,174 [INFO] BlockDiagram:2775 - set Specific Code input for plugin: SYS
2025-09-09 13:37:20,176 [INFO] BlockDiagram:2775 - set Specific Code input for plugin: RCC
2025-09-09 13:37:20,176 [INFO] BlockDiagram:2775 - set Specific Code input for plugin: USB_OTG_FS
2025-09-09 13:37:20,177 [INFO] BlockDiagram:2775 - set Specific Code input for plugin: NVIC
2025-09-09 13:37:20,177 [INFO] BlockDiagram:2775 - set Specific Code input for plugin: USART
2025-09-09 13:37:20,178 [INFO] BlockDiagram:2775 - set Specific Code input for plugin: GPIO
2025-09-09 13:37:20,179 [INFO] BlockDiagram:2775 - set Specific Code input for plugin: ETH
2025-09-09 13:37:20,182 [INFO] CodeGenerator:892 - code generatio: config db path: C:\ST\STM32CubeIDE_1.19.0\STM32CubeIDE\plugins\com.st.stm32cube.common.mx_6.15.0.202507011659\\db\
2025-09-09 13:37:20,190 [WARN] IP:2250 - Warning not found: check if there is a RefParameter without a condition.
2025-09-09 13:37:20,190 [WARN] IP:2250 - RxBufferAddress not found: check if there is a RefParameter without a condition.
2025-09-09 13:37:20,191 [WARN] IP:2250 - DESC_SIZE_UNIT not found: check if there is a RefParameter without a condition.
2025-09-09 13:37:20,400 [INFO] CodeEngine:265 - oldGeneratedFile, C:\Users\USERIT\STM32CubeIDE\MAD_Lab\Lab_07\MXTmpFiles\license.tmp_save
2025-09-09 13:37:20,681 [INFO] CodeEngine:289 - Generated code: C:\Users\USERIT\STM32CubeIDE\MAD_Lab\Lab_07\MXTmpFiles\license.tmp
2025-09-09 13:37:20,792 [INFO] CodeEngine:265 - oldGeneratedFile, C:\Users\USERIT\STM32CubeIDE\MAD_Lab\Lab_07\Core\Src\gpio.c_save
2025-09-09 13:37:20,996 [INFO] CodeEngine:289 - Generated code: C:\Users\USERIT\STM32CubeIDE\MAD_Lab\Lab_07\Core\Src\gpio.c
2025-09-09 13:37:21,007 [INFO] CodeEngine:265 - oldGeneratedFile, C:\Users\USERIT\STM32CubeIDE\MAD_Lab\Lab_07\Core\Inc\gpio.h_save
2025-09-09 13:37:21,092 [INFO] CodeEngine:289 - Generated code: C:\Users\USERIT\STM32CubeIDE\MAD_Lab\Lab_07\Core\Inc\gpio.h
2025-09-09 13:37:21,616 [WARN] IPConfigManager:3238 - Warning: the RefConfig PWREx_EnableUSBVoltageDetector is not available in your config.xml file
2025-09-09 13:37:21,637 [INFO] CodeEngine:265 - oldGeneratedFile, C:\Users\USERIT\STM32CubeIDE\MAD_Lab\Lab_07\MXTmpFiles\cortex.tmp_save
2025-09-09 13:37:21,778 [INFO] CodeEngine:289 - Generated code: C:\Users\USERIT\STM32CubeIDE\MAD_Lab\Lab_07\MXTmpFiles\cortex.tmp
2025-09-09 13:37:21,795 [INFO] CodeEngine:265 - oldGeneratedFile, C:\Users\USERIT\STM32CubeIDE\MAD_Lab\Lab_07\Core\Src\eth.c_save
2025-09-09 13:37:21,991 [INFO] CodeEngine:289 - Generated code: C:\Users\USERIT\STM32CubeIDE\MAD_Lab\Lab_07\Core\Src\eth.c
2025-09-09 13:37:22,001 [INFO] CodeEngine:265 - oldGeneratedFile, C:\Users\USERIT\STM32CubeIDE\MAD_Lab\Lab_07\Core\Inc\eth.h_save
2025-09-09 13:37:22,087 [INFO] CodeEngine:289 - Generated code: C:\Users\USERIT\STM32CubeIDE\MAD_Lab\Lab_07\Core\Inc\eth.h
2025-09-09 13:37:22,103 [INFO] CodeEngine:265 - oldGeneratedFile, C:\Users\USERIT\STM32CubeIDE\MAD_Lab\Lab_07\Core\Src\tim.c_save
2025-09-09 13:37:22,267 [INFO] CodeEngine:289 - Generated code: C:\Users\USERIT\STM32CubeIDE\MAD_Lab\Lab_07\Core\Src\tim.c
2025-09-09 13:37:22,275 [INFO] CodeEngine:265 - oldGeneratedFile, C:\Users\USERIT\STM32CubeIDE\MAD_Lab\Lab_07\Core\Inc\tim.h_save
2025-09-09 13:37:22,348 [INFO] CodeEngine:289 - Generated code: C:\Users\USERIT\STM32CubeIDE\MAD_Lab\Lab_07\Core\Inc\tim.h
2025-09-09 13:37:22,365 [INFO] CodeEngine:265 - oldGeneratedFile, C:\Users\USERIT\STM32CubeIDE\MAD_Lab\Lab_07\Core\Src\usart.c_save
2025-09-09 13:37:22,529 [INFO] CodeEngine:289 - Generated code: C:\Users\USERIT\STM32CubeIDE\MAD_Lab\Lab_07\Core\Src\usart.c
2025-09-09 13:37:22,537 [INFO] CodeEngine:265 - oldGeneratedFile, C:\Users\USERIT\STM32CubeIDE\MAD_Lab\Lab_07\Core\Inc\usart.h_save
2025-09-09 13:37:22,606 [INFO] CodeEngine:289 - Generated code: C:\Users\USERIT\STM32CubeIDE\MAD_Lab\Lab_07\Core\Inc\usart.h
2025-09-09 13:37:22,623 [INFO] CodeEngine:265 - oldGeneratedFile, C:\Users\USERIT\STM32CubeIDE\MAD_Lab\Lab_07\Core\Src\usb_otg.c_save
2025-09-09 13:37:22,782 [INFO] CodeEngine:289 - Generated code: C:\Users\USERIT\STM32CubeIDE\MAD_Lab\Lab_07\Core\Src\usb_otg.c
2025-09-09 13:37:22,791 [INFO] CodeEngine:265 - oldGeneratedFile, C:\Users\USERIT\STM32CubeIDE\MAD_Lab\Lab_07\Core\Inc\usb_otg.h_save
2025-09-09 13:37:22,861 [INFO] CodeEngine:289 - Generated code: C:\Users\USERIT\STM32CubeIDE\MAD_Lab\Lab_07\Core\Inc\usb_otg.h
2025-09-09 13:37:22,879 [INFO] CodeEngine:265 - oldGeneratedFile, C:\Users\USERIT\STM32CubeIDE\MAD_Lab\Lab_07\Core\Src\stm32f7xx_it.c_save
2025-09-09 13:37:23,178 [INFO] CodeEngine:289 - Generated code: C:\Users\USERIT\STM32CubeIDE\MAD_Lab\Lab_07\Core\Src\stm32f7xx_it.c
2025-09-09 13:37:23,187 [INFO] CodeEngine:265 - oldGeneratedFile, C:\Users\USERIT\STM32CubeIDE\MAD_Lab\Lab_07\Core\Inc\stm32f7xx_it.h_save
2025-09-09 13:37:23,251 [INFO] CodeEngine:289 - Generated code: C:\Users\USERIT\STM32CubeIDE\MAD_Lab\Lab_07\Core\Inc\stm32f7xx_it.h
2025-09-09 13:37:23,272 [INFO] CodeEngine:265 - oldGeneratedFile, C:\Users\USERIT\STM32CubeIDE\MAD_Lab\Lab_07\Core\Src\stm32f7xx_hal_msp.c_save
2025-09-09 13:37:23,420 [INFO] CodeEngine:289 - Generated code: C:\Users\USERIT\STM32CubeIDE\MAD_Lab\Lab_07\Core\Src\stm32f7xx_hal_msp.c
2025-09-09 13:37:23,426 [INFO] CodeEngine:265 - oldGeneratedFile, C:\Users\USERIT\STM32CubeIDE\MAD_Lab\Lab_07\MXTmpFiles\system.tmp_save
2025-09-09 13:37:23,489 [INFO] CodeEngine:289 - Generated code: C:\Users\USERIT\STM32CubeIDE\MAD_Lab\Lab_07\MXTmpFiles\system.tmp
2025-09-09 13:37:23,505 [INFO] CodeEngine:321 - oldGeneratedFile, C:\Users\USERIT\STM32CubeIDE\MAD_Lab\Lab_07\Core\Inc\stm32f7xx_hal_conf.h_save
2025-09-09 13:37:23,679 [INFO] CodeEngine:345 - Generated code: C:\Users\USERIT\STM32CubeIDE\MAD_Lab\Lab_07\Core\Inc\stm32f7xx_hal_conf.h
2025-09-09 13:37:23,730 [INFO] CodeEngine:265 - oldGeneratedFile, C:\Users\USERIT\STM32CubeIDE\MAD_Lab\Lab_07\Core\Inc\main.h_save
2025-09-09 13:37:23,891 [INFO] CodeEngine:289 - Generated code: C:\Users\USERIT\STM32CubeIDE\MAD_Lab\Lab_07\Core\Inc\main.h
2025-09-09 13:37:23,899 [INFO] CodeEngine:265 - oldGeneratedFile, C:\Users\USERIT\STM32CubeIDE\MAD_Lab\Lab_07\Core\Src\main.c_save
2025-09-09 13:37:23,999 [INFO] CodeEngine:289 - Generated code: C:\Users\USERIT\STM32CubeIDE\MAD_Lab\Lab_07\Core\Src\main.c
2025-09-09 13:37:24,371 [INFO] ProjectBuilder:3606 - Time for Copy HAL[1] : 195mS.
2025-09-09 13:37:24,376 [INFO] ProjectBuilder:5216 - Project Generator version: 4.7.0-B52
2025-09-09 13:37:24,457 [INFO] ConfigFileManager:1595 - The Die is : DIE451
2025-09-09 13:37:25,657 [INFO] ProjectBuilder:5496 - Time for Generating toolchain IDE Files: 1279mS.
2025-09-09 13:37:25,663 [INFO] ProjectBuilder:3463 - Time for Copy CMSIS : 4mS.
2025-09-09 13:37:25,668 [INFO] ProjectBuilder:3463 - Time for Copy CMSIS : 0mS.
2025-09-09 15:18:50,274 [WARN] IP:2250 - Warning not found: check if there is a RefParameter without a condition.
2025-09-09 15:18:50,282 [WARN] IP:2250 - RxBufferAddress not found: check if there is a RefParameter without a condition.
2025-09-09 15:18:50,283 [WARN] IP:2250 - DESC_SIZE_UNIT not found: check if there is a RefParameter without a condition.
2025-09-09 15:18:50,284 [WARN] IP:2250 - Warning not found: check if there is a RefParameter without a condition.
2025-09-09 15:18:50,285 [WARN] IP:2250 - RxBufferAddress not found: check if there is a RefParameter without a condition.
2025-09-09 15:18:50,285 [WARN] IP:2250 - DESC_SIZE_UNIT not found: check if there is a RefParameter without a condition.
2025-09-09 15:18:50,404 [WARN] IP:2250 - Warning not found: check if there is a RefParameter without a condition.
2025-09-09 15:18:50,404 [WARN] IP:2250 - RxBufferAddress not found: check if there is a RefParameter without a condition.
2025-09-09 15:18:50,405 [WARN] IP:2250 - DESC_SIZE_UNIT not found: check if there is a RefParameter without a condition.
2025-09-09 15:18:50,502 [WARN] IP:2250 - Warning not found: check if there is a RefParameter without a condition.
2025-09-09 15:18:50,502 [WARN] IP:2250 - RxBufferAddress not found: check if there is a RefParameter without a condition.
2025-09-09 15:18:50,503 [WARN] IP:2250 - DESC_SIZE_UNIT not found: check if there is a RefParameter without a condition.
2025-09-09 15:19:14,630 [WARN] IP:2250 - Warning not found: check if there is a RefParameter without a condition.
2025-09-09 15:19:14,631 [WARN] IP:2250 - RxBufferAddress not found: check if there is a RefParameter without a condition.
2025-09-09 15:19:14,631 [WARN] IP:2250 - DESC_SIZE_UNIT not found: check if there is a RefParameter without a condition.
2025-09-09 15:19:14,631 [WARN] IP:2250 - Warning not found: check if there is a RefParameter without a condition.
2025-09-09 15:19:14,631 [WARN] IP:2250 - RxBufferAddress not found: check if there is a RefParameter without a condition.
2025-09-09 15:19:14,631 [WARN] IP:2250 - DESC_SIZE_UNIT not found: check if there is a RefParameter without a condition.
2025-09-09 15:19:14,722 [WARN] IP:2250 - Warning not found: check if there is a RefParameter without a condition.
2025-09-09 15:19:14,723 [WARN] IP:2250 - RxBufferAddress not found: check if there is a RefParameter without a condition.
2025-09-09 15:19:14,723 [WARN] IP:2250 - DESC_SIZE_UNIT not found: check if there is a RefParameter without a condition.
2025-09-09 15:19:14,810 [WARN] IP:2250 - Warning not found: check if there is a RefParameter without a condition.
2025-09-09 15:19:14,810 [WARN] IP:2250 - RxBufferAddress not found: check if there is a RefParameter without a condition.
2025-09-09 15:19:14,810 [WARN] IP:2250 - DESC_SIZE_UNIT not found: check if there is a RefParameter without a condition.
2025-09-09 15:19:37,878 [INFO] UtilMem:75 - End SaveConfig() Used Memory: 917300664 Bytes (1073741824)
2025-09-09 15:19:40,375 [INFO] UtilMem:75 - End SaveConfig() Used Memory: 383597432 Bytes (1073741824)
2025-09-09 15:19:40,993 [INFO] BlockDiagram:2775 - set Specific Code input for plugin: TIM1_8F77
2025-09-09 15:19:40,993 [INFO] BlockDiagram:2775 - set Specific Code input for plugin: SYS
2025-09-09 15:19:40,993 [INFO] BlockDiagram:2775 - set Specific Code input for plugin: RCC
2025-09-09 15:19:40,994 [INFO] BlockDiagram:2775 - set Specific Code input for plugin: USB_OTG_FS
2025-09-09 15:19:40,994 [INFO] BlockDiagram:2775 - set Specific Code input for plugin: NVIC
2025-09-09 15:19:40,994 [INFO] BlockDiagram:2775 - set Specific Code input for plugin: USART
2025-09-09 15:19:40,996 [INFO] BlockDiagram:2775 - set Specific Code input for plugin: GPIO
2025-09-09 15:19:40,996 [INFO] BlockDiagram:2775 - set Specific Code input for plugin: ETH
2025-09-09 15:19:40,999 [INFO] CodeGenerator:892 - code generatio: config db path: C:\ST\STM32CubeIDE_1.19.0\STM32CubeIDE\plugins\com.st.stm32cube.common.mx_6.15.0.202507011659\\db\
2025-09-09 15:19:41,003 [WARN] IP:2250 - Warning not found: check if there is a RefParameter without a condition.
2025-09-09 15:19:41,004 [WARN] IP:2250 - RxBufferAddress not found: check if there is a RefParameter without a condition.
2025-09-09 15:19:41,004 [WARN] IP:2250 - DESC_SIZE_UNIT not found: check if there is a RefParameter without a condition.
2025-09-09 15:19:41,151 [INFO] CodeEngine:265 - oldGeneratedFile, C:\Users\USERIT\STM32CubeIDE\MAD_Lab\Lab_07\MXTmpFiles\license.tmp_save
2025-09-09 15:19:41,445 [INFO] CodeEngine:289 - Generated code: C:\Users\USERIT\STM32CubeIDE\MAD_Lab\Lab_07\MXTmpFiles\license.tmp
2025-09-09 15:19:41,544 [INFO] CodeEngine:265 - oldGeneratedFile, C:\Users\USERIT\STM32CubeIDE\MAD_Lab\Lab_07\Core\Src\gpio.c_save
2025-09-09 15:19:41,751 [INFO] CodeEngine:289 - Generated code: C:\Users\USERIT\STM32CubeIDE\MAD_Lab\Lab_07\Core\Src\gpio.c
2025-09-09 15:19:41,760 [INFO] CodeEngine:265 - oldGeneratedFile, C:\Users\USERIT\STM32CubeIDE\MAD_Lab\Lab_07\Core\Inc\gpio.h_save
2025-09-09 15:19:41,869 [INFO] CodeEngine:289 - Generated code: C:\Users\USERIT\STM32CubeIDE\MAD_Lab\Lab_07\Core\Inc\gpio.h
2025-09-09 15:19:42,333 [WARN] IPConfigManager:3238 - Warning: the RefConfig PWREx_EnableUSBVoltageDetector is not available in your config.xml file
2025-09-09 15:19:42,357 [INFO] CodeEngine:265 - oldGeneratedFile, C:\Users\USERIT\STM32CubeIDE\MAD_Lab\Lab_07\MXTmpFiles\cortex.tmp_save
2025-09-09 15:19:42,501 [INFO] CodeEngine:289 - Generated code: C:\Users\USERIT\STM32CubeIDE\MAD_Lab\Lab_07\MXTmpFiles\cortex.tmp
2025-09-09 15:19:42,518 [INFO] CodeEngine:265 - oldGeneratedFile, C:\Users\USERIT\STM32CubeIDE\MAD_Lab\Lab_07\Core\Src\eth.c_save
2025-09-09 15:19:42,692 [INFO] CodeEngine:289 - Generated code: C:\Users\USERIT\STM32CubeIDE\MAD_Lab\Lab_07\Core\Src\eth.c
2025-09-09 15:19:42,701 [INFO] CodeEngine:265 - oldGeneratedFile, C:\Users\USERIT\STM32CubeIDE\MAD_Lab\Lab_07\Core\Inc\eth.h_save
2025-09-09 15:19:42,768 [INFO] CodeEngine:289 - Generated code: C:\Users\USERIT\STM32CubeIDE\MAD_Lab\Lab_07\Core\Inc\eth.h
2025-09-09 15:19:42,783 [INFO] CodeEngine:265 - oldGeneratedFile, C:\Users\USERIT\STM32CubeIDE\MAD_Lab\Lab_07\Core\Src\tim.c_save
2025-09-09 15:19:42,987 [INFO] CodeEngine:289 - Generated code: C:\Users\USERIT\STM32CubeIDE\MAD_Lab\Lab_07\Core\Src\tim.c
2025-09-09 15:19:42,996 [INFO] CodeEngine:265 - oldGeneratedFile, C:\Users\USERIT\STM32CubeIDE\MAD_Lab\Lab_07\Core\Inc\tim.h_save
2025-09-09 15:19:43,084 [INFO] CodeEngine:289 - Generated code: C:\Users\USERIT\STM32CubeIDE\MAD_Lab\Lab_07\Core\Inc\tim.h
2025-09-09 15:19:43,100 [INFO] CodeEngine:265 - oldGeneratedFile, C:\Users\USERIT\STM32CubeIDE\MAD_Lab\Lab_07\Core\Src\usart.c_save
2025-09-09 15:19:43,261 [INFO] CodeEngine:289 - Generated code: C:\Users\USERIT\STM32CubeIDE\MAD_Lab\Lab_07\Core\Src\usart.c
2025-09-09 15:19:43,269 [INFO] CodeEngine:265 - oldGeneratedFile, C:\Users\USERIT\STM32CubeIDE\MAD_Lab\Lab_07\Core\Inc\usart.h_save
2025-09-09 15:19:43,361 [INFO] CodeEngine:289 - Generated code: C:\Users\USERIT\STM32CubeIDE\MAD_Lab\Lab_07\Core\Inc\usart.h
2025-09-09 15:19:43,380 [INFO] CodeEngine:265 - oldGeneratedFile, C:\Users\USERIT\STM32CubeIDE\MAD_Lab\Lab_07\Core\Src\usb_otg.c_save
2025-09-09 15:19:43,534 [INFO] CodeEngine:289 - Generated code: C:\Users\USERIT\STM32CubeIDE\MAD_Lab\Lab_07\Core\Src\usb_otg.c
2025-09-09 15:19:43,543 [INFO] CodeEngine:265 - oldGeneratedFile, C:\Users\USERIT\STM32CubeIDE\MAD_Lab\Lab_07\Core\Inc\usb_otg.h_save
2025-09-09 15:19:43,626 [INFO] CodeEngine:289 - Generated code: C:\Users\USERIT\STM32CubeIDE\MAD_Lab\Lab_07\Core\Inc\usb_otg.h
2025-09-09 15:19:43,646 [INFO] CodeEngine:265 - oldGeneratedFile, C:\Users\USERIT\STM32CubeIDE\MAD_Lab\Lab_07\Core\Src\stm32f7xx_it.c_save
2025-09-09 15:19:43,924 [INFO] CodeEngine:289 - Generated code: C:\Users\USERIT\STM32CubeIDE\MAD_Lab\Lab_07\Core\Src\stm32f7xx_it.c
2025-09-09 15:19:43,941 [INFO] CodeEngine:265 - oldGeneratedFile, C:\Users\USERIT\STM32CubeIDE\MAD_Lab\Lab_07\Core\Inc\stm32f7xx_it.h_save
2025-09-09 15:19:44,034 [INFO] CodeEngine:289 - Generated code: C:\Users\USERIT\STM32CubeIDE\MAD_Lab\Lab_07\Core\Inc\stm32f7xx_it.h
2025-09-09 15:19:44,053 [INFO] CodeEngine:265 - oldGeneratedFile, C:\Users\USERIT\STM32CubeIDE\MAD_Lab\Lab_07\Core\Src\stm32f7xx_hal_msp.c_save
2025-09-09 15:19:44,199 [INFO] CodeEngine:289 - Generated code: C:\Users\USERIT\STM32CubeIDE\MAD_Lab\Lab_07\Core\Src\stm32f7xx_hal_msp.c
2025-09-09 15:19:44,204 [INFO] CodeEngine:265 - oldGeneratedFile, C:\Users\USERIT\STM32CubeIDE\MAD_Lab\Lab_07\MXTmpFiles\system.tmp_save
2025-09-09 15:19:44,264 [INFO] CodeEngine:289 - Generated code: C:\Users\USERIT\STM32CubeIDE\MAD_Lab\Lab_07\MXTmpFiles\system.tmp
2025-09-09 15:19:44,277 [INFO] CodeEngine:321 - oldGeneratedFile, C:\Users\USERIT\STM32CubeIDE\MAD_Lab\Lab_07\Core\Inc\stm32f7xx_hal_conf.h_save
2025-09-09 15:19:44,404 [INFO] CodeEngine:345 - Generated code: C:\Users\USERIT\STM32CubeIDE\MAD_Lab\Lab_07\Core\Inc\stm32f7xx_hal_conf.h
2025-09-09 15:19:44,443 [INFO] CodeEngine:265 - oldGeneratedFile, C:\Users\USERIT\STM32CubeIDE\MAD_Lab\Lab_07\Core\Inc\main.h_save
2025-09-09 15:19:44,573 [INFO] CodeEngine:289 - Generated code: C:\Users\USERIT\STM32CubeIDE\MAD_Lab\Lab_07\Core\Inc\main.h
2025-09-09 15:19:44,580 [INFO] CodeEngine:265 - oldGeneratedFile, C:\Users\USERIT\STM32CubeIDE\MAD_Lab\Lab_07\Core\Src\main.c_save
2025-09-09 15:19:44,673 [INFO] CodeEngine:289 - Generated code: C:\Users\USERIT\STM32CubeIDE\MAD_Lab\Lab_07\Core\Src\main.c
2025-09-09 15:19:44,989 [INFO] ProjectBuilder:3606 - Time for Copy HAL[1] : 165mS.
2025-09-09 15:19:44,993 [INFO] ProjectBuilder:5216 - Project Generator version: 4.7.0-B52
2025-09-09 15:19:45,066 [INFO] ConfigFileManager:1595 - The Die is : DIE451
2025-09-09 15:19:46,473 [INFO] ProjectBuilder:5496 - Time for Generating toolchain IDE Files: 1480mS.
2025-09-09 15:19:46,474 [INFO] ProjectBuilder:3463 - Time for Copy CMSIS : 0mS.
2025-09-09 15:19:46,478 [INFO] ProjectBuilder:3463 - Time for Copy CMSIS : 0mS.
2025-09-09 15:22:03,417 [INFO] NvicIntPanel:101 - NVIC parent = com.st.microxplorer.plugins.ip.nvic.MultiNvicIntPanel[,0,0,0x0,invalid,layout=javax.swing.BoxLayout,alignmentX=0.0,alignmentY=0.0,border=,flags=9,maximumSize=,minimumSize=,preferredSize=]
2025-09-09 15:22:16,423 [INFO] NvicIntPanel:101 - NVIC parent = com.st.microxplorer.plugins.ip.nvic.MultiNvicIntPanel[,0,0,0x0,invalid,layout=javax.swing.BoxLayout,alignmentX=0.0,alignmentY=0.0,border=,flags=9,maximumSize=,minimumSize=,preferredSize=]
2025-09-09 15:22:25,696 [INFO] NvicIntPanel:101 - NVIC parent = com.st.microxplorer.plugins.ip.nvic.MultiNvicIntPanel[,0,0,0x0,invalid,layout=javax.swing.BoxLayout,alignmentX=0.0,alignmentY=0.0,border=,flags=9,maximumSize=,minimumSize=,preferredSize=]
2025-09-09 15:22:48,415 [INFO] NvicIntPanel:101 - NVIC parent = com.st.microxplorer.plugins.ip.nvic.MultiNvicIntPanel[,0,0,0x0,invalid,layout=javax.swing.BoxLayout,alignmentX=0.0,alignmentY=0.0,border=,flags=9,maximumSize=,minimumSize=,preferredSize=]
2025-09-09 15:23:00,368 [INFO] UtilMem:75 - End SaveConfig() Used Memory: 378133400 Bytes (1073741824)
2025-09-09 15:23:00,907 [INFO] UtilMem:75 - End SaveConfig() Used Memory: 436853664 Bytes (1073741824)
2025-09-09 15:23:01,264 [INFO] BlockDiagram:2775 - set Specific Code input for plugin: TIM1_8F77
2025-09-09 15:23:01,265 [INFO] BlockDiagram:2775 - set Specific Code input for plugin: SYS
2025-09-09 15:23:01,265 [INFO] BlockDiagram:2775 - set Specific Code input for plugin: RCC
2025-09-09 15:23:01,265 [INFO] BlockDiagram:2775 - set Specific Code input for plugin: USB_OTG_FS
2025-09-09 15:23:01,265 [INFO] BlockDiagram:2775 - set Specific Code input for plugin: NVIC
2025-09-09 15:23:01,265 [INFO] BlockDiagram:2775 - set Specific Code input for plugin: USART
2025-09-09 15:23:01,266 [INFO] BlockDiagram:2775 - set Specific Code input for plugin: GPIO
2025-09-09 15:23:01,266 [INFO] BlockDiagram:2775 - set Specific Code input for plugin: ETH
2025-09-09 15:23:01,269 [INFO] CodeGenerator:892 - code generatio: config db path: C:\ST\STM32CubeIDE_1.19.0\STM32CubeIDE\plugins\com.st.stm32cube.common.mx_6.15.0.202507011659\\db\
2025-09-09 15:23:01,274 [WARN] IP:2250 - Warning not found: check if there is a RefParameter without a condition.
2025-09-09 15:23:01,275 [WARN] IP:2250 - RxBufferAddress not found: check if there is a RefParameter without a condition.
2025-09-09 15:23:01,275 [WARN] IP:2250 - DESC_SIZE_UNIT not found: check if there is a RefParameter without a condition.
2025-09-09 15:23:01,442 [INFO] CodeEngine:265 - oldGeneratedFile, C:\Users\USERIT\STM32CubeIDE\MAD_Lab\Lab_07\MXTmpFiles\license.tmp_save
2025-09-09 15:23:01,537 [INFO] CodeEngine:289 - Generated code: C:\Users\USERIT\STM32CubeIDE\MAD_Lab\Lab_07\MXTmpFiles\license.tmp
2025-09-09 15:23:01,601 [INFO] CodeEngine:265 - oldGeneratedFile, C:\Users\USERIT\STM32CubeIDE\MAD_Lab\Lab_07\Core\Src\gpio.c_save
2025-09-09 15:23:01,699 [INFO] CodeEngine:289 - Generated code: C:\Users\USERIT\STM32CubeIDE\MAD_Lab\Lab_07\Core\Src\gpio.c
2025-09-09 15:23:01,705 [INFO] CodeEngine:265 - oldGeneratedFile, C:\Users\USERIT\STM32CubeIDE\MAD_Lab\Lab_07\Core\Inc\gpio.h_save
2025-09-09 15:23:01,765 [INFO] CodeEngine:289 - Generated code: C:\Users\USERIT\STM32CubeIDE\MAD_Lab\Lab_07\Core\Inc\gpio.h
2025-09-09 15:23:02,125 [WARN] IPConfigManager:3238 - Warning: the RefConfig PWREx_EnableUSBVoltageDetector is not available in your config.xml file
2025-09-09 15:23:02,139 [INFO] CodeEngine:265 - oldGeneratedFile, C:\Users\USERIT\STM32CubeIDE\MAD_Lab\Lab_07\MXTmpFiles\cortex.tmp_save
2025-09-09 15:23:02,222 [INFO] CodeEngine:289 - Generated code: C:\Users\USERIT\STM32CubeIDE\MAD_Lab\Lab_07\MXTmpFiles\cortex.tmp
2025-09-09 15:23:02,234 [INFO] CodeEngine:265 - oldGeneratedFile, C:\Users\USERIT\STM32CubeIDE\MAD_Lab\Lab_07\Core\Src\eth.c_save
2025-09-09 15:23:02,349 [INFO] CodeEngine:289 - Generated code: C:\Users\USERIT\STM32CubeIDE\MAD_Lab\Lab_07\Core\Src\eth.c
2025-09-09 15:23:02,355 [INFO] CodeEngine:265 - oldGeneratedFile, C:\Users\USERIT\STM32CubeIDE\MAD_Lab\Lab_07\Core\Inc\eth.h_save
2025-09-09 15:23:02,408 [INFO] CodeEngine:289 - Generated code: C:\Users\USERIT\STM32CubeIDE\MAD_Lab\Lab_07\Core\Inc\eth.h
2025-09-09 15:23:02,420 [INFO] CodeEngine:265 - oldGeneratedFile, C:\Users\USERIT\STM32CubeIDE\MAD_Lab\Lab_07\Core\Src\tim.c_save
2025-09-09 15:23:02,565 [INFO] CodeEngine:289 - Generated code: C:\Users\USERIT\STM32CubeIDE\MAD_Lab\Lab_07\Core\Src\tim.c
2025-09-09 15:23:02,571 [INFO] CodeEngine:265 - oldGeneratedFile, C:\Users\USERIT\STM32CubeIDE\MAD_Lab\Lab_07\Core\Inc\tim.h_save
2025-09-09 15:23:02,622 [INFO] CodeEngine:289 - Generated code: C:\Users\USERIT\STM32CubeIDE\MAD_Lab\Lab_07\Core\Inc\tim.h
2025-09-09 15:23:02,633 [INFO] CodeEngine:265 - oldGeneratedFile, C:\Users\USERIT\STM32CubeIDE\MAD_Lab\Lab_07\Core\Src\usart.c_save
2025-09-09 15:23:02,747 [INFO] CodeEngine:289 - Generated code: C:\Users\USERIT\STM32CubeIDE\MAD_Lab\Lab_07\Core\Src\usart.c
2025-09-09 15:23:02,753 [INFO] CodeEngine:265 - oldGeneratedFile, C:\Users\USERIT\STM32CubeIDE\MAD_Lab\Lab_07\Core\Inc\usart.h_save
2025-09-09 15:23:02,807 [INFO] CodeEngine:289 - Generated code: C:\Users\USERIT\STM32CubeIDE\MAD_Lab\Lab_07\Core\Inc\usart.h
2025-09-09 15:23:02,820 [INFO] CodeEngine:265 - oldGeneratedFile, C:\Users\USERIT\STM32CubeIDE\MAD_Lab\Lab_07\Core\Src\usb_otg.c_save
2025-09-09 15:23:02,934 [INFO] CodeEngine:289 - Generated code: C:\Users\USERIT\STM32CubeIDE\MAD_Lab\Lab_07\Core\Src\usb_otg.c
2025-09-09 15:23:02,939 [INFO] CodeEngine:265 - oldGeneratedFile, C:\Users\USERIT\STM32CubeIDE\MAD_Lab\Lab_07\Core\Inc\usb_otg.h_save
2025-09-09 15:23:02,991 [INFO] CodeEngine:289 - Generated code: C:\Users\USERIT\STM32CubeIDE\MAD_Lab\Lab_07\Core\Inc\usb_otg.h
2025-09-09 15:23:03,006 [INFO] CodeEngine:265 - oldGeneratedFile, C:\Users\USERIT\STM32CubeIDE\MAD_Lab\Lab_07\Core\Src\stm32f7xx_it.c_save
2025-09-09 15:23:03,143 [INFO] CodeEngine:289 - Generated code: C:\Users\USERIT\STM32CubeIDE\MAD_Lab\Lab_07\Core\Src\stm32f7xx_it.c
2025-09-09 15:23:03,150 [INFO] CodeEngine:265 - oldGeneratedFile, C:\Users\USERIT\STM32CubeIDE\MAD_Lab\Lab_07\Core\Inc\stm32f7xx_it.h_save
2025-09-09 15:23:03,217 [INFO] CodeEngine:289 - Generated code: C:\Users\USERIT\STM32CubeIDE\MAD_Lab\Lab_07\Core\Inc\stm32f7xx_it.h
2025-09-09 15:23:03,234 [INFO] CodeEngine:265 - oldGeneratedFile, C:\Users\USERIT\STM32CubeIDE\MAD_Lab\Lab_07\Core\Src\stm32f7xx_hal_msp.c_save
2025-09-09 15:23:03,376 [INFO] CodeEngine:289 - Generated code: C:\Users\USERIT\STM32CubeIDE\MAD_Lab\Lab_07\Core\Src\stm32f7xx_hal_msp.c
2025-09-09 15:23:03,381 [INFO] CodeEngine:265 - oldGeneratedFile, C:\Users\USERIT\STM32CubeIDE\MAD_Lab\Lab_07\MXTmpFiles\system.tmp_save
2025-09-09 15:23:03,428 [INFO] CodeEngine:289 - Generated code: C:\Users\USERIT\STM32CubeIDE\MAD_Lab\Lab_07\MXTmpFiles\system.tmp
2025-09-09 15:23:03,440 [INFO] CodeEngine:321 - oldGeneratedFile, C:\Users\USERIT\STM32CubeIDE\MAD_Lab\Lab_07\Core\Inc\stm32f7xx_hal_conf.h_save
2025-09-09 15:23:03,584 [INFO] CodeEngine:345 - Generated code: C:\Users\USERIT\STM32CubeIDE\MAD_Lab\Lab_07\Core\Inc\stm32f7xx_hal_conf.h
2025-09-09 15:23:03,617 [INFO] CodeEngine:265 - oldGeneratedFile, C:\Users\USERIT\STM32CubeIDE\MAD_Lab\Lab_07\Core\Inc\main.h_save
2025-09-09 15:23:03,719 [INFO] CodeEngine:289 - Generated code: C:\Users\USERIT\STM32CubeIDE\MAD_Lab\Lab_07\Core\Inc\main.h
2025-09-09 15:23:03,725 [INFO] CodeEngine:265 - oldGeneratedFile, C:\Users\USERIT\STM32CubeIDE\MAD_Lab\Lab_07\Core\Src\main.c_save
2025-09-09 15:23:03,808 [INFO] CodeEngine:289 - Generated code: C:\Users\USERIT\STM32CubeIDE\MAD_Lab\Lab_07\Core\Src\main.c
2025-09-09 15:23:04,098 [INFO] ProjectBuilder:3606 - Time for Copy HAL[1] : 143mS.
2025-09-09 15:23:04,102 [INFO] ProjectBuilder:5216 - Project Generator version: 4.7.0-B52
2025-09-09 15:23:04,171 [INFO] ConfigFileManager:1595 - The Die is : DIE451
2025-09-09 15:23:05,106 [INFO] ProjectBuilder:5496 - Time for Generating toolchain IDE Files: 1005mS.
2025-09-09 15:23:05,108 [INFO] ProjectBuilder:3463 - Time for Copy CMSIS : 1mS.
2025-09-09 15:23:05,112 [INFO] ProjectBuilder:3463 - Time for Copy CMSIS : 0mS.
2025-09-09 15:31:15,413 [WARN] IP:2250 - Warning not found: check if there is a RefParameter without a condition.
2025-09-09 15:31:15,414 [WARN] IP:2250 - RxBufferAddress not found: check if there is a RefParameter without a condition.
2025-09-09 15:31:15,414 [WARN] IP:2250 - DESC_SIZE_UNIT not found: check if there is a RefParameter without a condition.
2025-09-09 15:31:15,414 [WARN] IP:2250 - Warning not found: check if there is a RefParameter without a condition.
2025-09-09 15:31:15,415 [WARN] IP:2250 - RxBufferAddress not found: check if there is a RefParameter without a condition.
2025-09-09 15:31:15,415 [WARN] IP:2250 - DESC_SIZE_UNIT not found: check if there is a RefParameter without a condition.
2025-09-09 15:31:15,636 [INFO] NvicIntPanel:101 - NVIC parent = com.st.microxplorer.plugins.ip.nvic.MultiNvicIntPanel[,0,0,0x0,invalid,layout=javax.swing.BoxLayout,alignmentX=0.0,alignmentY=0.0,border=,flags=9,maximumSize=,minimumSize=,preferredSize=]
2025-09-09 15:41:37,085 [ERROR] LogOutputStream:75 - [STDERR_REDIRECT] 
