2025-09-16 11:46:22,597 [INFO] Activator:176 - 


2025-09-16 11:46:22,602 [INFO] Activator:177 - !SESSION log4j initialized
2025-09-16 11:46:31,417 [INFO] LogOutputStream:77 - [STDOUT_REDIRECT] 
2025-09-16 11:46:45,231 [INFO] ApplicationProperties:184 - Using Application install path: C:\ST\STM32CubeIDE_1.19.0\STM32CubeIDE\plugins\com.st.stm32cube.common.mx_6.15.0.202507011659
2025-09-16 11:46:45,247 [INFO] DbMcusXml:78 - Set database path to: C:\ST\STM32CubeIDE_1.19.0\STM32CubeIDE\plugins\com.st.stm32cube.common.mx_6.15.0.202507011659\\db\/mcu/
2025-09-16 11:46:45,248 [INFO] ApiDb:274 - Set plugin database path to: C:\ST\STM32CubeIDE_1.19.0\STM32CubeIDE\plugins\com.st.stm32cube.common.mx_6.15.0.202507011659\\db\/plugins/boardmanager/
2025-09-16 11:46:45,248 [WARN] ApiDb:259 - Overriding images path with different value:  => C:\ST\STM32CubeIDE_1.19.0\STM32CubeIDE\plugins\com.st.stm32cube.common.mx_6.15.0.202507011659\\db\/plugins/mcufinder/images/
2025-09-16 11:46:45,257 [INFO] ApiDb:250 - Set database path to: C:\Users\USERIT\.stmcufinder\plugins\mcufinder//mcu/
2025-09-16 11:46:45,258 [INFO] DbMcusAds:125 - Set database path to: C:\Users\USERIT\.stmcufinder\plugins\mcufinder//mcu/
2025-09-16 11:46:45,268 [INFO] CrossReferenceDbSqlite:203 - Set database path to: C:\Users\USERIT\.stmcufinder\plugins\mcufinder//mcu/cs/
2025-09-16 11:46:45,564 [INFO] RulesReader:64 - Compatibility file has been processed (317 Rules)
2025-09-16 11:46:45,644 [INFO] DbMcusXml:78 - Set database path to: C:\ST\STM32CubeIDE_1.19.0\STM32CubeIDE\plugins\com.st.stm32cube.common.mx_6.15.0.202507011659\\db\/mcu/
2025-09-16 11:46:45,644 [INFO] ApiDb:274 - Set plugin database path to: C:\ST\STM32CubeIDE_1.19.0\STM32CubeIDE\plugins\com.st.stm32cube.common.mx_6.15.0.202507011659\\db\/plugins/boardmanager/
2025-09-16 11:46:45,644 [INFO] ApiDb:261 - Set plugin images path to: C:\ST\STM32CubeIDE_1.19.0\STM32CubeIDE\plugins\com.st.stm32cube.common.mx_6.15.0.202507011659\\db\/plugins/mcufinder/images/
2025-09-16 11:46:45,645 [WARN] DbFile:41 - Overriding database path with different value: C:\Users\USERIT\.stmcufinder\plugins\mcufinder/ => C:\Users\USERIT\.stmcufinder\plugins\mcufinder
2025-09-16 11:46:45,645 [INFO] ApiDb:250 - Set database path to: C:\Users\USERIT\.stmcufinder\plugins\mcufinder//mcu/
2025-09-16 11:46:45,645 [WARN] DbFile:41 - Overriding database path with different value: C:\Users\USERIT\.stmcufinder\plugins\mcufinder/ => C:\Users\USERIT\.stmcufinder\plugins\mcufinder
2025-09-16 11:46:45,645 [INFO] DbMcusAds:125 - Set database path to: C:\Users\USERIT\.stmcufinder\plugins\mcufinder//mcu/
2025-09-16 11:46:45,645 [WARN] DbFile:41 - Overriding database path with different value: C:\Users\USERIT\.stmcufinder\plugins\mcufinder/ => C:\Users\USERIT\.stmcufinder\plugins\mcufinder
2025-09-16 11:46:45,645 [WARN] DbFile:41 - Overriding database path with different value: C:\Users\USERIT\.stmcufinder\plugins\mcufinder/ => C:\Users\USERIT\.stmcufinder\plugins\mcufinder
2025-09-16 11:46:45,645 [INFO] CrossReferenceDbSqlite:203 - Set database path to: C:\Users\USERIT\.stmcufinder\plugins\mcufinder//mcu/cs/
2025-09-16 11:46:45,716 [INFO] MainPanel:274 - HeapMemory: 268435456
2025-09-16 11:46:45,819 [INFO] DbMcusXml:78 - Set database path to: C:\ST\STM32CubeIDE_1.19.0\STM32CubeIDE\plugins\com.st.stm32cube.common.mx_6.15.0.202507011659\\db\/mcu/
2025-09-16 11:46:45,820 [INFO] ApiDb:274 - Set plugin database path to: C:\ST\STM32CubeIDE_1.19.0\STM32CubeIDE\plugins\com.st.stm32cube.common.mx_6.15.0.202507011659\\db\/plugins/boardmanager/
2025-09-16 11:46:45,820 [INFO] ApiDb:261 - Set plugin images path to: C:\ST\STM32CubeIDE_1.19.0\STM32CubeIDE\plugins\com.st.stm32cube.common.mx_6.15.0.202507011659\\db\/plugins/mcufinder/images/
2025-09-16 11:46:45,820 [WARN] DbFile:41 - Overriding database path with different value: C:\Users\USERIT\.stmcufinder\plugins\mcufinder/ => C:\Users\USERIT\.stmcufinder\plugins\mcufinder
2025-09-16 11:46:45,820 [INFO] ApiDb:250 - Set database path to: C:\Users\USERIT\.stmcufinder\plugins\mcufinder//mcu/
2025-09-16 11:46:45,820 [WARN] DbFile:41 - Overriding database path with different value: C:\Users\USERIT\.stmcufinder\plugins\mcufinder/ => C:\Users\USERIT\.stmcufinder\plugins\mcufinder
2025-09-16 11:46:45,820 [INFO] DbMcusAds:125 - Set database path to: C:\Users\USERIT\.stmcufinder\plugins\mcufinder//mcu/
2025-09-16 11:46:45,820 [WARN] DbFile:41 - Overriding database path with different value: C:\Users\USERIT\.stmcufinder\plugins\mcufinder/ => C:\Users\USERIT\.stmcufinder\plugins\mcufinder
2025-09-16 11:46:45,820 [WARN] DbFile:41 - Overriding database path with different value: C:\Users\USERIT\.stmcufinder\plugins\mcufinder/ => C:\Users\USERIT\.stmcufinder\plugins\mcufinder
2025-09-16 11:46:45,821 [INFO] CrossReferenceDbSqlite:203 - Set database path to: C:\Users\USERIT\.stmcufinder\plugins\mcufinder//mcu/cs/
2025-09-16 11:46:45,838 [INFO] ApplicationProperties:184 - Using Application install path: C:\ST\STM32CubeIDE_1.19.0\STM32CubeIDE\plugins\com.st.stm32cube.common.mx_6.15.0.202507011659
2025-09-16 11:46:45,840 [INFO] PluginManage:196 - Search for loadable plugins [exclusion list=, ]
2025-09-16 11:46:45,841 [INFO] PluginManage:310 - Check plugin analytics
2025-09-16 11:46:51,368 [INFO] AnalyticsPlugin:253 - Accepted Software Licenses: 
2025-09-16 11:46:51,368 [INFO] AnalyticsPlugin:255 - Accepted CMSIS Pack Licenses: 
2025-09-16 11:46:51,369 [INFO] AnalyticsPlugin:257 - Accepted Firmware Licenses: FW.F7.1.17.0
2025-09-16 11:46:51,371 [INFO] PluginManage:359 - Loaded plugin analytics (category:tool,tabindex:-1)
2025-09-16 11:46:51,371 [INFO] PluginManage:310 - Check plugin cadmodel
2025-09-16 11:46:51,409 [INFO] CADModel:105 - Init CAD model plugin
2025-09-16 11:46:51,410 [INFO] PluginManage:359 - Loaded plugin cadmodel (category:power,tabindex:5)
2025-09-16 11:46:51,410 [INFO] PluginManage:310 - Check plugin clock
2025-09-16 11:46:51,430 [INFO] PluginManage:359 - Loaded plugin clock (category:base,tabindex:2)
2025-09-16 11:46:51,430 [INFO] PluginManage:310 - Check plugin ddr
2025-09-16 11:46:51,432 [INFO] PluginManage:359 - Loaded plugin ddr (category:tool,tabindex:6)
2025-09-16 11:46:51,433 [INFO] PluginManage:310 - Check plugin filemanager
2025-09-16 11:46:51,583 [INFO] PluginManage:359 - Loaded plugin filemanager (category:base,tabindex:10)
2025-09-16 11:46:51,583 [INFO] PluginManage:310 - Check plugin ipmanager
2025-09-16 11:46:51,589 [INFO] PluginManage:359 - Loaded plugin ipmanager (category:base,tabindex:5)
2025-09-16 11:46:51,589 [INFO] PluginManage:310 - Check plugin lpbam
2025-09-16 11:46:51,607 [INFO] PluginManage:359 - Loaded plugin lpbam (category:base,tabindex:0)
2025-09-16 11:46:51,607 [INFO] PluginManage:310 - Check plugin memorymap
2025-09-16 11:46:51,641 [INFO] PluginManage:359 - Loaded plugin memorymap (category:base,tabindex:4)
2025-09-16 11:46:51,641 [INFO] PluginManage:310 - Check plugin pinoutandconfiguration
2025-09-16 11:46:51,660 [INFO] PluginManage:359 - Loaded plugin pinoutandconfiguration (category:base,tabindex:1)
2025-09-16 11:46:51,660 [INFO] PluginManage:310 - Check plugin pinoutconfig
2025-09-16 11:46:51,754 [WARN] SupportedApi:132 - Cannot load RTOS API schema: s4s-elt-must-match.1: The content of 'definitions' must match (annotation?, (simpleType | complexType)?, (unique | key | keyref)*)). A problem was found starting at: attribute.
2025-09-16 11:46:52,325 [INFO] PluginManage:359 - Loaded plugin pinoutconfig (category:base,tabindex:0)
2025-09-16 11:46:52,326 [INFO] PluginManage:310 - Check plugin power
2025-09-16 11:46:52,351 [INFO] PluginManage:359 - Loaded plugin power (category:power,tabindex:4)
2025-09-16 11:46:52,351 [INFO] PluginManage:310 - Check plugin projectmanager
2025-09-16 11:46:52,365 [INFO] PluginManage:359 - Loaded plugin projectmanager (category:projectmanager,tabindex:4)
2025-09-16 11:46:52,366 [INFO] PluginManage:310 - Check plugin rif
2025-09-16 11:46:52,395 [INFO] PluginManage:359 - Loaded plugin rif (category:base,tabindex:3)
2025-09-16 11:46:52,395 [INFO] PluginManage:310 - Check plugin thirdparty
2025-09-16 11:46:52,863 [INFO] PluginManage:359 - Loaded plugin thirdparty (category:base,tabindex:-1)
2025-09-16 11:46:52,863 [WARN] IntegrityCheckThread:84 - waiting for thirdparty lock release [integrity check]
2025-09-16 11:46:52,864 [INFO] PluginManage:310 - Check plugin tools
2025-09-16 11:46:52,864 [INFO] IntegrityCheckThread:86 - entering critical section [integrity check]
2025-09-16 11:46:52,864 [INFO] ThirdPartyUpdaterWithRetryManager:70 - Updater plugin not ready yet. [1/15]
2025-09-16 11:46:52,934 [INFO] PluginManage:359 - Loaded plugin tools (category:base,tabindex:7)
2025-09-16 11:46:52,934 [INFO] PluginManage:310 - Check plugin tutovideos
2025-09-16 11:46:53,145 [INFO] PluginManage:359 - Loaded plugin tutovideos (category:base,tabindex:-1)
2025-09-16 11:46:53,145 [INFO] PluginManage:310 - Check plugin updater
2025-09-16 11:46:53,166 [INFO] PluginManage:359 - Loaded plugin updater (category:base,tabindex:12)
2025-09-16 11:46:53,166 [INFO] PluginManage:310 - Check plugin userauth
2025-09-16 11:46:53,169 [INFO] UserAuth:118 - Init User Auth plugin
2025-09-16 11:46:53,170 [INFO] PluginManage:359 - Loaded plugin userauth (category:base,tabindex:14)
2025-09-16 11:46:53,170 [INFO] PluginManage:283 - PluginManage : Loaded plugins [18]
2025-09-16 11:46:53,734 [INFO] PinOutPanel:1589 - setPackage(No Configuration,No Configuration)
2025-09-16 11:46:53,853 [INFO] CADModel:165 - CPN selected for project level
2025-09-16 11:46:53,853 [INFO] CADModel:114 - Register for checkConnection events
2025-09-16 11:46:53,898 [INFO] IPUIPlugin:80 - create IPUIPlugin
2025-09-16 11:46:53,898 [INFO] PluginManager:220 - loadIPPluginJar : add adc
2025-09-16 11:46:53,945 [INFO] IPUIPlugin:80 - create IPUIPlugin
2025-09-16 11:46:53,945 [INFO] PluginManager:220 - loadIPPluginJar : add aes
2025-09-16 11:46:53,993 [INFO] IPUIPlugin:80 - create IPUIPlugin
2025-09-16 11:46:53,993 [INFO] PluginManager:220 - loadIPPluginJar : add can
2025-09-16 11:46:54,025 [INFO] IPUIPlugin:80 - create IPUIPlugin
2025-09-16 11:46:54,025 [INFO] PluginManager:220 - loadIPPluginJar : add comp
2025-09-16 11:46:54,063 [INFO] IPUIPlugin:80 - create IPUIPlugin
2025-09-16 11:46:54,063 [INFO] PluginManager:220 - loadIPPluginJar : add cryp
2025-09-16 11:46:54,234 [INFO] IPUIPlugin:80 - create IPUIPlugin
2025-09-16 11:46:54,235 [INFO] PluginManager:220 - loadIPPluginJar : add ddr_ctrl_phy
2025-09-16 11:46:54,293 [INFO] IPUIPlugin:80 - create IPUIPlugin
2025-09-16 11:46:54,293 [INFO] PluginManager:220 - loadIPPluginJar : add dfsdm
2025-09-16 11:46:54,309 [INFO] IPUIPlugin:80 - create IPUIPlugin
2025-09-16 11:46:54,309 [INFO] PluginManager:220 - loadIPPluginJar : add dma
2025-09-16 11:46:54,360 [INFO] IPUIPlugin:80 - create IPUIPlugin
2025-09-16 11:46:54,360 [INFO] PluginManager:220 - loadIPPluginJar : add dma3
2025-09-16 11:46:54,416 [INFO] IPUIPlugin:80 - create IPUIPlugin
2025-09-16 11:46:54,416 [INFO] PluginManager:220 - loadIPPluginJar : add extmemmanager
2025-09-16 11:46:54,444 [INFO] IPUIPlugin:80 - create IPUIPlugin
2025-09-16 11:46:54,444 [INFO] PluginManager:220 - loadIPPluginJar : add fatfs
2025-09-16 11:46:54,505 [INFO] IPUIPlugin:80 - create IPUIPlugin
2025-09-16 11:46:54,505 [INFO] PluginManager:220 - loadIPPluginJar : add fmc
2025-09-16 11:46:54,522 [INFO] IPUIPlugin:80 - create IPUIPlugin
2025-09-16 11:46:54,522 [INFO] PluginManager:220 - loadIPPluginJar : add freertos
2025-09-16 11:46:54,547 [INFO] IPUIPlugin:80 - create IPUIPlugin
2025-09-16 11:46:54,547 [INFO] PluginManager:220 - loadIPPluginJar : add genericplugin
2025-09-16 11:46:54,651 [INFO] IPUIPlugin:80 - create IPUIPlugin
2025-09-16 11:46:54,651 [INFO] PluginManager:220 - loadIPPluginJar : add gfxmmu
2025-09-16 11:46:54,889 [INFO] IPUIPlugin:80 - create IPUIPlugin
2025-09-16 11:46:54,889 [INFO] PluginManager:220 - loadIPPluginJar : add gic
2025-09-16 11:46:54,915 [INFO] IPUIPlugin:80 - create IPUIPlugin
2025-09-16 11:46:54,916 [INFO] PluginManager:220 - loadIPPluginJar : add gpio
2025-09-16 11:46:55,025 [INFO] IPUIPlugin:80 - create IPUIPlugin
2025-09-16 11:46:55,025 [INFO] PluginManager:220 - loadIPPluginJar : add gtzc
2025-09-16 11:46:55,061 [INFO] IPUIPlugin:80 - create IPUIPlugin
2025-09-16 11:46:55,061 [INFO] PluginManager:220 - loadIPPluginJar : add hash
2025-09-16 11:46:55,119 [INFO] IPUIPlugin:80 - create IPUIPlugin
2025-09-16 11:46:55,119 [INFO] PluginManager:220 - loadIPPluginJar : add i2c
2025-09-16 11:46:55,160 [INFO] IPUIPlugin:80 - create IPUIPlugin
2025-09-16 11:46:55,160 [INFO] PluginManager:220 - loadIPPluginJar : add i2s
2025-09-16 11:46:55,204 [INFO] IPUIPlugin:80 - create IPUIPlugin
2025-09-16 11:46:55,204 [INFO] PluginManager:220 - loadIPPluginJar : add i3c
2025-09-16 11:46:55,305 [INFO] IPUIPlugin:80 - create IPUIPlugin
2025-09-16 11:46:55,305 [INFO] PluginManager:220 - loadIPPluginJar : add ipddr
2025-09-16 11:46:55,412 [INFO] IPUIPlugin:80 - create IPUIPlugin
2025-09-16 11:46:55,412 [INFO] PluginManager:220 - loadIPPluginJar : add linkedlist
2025-09-16 11:46:55,452 [INFO] IPUIPlugin:80 - create IPUIPlugin
2025-09-16 11:46:55,452 [INFO] PluginManager:220 - loadIPPluginJar : add lorawan
2025-09-16 11:46:55,492 [INFO] IPUIPlugin:80 - create IPUIPlugin
2025-09-16 11:46:55,492 [INFO] PluginManager:220 - loadIPPluginJar : add ltdc
2025-09-16 11:46:55,505 [INFO] IPUIPlugin:80 - create IPUIPlugin
2025-09-16 11:46:55,506 [INFO] PluginManager:220 - loadIPPluginJar : add mdma
2025-09-16 11:46:55,519 [INFO] IPUIPlugin:80 - create IPUIPlugin
2025-09-16 11:46:55,519 [INFO] PluginManager:220 - loadIPPluginJar : add nvic
2025-09-16 11:46:55,560 [INFO] IPUIPlugin:80 - create IPUIPlugin
2025-09-16 11:46:55,560 [INFO] PluginManager:220 - loadIPPluginJar : add opamp
2025-09-16 11:46:55,626 [INFO] IPUIPlugin:80 - create IPUIPlugin
2025-09-16 11:46:55,626 [INFO] PluginManager:220 - loadIPPluginJar : add openamp
2025-09-16 11:46:55,673 [INFO] IPUIPlugin:80 - create IPUIPlugin
2025-09-16 11:46:55,673 [INFO] PluginManager:220 - loadIPPluginJar : add pdm2pcm
2025-09-16 11:46:55,687 [INFO] IPUIPlugin:80 - create IPUIPlugin
2025-09-16 11:46:55,688 [INFO] PluginManager:220 - loadIPPluginJar : add plateformsettings
2025-09-16 11:46:55,713 [INFO] IPUIPlugin:80 - create IPUIPlugin
2025-09-16 11:46:55,713 [INFO] PluginManager:220 - loadIPPluginJar : add quadspi
2025-09-16 11:46:55,741 [INFO] IPUIPlugin:80 - create IPUIPlugin
2025-09-16 11:46:55,742 [INFO] PluginManager:220 - loadIPPluginJar : add radio
2025-09-16 11:46:55,755 [INFO] IPUIPlugin:80 - create IPUIPlugin
2025-09-16 11:46:55,755 [INFO] PluginManager:220 - loadIPPluginJar : add resmgrutility
2025-09-16 11:46:55,804 [INFO] IPUIPlugin:80 - create IPUIPlugin
2025-09-16 11:46:55,804 [INFO] PluginManager:220 - loadIPPluginJar : add sai
2025-09-16 11:46:55,847 [INFO] IPUIPlugin:80 - create IPUIPlugin
2025-09-16 11:46:55,847 [INFO] PluginManager:220 - loadIPPluginJar : add spi
2025-09-16 11:46:55,865 [INFO] ThirdPartyUpdaterWithRetryManager:70 - Updater plugin not ready yet. [2/15]
2025-09-16 11:46:55,928 [INFO] IPUIPlugin:80 - create IPUIPlugin
2025-09-16 11:46:55,928 [INFO] PluginManager:220 - loadIPPluginJar : add stm32_wpan
2025-09-16 11:46:56,076 [INFO] IPUIPlugin:80 - create IPUIPlugin
2025-09-16 11:46:56,077 [INFO] PluginManager:220 - loadIPPluginJar : add tim
2025-09-16 11:46:56,179 [INFO] IPUIPlugin:80 - create IPUIPlugin
2025-09-16 11:46:56,179 [INFO] PluginManager:220 - loadIPPluginJar : add touchsensing
2025-09-16 11:46:56,218 [INFO] IPUIPlugin:80 - create IPUIPlugin
2025-09-16 11:46:56,218 [INFO] PluginManager:220 - loadIPPluginJar : add tracer_emb
2025-09-16 11:46:56,260 [INFO] IPUIPlugin:80 - create IPUIPlugin
2025-09-16 11:46:56,260 [INFO] PluginManager:220 - loadIPPluginJar : add ts
2025-09-16 11:46:56,287 [INFO] IPUIPlugin:80 - create IPUIPlugin
2025-09-16 11:46:56,287 [INFO] PluginManager:220 - loadIPPluginJar : add tsc
2025-09-16 11:46:56,312 [INFO] IPUIPlugin:80 - create IPUIPlugin
2025-09-16 11:46:56,312 [INFO] PluginManager:220 - loadIPPluginJar : add ucpd
2025-09-16 11:46:56,361 [INFO] IPUIPlugin:80 - create IPUIPlugin
2025-09-16 11:46:56,361 [INFO] PluginManager:220 - loadIPPluginJar : add usart
2025-09-16 11:46:56,413 [INFO] IPUIPlugin:80 - create IPUIPlugin
2025-09-16 11:46:56,413 [INFO] PluginManager:220 - loadIPPluginJar : add usbx
2025-09-16 11:46:56,535 [FATAL] Updater:351 - Updater called before beeing initialized
2025-09-16 11:46:56,560 [INFO] RulesReader:64 - Compatibility file has been processed (317 Rules)
2025-09-16 11:46:56,573 [INFO] RulesReader:64 - Compatibility file has been processed (317 Rules)
2025-09-16 11:46:56,580 [INFO] CADModel:165 - CPN selected for project level
2025-09-16 11:46:56,580 [INFO] CADModel:114 - Register for checkConnection events
2025-09-16 11:46:56,581 [FATAL] Updater:351 - Updater called before beeing initialized
2025-09-16 11:46:56,581 [ERROR] CADModel:125 - Updater not yet initialized, retry later 
2025-09-16 11:46:56,994 [FATAL] Updater:351 - Updater called before beeing initialized
2025-09-16 11:46:56,997 [INFO] CADModel:165 - CPN selected for project level
2025-09-16 11:46:56,997 [INFO] CADModel:114 - Register for checkConnection events
2025-09-16 11:46:56,997 [FATAL] Updater:351 - Updater called before beeing initialized
2025-09-16 11:46:56,997 [ERROR] CADModel:125 - Updater not yet initialized, retry later 
2025-09-16 11:46:57,000 [FATAL] Updater:351 - Updater called before beeing initialized
2025-09-16 11:46:57,140 [FATAL] Updater:351 - Updater called before beeing initialized
2025-09-16 11:46:57,151 [INFO] DbMcusAds:53 - JSON generation date=Tue Jul 08 15:14:23 ICT 2025 (1751962463582)
2025-09-16 11:46:57,151 [FATAL] Updater:351 - Updater called before beeing initialized
2025-09-16 11:46:57,183 [WARN] DetailPanel:346 - Failed to get advertising image, set to default
2025-09-16 11:46:57,264 [FATAL] Updater:351 - Updater called before beeing initialized
2025-09-16 11:46:57,265 [FATAL] Updater:351 - Updater called before beeing initialized
2025-09-16 11:46:57,265 [FATAL] Updater:351 - Updater called before beeing initialized
2025-09-16 11:46:57,265 [WARN] DetailPanel:346 - Failed to get advertising image, set to default
2025-09-16 11:46:57,266 [FATAL] Updater:351 - Updater called before beeing initialized
2025-09-16 11:46:57,323 [ERROR] Updater:1198 - MainUpdater not yet initialized. External WinMGr cannot be set.
2025-09-16 11:46:57,344 [INFO] Updater:1134 - Updater Version found : 6.15.0
2025-09-16 11:46:57,357 [INFO] ApplicationProperties:184 - Using Application install path: C:\ST\STM32CubeIDE_1.19.0\STM32CubeIDE\plugins\com.st.stm32cube.common.mx_6.15.0.202507011659
2025-09-16 11:46:58,867 [INFO] ThirdPartyUpdaterWithRetryManager:70 - Updater plugin not ready yet. [3/15]
2025-09-16 11:46:58,934 [ERROR] LogOutputStream:75 - [STDERR_REDIRECT] Sep 16, 2025 11:46:58 AM java.util.prefs.WindowsPreferences <init>
2025-09-16 11:46:58,936 [ERROR] LogOutputStream:75 - [STDERR_REDIRECT] WARNING: Could not open/create prefs root node Software\JavaSoft\Prefs at root 0xffffffff80000002. Windows RegCreateKeyEx(...) returned error code 5.
2025-09-16 11:46:58,936 [ERROR] LogOutputStream:75 - [STDERR_REDIRECT] 
2025-09-16 11:46:59,477 [INFO] MainUpdater:2872 - connection check result : 10
2025-09-16 11:46:59,477 [INFO] MainUpdater:3604 - Updater definition file requires update
2025-09-16 11:46:59,478 [INFO] MainUpdater:289 - Updater Check For Update Now.
2025-09-16 11:46:59,478 [INFO] MicroXplorer:498 - Change Database Version : DB.6.0.150
2025-09-16 11:46:59,502 [INFO] McuFinderGlobals:63 - Set McuFinder mode to 2 (CubeIDE integrated)
2025-09-16 11:46:59,511 [INFO] UserAuth:487 - Internet connection configuration mode: 1
2025-09-16 11:46:59,538 [INFO] JxBrowserEngine:152 - Initiate JxBrowser Engine with user profile folder
2025-09-16 11:46:59,717 [INFO] ServerAccessManage:452 - Complete download http(s) 200
2025-09-16 11:46:59,718 [INFO] ServerAccessManage:509 - Download File updaters.zip
2025-09-16 11:46:59,937 [INFO] FileExtend:248 - Unzip File : updaters.zip
2025-09-16 11:46:59,937 [INFO] FileExtend:263 - Standard Zip Deflate
2025-09-16 11:47:00,649 [INFO] ServerAccessManage:452 - Complete download http(s) 200
2025-09-16 11:47:00,650 [INFO] ServerAccessManage:509 - Download File PacksControlFlags.xml
2025-09-16 11:47:00,838 [INFO] ServerAccessManage:452 - Complete download http(s) 200
2025-09-16 11:47:00,839 [INFO] ServerAccessManage:509 - Download File cubemx.pidx
2025-09-16 11:47:01,868 [WARN] MainUpdater:1193 - Updater busy. Cannot search thirdparties
2025-09-16 11:47:01,868 [INFO] ThirdPartyUpdaterWithRetryManager:96 - Updater plugin is busy. [1/15]
2025-09-16 11:47:02,016 [INFO] WebApp:169 - Instantiating new browser for Auth
2025-09-16 11:47:03,412 [INFO] WebApp:463 - Apply proxy settings
2025-09-16 11:47:03,413 [INFO] WebApp:548 - Chromium requires no authentication
2025-09-16 11:47:03,481 [INFO] WebApp:491 - Direct internet connection detected
2025-09-16 11:47:03,588 [INFO] WebApp:900 - Register for checkConnection events
2025-09-16 11:47:03,588 [INFO] WebApp:463 - Apply proxy settings
2025-09-16 11:47:03,588 [INFO] WebApp:548 - Chromium requires no authentication
2025-09-16 11:47:03,589 [INFO] WebApp:491 - Direct internet connection detected
2025-09-16 11:47:03,927 [INFO] WebApp:225 - Starting web application
2025-09-16 11:47:03,927 [INFO] WebApp:593 - Web application path used C:\ST\STM32CubeIDE_1.19.0\STM32CubeIDE\plugins\com.st.stm32cube.common.mx_6.15.0.202507011659\db\plugins\mcufinder\reactClient1\index.html
2025-09-16 11:47:04,158 [INFO] UserAuth:487 - Internet connection configuration mode: 1
2025-09-16 11:47:04,181 [INFO] WebApp:191 - Connection restablished
2025-09-16 11:47:04,870 [WARN] MainUpdater:1193 - Updater busy. Cannot search thirdparties
2025-09-16 11:47:04,870 [INFO] ThirdPartyUpdaterWithRetryManager:96 - Updater plugin is busy. [2/15]
2025-09-16 11:47:05,275 [ERROR] ServerAccessManage:1295 - Problem during Server Connection :  IO error PKIX path building failed: sun.security.provider.certpath.SunCertPathBuilderException: unable to find valid certification path to requested target
2025-09-16 11:47:05,275 [ERROR] ServerAccessManage:740 - Problem during Server Connection :  : Avnet-IotConnect.X-CUBE-IoTC-DA16k-PMOD.pdsc.
2025-09-16 11:47:05,342 [INFO] LoadServerUpdatesThread:375 - End of LoadServerUpdate Thread
2025-09-16 11:47:05,548 [INFO] CheckServerUpdateThread:120 - End of CheckServer Thread
2025-09-16 11:47:08,105 [WARN] PackLoader:240 - Cannot read IP mode file for STMicroelectronics.FP-SNS-MOTENVWB1.1.4.0
2025-09-16 11:47:08,115 [WARN] PackLoader:240 - Cannot read IP mode file for STMicroelectronics.FP-ATR-ASTRA1.2.0.2
2025-09-16 11:47:08,134 [WARN] PackLoader:240 - Cannot read IP mode file for STMicroelectronics.X-CUBE-SMBUS.2.1.0
2025-09-16 11:47:08,152 [WARN] PackLoader:240 - Cannot read IP mode file for STMicroelectronics.X-CUBE-ST60.1.0.0
2025-09-16 11:47:08,216 [WARN] PackLoader:240 - Cannot read IP mode file for STMicroelectronics.X-CUBE-AZRTOS-F7.1.1.0
2025-09-16 11:47:08,260 [WARN] PackLoader:240 - Cannot read IP mode file for Infineon.AIROC-Wi-Fi-Bluetooth-STM32.1.7.1
2025-09-16 11:47:08,300 [WARN] PackLoader:240 - Cannot read IP mode file for STMicroelectronics.X-CUBE-DISPLAY.3.0.0
2025-09-16 11:47:08,330 [WARN] PackLoader:240 - Cannot read IP mode file for STMicroelectronics.X-CUBE-NFC10.1.0.0
2025-09-16 11:47:08,351 [WARN] PackLoader:240 - Cannot read IP mode file for emotas.I-CUBE-CANOPEN.1.3.0
2025-09-16 11:47:08,370 [WARN] PackLoader:240 - Cannot read IP mode file for STMicroelectronics.FP-SNS-STBOX1.2.1.0
2025-09-16 11:47:08,389 [WARN] PackLoader:240 - Cannot read IP mode file for STMicroelectronics.FP-SNS-SMARTAG2.1.2.0
2025-09-16 11:47:08,395 [WARN] PackLoader:240 - Cannot read IP mode file for STMicroelectronics.FP-SNS-FLIGHT1.5.1.0
2025-09-16 11:47:08,420 [INFO] LogOutputStream:77 - [STDOUT_REDIRECT] 1 : Invalid condition id : UX_CORESTACK_Condition cause : null
2025-09-16 11:47:08,420 [INFO] LogOutputStream:77 - [STDOUT_REDIRECT] 1 : Invalid condition id : UX_CORESTACK_Condition cause : null
2025-09-16 11:47:08,422 [INFO] LogOutputStream:77 - [STDOUT_REDIRECT] 1 : Invalid condition id : UX_CORESTACK_Condition cause : null
2025-09-16 11:47:08,424 [INFO] LogOutputStream:77 - [STDOUT_REDIRECT] 1 : Invalid condition id : UX_CORESTACK_Condition cause : null
2025-09-16 11:47:08,424 [INFO] LogOutputStream:77 - [STDOUT_REDIRECT] 1 : Invalid condition id : UX_CORESTACK_Condition cause : null
2025-09-16 11:47:08,427 [WARN] PackLoader:240 - Cannot read IP mode file for STMicroelectronics.X-CUBE-AZRTOS-WL.2.0.0
2025-09-16 11:47:08,448 [WARN] PackLoader:240 - Cannot read IP mode file for STMicroelectronics.FP-SNS-MOTENV1.5.0.0
2025-09-16 11:47:08,466 [WARN] PackLoader:240 - Cannot read IP mode file for WES.I-CUBE-Cesium.1.3.0
2025-09-16 11:47:08,481 [WARN] PackLoader:240 - Cannot read IP mode file for STMicroelectronics.X-CUBE-BLE2.3.3.0
2025-09-16 11:47:08,499 [WARN] PackLoader:240 - Cannot read IP mode file for STMicroelectronics.X-CUBE-NFC9.1.0.0
2025-09-16 11:47:08,522 [WARN] PackLoader:240 - Cannot read IP mode file for STMicroelectronics.X-CUBE-BLE1.7.1.0
2025-09-16 11:47:08,530 [WARN] PackLoader:240 - Cannot read IP mode file for wolfSSL.I-CUBE-wolfMQTT.1.19.2
2025-09-16 11:47:08,548 [WARN] PackLoader:240 - Cannot read IP mode file for STMicroelectronics.X-CUBE-AI.10.1.0
2025-09-16 11:47:08,577 [WARN] PackLoader:240 - Cannot read IP mode file for STMicroelectronics.X-CUBE-AZRTOS-G0.1.1.0
2025-09-16 11:47:08,597 [WARN] PackLoader:240 - Cannot read IP mode file for STMicroelectronics.X-CUBE-SAFEA1.1.2.2
2025-09-16 11:47:08,613 [WARN] PackLoader:240 - Cannot read IP mode file for STMicroelectronics.X-CUBE-NFC4.3.0.0
2025-09-16 11:47:08,629 [WARN] PackLoader:240 - Cannot read IP mode file for EmbeddedOffice.I-CUBE-FS-RTOS.1.0.1
2025-09-16 11:47:08,644 [WARN] PackLoader:240 - Cannot read IP mode file for STMicroelectronics.X-CUBE-WB05N.2.0.0
2025-09-16 11:47:08,648 [WARN] PackLoader:240 - Cannot read IP mode file for wolfSSL.I-CUBE-wolfTPM.3.8.0
2025-09-16 11:47:08,661 [WARN] PackLoader:240 - Cannot read IP mode file for STMicroelectronics.X-CUBE-TCPP.4.2.0
2025-09-16 11:47:08,676 [WARN] PackLoader:240 - Cannot read IP mode file for RealThread.X-CUBE-RT-Thread_Nano.4.1.1
2025-09-16 11:47:08,680 [WARN] PackLoader:240 - Cannot read IP mode file for STMicroelectronics.FP-ATR-SIGFOX1.3.2.0
2025-09-16 11:47:08,697 [WARN] PackLoader:240 - Cannot read IP mode file for ITTIA_DB.I-CUBE-ITTIADB.8.9.0
2025-09-16 11:47:08,713 [WARN] PackLoader:240 - Cannot read IP mode file for STMicroelectronics.X-CUBE-ST67W61.1.0.0
2025-09-16 11:47:08,728 [WARN] PackLoader:240 - Cannot read IP mode file for STMicroelectronics.X-CUBE-AI.10.2.0
2025-09-16 11:47:08,764 [WARN] PackLoader:240 - Cannot read IP mode file for SEGGER.I-CUBE-embOS.1.3.1
2025-09-16 11:47:08,816 [WARN] PackLoader:240 - Cannot read IP mode file for STMicroelectronics.X-CUBE-ALGOBUILD.1.4.0
2025-09-16 11:47:08,893 [WARN] PackLoader:240 - Cannot read IP mode file for STMicroelectronics.X-CUBE-MEMS1.11.3.0
2025-09-16 11:47:08,988 [WARN] PackLoader:240 - Cannot read IP mode file for STMicroelectronics.X-CUBE-PM33A1.1.0.0
2025-09-16 11:47:09,016 [WARN] PackLoader:240 - Cannot read IP mode file for STMicroelectronics.X-CUBE-AZRTOS-F4.1.1.0
2025-09-16 11:47:09,034 [WARN] PackLoader:240 - Cannot read IP mode file for STMicroelectronics.X-CUBE-ISPU.2.1.0
2025-09-16 11:47:09,068 [WARN] PackLoader:240 - Cannot read IP mode file for STMicroelectronics.X-CUBE-AZRTOS-L5.2.0.0
2025-09-16 11:47:09,088 [WARN] PackLoader:240 - Cannot read IP mode file for STMicroelectronics.X-CUBE-NFC6.3.1.0
2025-09-16 11:47:09,108 [WARN] PackLoader:240 - Cannot read IP mode file for STMicroelectronics.X-CUBE-FREERTOS.1.3.1
2025-09-16 11:47:09,126 [WARN] PackLoader:240 - Cannot read IP mode file for STMicroelectronics.X-CUBE-DPower.1.3.0
2025-09-16 11:47:09,153 [WARN] ConditionMgr:438 - getConditionDescription Invalid condition id : LAN8742 Phy interface Condition cause : null
2025-09-16 11:47:09,154 [WARN] PackLoader:240 - Cannot read IP mode file for STMicroelectronics.X-CUBE-AZRTOS-L4.2.0.0
2025-09-16 11:47:09,154 [WARN] ConditionMgr:1044 - genDependencies : Invalid condition id : LAN8742 Phy interface Condition cause : null
2025-09-16 11:47:09,155 [WARN] ConditionMgr:1044 - genDependencies : Invalid condition id : LAN8742 Phy interface Condition cause : null
2025-09-16 11:47:09,155 [WARN] ConditionMgr:1044 - genDependencies : Invalid condition id : LAN8742 Phy interface Condition cause : null
2025-09-16 11:47:09,174 [WARN] PackLoader:240 - Cannot read IP mode file for STMicroelectronics.X-CUBE-SFXS2LP1.4.0.0
2025-09-16 11:47:09,200 [WARN] ConditionMgr:438 - getConditionDescription Invalid condition id : UX DEVICE CLASS RTOS Condition cause : null
2025-09-16 11:47:09,200 [WARN] ConditionMgr:438 - getConditionDescription Invalid condition id : UX DEVICE CLASS RTOS Condition cause : null
2025-09-16 11:47:09,202 [WARN] PackLoader:240 - Cannot read IP mode file for STMicroelectronics.X-CUBE-AZRTOS-WB.2.0.0
2025-09-16 11:47:09,202 [WARN] ConditionMgr:1044 - genDependencies : Invalid condition id : UX DEVICE CLASS RTOS Condition cause : null
2025-09-16 11:47:09,202 [WARN] ConditionMgr:1044 - genDependencies : Invalid condition id : UX DEVICE CLASS RTOS Condition cause : null
2025-09-16 11:47:09,203 [WARN] ConditionMgr:1044 - genDependencies : Invalid condition id : UX DEVICE CLASS RTOS Condition cause : null
2025-09-16 11:47:09,203 [WARN] ConditionMgr:1044 - genDependencies : Invalid condition id : UX DEVICE CLASS RTOS Condition cause : null
2025-09-16 11:47:09,203 [WARN] ConditionMgr:1044 - genDependencies : Invalid condition id : UX DEVICE CLASS RTOS Condition cause : null
2025-09-16 11:47:09,219 [WARN] PackLoader:240 - Cannot read IP mode file for STMicroelectronics.X-CUBE-GNSS1.7.0.1
2025-09-16 11:47:09,235 [WARN] PackLoader:240 - Cannot read IP mode file for STMicroelectronics.X-CUBE-TOUCHGFX.4.25.0
2025-09-16 11:47:09,249 [WARN] PackLoader:240 - Cannot read IP mode file for STMicroelectronics.FP-SNS-STBOX1.2.0.0
2025-09-16 11:47:09,255 [WARN] ConditionMgr:438 - getConditionDescription Invalid condition id : Cortex-A Device cause : null
2025-09-16 11:47:09,281 [WARN] ConditionMgr:1044 - genDependencies : Invalid condition id : Cortex-A Device cause : null
2025-09-16 11:47:09,282 [WARN] ConditionMgr:1044 - genDependencies : Invalid condition id : Cortex-A Device cause : null
2025-09-16 11:47:09,282 [WARN] ConditionMgr:1044 - genDependencies : Invalid condition id : Cortex-A Device cause : null
2025-09-16 11:47:09,315 [WARN] PackLoader:240 - Cannot read IP mode file for STMicroelectronics.X-CUBE-SUBG2.5.0.0
2025-09-16 11:47:09,374 [WARN] PackLoader:240 - Cannot read IP mode file for STMicroelectronics.X-CUBE-AZRTOS-H7RS.1.1.0
2025-09-16 11:47:09,381 [WARN] PackLoader:240 - Cannot read IP mode file for Cesanta.I-CUBE-Mongoose.7.13.0
2025-09-16 11:47:09,413 [WARN] PackLoader:240 - Cannot read IP mode file for STMicroelectronics.X-CUBE-AZRTOS-G4.2.0.0
2025-09-16 11:47:09,419 [WARN] PackLoader:240 - Cannot read IP mode file for wolfSSL.I-CUBE-wolfSSH.1.4.20
2025-09-16 11:47:09,434 [WARN] PackLoader:240 - Cannot read IP mode file for STMicroelectronics.X-CUBE-NFC7.2.0.0
2025-09-16 11:47:09,458 [WARN] PackLoader:240 - Cannot read IP mode file for STMicroelectronics.X-CUBE-IPS.3.1.0
2025-09-16 11:47:09,483 [WARN] PackLoader:240 - Cannot read IP mode file for STMicroelectronics.X-CUBE-ALS.1.0.2
2025-09-16 11:47:09,507 [WARN] PackLoader:240 - Cannot read IP mode file for STMicroelectronics.X-CUBE-STSE01.1.0.0
2025-09-16 11:47:09,536 [WARN] PackLoader:240 - Cannot read IP mode file for portGmbH.I-Cube-SoM-uGOAL.1.1.0
2025-09-16 11:47:09,569 [WARN] PackLoader:240 - Cannot read IP mode file for STMicroelectronics.X-CUBE-TOF1.3.4.3
2025-09-16 11:47:09,581 [INFO] ThirdParty:978 - Integrity check success = true
2025-09-16 11:47:09,582 [INFO] IntegrityCheckThread:100 - exiting critical section [integrity check]
2025-09-16 11:47:09,582 [INFO] IntegrityCheckThread:103 - End integrity checks thread
2025-09-16 11:47:17,945 [INFO] WebApp:194 - Connection lost
2025-09-16 11:47:18,328 [INFO] WebApp:191 - Connection restablished
2025-09-16 11:47:58,084 [INFO] McuFinderGlobals:63 - Set McuFinder mode to 2 (CubeIDE integrated)
2025-09-16 11:47:58,114 [INFO] MainUpdater:2872 - connection check result : 10
2025-09-16 11:47:59,399 [INFO] ApiDb:581 - Connected to CubeFinder SQLite database (C:\Users\USERIT\.stmcufinder\plugins\mcufinder\mcu\cube-finder-db.db)
2025-09-16 11:47:59,480 [INFO] ApiDb:668 - CubeFinder database Data Model version=2.1
2025-09-16 11:47:59,480 [INFO] ApiDb:669 - CubeFinder database Configuration version=3.0.39
2025-09-16 11:47:59,481 [INFO] ApiDb:670 - CubeFinder database generation date=2025-08-25 (1756130511)
2025-09-16 11:47:59,481 [INFO] ApiDb:671 - CubeFinder database FW Pack versions=[FP-ATR-ASTRA1_V2.0.0, FP-SNS-FLIGHT1_V5.1.0, FP-SNS-MOTENV1_V5.0.0, FP-SNS-MOTENVWB1_V1.4.0, FP-SNS-SMARTAG2_V1.2.0, FP-SNS-STBOX1_V2.1.0, STM32Cube_FW_C0_V1.4.0, STM32Cube_FW_F4_V1.28.3, STM32Cube_FW_F7_V1.17.4, STM32Cube_FW_G0_V1.6.2, STM32Cube_FW_G4_V1.6.1, STM32Cube_FW_H5_V1.5.0, STM32Cube_FW_H7RS_V1.2.0, STM32Cube_FW_H7_V1.12.1, STM32Cube_FW_L0_V1.12.2, STM32Cube_FW_L4_V1.18.1, STM32Cube_FW_L5_V1.5.1, STM32Cube_FW_N6_V1.2.0, STM32Cube_FW_U0_V1.3.0, STM32Cube_FW_U3_V1.2.0, STM32Cube_FW_U5_V1.8.0, STM32Cube_FW_WB0_V1.3.0, STM32Cube_FW_WBA_V1.7.0, STM32Cube_FW_WB_V1.23.0, STM32Cube_FW_WL3_V1.2.0, STM32Cube_FW_WL_V1.3.1, X-CUBE-ALGOBUILD_V1.4.0, X-CUBE-ALS_V1.0.2, X-CUBE-AZRTOS-F4_V1.1.0, X-CUBE-AZRTOS-F7_V1.1.0, X-CUBE-AZRTOS-G0_V1.1.0, X-CUBE-AZRTOS-G4_V2.0.0, X-CUBE-AZRTOS-H7RS_V1.1.0, X-CUBE-AZRTOS-H7_V3.4.0, X-CUBE-AZRTOS-L4_V2.0.0, X-CUBE-AZRTOS-L5_V2.0.0, X-CUBE-AZRTOS-WB_V2.0.0, X-CUBE-AZRTOS-WL_V2.0.0, X-CUBE-BLE1_V7.1.0, X-CUBE-BLE2_V3.3.0, X-CUBE-BLEMGR_V4.1.0, X-CUBE-EEPRMA1_V5.2.0, X-CUBE-FREERTOS_V1.3.1, X-CUBE-GNSS1_V6.0.0, X-CUBE-MEMS1_V11.3.0, X-CUBE-NFC4_V3.0.0, X-CUBE-NFC7_V2.0.0, X-CUBE-SFXS2LP1_V4.0.0, X-CUBE-ST67W61_V1.0.0, X-CUBE-SUBG2_V5.0.0, X-CUBE-TOF1_V3.4.3]
2025-09-16 11:48:02,644 [INFO] ApiDb:240 - Found 880 in-development CPN: [B-G473E-ZEST1S, B-WB1M-WPAN1, B-WBA5M-WPAN, B-WL5M-SUBG1, NUCLEO-C031C6, NUCLEO-C051C8, NUCLEO-C071RB, NUCLEO-C092RC, NUCLEO-H503RB, NUCLEO-H533RE, NUCLEO-H563ZI, NUCLEO-H7S3L8, NUCLEO-N657X0-Q, NUCLEO-U031R8, NUCLEO-U083RC, NUCLEO-U385RG-Q, NUCLEO-U545RE-Q, NUCLEO-U5A5ZJ-Q, NUCLEO-WB05KZ, NUCLEO-WB07CC, NUCLEO-WB09KE, NUCLEO-WBA52CG, NUCLEO-WBA55CG, NUCLEO-WL33CC1, NUCLEO-WL33CC2, STEVAL-PROTEUS1, STEVAL-SMARTAG2, STEVAL-STWINBX1, STM320518-EVAL, STM32C0116-DK, STM32C011D6Y3TR, STM32C011D6Y6TR, STM32C011F4P3, STM32C011F4P6, STM32C011F4U3, STM32C011F4U6TR, STM32C011F6P3, STM32C011F6P6, STM32C011F6U3, STM32C011F6U6TR, STM32C011J4M3, STM32C011J4M6, STM32C011J6M3, STM32C011J6M6, STM32C0316-DK, STM32C031C4T3, STM32C031C4T6, STM32C031C4U3, STM32C031C4U6, STM32C031C6T3, STM32C031C6T6, STM32C031C6U3, STM32C031C6U6, STM32C031F4P3, STM32C031F4P6, STM32C031F6P3, STM32C031F6P6, STM32C031G4U3, STM32C031G4U6, STM32C031G6U3, STM32C031G6U6, STM32C031K4T3, STM32C031K4T6, STM32C031K4U3, STM32C031K4U6, STM32C031K6T3, STM32C031K6T6, STM32C031K6U3, STM32C031K6U6, STM32C051C6T6, STM32C051C6U6, STM32C051C8T6, STM32C051C8U6, STM32C051D8Y6TR, STM32C051F6P6, STM32C051F8P6, STM32C051G6U6, STM32C051G8U6, STM32C051K6T6, STM32C051K6U6, STM32C051K8T6, STM32C071C8T6, STM32C071C8T6N, STM32C071C8U6, STM32C071C8U6N, STM32C071CBT6, STM32C071CBT6N, STM32C071CBU6, STM32C071CBU6N, STM32C071F8P6, STM32C071F8P6N, STM32C071FBP6, STM32C071FBP6N, STM32C071FBY6TR, STM32C071G8U6, STM32C071G8U6N, STM32C071GBU6, STM32C071GBU6N, STM32C071K8T6, STM32C071K8T6N, STM32C071K8U6, STM32C071K8U6N, STM32C071KBT6, STM32C071KBT6N, STM32C071KBU6, STM32C071KBU6N, STM32C071R8T6, STM32C071R8T6N, STM32C071RBI6N, STM32C071RBT6, STM32C071RBT6N, STM32C091CBT6, STM32C091CBU6, STM32C091CCT6, STM32C091CCU6, STM32C091ECY6TR, STM32C091FBP6, STM32C091FCP6, STM32C091GBU6, STM32C091GCU6, STM32C091KBT6, STM32C091KBU6, STM32C091KCT6, STM32C091KCU6, STM32C091RBT6, STM32C091RCI6, STM32C091RCT6, STM32C092CBT6, STM32C092CBU6, STM32C092CCT6, STM32C092CCU6, STM32C092ECY6TR, STM32C092FBP6, STM32C092FCP6, STM32C092GBU6, STM32C092GCU6, STM32C092KBT6, STM32C092KBU6, STM32C092KCT6, STM32C092KCU6, STM32C092RBT6, STM32C092RCI6, STM32C092RCT6, STM32G071K8TXN, STM32G071K8UXN, STM32G081GBU6N, STM32G081KBT6N, STM32G081KBUXN, STM32G0B1CCT6N, STM32G0B1KCT6, STM32G0B1NEY6TR, STM32G0B1RCT6N, STM32G0C1CCT6, STM32G0C1CCT6N, STM32G0C1CCU6N, STM32G0C1CET6N, STM32G0C1CEU6N, STM32G0C1KCT6, STM32G0C1NEY6TR, STM32G0C1RCI6N, STM32G0C1RCT6N, STM32G0C1REI6N, STM32G0C1RET6N, STM32G0C1VCI6, STM32G0C1VEI6, STM32G411C6T3, STM32G411C6T6, STM32G411C6U3, STM32G411C6U6, STM32G411C8T3, STM32G411C8T6, STM32G411C8U3, STM32G411C8U6, STM32G411CBT3, STM32G411CBT6, STM32G411CBU3, STM32G411CBU6, STM32G411K6T3, STM32G411K6T6, STM32G411K6U3, STM32G411K6U6, STM32G411K8T3, STM32G411K8T6, STM32G411K8U3, STM32G411K8U6, STM32G411KBT3, STM32G411KBT6, STM32G411KBU3, STM32G411KBU6, STM32G411M6T3, STM32G411M6T6, STM32G411M8T3, STM32G411M8T6, STM32G411MBT3, STM32G411MBT6, STM32G411R6T3, STM32G411R6T6, STM32G411R8T3, STM32G411R8T6, STM32G411RBT3, STM32G411RBT6, STM32G414CBT3, STM32G414CBT6, STM32G414CBU3, STM32G414CBU6, STM32G414CCT3, STM32G414CCT6, STM32G414CCU3, STM32G414CCU6, STM32G414MBT3, STM32G414MBT6, STM32G414MCT3, STM32G414MCT6, STM32G414RBT3, STM32G414RBT6, STM32G414RCT3, STM32G414RCT6, STM32G414VBT3, STM32G414VBT6, STM32G414VCT3, STM32G414VCT6, STM32G431CBT3Z, STM32G431RBT3Z, STM32G471CCT6, STM32G471CCU6, STM32G471CET3, STM32G471CET6, STM32G471CEU3, STM32G471CEU6, STM32G471MCT6, STM32G471MET3, STM32G471MET6, STM32G471MEY6TR, STM32G471QCT6, STM32G471QET3, STM32G471RCT6, STM32G471RET3, STM32G471RET6, STM32G471VCH6, STM32G471VCI6, STM32G471VCT6, STM32G471VEH3, STM32G471VEH6, STM32G471VEI3, STM32G471VEI6, STM32G471VET3, STM32G471VET6, STM32G473QET3Z, STM32G473RET3Z, STM32G474CCT6, STM32G491RET3Z, STM32H503CBT6, STM32H503CBU6, STM32H503EBY6TR, STM32H503KBU6, STM32H503RBT6, STM32H523CCT6, STM32H523CCU6, STM32H523CET6, STM32H523CEU6, STM32H523HEY6TR, STM32H523RCT6, STM32H523RET6, STM32H523VCI6, STM32H523VCT6, STM32H523VEI6, STM32H523VET6, STM32H523ZCJ6, STM32H523ZCT6, STM32H523ZEJ6, STM32H523ZET6, STM32H533CET6, STM32H533CEU6, STM32H533HEY6TR, STM32H533RET6, STM32H533VEI6, STM32H533VET6, STM32H533ZEJ6, STM32H533ZET6, STM32H562AGI6, STM32H562AII6, STM32H562IGK6, STM32H562IGT6, STM32H562IIK6, STM32H562IIT6, STM32H562RGT6, STM32H562RGV6, STM32H562RIT6, STM32H562RIV6, STM32H562VGT6, STM32H562VIT6, STM32H562ZGT6, STM32H562ZIT6, STM32H563AGI6, STM32H563AII3Q, STM32H563AII6, STM32H563IGK6, STM32H563IGT6, STM32H563IIK3Q, STM32H563IIK6, STM32H563IIT3Q, STM32H563IIT6, STM32H563MIY3QTR, STM32H563RGT6, STM32H563RGV6, STM32H563RIT6, STM32H563RIV6, STM32H563VGT6, STM32H563VIT3Q, STM32H563VIT6, STM32H563ZGT6, STM32H563ZIT3Q, STM32H563ZIT6, STM32H573AII3Q, STM32H573AII6, STM32H573I-DK, STM32H573IIK3Q, STM32H573IIK6, STM32H573IIT3Q, STM32H573IIT6, STM32H573MIY3QTR, STM32H573RIT6, STM32H573RIV6, STM32H573VIT3Q, STM32H573VIT6, STM32H573ZIT3Q, STM32H573ZIT6, STM32H7R3A8I6, STM32H7R3I8K6, STM32H7R3I8T6, STM32H7R3L8H6, STM32H7R3L8H6H, STM32H7R3R8V6, STM32H7R3V8H6, STM32H7R3V8T6, STM32H7R3V8Y6TR, STM32H7R3Z8J6, STM32H7R3Z8T6, STM32H7R7A8I6, STM32H7R7I8K6, STM32H7R7I8T6, STM32H7R7L8H6, STM32H7R7L8H6H, STM32H7R7Z8J6, STM32H7S3A8I6, STM32H7S3I8K6, STM32H7S3I8T6, STM32H7S3L8H6, STM32H7S3L8H6H, STM32H7S3R8V6, STM32H7S3V8H6, STM32H7S3V8T6, STM32H7S3V8Y6TR, STM32H7S3Z8J6, STM32H7S3Z8T6, STM32H7S78-DK, STM32H7S7A8I6, STM32H7S7I8K6, STM32H7S7I8T6, STM32H7S7L8H6, STM32H7S7L8H6H, STM32H7S7Z8J6, STM32L4R5QGI6STR, STM32MP131AAE3, STM32MP131AAF3, STM32MP131AAG3, STM32MP131CAE3, STM32MP131CAF3, STM32MP131CAG3, STM32MP131DAE7, STM32MP131DAF7, STM32MP131DAG7, STM32MP131FAE7, STM32MP131FAF7, STM32MP131FAG7, STM32MP133AAE3, STM32MP133AAF3, STM32MP133AAG3, STM32MP133CAE3, STM32MP133CAF3, STM32MP133CAG3, STM32MP133DAE7, STM32MP133DAF7, STM32MP133DAG7, STM32MP133FAE7, STM32MP133FAF7, STM32MP133FAG7, STM32MP135AAE3, STM32MP135AAF3, STM32MP135AAG3, STM32MP135CAE3, STM32MP135CAF3, STM32MP135CAG3, STM32MP135DAE7, STM32MP135DAF7, STM32MP135DAG7, STM32MP135F-DK, STM32MP135FAE7, STM32MP135FAF7, STM32MP135FAF7T, STM32MP135FAF7U, STM32MP135FAG7, STM32MP211AAL3, STM32MP211AAM3, STM32MP211AAN3, STM32MP211AAO3, STM32MP211CAL3, STM32MP211CAM3, STM32MP211CAN3, STM32MP211CAO3, STM32MP211DAL3, STM32MP211DAM3, STM32MP211DAN3, STM32MP211DAO3, STM32MP211FAL3, STM32MP211FAM3, STM32MP211FAN3, STM32MP211FAO3, STM32MP213AAL3, STM32MP213AAM3, STM32MP213AAN3, STM32MP213AAO3, STM32MP213CAL3, STM32MP213CAM3, STM32MP213CAN3, STM32MP213CAO3, STM32MP213DAL3, STM32MP213DAM3, STM32MP213DAN3, STM32MP213DAO3, STM32MP213FAL3, STM32MP213FAM3, STM32MP213FAN3, STM32MP213FAO3, STM32MP215AAL3, STM32MP215AAM3, STM32MP215AAN3, STM32MP215AAO3, STM32MP215CAL3, STM32MP215CAM3, STM32MP215CAN3, STM32MP215CAO3, STM32MP215DAL3, STM32MP215DAM3, STM32MP215DAN3, STM32MP215DAO3, STM32MP215F-DK, STM32MP215FAL3, STM32MP215FAM3, STM32MP215FAN3, STM32MP215FAO3, STM32MP231AAJ3, STM32MP231AAK3, STM32MP231AAL3, STM32MP231CAJ3, STM32MP231CAK3, STM32MP231CAL3, STM32MP231DAJ3, STM32MP231DAK3, STM32MP231DAL3, STM32MP231FAJ3, STM32MP231FAK3, STM32MP231FAL3, STM32MP233AAJ3, STM32MP233AAK3, STM32MP233AAL3, STM32MP233CAJ3, STM32MP233CAK3, STM32MP233CAL3, STM32MP233DAJ3, STM32MP233DAK3, STM32MP233DAL3, STM32MP233FAJ3, STM32MP233FAK3, STM32MP233FAL3, STM32MP235AAJ3, STM32MP235AAK3, STM32MP235AAL3, STM32MP235CAJ3, STM32MP235CAK3, STM32MP235CAL3, STM32MP235DAJ3, STM32MP235DAK3, STM32MP235DAL3, STM32MP235FAJ3, STM32MP235FAK3, STM32MP235FAL3, STM32MP251AAI3, STM32MP251AAK3, STM32MP251AAL3, STM32MP251CAI3, STM32MP251CAK3, STM32MP251CAL3, STM32MP251DAI3, STM32MP251DAK3, STM32MP251DAL3, STM32MP251FAI3, STM32MP251FAK3, STM32MP251FAL3, STM32MP253AAI3, STM32MP253AAK3, STM32MP253AAL3, STM32MP253CAI3, STM32MP253CAK3, STM32MP253CAL3, STM32MP253DAI3, STM32MP253DAK3, STM32MP253DAL3, STM32MP253FAI3, STM32MP253FAK3, STM32MP253FAL3, STM32MP255AAI3, STM32MP255AAK3, STM32MP255AAL3, STM32MP255CAI3, STM32MP255CAK3, STM32MP255CAL3, STM32MP255DAI3, STM32MP255DAK3, STM32MP255DAL3, STM32MP255FAI3, STM32MP255FAK3, STM32MP255FAL3, STM32MP257AAI3, STM32MP257AAK3, STM32MP257AAL3, STM32MP257CAI3, STM32MP257CAK3, STM32MP257CAL3, STM32MP257DAI3, STM32MP257DAK3, STM32MP257DAL3, STM32MP257F-DK, STM32MP257F-EV1, STM32MP257FAI3, STM32MP257FAK3, STM32MP257FAL3, STM32N645A0H3Q, STM32N645B0H3Q, STM32N645I0H3Q, STM32N645L0H3Q, STM32N645X0H3Q, STM32N645Z0H3Q, STM32N647A0H3Q, STM32N647B0H3Q, STM32N647I0H3Q, STM32N647L0H3Q, STM32N647X0H3Q, STM32N647Z0H3Q, STM32N655A0H3Q, STM32N655B0H3Q, STM32N655I0H3Q, STM32N655L0H3Q, STM32N655X0H3Q, STM32N655Z0H3Q, STM32N6570-DK, STM32N657A0H3Q, STM32N657B0H3Q, STM32N657I0H3Q, STM32N657L0H3Q, STM32N657X0H3Q, STM32N657Z0H3Q, STM32U031C6T6, STM32U031C6U6, STM32U031C8T6, STM32U031C8U6, STM32U031F4P6, STM32U031F6P6, STM32U031F8P6, STM32U031G6Y6TR, STM32U031G8Y6TR, STM32U031K4U6, STM32U031K6U6, STM32U031K8U6, STM32U031R6I6, STM32U031R6T6, STM32U031R8I6, STM32U031R8T6, STM32U073C8T6, STM32U073C8U6, STM32U073CBT6, STM32U073CBU6, STM32U073CCT6, STM32U073CCU6, STM32U073H8Y6TR, STM32U073HBY6TR, STM32U073HCY6TR, STM32U073K8U6, STM32U073KBU6, STM32U073KCU6, STM32U073M8I6, STM32U073M8T6, STM32U073MBI6, STM32U073MBT6, STM32U073MCI6, STM32U073MCT6, STM32U073R8I6, STM32U073R8T6, STM32U073RBI6, STM32U073RBT6, STM32U073RCI6, STM32U073RCT6, STM32U083C-DK, STM32U083CCT6, STM32U083CCU6, STM32U083HCY6TR, STM32U083KCU6, STM32U083MCI6, STM32U083MCT6, STM32U083RCI6, STM32U083RCT6, STM32U375CET6, STM32U375CET6Q, STM32U375CEU6, STM32U375CEU6Q, STM32U375CEY6QTR, STM32U375CGT6, STM32U375CGT6Q, STM32U375CGU6, STM32U375CGU6Q, STM32U375CGY6QTR, STM32U375KEU6, STM32U375KGU6, STM32U375REI6, STM32U375REI6Q, STM32U375RET6, STM32U375RET6Q, STM32U375REY6GTR, STM32U375REY6QTR, STM32U375RGI6, STM32U375RGI6Q, STM32U375RGT6, STM32U375RGT6Q, STM32U375RGY6GTR, STM32U375RGY6QTR, STM32U375VEI6, STM32U375VEI6Q, STM32U375VET6, STM32U375VET6Q, STM32U375VGI6, STM32U375VGI6Q, STM32U375VGT6, STM32U375VGT6Q, STM32U385CGT6, STM32U385CGT6Q, STM32U385CGU6, STM32U385CGU6Q, STM32U385CGY6QTR, STM32U385KGU6, STM32U385RGI6, STM32U385RGI6Q, STM32U385RGT6, STM32U385RGT6Q, STM32U385RGY6GTR, STM32U385RGY6QTR, STM32U385VGI6, STM32U385VGI6Q, STM32U385VGT6, STM32U385VGT6Q, STM32U535CBT6, STM32U535CBT6Q, STM32U535CBU6, STM32U535CBU6Q, STM32U535CCT6, STM32U535CCT6Q, STM32U535CCU6, STM32U535CCU6Q, STM32U535CET6, STM32U535CET6Q, STM32U535CEU6, STM32U535CEU6Q, STM32U535JEY6QTR, STM32U535NCY6QTR, STM32U535NEY6QTR, STM32U535RBI6, STM32U535RBI6Q, STM32U535RBT6, STM32U535RBT6Q, STM32U535RCI6, STM32U535RCI6Q, STM32U535RCT6, STM32U535RCT6Q, STM32U535REI6, STM32U535REI6Q, STM32U535RET6, STM32U535RET6Q, STM32U535VCI6, STM32U535VCI6Q, STM32U535VCT6, STM32U535VCT6Q, STM32U535VEI6, STM32U535VEI6Q, STM32U535VET6, STM32U535VET6Q, STM32U545CET6, STM32U545CET6Q, STM32U545CEU6, STM32U545CEU6Q, STM32U545JEY6QTR, STM32U545NEY6QTR, STM32U545REI6, STM32U545REI6Q, STM32U545RET6, STM32U545RET6Q, STM32U545VEI6, STM32U545VEI6Q, STM32U545VET6, STM32U545VET6Q, STM32U595AIH6, STM32U595AIH6Q, STM32U595AJH6, STM32U595AJH6Q, STM32U595QII6, STM32U595QII6Q, STM32U595QJI6, STM32U595QJI6Q, STM32U595RIT6, STM32U595RIT6Q, STM32U595RJT6, STM32U595RJT6Q, STM32U595VIT6, STM32U595VIT6Q, STM32U595VJT6, STM32U595VJT6Q, STM32U595ZIT6, STM32U595ZIT6Q, STM32U595ZIY6QTR, STM32U595ZJT6, STM32U595ZJT6Q, STM32U595ZJY6QTR, STM32U599BJY6QTR, STM32U599NIH6Q, STM32U599NJH6Q, STM32U599VIT6Q, STM32U599VJT6, STM32U599VJT6Q, STM32U599ZIT6Q, STM32U599ZIY6QTR, STM32U599ZJT6Q, STM32U599ZJY6QTR, STM32U5A5AJH6, STM32U5A5AJH6Q, STM32U5A5QII3Q , STM32U5A5QJI6, STM32U5A5QJI6Q, STM32U5A5RJT6, STM32U5A5RJT6Q, STM32U5A5VJT6, STM32U5A5VJT6Q, STM32U5A5ZJT6, STM32U5A5ZJT6Q, STM32U5A5ZJY6QTR, STM32U5A9BJY6QTR, STM32U5A9J-DK, STM32U5A9NJH6Q, STM32U5A9VJT6Q, STM32U5A9ZJT6Q, STM32U5A9ZJY6QTR, STM32U5F7VIT6, STM32U5F7VIT6Q, STM32U5F7VJT6, STM32U5F7VJT6Q, STM32U5F9BJY6QTR, STM32U5F9NJH6Q, STM32U5F9VIT6Q, STM32U5F9VJT6Q, STM32U5F9ZIJ6QTR, STM32U5F9ZIT6Q, STM32U5F9ZJJ6QTR, STM32U5F9ZJT6Q, STM32U5G7VJT6, STM32U5G7VJT6Q, STM32U5G9BJY6QTR, STM32U5G9J-DK1, STM32U5G9J-DK2, STM32U5G9NJH6Q, STM32U5G9VJT6Q, STM32U5G9ZJJ6QTR, STM32U5G9ZJT6Q, STM32WB05KZV6TR, STM32WB05KZV7TR, STM32WB05TZF6TR, STM32WB05TZF7TR, STM32WB06CCF6TR, STM32WB06CCF7TR, STM32WB06CCV6TR, STM32WB06CCV7TR, STM32WB06KCV6TR, STM32WB06KCV7TR, STM32WB07CCF6TR, STM32WB07CCF7TR, STM32WB07CCV6TR, STM32WB07CCV7TR, STM32WB07KCV6TR, STM32WB07KCV7TR, STM32WB09KEV6TR, STM32WB09KEV7TR, STM32WB09TEF6TR, STM32WB09TEF7TR, STM32WB1MMCH6, STM32WBA50KGU6, STM32WBA50KGU6TR, STM32WBA52CEU6, STM32WBA52CEU6TR, STM32WBA52CEU7, STM32WBA52CEU7TR, STM32WBA52CGU6, STM32WBA52CGU6TR, STM32WBA52CGU6U, STM32WBA52CGU7, STM32WBA52CGU7TR, STM32WBA52KEU6, STM32WBA52KEU6TR, STM32WBA52KGU6, STM32WBA52KGU6TR, STM32WBA54CEU6, STM32WBA54CEU6TR, STM32WBA54CEU7, STM32WBA54CEU7TR, STM32WBA54CGU6, STM32WBA54CGU6TR, STM32WBA54CGU7, STM32WBA54CGU7TR, STM32WBA54KEU6, STM32WBA54KEU6TR, STM32WBA54KEU7, STM32WBA54KEU7TR, STM32WBA54KGU6, STM32WBA54KGU6TR, STM32WBA54KGU7, STM32WBA54KGU7TR, STM32WBA55CEU6, STM32WBA55CEU6TR, STM32WBA55CEU7, STM32WBA55CEU7TR, STM32WBA55CGU6, STM32WBA55CGU6TR, STM32WBA55CGU6U, STM32WBA55CGU7, STM32WBA55CGU7TR, STM32WBA55G-DK1, STM32WBA55HEF6, STM32WBA55HEF7, STM32WBA55HGF6, STM32WBA55HGF7, STM32WBA55UEI6, STM32WBA55UEI6TR, STM32WBA55UEI7, STM32WBA55UEI7TR, STM32WBA55UGI6, STM32WBA55UGI6TR, STM32WBA55UGI7, STM32WBA55UGI7TR, STM32WBA5MMGH6TR, STM32WBA62MGF6, STM32WBA62MIF6, STM32WBA65MGF7, STM32WBA65MIF6, STM32WBA65MIF7, STM32WL30K8V6, STM32WL30KBV6, STM32WL31C8V6, STM32WL31CBV6, STM32WL31K8V6, STM32WL31KBV6, STM32WL33C8V6, STM32WL33C8V6X, STM32WL33CBV6, STM32WL33CBV6X, STM32WL33CCV6, STM32WL33CCV6A, STM32WL33CCV6X, STM32WL33K8V7, STM32WL33K8V7X, STM32WL33KBV7 , STM32WL33KBV7X, STM32WL33KCV7, STM32WL33KCV7X, STM32WL5MOCH6, STM32WL5MOCH6TR]
2025-09-16 11:48:02,647 [INFO] DbMcus:218 - Found 4801 MCUs, 4801 are supported
2025-09-16 11:48:02,659 [INFO] ApiDb:423 - Load user favorites file C:\Users\USERIT/.stm32cubeide/favorites.mcus.txt: 1 item(s)
2025-09-16 11:48:02,659 [INFO] ApiDb:427 - User favorites MCUs=[STM32F767ZIT6]
2025-09-16 11:48:02,659 [INFO] DbMcus:224 - Set 1 / 1 favorites MCUs
2025-09-16 11:48:03,346 [INFO] ApiDb:668 - CubeFinder database Data Model version=2.1
2025-09-16 11:48:03,346 [INFO] ApiDb:669 - CubeFinder database Configuration version=3.0.39
2025-09-16 11:48:03,346 [INFO] ApiDb:670 - CubeFinder database generation date=2025-08-25 (1756130511)
2025-09-16 11:48:03,347 [INFO] ApiDb:671 - CubeFinder database FW Pack versions=[FP-ATR-ASTRA1_V2.0.0, FP-SNS-FLIGHT1_V5.1.0, FP-SNS-MOTENV1_V5.0.0, FP-SNS-MOTENVWB1_V1.4.0, FP-SNS-SMARTAG2_V1.2.0, FP-SNS-STBOX1_V2.1.0, STM32Cube_FW_C0_V1.4.0, STM32Cube_FW_F4_V1.28.3, STM32Cube_FW_F7_V1.17.4, STM32Cube_FW_G0_V1.6.2, STM32Cube_FW_G4_V1.6.1, STM32Cube_FW_H5_V1.5.0, STM32Cube_FW_H7RS_V1.2.0, STM32Cube_FW_H7_V1.12.1, STM32Cube_FW_L0_V1.12.2, STM32Cube_FW_L4_V1.18.1, STM32Cube_FW_L5_V1.5.1, STM32Cube_FW_N6_V1.2.0, STM32Cube_FW_U0_V1.3.0, STM32Cube_FW_U3_V1.2.0, STM32Cube_FW_U5_V1.8.0, STM32Cube_FW_WB0_V1.3.0, STM32Cube_FW_WBA_V1.7.0, STM32Cube_FW_WB_V1.23.0, STM32Cube_FW_WL3_V1.2.0, STM32Cube_FW_WL_V1.3.1, X-CUBE-ALGOBUILD_V1.4.0, X-CUBE-ALS_V1.0.2, X-CUBE-AZRTOS-F4_V1.1.0, X-CUBE-AZRTOS-F7_V1.1.0, X-CUBE-AZRTOS-G0_V1.1.0, X-CUBE-AZRTOS-G4_V2.0.0, X-CUBE-AZRTOS-H7RS_V1.1.0, X-CUBE-AZRTOS-H7_V3.4.0, X-CUBE-AZRTOS-L4_V2.0.0, X-CUBE-AZRTOS-L5_V2.0.0, X-CUBE-AZRTOS-WB_V2.0.0, X-CUBE-AZRTOS-WL_V2.0.0, X-CUBE-BLE1_V7.1.0, X-CUBE-BLE2_V3.3.0, X-CUBE-BLEMGR_V4.1.0, X-CUBE-EEPRMA1_V5.2.0, X-CUBE-FREERTOS_V1.3.1, X-CUBE-GNSS1_V6.0.0, X-CUBE-MEMS1_V11.3.0, X-CUBE-NFC4_V3.0.0, X-CUBE-NFC7_V2.0.0, X-CUBE-SFXS2LP1_V4.0.0, X-CUBE-ST67W61_V1.0.0, X-CUBE-SUBG2_V5.0.0, X-CUBE-TOF1_V3.4.3]
2025-09-16 11:48:03,408 [INFO] DbBoardsSqlite:226 - include board P-NUCLEO-WB55-NUCLEO as a kit item of type 'Nucleo-64'
2025-09-16 11:48:03,408 [INFO] DbBoardsSqlite:226 - include board P-NUCLEO-WB55-USBDONGLE as a kit item of type 'Nucleo USB Dongle'
2025-09-16 11:48:03,409 [INFO] DbBoardsSqlite:226 - include board STEVAL-IDP005V1 as a kit item of type 'Evaluation Board'
2025-09-16 11:48:03,409 [INFO] DbBoardsSqlite:226 - include board STEVAL-IDP005V2 as a kit item of type 'Evaluation Board'
2025-09-16 11:48:03,485 [INFO] ApiDb:240 - Found 880 in-development CPN: [B-G473E-ZEST1S, B-WB1M-WPAN1, B-WBA5M-WPAN, B-WL5M-SUBG1, NUCLEO-C031C6, NUCLEO-C051C8, NUCLEO-C071RB, NUCLEO-C092RC, NUCLEO-H503RB, NUCLEO-H533RE, NUCLEO-H563ZI, NUCLEO-H7S3L8, NUCLEO-N657X0-Q, NUCLEO-U031R8, NUCLEO-U083RC, NUCLEO-U385RG-Q, NUCLEO-U545RE-Q, NUCLEO-U5A5ZJ-Q, NUCLEO-WB05KZ, NUCLEO-WB07CC, NUCLEO-WB09KE, NUCLEO-WBA52CG, NUCLEO-WBA55CG, NUCLEO-WL33CC1, NUCLEO-WL33CC2, STEVAL-PROTEUS1, STEVAL-SMARTAG2, STEVAL-STWINBX1, STM320518-EVAL, STM32C0116-DK, STM32C011D6Y3TR, STM32C011D6Y6TR, STM32C011F4P3, STM32C011F4P6, STM32C011F4U3, STM32C011F4U6TR, STM32C011F6P3, STM32C011F6P6, STM32C011F6U3, STM32C011F6U6TR, STM32C011J4M3, STM32C011J4M6, STM32C011J6M3, STM32C011J6M6, STM32C0316-DK, STM32C031C4T3, STM32C031C4T6, STM32C031C4U3, STM32C031C4U6, STM32C031C6T3, STM32C031C6T6, STM32C031C6U3, STM32C031C6U6, STM32C031F4P3, STM32C031F4P6, STM32C031F6P3, STM32C031F6P6, STM32C031G4U3, STM32C031G4U6, STM32C031G6U3, STM32C031G6U6, STM32C031K4T3, STM32C031K4T6, STM32C031K4U3, STM32C031K4U6, STM32C031K6T3, STM32C031K6T6, STM32C031K6U3, STM32C031K6U6, STM32C051C6T6, STM32C051C6U6, STM32C051C8T6, STM32C051C8U6, STM32C051D8Y6TR, STM32C051F6P6, STM32C051F8P6, STM32C051G6U6, STM32C051G8U6, STM32C051K6T6, STM32C051K6U6, STM32C051K8T6, STM32C071C8T6, STM32C071C8T6N, STM32C071C8U6, STM32C071C8U6N, STM32C071CBT6, STM32C071CBT6N, STM32C071CBU6, STM32C071CBU6N, STM32C071F8P6, STM32C071F8P6N, STM32C071FBP6, STM32C071FBP6N, STM32C071FBY6TR, STM32C071G8U6, STM32C071G8U6N, STM32C071GBU6, STM32C071GBU6N, STM32C071K8T6, STM32C071K8T6N, STM32C071K8U6, STM32C071K8U6N, STM32C071KBT6, STM32C071KBT6N, STM32C071KBU6, STM32C071KBU6N, STM32C071R8T6, STM32C071R8T6N, STM32C071RBI6N, STM32C071RBT6, STM32C071RBT6N, STM32C091CBT6, STM32C091CBU6, STM32C091CCT6, STM32C091CCU6, STM32C091ECY6TR, STM32C091FBP6, STM32C091FCP6, STM32C091GBU6, STM32C091GCU6, STM32C091KBT6, STM32C091KBU6, STM32C091KCT6, STM32C091KCU6, STM32C091RBT6, STM32C091RCI6, STM32C091RCT6, STM32C092CBT6, STM32C092CBU6, STM32C092CCT6, STM32C092CCU6, STM32C092ECY6TR, STM32C092FBP6, STM32C092FCP6, STM32C092GBU6, STM32C092GCU6, STM32C092KBT6, STM32C092KBU6, STM32C092KCT6, STM32C092KCU6, STM32C092RBT6, STM32C092RCI6, STM32C092RCT6, STM32G071K8TXN, STM32G071K8UXN, STM32G081GBU6N, STM32G081KBT6N, STM32G081KBUXN, STM32G0B1CCT6N, STM32G0B1KCT6, STM32G0B1NEY6TR, STM32G0B1RCT6N, STM32G0C1CCT6, STM32G0C1CCT6N, STM32G0C1CCU6N, STM32G0C1CET6N, STM32G0C1CEU6N, STM32G0C1KCT6, STM32G0C1NEY6TR, STM32G0C1RCI6N, STM32G0C1RCT6N, STM32G0C1REI6N, STM32G0C1RET6N, STM32G0C1VCI6, STM32G0C1VEI6, STM32G411C6T3, STM32G411C6T6, STM32G411C6U3, STM32G411C6U6, STM32G411C8T3, STM32G411C8T6, STM32G411C8U3, STM32G411C8U6, STM32G411CBT3, STM32G411CBT6, STM32G411CBU3, STM32G411CBU6, STM32G411K6T3, STM32G411K6T6, STM32G411K6U3, STM32G411K6U6, STM32G411K8T3, STM32G411K8T6, STM32G411K8U3, STM32G411K8U6, STM32G411KBT3, STM32G411KBT6, STM32G411KBU3, STM32G411KBU6, STM32G411M6T3, STM32G411M6T6, STM32G411M8T3, STM32G411M8T6, STM32G411MBT3, STM32G411MBT6, STM32G411R6T3, STM32G411R6T6, STM32G411R8T3, STM32G411R8T6, STM32G411RBT3, STM32G411RBT6, STM32G414CBT3, STM32G414CBT6, STM32G414CBU3, STM32G414CBU6, STM32G414CCT3, STM32G414CCT6, STM32G414CCU3, STM32G414CCU6, STM32G414MBT3, STM32G414MBT6, STM32G414MCT3, STM32G414MCT6, STM32G414RBT3, STM32G414RBT6, STM32G414RCT3, STM32G414RCT6, STM32G414VBT3, STM32G414VBT6, STM32G414VCT3, STM32G414VCT6, STM32G431CBT3Z, STM32G431RBT3Z, STM32G471CCT6, STM32G471CCU6, STM32G471CET3, STM32G471CET6, STM32G471CEU3, STM32G471CEU6, STM32G471MCT6, STM32G471MET3, STM32G471MET6, STM32G471MEY6TR, STM32G471QCT6, STM32G471QET3, STM32G471RCT6, STM32G471RET3, STM32G471RET6, STM32G471VCH6, STM32G471VCI6, STM32G471VCT6, STM32G471VEH3, STM32G471VEH6, STM32G471VEI3, STM32G471VEI6, STM32G471VET3, STM32G471VET6, STM32G473QET3Z, STM32G473RET3Z, STM32G474CCT6, STM32G491RET3Z, STM32H503CBT6, STM32H503CBU6, STM32H503EBY6TR, STM32H503KBU6, STM32H503RBT6, STM32H523CCT6, STM32H523CCU6, STM32H523CET6, STM32H523CEU6, STM32H523HEY6TR, STM32H523RCT6, STM32H523RET6, STM32H523VCI6, STM32H523VCT6, STM32H523VEI6, STM32H523VET6, STM32H523ZCJ6, STM32H523ZCT6, STM32H523ZEJ6, STM32H523ZET6, STM32H533CET6, STM32H533CEU6, STM32H533HEY6TR, STM32H533RET6, STM32H533VEI6, STM32H533VET6, STM32H533ZEJ6, STM32H533ZET6, STM32H562AGI6, STM32H562AII6, STM32H562IGK6, STM32H562IGT6, STM32H562IIK6, STM32H562IIT6, STM32H562RGT6, STM32H562RGV6, STM32H562RIT6, STM32H562RIV6, STM32H562VGT6, STM32H562VIT6, STM32H562ZGT6, STM32H562ZIT6, STM32H563AGI6, STM32H563AII3Q, STM32H563AII6, STM32H563IGK6, STM32H563IGT6, STM32H563IIK3Q, STM32H563IIK6, STM32H563IIT3Q, STM32H563IIT6, STM32H563MIY3QTR, STM32H563RGT6, STM32H563RGV6, STM32H563RIT6, STM32H563RIV6, STM32H563VGT6, STM32H563VIT3Q, STM32H563VIT6, STM32H563ZGT6, STM32H563ZIT3Q, STM32H563ZIT6, STM32H573AII3Q, STM32H573AII6, STM32H573I-DK, STM32H573IIK3Q, STM32H573IIK6, STM32H573IIT3Q, STM32H573IIT6, STM32H573MIY3QTR, STM32H573RIT6, STM32H573RIV6, STM32H573VIT3Q, STM32H573VIT6, STM32H573ZIT3Q, STM32H573ZIT6, STM32H7R3A8I6, STM32H7R3I8K6, STM32H7R3I8T6, STM32H7R3L8H6, STM32H7R3L8H6H, STM32H7R3R8V6, STM32H7R3V8H6, STM32H7R3V8T6, STM32H7R3V8Y6TR, STM32H7R3Z8J6, STM32H7R3Z8T6, STM32H7R7A8I6, STM32H7R7I8K6, STM32H7R7I8T6, STM32H7R7L8H6, STM32H7R7L8H6H, STM32H7R7Z8J6, STM32H7S3A8I6, STM32H7S3I8K6, STM32H7S3I8T6, STM32H7S3L8H6, STM32H7S3L8H6H, STM32H7S3R8V6, STM32H7S3V8H6, STM32H7S3V8T6, STM32H7S3V8Y6TR, STM32H7S3Z8J6, STM32H7S3Z8T6, STM32H7S78-DK, STM32H7S7A8I6, STM32H7S7I8K6, STM32H7S7I8T6, STM32H7S7L8H6, STM32H7S7L8H6H, STM32H7S7Z8J6, STM32L4R5QGI6STR, STM32MP131AAE3, STM32MP131AAF3, STM32MP131AAG3, STM32MP131CAE3, STM32MP131CAF3, STM32MP131CAG3, STM32MP131DAE7, STM32MP131DAF7, STM32MP131DAG7, STM32MP131FAE7, STM32MP131FAF7, STM32MP131FAG7, STM32MP133AAE3, STM32MP133AAF3, STM32MP133AAG3, STM32MP133CAE3, STM32MP133CAF3, STM32MP133CAG3, STM32MP133DAE7, STM32MP133DAF7, STM32MP133DAG7, STM32MP133FAE7, STM32MP133FAF7, STM32MP133FAG7, STM32MP135AAE3, STM32MP135AAF3, STM32MP135AAG3, STM32MP135CAE3, STM32MP135CAF3, STM32MP135CAG3, STM32MP135DAE7, STM32MP135DAF7, STM32MP135DAG7, STM32MP135F-DK, STM32MP135FAE7, STM32MP135FAF7, STM32MP135FAF7T, STM32MP135FAF7U, STM32MP135FAG7, STM32MP211AAL3, STM32MP211AAM3, STM32MP211AAN3, STM32MP211AAO3, STM32MP211CAL3, STM32MP211CAM3, STM32MP211CAN3, STM32MP211CAO3, STM32MP211DAL3, STM32MP211DAM3, STM32MP211DAN3, STM32MP211DAO3, STM32MP211FAL3, STM32MP211FAM3, STM32MP211FAN3, STM32MP211FAO3, STM32MP213AAL3, STM32MP213AAM3, STM32MP213AAN3, STM32MP213AAO3, STM32MP213CAL3, STM32MP213CAM3, STM32MP213CAN3, STM32MP213CAO3, STM32MP213DAL3, STM32MP213DAM3, STM32MP213DAN3, STM32MP213DAO3, STM32MP213FAL3, STM32MP213FAM3, STM32MP213FAN3, STM32MP213FAO3, STM32MP215AAL3, STM32MP215AAM3, STM32MP215AAN3, STM32MP215AAO3, STM32MP215CAL3, STM32MP215CAM3, STM32MP215CAN3, STM32MP215CAO3, STM32MP215DAL3, STM32MP215DAM3, STM32MP215DAN3, STM32MP215DAO3, STM32MP215F-DK, STM32MP215FAL3, STM32MP215FAM3, STM32MP215FAN3, STM32MP215FAO3, STM32MP231AAJ3, STM32MP231AAK3, STM32MP231AAL3, STM32MP231CAJ3, STM32MP231CAK3, STM32MP231CAL3, STM32MP231DAJ3, STM32MP231DAK3, STM32MP231DAL3, STM32MP231FAJ3, STM32MP231FAK3, STM32MP231FAL3, STM32MP233AAJ3, STM32MP233AAK3, STM32MP233AAL3, STM32MP233CAJ3, STM32MP233CAK3, STM32MP233CAL3, STM32MP233DAJ3, STM32MP233DAK3, STM32MP233DAL3, STM32MP233FAJ3, STM32MP233FAK3, STM32MP233FAL3, STM32MP235AAJ3, STM32MP235AAK3, STM32MP235AAL3, STM32MP235CAJ3, STM32MP235CAK3, STM32MP235CAL3, STM32MP235DAJ3, STM32MP235DAK3, STM32MP235DAL3, STM32MP235FAJ3, STM32MP235FAK3, STM32MP235FAL3, STM32MP251AAI3, STM32MP251AAK3, STM32MP251AAL3, STM32MP251CAI3, STM32MP251CAK3, STM32MP251CAL3, STM32MP251DAI3, STM32MP251DAK3, STM32MP251DAL3, STM32MP251FAI3, STM32MP251FAK3, STM32MP251FAL3, STM32MP253AAI3, STM32MP253AAK3, STM32MP253AAL3, STM32MP253CAI3, STM32MP253CAK3, STM32MP253CAL3, STM32MP253DAI3, STM32MP253DAK3, STM32MP253DAL3, STM32MP253FAI3, STM32MP253FAK3, STM32MP253FAL3, STM32MP255AAI3, STM32MP255AAK3, STM32MP255AAL3, STM32MP255CAI3, STM32MP255CAK3, STM32MP255CAL3, STM32MP255DAI3, STM32MP255DAK3, STM32MP255DAL3, STM32MP255FAI3, STM32MP255FAK3, STM32MP255FAL3, STM32MP257AAI3, STM32MP257AAK3, STM32MP257AAL3, STM32MP257CAI3, STM32MP257CAK3, STM32MP257CAL3, STM32MP257DAI3, STM32MP257DAK3, STM32MP257DAL3, STM32MP257F-DK, STM32MP257F-EV1, STM32MP257FAI3, STM32MP257FAK3, STM32MP257FAL3, STM32N645A0H3Q, STM32N645B0H3Q, STM32N645I0H3Q, STM32N645L0H3Q, STM32N645X0H3Q, STM32N645Z0H3Q, STM32N647A0H3Q, STM32N647B0H3Q, STM32N647I0H3Q, STM32N647L0H3Q, STM32N647X0H3Q, STM32N647Z0H3Q, STM32N655A0H3Q, STM32N655B0H3Q, STM32N655I0H3Q, STM32N655L0H3Q, STM32N655X0H3Q, STM32N655Z0H3Q, STM32N6570-DK, STM32N657A0H3Q, STM32N657B0H3Q, STM32N657I0H3Q, STM32N657L0H3Q, STM32N657X0H3Q, STM32N657Z0H3Q, STM32U031C6T6, STM32U031C6U6, STM32U031C8T6, STM32U031C8U6, STM32U031F4P6, STM32U031F6P6, STM32U031F8P6, STM32U031G6Y6TR, STM32U031G8Y6TR, STM32U031K4U6, STM32U031K6U6, STM32U031K8U6, STM32U031R6I6, STM32U031R6T6, STM32U031R8I6, STM32U031R8T6, STM32U073C8T6, STM32U073C8U6, STM32U073CBT6, STM32U073CBU6, STM32U073CCT6, STM32U073CCU6, STM32U073H8Y6TR, STM32U073HBY6TR, STM32U073HCY6TR, STM32U073K8U6, STM32U073KBU6, STM32U073KCU6, STM32U073M8I6, STM32U073M8T6, STM32U073MBI6, STM32U073MBT6, STM32U073MCI6, STM32U073MCT6, STM32U073R8I6, STM32U073R8T6, STM32U073RBI6, STM32U073RBT6, STM32U073RCI6, STM32U073RCT6, STM32U083C-DK, STM32U083CCT6, STM32U083CCU6, STM32U083HCY6TR, STM32U083KCU6, STM32U083MCI6, STM32U083MCT6, STM32U083RCI6, STM32U083RCT6, STM32U375CET6, STM32U375CET6Q, STM32U375CEU6, STM32U375CEU6Q, STM32U375CEY6QTR, STM32U375CGT6, STM32U375CGT6Q, STM32U375CGU6, STM32U375CGU6Q, STM32U375CGY6QTR, STM32U375KEU6, STM32U375KGU6, STM32U375REI6, STM32U375REI6Q, STM32U375RET6, STM32U375RET6Q, STM32U375REY6GTR, STM32U375REY6QTR, STM32U375RGI6, STM32U375RGI6Q, STM32U375RGT6, STM32U375RGT6Q, STM32U375RGY6GTR, STM32U375RGY6QTR, STM32U375VEI6, STM32U375VEI6Q, STM32U375VET6, STM32U375VET6Q, STM32U375VGI6, STM32U375VGI6Q, STM32U375VGT6, STM32U375VGT6Q, STM32U385CGT6, STM32U385CGT6Q, STM32U385CGU6, STM32U385CGU6Q, STM32U385CGY6QTR, STM32U385KGU6, STM32U385RGI6, STM32U385RGI6Q, STM32U385RGT6, STM32U385RGT6Q, STM32U385RGY6GTR, STM32U385RGY6QTR, STM32U385VGI6, STM32U385VGI6Q, STM32U385VGT6, STM32U385VGT6Q, STM32U535CBT6, STM32U535CBT6Q, STM32U535CBU6, STM32U535CBU6Q, STM32U535CCT6, STM32U535CCT6Q, STM32U535CCU6, STM32U535CCU6Q, STM32U535CET6, STM32U535CET6Q, STM32U535CEU6, STM32U535CEU6Q, STM32U535JEY6QTR, STM32U535NCY6QTR, STM32U535NEY6QTR, STM32U535RBI6, STM32U535RBI6Q, STM32U535RBT6, STM32U535RBT6Q, STM32U535RCI6, STM32U535RCI6Q, STM32U535RCT6, STM32U535RCT6Q, STM32U535REI6, STM32U535REI6Q, STM32U535RET6, STM32U535RET6Q, STM32U535VCI6, STM32U535VCI6Q, STM32U535VCT6, STM32U535VCT6Q, STM32U535VEI6, STM32U535VEI6Q, STM32U535VET6, STM32U535VET6Q, STM32U545CET6, STM32U545CET6Q, STM32U545CEU6, STM32U545CEU6Q, STM32U545JEY6QTR, STM32U545NEY6QTR, STM32U545REI6, STM32U545REI6Q, STM32U545RET6, STM32U545RET6Q, STM32U545VEI6, STM32U545VEI6Q, STM32U545VET6, STM32U545VET6Q, STM32U595AIH6, STM32U595AIH6Q, STM32U595AJH6, STM32U595AJH6Q, STM32U595QII6, STM32U595QII6Q, STM32U595QJI6, STM32U595QJI6Q, STM32U595RIT6, STM32U595RIT6Q, STM32U595RJT6, STM32U595RJT6Q, STM32U595VIT6, STM32U595VIT6Q, STM32U595VJT6, STM32U595VJT6Q, STM32U595ZIT6, STM32U595ZIT6Q, STM32U595ZIY6QTR, STM32U595ZJT6, STM32U595ZJT6Q, STM32U595ZJY6QTR, STM32U599BJY6QTR, STM32U599NIH6Q, STM32U599NJH6Q, STM32U599VIT6Q, STM32U599VJT6, STM32U599VJT6Q, STM32U599ZIT6Q, STM32U599ZIY6QTR, STM32U599ZJT6Q, STM32U599ZJY6QTR, STM32U5A5AJH6, STM32U5A5AJH6Q, STM32U5A5QII3Q , STM32U5A5QJI6, STM32U5A5QJI6Q, STM32U5A5RJT6, STM32U5A5RJT6Q, STM32U5A5VJT6, STM32U5A5VJT6Q, STM32U5A5ZJT6, STM32U5A5ZJT6Q, STM32U5A5ZJY6QTR, STM32U5A9BJY6QTR, STM32U5A9J-DK, STM32U5A9NJH6Q, STM32U5A9VJT6Q, STM32U5A9ZJT6Q, STM32U5A9ZJY6QTR, STM32U5F7VIT6, STM32U5F7VIT6Q, STM32U5F7VJT6, STM32U5F7VJT6Q, STM32U5F9BJY6QTR, STM32U5F9NJH6Q, STM32U5F9VIT6Q, STM32U5F9VJT6Q, STM32U5F9ZIJ6QTR, STM32U5F9ZIT6Q, STM32U5F9ZJJ6QTR, STM32U5F9ZJT6Q, STM32U5G7VJT6, STM32U5G7VJT6Q, STM32U5G9BJY6QTR, STM32U5G9J-DK1, STM32U5G9J-DK2, STM32U5G9NJH6Q, STM32U5G9VJT6Q, STM32U5G9ZJJ6QTR, STM32U5G9ZJT6Q, STM32WB05KZV6TR, STM32WB05KZV7TR, STM32WB05TZF6TR, STM32WB05TZF7TR, STM32WB06CCF6TR, STM32WB06CCF7TR, STM32WB06CCV6TR, STM32WB06CCV7TR, STM32WB06KCV6TR, STM32WB06KCV7TR, STM32WB07CCF6TR, STM32WB07CCF7TR, STM32WB07CCV6TR, STM32WB07CCV7TR, STM32WB07KCV6TR, STM32WB07KCV7TR, STM32WB09KEV6TR, STM32WB09KEV7TR, STM32WB09TEF6TR, STM32WB09TEF7TR, STM32WB1MMCH6, STM32WBA50KGU6, STM32WBA50KGU6TR, STM32WBA52CEU6, STM32WBA52CEU6TR, STM32WBA52CEU7, STM32WBA52CEU7TR, STM32WBA52CGU6, STM32WBA52CGU6TR, STM32WBA52CGU6U, STM32WBA52CGU7, STM32WBA52CGU7TR, STM32WBA52KEU6, STM32WBA52KEU6TR, STM32WBA52KGU6, STM32WBA52KGU6TR, STM32WBA54CEU6, STM32WBA54CEU6TR, STM32WBA54CEU7, STM32WBA54CEU7TR, STM32WBA54CGU6, STM32WBA54CGU6TR, STM32WBA54CGU7, STM32WBA54CGU7TR, STM32WBA54KEU6, STM32WBA54KEU6TR, STM32WBA54KEU7, STM32WBA54KEU7TR, STM32WBA54KGU6, STM32WBA54KGU6TR, STM32WBA54KGU7, STM32WBA54KGU7TR, STM32WBA55CEU6, STM32WBA55CEU6TR, STM32WBA55CEU7, STM32WBA55CEU7TR, STM32WBA55CGU6, STM32WBA55CGU6TR, STM32WBA55CGU6U, STM32WBA55CGU7, STM32WBA55CGU7TR, STM32WBA55G-DK1, STM32WBA55HEF6, STM32WBA55HEF7, STM32WBA55HGF6, STM32WBA55HGF7, STM32WBA55UEI6, STM32WBA55UEI6TR, STM32WBA55UEI7, STM32WBA55UEI7TR, STM32WBA55UGI6, STM32WBA55UGI6TR, STM32WBA55UGI7, STM32WBA55UGI7TR, STM32WBA5MMGH6TR, STM32WBA62MGF6, STM32WBA62MIF6, STM32WBA65MGF7, STM32WBA65MIF6, STM32WBA65MIF7, STM32WL30K8V6, STM32WL30KBV6, STM32WL31C8V6, STM32WL31CBV6, STM32WL31K8V6, STM32WL31KBV6, STM32WL33C8V6, STM32WL33C8V6X, STM32WL33CBV6, STM32WL33CBV6X, STM32WL33CCV6, STM32WL33CCV6A, STM32WL33CCV6X, STM32WL33K8V7, STM32WL33K8V7X, STM32WL33KBV7 , STM32WL33KBV7X, STM32WL33KCV7, STM32WL33KCV7X, STM32WL5MOCH6, STM32WL5MOCH6TR]
2025-09-16 11:48:03,818 [INFO] BoardInfo:889 - No configuration file found for board P-NUCLEO-WB55
2025-09-16 11:48:03,820 [INFO] DbBoards:161 - Kit is not supported: P-NUCLEO-WB55
2025-09-16 11:48:03,832 [INFO] BoardInfo:889 - No configuration file found for board STEVAL-BFA001V1B
2025-09-16 11:48:03,835 [INFO] DbBoards:161 - Kit is not supported: STEVAL-BFA001V1B
2025-09-16 11:48:03,838 [INFO] BoardInfo:889 - No configuration file found for board STEVAL-BFA001V2B
2025-09-16 11:48:03,840 [INFO] DbBoards:161 - Kit is not supported: STEVAL-BFA001V2B
2025-09-16 11:48:04,134 [INFO] DbBoards:168 - Found 212 boards, 209 are supported
2025-09-16 11:48:04,134 [INFO] DbBoards:169 - Found 212 boards, 43 of them is supported for  Bsp
2025-09-16 11:48:04,145 [INFO] ApiDb:423 - Load user favorites file C:\Users\USERIT/.stm32cubeide/favorites.boards.txt: 1 item(s)
2025-09-16 11:48:04,146 [INFO] ApiDb:427 - User favorites Boards=[NUCLEO-F767ZI]
2025-09-16 11:48:04,146 [INFO] DbBoards:198 - Set 1 / 1 favorites Boards
2025-09-16 11:48:04,146 [INFO] McuFinderGlobals:76 - Set McuFinderConnectedMode to true
2025-09-16 11:48:04,172 [INFO] MultiScanPanel:200 - Auto-refresh data requested => check proxy status ongoing
2025-09-16 11:48:04,175 [INFO] FinderPluginLoader:96 - Searching for filters in installed packs
2025-09-16 11:48:06,065 [INFO] LoadUrlFilesThread:185 - End of LoadServerUrlFiles without Thread
2025-09-16 11:48:06,231 [INFO] DetailPanel:341 - Set advertising image to C:/Users/USERIT/STM32Cube/Repository/\en.2400x1350px.jpeg
2025-09-16 11:48:15,212 [INFO] MultiScanPanel:200 - Auto-refresh data requested => check proxy status ongoing
2025-09-16 11:48:15,509 [INFO] LoadUrlFilesThread:185 - End of LoadServerUrlFiles without Thread
2025-09-16 11:48:15,509 [INFO] DetailPanel:341 - Set advertising image to C:/Users/USERIT/STM32Cube/Repository/\en.2400x1350px.jpeg
2025-09-16 11:48:15,543 [INFO] DbBoards:642 - Loading board mini-images...
2025-09-16 11:48:21,222 [ERROR] DbBoards:659 - Image file not found for board STM32MP215F-DK: C:\Users\USERIT\.stmcufinder\plugins\mcufinder//mcu//boards_images/STM32MP215F-DK.jpg
2025-09-16 11:48:21,700 [INFO] DbBoards:665 - Loaded 211 board mini-images
2025-09-16 11:49:22,737 [INFO] MainUpdater:2872 - connection check result : 10
2025-09-16 11:49:22,737 [INFO] MainUpdater:2872 - connection check result : 10
2025-09-16 11:49:22,771 [INFO] MicroXplorer:468 - Change Database Path : 
2025-09-16 11:49:22,772 [INFO] MicroXplorer:498 - Change Database Version : DB.6.0.150
2025-09-16 11:49:22,780 [WARN] ThirdParty:871 - waiting for thirdparty lock release [close project]
2025-09-16 11:49:22,780 [INFO] ThirdParty:873 - entering critical section [close project]
2025-09-16 11:49:22,782 [INFO] ThirdParty:883 - exiting critical section [close project]
2025-09-16 11:49:22,785 [INFO] PinOutPanel:1589 - setPackage(No Configuration,No Configuration)
2025-09-16 11:49:22,789 [INFO] UtilMem:75 - Begin LoadConfig() Used Memory: 722880904 Bytes (1029701632)
2025-09-16 11:49:22,796 [INFO] OpenFileManager:355 - Change cursor
2025-09-16 11:49:22,858 [INFO] ProjectFactory:514 - No CPN specified for board NUCLEO-F767ZI => set CPN to STM32F767ZIT6
2025-09-16 11:49:22,859 [INFO] Mcu:2029 - Initializing MCU STM32F767ZITx STM32F767ZITx STM32F767ZIT6
2025-09-16 11:49:25,770 [INFO] Context:786 - Trying to add GPIOservice into a context  which must be forbidden
2025-09-16 11:49:26,579 [INFO] Rule:233 - rule 117617 - U5Cobra4M][GTZC] default value MPCBB3 and MPCBB5 - Not Secured memory - MPCBB1 is applicable
2025-09-16 11:49:26,579 [INFO] Rule:233 - rule 117617 - U5Cobra4M][GTZC] default value MPCBB3 and MPCBB5 - Not Secured memory - MPCBB1 is applicable
2025-09-16 11:49:26,579 [INFO] Rule:233 - rule 117617 - U5Cobra4M][GTZC] default value MPCBB3 and MPCBB5 - Not Secured memory - MPCBB2 is applicable
2025-09-16 11:49:26,579 [INFO] Rule:233 - rule 117617 - U5Cobra4M][GTZC] default value MPCBB3 and MPCBB5 - Not Secured memory - MPCBB2 is applicable
2025-09-16 11:49:26,579 [INFO] Rule:233 - rule 117617 - U5Cobra4M][GTZC] default value MPCBB3 and MPCBB5 - Not Secured memory - MPCBB3 is applicable
2025-09-16 11:49:26,580 [INFO] Rule:233 - rule 117617 - U5Cobra4M][GTZC] default value MPCBB3 and MPCBB5 - Not Secured memory - MPCBB3 is applicable
2025-09-16 11:49:26,580 [INFO] Rule:233 - rule 117617 - U5Cobra4M][GTZC] default value MPCBB3 and MPCBB5 - Not Secured memory - MPCBB4 is applicable
2025-09-16 11:49:26,580 [INFO] Rule:233 - rule 117617 - U5Cobra4M][GTZC] default value MPCBB3 and MPCBB5 - Not Secured memory - MPCBB4 is applicable
2025-09-16 11:49:26,580 [INFO] Rule:233 - rule 117617 - U5Cobra4M][GTZC] default value MPCBB3 and MPCBB5 - Secured memory - MPCBB1 is applicable
2025-09-16 11:49:26,580 [INFO] Rule:233 - rule 117617 - U5Cobra4M][GTZC] default value MPCBB3 and MPCBB5 - Secured memory - MPCBB2 is applicable
2025-09-16 11:49:26,580 [INFO] Rule:233 - rule 117617 - U5Cobra4M][GTZC] default value MPCBB3 and MPCBB5 - Secured memory - MPCBB3 is applicable
2025-09-16 11:49:26,580 [INFO] Rule:233 - rule 117617 - U5Cobra4M][GTZC] default value MPCBB3 and MPCBB5 - Secured memory - MPCBB4 is applicable
2025-09-16 11:49:26,580 [INFO] Rule:233 - rule 117617 - U5Cobra4M][GTZC] default value MPCBB3 and MPCBB5 - Privileged memory - MPCBB1 is applicable
2025-09-16 11:49:26,580 [INFO] Rule:233 - rule 117617 - U5Cobra4M][GTZC] default value MPCBB3 and MPCBB5 - Privileged memory - MPCBB2 is applicable
2025-09-16 11:49:26,580 [INFO] Rule:233 - rule 117617 - U5Cobra4M][GTZC] default value MPCBB3 and MPCBB5 - Privileged memory - MPCBB3 is applicable
2025-09-16 11:49:26,580 [INFO] Rule:233 - rule 117617 - U5Cobra4M][GTZC] default value MPCBB3 and MPCBB5 - Privileged memory - MPCBB4 is applicable
2025-09-16 11:49:26,581 [INFO] Rule:233 - rule 117617 - U5Cobra4M][GTZC] default value MPCBB3 and MPCBB5 - Not Privileged memory - MPCBB1 is applicable
2025-09-16 11:49:26,581 [INFO] Rule:233 - rule 117617 - U5Cobra4M][GTZC] default value MPCBB3 and MPCBB5 - Not Privileged memory - MPCBB2 is applicable
2025-09-16 11:49:26,581 [INFO] Rule:233 - rule 117617 - U5Cobra4M][GTZC] default value MPCBB3 and MPCBB5 - Not Privileged memory - MPCBB3 is applicable
2025-09-16 11:49:26,581 [INFO] Rule:233 - rule 117617 - U5Cobra4M][GTZC] default value MPCBB3 and MPCBB5 - Not Privileged memory - MPCBB4 is applicable
2025-09-16 11:49:26,581 [INFO] Rule:233 - rule 117617 - U5Cobra4M][GTZC] default value MPCBB3 and MPCBB5 - Privileged memory - MPCBB1 is applicable
2025-09-16 11:49:26,581 [INFO] Rule:233 - rule 117617 - U5Cobra4M][GTZC] default value MPCBB3 and MPCBB5 - Privileged memory - MPCBB2 is applicable
2025-09-16 11:49:26,581 [INFO] Rule:233 - rule 117617 - U5Cobra4M][GTZC] default value MPCBB3 and MPCBB5 - Privileged memory - MPCBB3 is applicable
2025-09-16 11:49:26,581 [INFO] Rule:233 - rule 117617 - U5Cobra4M][GTZC] default value MPCBB3 and MPCBB5 - Privileged memory - MPCBB4 is applicable
2025-09-16 11:49:26,581 [INFO] Rule:233 - rule 117617 - U5Cobra4M][GTZC] default value MPCBB3 and MPCBB5 - Privileged memory - MPCBB1 is applicable
2025-09-16 11:49:26,581 [INFO] Rule:233 - rule 117617 - U5Cobra4M][GTZC] default value MPCBB3 and MPCBB5 - Privileged memory - MPCBB2 is applicable
2025-09-16 11:49:26,581 [INFO] Rule:233 - rule 117617 - U5Cobra4M][GTZC] default value MPCBB3 and MPCBB5 - Privileged memory - MPCBB3 is applicable
2025-09-16 11:49:26,581 [INFO] Rule:233 - rule 117617 - U5Cobra4M][GTZC] default value MPCBB3 and MPCBB5 - Privileged memory - MPCBB4 is applicable
2025-09-16 11:49:26,581 [INFO] Rule:233 - rule 117617 - U5Cobra4M][GTZC] default value MPCBB3 and MPCBB5 - Not Privileged memory - MPCBB1 is applicable
2025-09-16 11:49:26,581 [INFO] Rule:233 - rule 117617 - U5Cobra4M][GTZC] default value MPCBB3 and MPCBB5 - Not Privileged memory - MPCBB2 is applicable
2025-09-16 11:49:26,581 [INFO] Rule:233 - rule 117617 - U5Cobra4M][GTZC] default value MPCBB3 and MPCBB5 - Not Privileged memory - MPCBB3 is applicable
2025-09-16 11:49:26,581 [INFO] Rule:233 - rule 117617 - U5Cobra4M][GTZC] default value MPCBB3 and MPCBB5 - Not Privileged memory - MPCBB4 is applicable
2025-09-16 11:49:26,581 [INFO] Rule:233 - rule 117617 - U5Cobra4M][GTZC] default value MPCBB3 and MPCBB5 - Privileged memory - MPCBB1 is applicable
2025-09-16 11:49:26,581 [INFO] Rule:233 - rule 117617 - U5Cobra4M][GTZC] default value MPCBB3 and MPCBB5 - Privileged memory - MPCBB2 is applicable
2025-09-16 11:49:26,581 [INFO] Rule:233 - rule 117617 - U5Cobra4M][GTZC] default value MPCBB3 and MPCBB5 - Privileged memory - MPCBB3 is applicable
2025-09-16 11:49:26,582 [INFO] Rule:233 - rule 117617 - U5Cobra4M][GTZC] default value MPCBB3 and MPCBB5 - Privileged memory - MPCBB4 is applicable
2025-09-16 11:49:26,582 [INFO] Rule:233 - rule Rename SubGHz_Phy SUBGHZ_APPLICATION SUBGHZ_PINGPONG to SUBGHZ_ADV_APPLICATION is applicable
2025-09-16 11:49:26,582 [INFO] Rule:233 - rule Rename Enabled to IBEACON is applicable
2025-09-16 11:49:26,582 [INFO] Rule:233 - rule GTZC_S instance for project manager is applicable
2025-09-16 11:49:26,582 [INFO] Rule:233 - rule GTZC_S instance for context M33S is applicable
2025-09-16 11:49:26,582 [INFO] Rule:233 - rule GTZC_S instance value for IP GTZC is applicable
2025-09-16 11:49:26,582 [INFO] Rule:233 - rule GTZC_S instance for mcu.IP is applicable
2025-09-16 11:49:26,582 [INFO] Rule:233 - rule GTZC_S instance for VP is applicable
2025-09-16 11:49:26,582 [INFO] Rule:233 - rule GTZC_S instance for signal is applicable
2025-09-16 11:49:26,582 [INFO] Rule:233 - rule GTZC_S instance for mcu.Pin is applicable
2025-09-16 11:49:26,582 [INFO] Rule:233 - rule GTZC_S instance for VP is applicable
2025-09-16 11:49:26,582 [INFO] Rule:233 - rule GTZC_S instance for signal is applicable
2025-09-16 11:49:26,582 [INFO] Rule:233 - rule GTZC_S instance for mcu is applicable
2025-09-16 11:49:26,582 [INFO] Rule:233 - rule GTZC_S instance for mcu.Pin is applicable
2025-09-16 11:49:26,582 [INFO] Rule:233 - rule GTZC_S instance value for IP GTZC is applicable
2025-09-16 11:49:26,582 [INFO] Rule:233 - rule GTZC_S instance for project manager is applicable
2025-09-16 11:49:26,582 [INFO] Rule:233 - rule GTZC_S instance for context M33S is applicable
2025-09-16 11:49:26,582 [INFO] Rule:233 - rule GTZC_S instance for VP is applicable
2025-09-16 11:49:26,582 [INFO] Rule:233 - rule GTZC_S instance for signal is applicable
2025-09-16 11:49:26,583 [INFO] Rule:233 - rule WakeUp0 Mode is applicable
2025-09-16 11:49:26,583 [INFO] Rule:233 - rule WakeUp0 SIGNAL is applicable
2025-09-16 11:49:26,583 [INFO] Rule:233 - rule WakeUp1 Mode is applicable
2025-09-16 11:49:26,584 [INFO] Rule:233 - rule WakeUp1 SIGNAL is applicable
2025-09-16 11:49:26,584 [INFO] Rule:233 - rule WakeUp2 Mode is applicable
2025-09-16 11:49:26,584 [INFO] Rule:233 - rule WakeUp2 SIGNAL is applicable
2025-09-16 11:49:26,584 [INFO] Rule:233 - rule WakeUp4 Mode is applicable
2025-09-16 11:49:26,584 [INFO] Rule:233 - rule WakeUp4 SIGNAL is applicable
2025-09-16 11:49:26,584 [INFO] Rule:233 - rule WakeUp5 Mode is applicable
2025-09-16 11:49:26,584 [INFO] Rule:233 - rule WakeUp5 SIGNAL is applicable
2025-09-16 11:49:26,584 [INFO] Rule:233 - rule Change Default Value for LSE Drive Capability for WB family is applicable
2025-09-16 11:49:26,584 [INFO] Rule:233 - rule Change Default Value for ADC Clock Prescaler G0 family is applicable
2025-09-16 11:49:26,585 [INFO] Rule:233 - rule Change USART1CLockSelection refparam name for MP1 is applicable
2025-09-16 11:49:26,585 [INFO] Rule:233 - rule Change USART2CLockSelection refparam name for MP1 is applicable
2025-09-16 11:49:26,585 [INFO] Rule:233 - rule Change USART3CLockSelection refparam name for MP1 is applicable
2025-09-16 11:49:26,585 [INFO] Rule:233 - rule Change UART4CLockSelection refparam name for MP1 is applicable
2025-09-16 11:49:26,585 [INFO] Rule:233 - rule Change UART5CLockSelection refparam name for MP1 is applicable
2025-09-16 11:49:26,585 [INFO] Rule:233 - rule Change LPUART1CLockSelection refparam name for MP1 is applicable
2025-09-16 11:49:26,585 [INFO] Rule:233 - rule Change LPTIM1CLockSelection refparam name for MP1 is applicable
2025-09-16 11:49:26,585 [INFO] Rule:233 - rule Change LPTIM2CLockSelection refparam name for MP1 is applicable
2025-09-16 11:49:26,585 [INFO] Rule:233 - rule Change RCC_MCO1Source refparam name for MP1 is applicable
2025-09-16 11:49:26,585 [INFO] Rule:233 - rule Change LSCOSource1 refparam name for MP1 is applicable
2025-09-16 11:49:26,585 [INFO] Rule:233 - rule Change SMPSCLockSelection refparam name for MP1 is applicable
2025-09-16 11:49:26,585 [INFO] Rule:233 - rule Change LPTIM3CLockSelection refparam name for MP1 is applicable
2025-09-16 11:49:26,585 [INFO] Rule:233 - rule Change MPCBB* Default Template Mode to Parameters is applicable
2025-09-16 11:49:26,586 [INFO] Rule:233 - rule Change MPCWM* or MPCBB* Secure Mode to Parameters is applicable
2025-09-16 11:49:26,586 [INFO] Rule:233 - rule Change MPCWM* or MPCBB* No Secure Mode to Parameters is applicable
2025-09-16 11:49:26,586 [INFO] Rule:233 - rule Change TZSC IP Secure Mode to Parameters is applicable
2025-09-16 11:49:26,586 [INFO] Rule:233 - rule Change TZSC IP No Secure Mode to Parameters is applicable
2025-09-16 11:49:26,586 [INFO] Rule:233 - rule Change TZSC IP Privilege Mode to Parameters is applicable
2025-09-16 11:49:26,586 [INFO] Rule:233 - rule Change TZSC IP No Privilege Mode to Parameters is applicable
2025-09-16 11:49:26,586 [INFO] Rule:233 - rule Change TZIC IT Secure Mode to Parameters is applicable
2025-09-16 11:49:26,586 [INFO] Rule:233 - rule Change TZIC IT No Secure Mode to Parameters is applicable
2025-09-16 11:49:26,586 [INFO] Rule:233 - rule Add MPCBB1_NonSecureArea_Start_Address value with referenced to MPCBB1_NonSecureArea_Start value is applicable
2025-09-16 11:49:26,586 [INFO] Rule:233 - rule Add MPCBB2_NonSecureArea_Start_Address value with referenced to MPCBB2_NonSecureArea_Start value is applicable
2025-09-16 11:49:26,586 [INFO] Rule:233 - rule Add MPCWM1_NonSecureArea*_Start_Address value with referenced to MPCWM1_NonSecureArea*_Start value is applicable
2025-09-16 11:49:26,586 [INFO] Rule:233 - rule Add MPCWM2_NonSecureArea*_Start_Address value with referenced to MPCWM2_NonSecureArea*_Start value is applicable
2025-09-16 11:49:26,586 [INFO] Rule:233 - rule Add MPCWM3_NonSecureArea_Start_Address value with referenced to MPCWM3_NonSecureArea_Start value is applicable
2025-09-16 11:49:26,586 [INFO] Rule:233 - rule Change Default Value for PLL1UserDefinedConfig is applicable
2025-09-16 11:49:26,587 [INFO] Rule:233 - rule OPAMP is applicable
2025-09-16 11:49:26,587 [INFO] Rule:233 - rule LPUART IPParameter rename Prescaler parameter to ClockPrescaler for STM32H7 is applicable
2025-09-16 11:49:26,587 [INFO] Rule:233 - rule LPUART IPParameter rename Prescaler parameter to ClockPrescaler for STM32H7 is applicable
2025-09-16 11:49:26,587 [INFO] Rule:233 - rule LPUART IPParameter rename Prescaler parameter to ClockPrescaler for STM32WB is applicable
2025-09-16 11:49:26,587 [INFO] Rule:233 - rule LPUART IPParameter rename Prescaler parameter to ClockPrescaler for STM32WB is applicable
2025-09-16 11:49:26,587 [INFO] Rule:233 - rule LPUART IPParameter rename Prescaler parameter to ClockPrescaler for STM32G4 is applicable
2025-09-16 11:49:26,587 [INFO] Rule:233 - rule LPUART IPParameter rename Prescaler parameter to ClockPrescaler for STM32G4 is applicable
2025-09-16 11:49:26,587 [INFO] Rule:233 - rule LPUART IPParameter rename Prescaler parameter to ClockPrescaler for STM32L5 is applicable
2025-09-16 11:49:26,587 [INFO] Rule:233 - rule LPUART IPParameter rename Prescaler parameter to ClockPrescaler for STM32L5 is applicable
2025-09-16 11:49:26,587 [INFO] Rule:233 - rule LPUART IPParameter rename Prescaler parameter to ClockPrescaler for STM32G4 is applicable
2025-09-16 11:49:26,587 [INFO] Rule:233 - rule LPUART IPParameter rename Prescaler parameter to ClockPrescaler for STM32G4 is applicable
2025-09-16 11:49:26,587 [INFO] Rule:233 - rule USB device lib V2.5.3 for L0 rename USBD_SUPPORT_USER_STRING parameter to USBD_SUPPORT_USER_STRING_DESC4 is applicable
2025-09-16 11:49:26,587 [INFO] Rule:233 - rule I2SCLockSelection clock entry align is applicable
2025-09-16 11:49:26,587 [INFO] Rule:233 - rule Assign TIMx context if used as SYS timebase is applicable
2025-09-16 11:49:26,587 [INFO] Rule:233 - rule Change GPIO_Pu Default Value for I2C is applicable
2025-09-16 11:49:26,587 [INFO] Rule:233 - rule Change GPIO_Pu Default Value for SMBus is applicable
2025-09-16 11:49:26,587 [INFO] Rule:233 - rule change FDCAN default value is applicable
2025-09-16 11:49:26,587 [INFO] Rule:233 - rule Rename STM32WPAN CFG_BLE_IRK to CFG_BLE_IR is applicable
2025-09-16 11:49:26,587 [INFO] Rule:233 - rule Rename STM32WPAN CFG_BLE_ERK to CFG_BLE_ER is applicable
2025-09-16 11:49:26,587 [INFO] Rule:233 - rule Rename STM32WPAN CFG_BLE_IRK_HEX to CFG_BLE_IR_HEX is applicable
2025-09-16 11:49:26,587 [INFO] Rule:233 - rule Rename STM32WPAN CFG_BLE_ERK_HEX to CFG_BLE_ER_HEX is applicable
2025-09-16 11:49:26,587 [INFO] Rule:233 - rule Adapt Old IOC before rework replace old CORTEX_M33/CORTEX_M55 attributes by the new one. is applicable
2025-09-16 11:49:26,588 [INFO] Rule:233 - rule Rename parametre of RCC RCC_APBDBG_DIV2 to RCC_TIMPRES_DIV2 is applicable
2025-09-16 11:49:26,588 [INFO] Rule:233 - rule Rename DIE493 pin PA10 [PA12] -> PA10 is applicable
2025-09-16 11:49:26,588 [INFO] Rule:233 - rule Rename DIE493 pin PA9 [PA11] -> PA9 is applicable
2025-09-16 11:49:26,588 [INFO] Rule:233 - rule Rename DIE492 PartNumber CPN STM32WBA5MJGHx -> STM32WBA5MMGHx is applicable
2025-09-16 11:49:26,588 [INFO] Rule:233 - rule Rename DIE492 PartNumber  Name STM32WBA5MJGHx -> STM32WBA5MMGHx is applicable
2025-09-16 11:49:26,588 [INFO] Rule:233 - rule Rename DIE492 PartNumber UserName STM32WBA5MJGHx -> STM32WBA5MMGHx is applicable
2025-09-16 11:49:26,588 [INFO] Rule:233 - rule Rename DIE492 PartNumber DeviceId STM32WBA5MJGHx -> STM32WBA5MMGHx is applicable
2025-09-16 11:49:26,588 [INFO] Rule:233 - rule Adapt Old IOC CSI. is applicable
2025-09-16 11:49:26,588 [INFO] Rule:233 - rule Adapt Old IOC DCMIPP. is applicable
2025-09-16 11:49:26,588 [INFO] Rule:233 - rule Adapt Old IOC DCMIPP Mode Parallel. is applicable
2025-09-16 11:49:26,588 [INFO] Rule:233 - rule Adapt Old IOC LTDC. is applicable
2025-09-16 11:49:26,588 [INFO] Rule:233 - rule Rename STM32MP2 RIF Peripheral LTDC RIF.RISUP.LTDC_L0L1.Privilege -> RIF.RISUP.LTDC_L1L2.Privilege is applicable
2025-09-16 11:49:26,588 [INFO] Rule:233 - rule Rename STM32MP2 RIF Peripheral LTDC RIF.RISUP.LTDC_L0L1.Privilege -> RIF.RISUP.LTDC_L1L2.Privilege is applicable
2025-09-16 11:49:26,588 [INFO] Rule:233 - rule Rename STM32MP2 RIF Peripheral LTDC RIF.RISUP.LTDC_L0L1.Lock -> RIF.RISUP.LTDC_L1L2.Lock is applicable
2025-09-16 11:49:26,588 [INFO] Rule:233 - rule Rename STM32MP2 RIF Peripheral LTDC RIF.RISUP.LTDC_L2.Lock -> RIF.RISUP.LTDC_L3.Lock is applicable
2025-09-16 11:49:26,588 [INFO] Rule:233 - rule Adapt the old IOC example for updating the SYS when it is misconfigured. is applicable
2025-09-16 11:49:26,588 [INFO] Rule:233 - rule Rename STM32C09 Mcu.Package LQFP64 -> LQFP48 is applicable
2025-09-16 11:49:26,588 [INFO] Rule:233 - rule Adapt the old IOC example for updating the SYS when it is misconfigured. is applicable
2025-09-16 11:49:26,588 [INFO] Rule:233 - rule Adapt the old IOC example for updating the SYS when it is misconfigured. is applicable
2025-09-16 11:49:26,594 [INFO] DbConfProperties:307 - Apply Compatibility (7/134 Rules)
2025-09-16 11:49:26,638 [INFO] ImportTextPane:234 - (OptionalMessage_ERROR) Pin30 (VP_RIF_VS_RIF1) cannot be retrieved for this MCU
2025-09-16 11:49:26,764 [INFO] RtosManager:558 - Registered RTOS mode: class=CMSIS, group=RTOS, mode=CMSIS_V1, owner=FREERTOS
2025-09-16 11:49:26,765 [INFO] RtosManager:558 - Registered RTOS mode: class=CMSIS, group=RTOS2, mode=CMSIS_V2, owner=FREERTOS
2025-09-16 11:49:26,765 [INFO] RtosManager:558 - Registered RTOS mode: class=RTOS, group=Core, mode=CMSIS_V1, owner=FREERTOS
2025-09-16 11:49:26,765 [INFO] RtosManager:558 - Registered RTOS mode: class=RTOS, group=Core, mode=CMSIS_V2, owner=FREERTOS
2025-09-16 11:49:26,765 [WARN] ModelIntegratedComponent:184 - Missing modes for component STMicroelectronics:FreeRTOS:0.0.1:STMicroelectronics:RTOS:FreeRTOS:Core:::10.2.0:
2025-09-16 11:49:26,791 [WARN] ModelIntegratedComponent:63 - No mode defined for component null
2025-09-16 11:49:26,791 [WARN] ModelIntegratedComponent:63 - No mode defined for component null
2025-09-16 11:49:26,791 [WARN] ModelIntegratedComponent:63 - No mode defined for component null
2025-09-16 11:49:26,791 [WARN] ModelIntegratedComponent:63 - No mode defined for component null
2025-09-16 11:49:26,791 [WARN] ModelIntegratedComponent:63 - No mode defined for component null
2025-09-16 11:49:26,791 [WARN] ModelIntegratedComponent:63 - No mode defined for component null
2025-09-16 11:49:26,791 [WARN] ModelIntegratedComponent:63 - No mode defined for component null
2025-09-16 11:49:26,791 [WARN] ModelIntegratedComponent:63 - No mode defined for component null
2025-09-16 11:49:26,791 [WARN] ModelIntegratedComponent:63 - No mode defined for component null
2025-09-16 11:49:26,791 [WARN] ModelIntegratedComponent:63 - No mode defined for component null
2025-09-16 11:49:26,792 [WARN] ModelIntegratedComponent:63 - No mode defined for component null
2025-09-16 11:49:26,792 [WARN] ModelIntegratedComponent:63 - No mode defined for component null
2025-09-16 11:49:26,792 [WARN] ModelIntegratedComponent:63 - No mode defined for component null
2025-09-16 11:49:26,792 [WARN] ModelIntegratedComponent:63 - No mode defined for component null
2025-09-16 11:49:26,792 [WARN] ModelIntegratedComponent:63 - No mode defined for component null
2025-09-16 11:49:26,792 [WARN] ModelIntegratedComponent:63 - No mode defined for component null
2025-09-16 11:49:26,792 [WARN] ModelIntegratedComponent:63 - No mode defined for component null
2025-09-16 11:49:26,792 [WARN] ModelIntegratedComponent:63 - No mode defined for component null
2025-09-16 11:49:26,792 [WARN] ModelIntegratedComponent:63 - No mode defined for component null
2025-09-16 11:49:26,793 [WARN] ModelIntegratedComponent:63 - No mode defined for component null
2025-09-16 11:49:26,793 [WARN] ModelIntegratedComponent:63 - No mode defined for component null
2025-09-16 11:49:26,793 [WARN] ModelIntegratedComponent:63 - No mode defined for component null
2025-09-16 11:49:26,793 [WARN] ModelIntegratedComponent:63 - No mode defined for component null
2025-09-16 11:49:26,793 [WARN] ModelIntegratedComponent:63 - No mode defined for component null
2025-09-16 11:49:26,793 [WARN] ModelIntegratedComponent:63 - No mode defined for component null
2025-09-16 11:49:26,793 [WARN] ModelIntegratedComponent:63 - No mode defined for component null
2025-09-16 11:49:26,793 [WARN] ModelIntegratedComponent:63 - No mode defined for component null
2025-09-16 11:49:26,794 [WARN] ModelIntegratedComponent:63 - No mode defined for component null
2025-09-16 11:49:26,794 [WARN] ModelIntegratedComponent:63 - No mode defined for component null
2025-09-16 11:49:26,794 [WARN] ModelIntegratedComponent:63 - No mode defined for component null
2025-09-16 11:49:26,794 [WARN] ModelIntegratedComponent:63 - No mode defined for component null
2025-09-16 11:49:26,794 [WARN] ModelIntegratedComponent:63 - No mode defined for component null
2025-09-16 11:49:26,794 [WARN] ModelIntegratedComponent:63 - No mode defined for component null
2025-09-16 11:49:26,794 [WARN] ModelIntegratedComponent:63 - No mode defined for component null
2025-09-16 11:49:26,794 [WARN] ModelIntegratedComponent:63 - No mode defined for component null
2025-09-16 11:49:26,794 [WARN] ModelPack:524 - Component already loaded: STMicroelectronics:HAL Drivers:0.0.0:STMicroelectronics:Device:STMicro_Driver:XSPI:HAL::0.0.1:HAL_XSPI
2025-09-16 11:49:26,908 [INFO] ThirdPartyModel:298 - Start build external matchings
2025-09-16 11:49:27,463 [INFO] ThirdPartyModel:316 - End build external matchings
2025-09-16 11:49:27,482 [WARN] IP:2250 - Warning not found: check if there is a RefParameter without a condition.
2025-09-16 11:49:27,482 [WARN] IP:2250 - RxBufferAddress not found: check if there is a RefParameter without a condition.
2025-09-16 11:49:27,483 [WARN] IP:2250 - DESC_SIZE_UNIT not found: check if there is a RefParameter without a condition.
2025-09-16 11:49:27,483 [INFO] ImportTextPane:234 - (OptionalMessage_ERROR) IP (ETH) : Invalid parameter (PHY_Name)
2025-09-16 11:49:27,483 [INFO] ImportTextPane:234 - (OptionalMessage_ERROR) IP (ETH) : Invalid parameter (PHY_Value)
2025-09-16 11:49:27,483 [INFO] ImportTextPane:234 - (OptionalMessage_ERROR) IP (ETH) : Invalid parameter (PhyAddress)
2025-09-16 11:49:27,485 [INFO] ImportTextPane:234 - (OptionalMessage_ERROR) IP (RCC) : Invalid parameter (48MHZClocksFreq_Value)
2025-09-16 11:49:27,485 [INFO] ImportTextPane:234 - (OptionalMessage_ERROR) IP (RCC) : Invalid parameter (ADC12outputFreq_Value)
2025-09-16 11:49:27,485 [INFO] ImportTextPane:234 - (OptionalMessage_ERROR) IP (RCC) : Invalid parameter (ADC34outputFreq_Value)
2025-09-16 11:49:27,485 [INFO] ImportTextPane:234 - (OptionalMessage_ERROR) IP (RCC) : Invalid parameter (FamilyName)
2025-09-16 11:49:27,485 [INFO] ImportTextPane:234 - (OptionalMessage_ERROR) IP (RCC) : Invalid parameter (I2SClocksFreq_Value)
2025-09-16 11:49:27,485 [INFO] ImportTextPane:234 - (OptionalMessage_ERROR) IP (RCC) : Invalid parameter (LCDTFToutputFreq_Value)
2025-09-16 11:49:27,485 [INFO] ImportTextPane:234 - (OptionalMessage_ERROR) IP (RCC) : Invalid parameter (MCOFreq_Value)
2025-09-16 11:49:27,486 [INFO] ImportTextPane:234 - (OptionalMessage_ERROR) IP (RCC) : Invalid parameter (PLLMCOFreq_Value)
2025-09-16 11:49:27,486 [INFO] ImportTextPane:234 - (OptionalMessage_ERROR) IP (RCC) : Invalid parameter (PLLMUL)
2025-09-16 11:49:27,487 [INFO] ImportTextPane:234 - (OptionalMessage_ERROR) IP (RCC) : Invalid parameter (PRESCALERUSB)
2025-09-16 11:49:27,487 [INFO] ImportTextPane:234 - (OptionalMessage_ERROR) IP (RCC) : Invalid parameter (RTCHSEDivFreq_Value)
2025-09-16 11:49:27,488 [INFO] ImportTextPane:234 - (OptionalMessage_ERROR) IP (RCC) : Parameter (SDMMC2Freq_Value) has invalid value (96000000)
2025-09-16 11:49:27,488 [INFO] ImportTextPane:234 - (OptionalMessage_ERROR) IP (RCC) : Parameter (SDMMCFreq_Value) has invalid value (96000000)
2025-09-16 11:49:27,488 [INFO] ImportTextPane:234 - (OptionalMessage_ERROR) IP (RCC) : Invalid parameter (SYSCLKSourceVirtual)
2025-09-16 11:49:27,489 [INFO] ImportTextPane:234 - (OptionalMessage_ERROR) IP (RCC) : Invalid parameter (TIM15Freq_Value)
2025-09-16 11:49:27,489 [INFO] ImportTextPane:234 - (OptionalMessage_ERROR) IP (RCC) : Invalid parameter (TIM16Freq_Value)
2025-09-16 11:49:27,489 [INFO] ImportTextPane:234 - (OptionalMessage_ERROR) IP (RCC) : Invalid parameter (TIM17Freq_Value)
2025-09-16 11:49:27,489 [INFO] ImportTextPane:234 - (OptionalMessage_ERROR) IP (RCC) : Invalid parameter (TIM1Freq_Value)
2025-09-16 11:49:27,489 [INFO] ImportTextPane:234 - (OptionalMessage_ERROR) IP (RCC) : Invalid parameter (TIM20Freq_Value)
2025-09-16 11:49:27,489 [INFO] ImportTextPane:234 - (OptionalMessage_ERROR) IP (RCC) : Invalid parameter (TIM2Freq_Value)
2025-09-16 11:49:27,489 [INFO] ImportTextPane:234 - (OptionalMessage_ERROR) IP (RCC) : Invalid parameter (TIM3Freq_Value)
2025-09-16 11:49:27,489 [INFO] ImportTextPane:234 - (OptionalMessage_ERROR) IP (RCC) : Invalid parameter (TIM8Freq_Value)
2025-09-16 11:49:27,490 [INFO] ImportTextPane:234 - (OptionalMessage_ERROR) IP (RCC) : Invalid parameter (VCOOutput2Freq_Value)
2025-09-16 11:49:27,490 [INFO] ImportTextPane:234 - (OptionalMessage_ERROR) IP (RCC) : Invalid parameter (VcooutputI2S)
2025-09-16 11:49:28,103 [INFO] UtilMem:75 - End LoadConfig() Used Memory: 960498120 Bytes (1073741824)
2025-09-16 11:49:28,172 [WARN] ThirdParty:833 - waiting for thirdparty lock release [change project]
2025-09-16 11:49:28,172 [INFO] ThirdParty:835 - entering critical section [change project]
2025-09-16 11:49:28,173 [INFO] ThirdParty:1030 - CMSIS Pack Vendor :STMicroelectronics X-CUBE-PM33A1 1.0.0
2025-09-16 11:49:28,173 [INFO] ThirdParty:1030 - CMSIS Pack Vendor :STMicroelectronics USBPD 4.1
2025-09-16 11:49:28,173 [INFO] ThirdParty:1030 - CMSIS Pack Vendor :STMicroelectronics X-CUBE-NFC9 1.0.0
2025-09-16 11:49:28,173 [INFO] ThirdParty:1030 - CMSIS Pack Vendor :STMicroelectronics USB_HOST 2.0.0
2025-09-16 11:49:28,173 [INFO] ThirdParty:1030 - CMSIS Pack Vendor :STMicroelectronics FP-SNS-MOTENVWB1 1.4.0
2025-09-16 11:49:28,173 [INFO] ThirdParty:1030 - CMSIS Pack Vendor :STMicroelectronics X-CUBE-AZRTOS-F4 1.1.0
2025-09-16 11:49:28,173 [INFO] ThirdParty:1030 - CMSIS Pack Vendor :STMicroelectronics LIBJPEG 8.0.0
2025-09-16 11:49:28,173 [INFO] ThirdParty:1030 - CMSIS Pack Vendor :STMicroelectronics FP-ATR-ASTRA1 2.0.2
2025-09-16 11:49:28,173 [INFO] ThirdParty:1030 - CMSIS Pack Vendor :STMicroelectronics X-CUBE-BLE1 7.1.0
2025-09-16 11:49:28,173 [INFO] ThirdParty:1030 - CMSIS Pack Vendor :STMicroelectronics X-CUBE-SMBUS 2.1.0
2025-09-16 11:49:28,173 [INFO] ThirdParty:1030 - CMSIS Pack Vendor :wolfSSL I-CUBE-wolfMQTT 1.19.2
2025-09-16 11:49:28,173 [INFO] ThirdParty:1030 - CMSIS Pack Vendor :STMicroelectronics USB_DEVICE 3.0.0
2025-09-16 11:49:28,173 [INFO] ThirdParty:1030 - CMSIS Pack Vendor :STMicroelectronics X-CUBE-ISPU 2.1.0
2025-09-16 11:49:28,173 [INFO] ThirdParty:1030 - CMSIS Pack Vendor :STMicroelectronics X-CUBE-AZRTOS-WB 2.0.0
2025-09-16 11:49:28,173 [INFO] ThirdParty:1030 - CMSIS Pack Vendor :STMicroelectronics X-CUBE-ST60 1.0.0
2025-09-16 11:49:28,173 [INFO] ThirdParty:1030 - CMSIS Pack Vendor :STMicroelectronics X-CUBE-GNSS1 7.0.1
2025-09-16 11:49:28,173 [INFO] ThirdParty:1030 - CMSIS Pack Vendor :STMicroelectronics X-CUBE-AZRTOS-F7 1.1.0
2025-09-16 11:49:28,173 [INFO] ThirdParty:1030 - CMSIS Pack Vendor :STMicroelectronics X-CUBE-AZRTOS-L5 2.0.0
2025-09-16 11:49:28,173 [INFO] ThirdParty:1030 - CMSIS Pack Vendor :STMicroelectronics X-CUBE-TOUCHGFX 4.25.0
2025-09-16 11:49:28,173 [INFO] ThirdParty:1030 - CMSIS Pack Vendor :STMicroelectronics USB_DEVICE 2.0.0
2025-09-16 11:49:28,174 [INFO] ThirdParty:1030 - CMSIS Pack Vendor :STMicroelectronics X-CUBE-NFC6 3.1.0
2025-09-16 11:49:28,174 [INFO] ThirdParty:1030 - CMSIS Pack Vendor :STMicroelectronics X-CUBE-AI 10.1.0
2025-09-16 11:49:28,174 [INFO] ThirdParty:1030 - CMSIS Pack Vendor :STMicroelectronics FP-SNS-STBOX1 2.0.0
2025-09-16 11:49:28,174 [INFO] ThirdParty:1030 - CMSIS Pack Vendor :quantropi X-CUBE-qispace-sdk-base 2.1.0
2025-09-16 11:49:28,174 [INFO] ThirdParty:1030 - CMSIS Pack Vendor :STMicroelectronics FreeRTOS 0.0.1
2025-09-16 11:49:28,174 [INFO] ThirdParty:1030 - CMSIS Pack Vendor :STMicroelectronics X-CUBE-AZRTOS-G0 1.1.0
2025-09-16 11:49:28,174 [INFO] ThirdParty:1030 - CMSIS Pack Vendor :STMicroelectronics X-CUBE-SAFEA1 1.2.2
2025-09-16 11:49:28,174 [INFO] ThirdParty:1030 - CMSIS Pack Vendor :STMicroelectronics X-CUBE-NFC4 3.0.0
2025-09-16 11:49:28,174 [INFO] ThirdParty:1030 - CMSIS Pack Vendor :STMicroelectronics X-CUBE-SUBG2 5.0.0
2025-09-16 11:49:28,174 [INFO] ThirdParty:1030 - CMSIS Pack Vendor :STMicroelectronics X-CUBE-AZRTOS-H7RS 1.1.0
2025-09-16 11:49:28,174 [INFO] ThirdParty:1030 - CMSIS Pack Vendor :STMicroelectronics STM32_WPAN 1.0.0
2025-09-16 11:49:28,175 [INFO] ThirdParty:1030 - CMSIS Pack Vendor :EmbeddedOffice I-CUBE-FS-RTOS 1.0.1
2025-09-16 11:49:28,175 [INFO] ThirdParty:1030 - CMSIS Pack Vendor :STMicroelectronics lwIP 2.0.3
2025-09-16 11:49:28,175 [INFO] ThirdParty:1030 - CMSIS Pack Vendor :Cesanta I-CUBE-Mongoose 7.13.0
2025-09-16 11:49:28,175 [INFO] ThirdParty:1030 - CMSIS Pack Vendor :STMicroelectronics USB_HOST 1.0.0
2025-09-16 11:49:28,176 [INFO] ThirdParty:1030 - CMSIS Pack Vendor :Infineon AIROC-Wi-Fi-Bluetooth-STM32 1.7.1
2025-09-16 11:49:28,176 [INFO] ThirdParty:1030 - CMSIS Pack Vendor :STMicroelectronics X-CUBE-AZRTOS-G4 2.0.0
2025-09-16 11:49:28,176 [INFO] ThirdParty:1030 - CMSIS Pack Vendor :STMicroelectronics X-CUBE-WB05N 2.0.0
2025-09-16 11:49:28,176 [INFO] ThirdParty:1030 - CMSIS Pack Vendor :STMicroelectronics PDM2PCM 3.1.0
2025-09-16 11:49:28,176 [INFO] ThirdParty:1030 - CMSIS Pack Vendor :STMicroelectronics PDM2PCM 3.3.0
2025-09-16 11:49:28,176 [INFO] ThirdParty:1030 - CMSIS Pack Vendor :wolfSSL I-CUBE-wolfTPM 3.8.0
2025-09-16 11:49:28,176 [INFO] ThirdParty:1030 - CMSIS Pack Vendor :STMicroelectronics X-CUBE-DISPLAY 3.0.0
2025-09-16 11:49:28,176 [INFO] ThirdParty:1030 - CMSIS Pack Vendor :wolfSSL I-CUBE-wolfSSH 1.4.20
2025-09-16 11:49:28,176 [INFO] ThirdParty:1030 - CMSIS Pack Vendor :STMicroelectronics X-CUBE-NFC7 2.0.0
2025-09-16 11:49:28,176 [INFO] ThirdParty:1030 - CMSIS Pack Vendor :STMicroelectronics X-CUBE-TCPP 4.2.0
2025-09-16 11:49:28,176 [INFO] ThirdParty:1030 - CMSIS Pack Vendor :RealThread X-CUBE-RT-Thread_Nano 4.1.1
2025-09-16 11:49:28,176 [INFO] ThirdParty:1030 - CMSIS Pack Vendor :STMicroelectronics FP-ATR-SIGFOX1 3.2.0
2025-09-16 11:49:28,176 [INFO] ThirdParty:1030 - CMSIS Pack Vendor :STMicroelectronics X-CUBE-NFC10 1.0.0
2025-09-16 11:49:28,176 [INFO] ThirdParty:1030 - CMSIS Pack Vendor :STMicroelectronics X-CUBE-FREERTOS 1.3.1
2025-09-16 11:49:28,176 [INFO] ThirdParty:1030 - CMSIS Pack Vendor :STMicroelectronics HAL Drivers 0.0.0
2025-09-16 11:49:28,176 [INFO] ThirdParty:1030 - CMSIS Pack Vendor :STMicroelectronics MBEDTLS 2.16.2
2025-09-16 11:49:28,176 [INFO] ThirdParty:1030 - CMSIS Pack Vendor :STMicroelectronics X-CUBE-IPS 3.1.0
2025-09-16 11:49:28,177 [INFO] ThirdParty:1030 - CMSIS Pack Vendor :STMicroelectronics X-CUBE-ALS 1.0.2
2025-09-16 11:49:28,177 [INFO] ThirdParty:1030 - CMSIS Pack Vendor :emotas I-CUBE-CANOPEN 1.3.0
2025-09-16 11:49:28,177 [INFO] ThirdParty:1030 - CMSIS Pack Vendor :STMicroelectronics MBEDTLS 2.14.1
2025-09-16 11:49:28,177 [INFO] ThirdParty:1030 - CMSIS Pack Vendor :ITTIA_DB I-CUBE-ITTIADB 8.9.0
2025-09-16 11:49:28,177 [INFO] ThirdParty:1030 - CMSIS Pack Vendor :STMicroelectronics X-CUBE-STSE01 1.0.0
2025-09-16 11:49:28,177 [INFO] ThirdParty:1030 - CMSIS Pack Vendor :portGmbH I-Cube-SoM-uGOAL 1.1.0
2025-09-16 11:49:28,177 [INFO] ThirdParty:1030 - CMSIS Pack Vendor :STMicroelectronics X-CUBE-ST67W61 1.0.0
2025-09-16 11:49:28,177 [INFO] ThirdParty:1030 - CMSIS Pack Vendor :STMicroelectronics FP-SNS-STBOX1 2.1.0
2025-09-16 11:49:28,177 [INFO] ThirdParty:1030 - CMSIS Pack Vendor :STMicroelectronics X-CUBE-AI 10.2.0
2025-09-16 11:49:28,177 [INFO] ThirdParty:1030 - CMSIS Pack Vendor :STMicroelectronics ThreadX 1.0.0
2025-09-16 11:49:28,177 [INFO] ThirdParty:1030 - CMSIS Pack Vendor :STMicroelectronics FP-SNS-SMARTAG2 1.2.0
2025-09-16 11:49:28,177 [INFO] ThirdParty:1030 - CMSIS Pack Vendor :STMicroelectronics FP-SNS-FLIGHT1 5.1.0
2025-09-16 11:49:28,177 [INFO] ThirdParty:1030 - CMSIS Pack Vendor :STMicroelectronics X-CUBE-AZRTOS-WL 2.0.0
2025-09-16 11:49:28,177 [INFO] ThirdParty:1030 - CMSIS Pack Vendor :SEGGER I-CUBE-embOS 1.3.1
2025-09-16 11:49:28,178 [INFO] ThirdParty:1030 - CMSIS Pack Vendor :STMicroelectronics X-CUBE-ALGOBUILD 1.4.0
2025-09-16 11:49:28,178 [INFO] ThirdParty:1030 - CMSIS Pack Vendor :STMicroelectronics X-CUBE-DPower 1.3.0
2025-09-16 11:49:28,178 [INFO] ThirdParty:1030 - CMSIS Pack Vendor :STMicroelectronics X-CUBE-MEMS1 11.3.0
2025-09-16 11:49:28,178 [INFO] ThirdParty:1030 - CMSIS Pack Vendor :STMicroelectronics FP-SNS-MOTENV1 5.0.0
2025-09-16 11:49:28,178 [INFO] ThirdParty:1030 - CMSIS Pack Vendor :STMicroelectronics USB_DEVICE 1.0.0
2025-09-16 11:49:28,178 [INFO] ThirdParty:1030 - CMSIS Pack Vendor :STMicroelectronics X-CUBE-AZRTOS-L4 2.0.0
2025-09-16 11:49:28,178 [INFO] ThirdParty:1030 - CMSIS Pack Vendor :STMicroelectronics ThreadX 0.0.2
2025-09-16 11:49:28,178 [INFO] ThirdParty:1030 - CMSIS Pack Vendor :WES I-CUBE-Cesium 1.3.0
2025-09-16 11:49:28,178 [INFO] ThirdParty:1030 - CMSIS Pack Vendor :STMicroelectronics lwIP 2.1.2
2025-09-16 11:49:28,179 [INFO] ThirdParty:1030 - CMSIS Pack Vendor :STMicroelectronics X-CUBE-SFXS2LP1 4.0.0
2025-09-16 11:49:28,179 [INFO] ThirdParty:1030 - CMSIS Pack Vendor :STMicroelectronics X-CUBE-BLE2 3.3.0
2025-09-16 11:49:28,179 [INFO] ThirdParty:1030 - CMSIS Pack Vendor :STMicroelectronics X-CUBE-TOF1 3.4.3
2025-09-16 11:49:28,179 [INFO] ThirdParty:1030 - CMSIS Pack Vendor :STMicroelectronics PDM2PCM 3.2.0
2025-09-16 11:49:28,179 [INFO] ThirdParty:841 - exiting critical section [change project]
2025-09-16 11:49:28,951 [INFO] PinOutPanel:1589 - setPackage(No Configuration,No Configuration)
2025-09-16 11:49:28,952 [INFO] PinOutPanel:1589 - setPackage(STM32F767ZITx,LQFP144)
2025-09-16 11:49:29,696 [INFO] UtilMem:75 - Before build in PCC Used Memory: 664137608 Bytes (1073741824)
2025-09-16 11:49:30,506 [INFO] UtilMem:75 - After build in PCC Used Memory: 748679400 Bytes (1073741824)
2025-09-16 11:49:30,540 [INFO] IPUIPlugin:80 - create IPUIPlugin
2025-09-16 11:49:30,540 [INFO] IPUIPlugin:80 - create IPUIPlugin
2025-09-16 11:49:30,540 [INFO] IPUIPlugin:80 - create IPUIPlugin
2025-09-16 11:49:30,540 [INFO] IPUIPlugin:80 - create IPUIPlugin
2025-09-16 11:49:30,540 [INFO] IPUIPlugin:80 - create IPUIPlugin
2025-09-16 11:49:30,540 [INFO] IPUIPlugin:80 - create IPUIPlugin
2025-09-16 11:49:30,540 [INFO] IPUIPlugin:80 - create IPUIPlugin
2025-09-16 11:49:30,540 [INFO] IPUIPlugin:80 - create IPUIPlugin
2025-09-16 11:49:30,541 [INFO] IPUIPlugin:80 - create IPUIPlugin
2025-09-16 11:49:30,541 [INFO] IPUIPlugin:80 - create IPUIPlugin
2025-09-16 11:49:30,541 [INFO] IPUIPlugin:80 - create IPUIPlugin
2025-09-16 11:49:30,541 [INFO] IPUIPlugin:80 - create IPUIPlugin
2025-09-16 11:49:30,541 [INFO] IPUIPlugin:80 - create IPUIPlugin
2025-09-16 11:49:30,541 [INFO] IPUIPlugin:80 - create IPUIPlugin
2025-09-16 11:49:30,541 [INFO] IPUIPlugin:80 - create IPUIPlugin
2025-09-16 11:49:30,541 [INFO] IPUIPlugin:80 - create IPUIPlugin
2025-09-16 11:49:30,541 [INFO] IPUIPlugin:80 - create IPUIPlugin
2025-09-16 11:49:30,542 [INFO] IPUIPlugin:80 - create IPUIPlugin
2025-09-16 11:49:30,542 [INFO] IPUIPlugin:80 - create IPUIPlugin
2025-09-16 11:49:30,542 [INFO] IPUIPlugin:80 - create IPUIPlugin
2025-09-16 11:49:30,542 [INFO] IPUIPlugin:80 - create IPUIPlugin
2025-09-16 11:49:30,542 [INFO] IPUIPlugin:80 - create IPUIPlugin
2025-09-16 11:49:30,542 [INFO] IPUIPlugin:80 - create IPUIPlugin
2025-09-16 11:49:30,543 [INFO] IPUIPlugin:80 - create IPUIPlugin
2025-09-16 11:49:30,543 [INFO] IPUIPlugin:80 - create IPUIPlugin
2025-09-16 11:49:30,543 [INFO] IPUIPlugin:80 - create IPUIPlugin
2025-09-16 11:49:30,544 [INFO] IPUIPlugin:80 - create IPUIPlugin
2025-09-16 11:49:30,544 [INFO] IPUIPlugin:80 - create IPUIPlugin
2025-09-16 11:49:30,544 [INFO] IPUIPlugin:80 - create IPUIPlugin
2025-09-16 11:49:30,544 [INFO] IPUIPlugin:80 - create IPUIPlugin
2025-09-16 11:49:30,545 [INFO] IPUIPlugin:80 - create IPUIPlugin
2025-09-16 11:49:30,545 [INFO] IPUIPlugin:80 - create IPUIPlugin
2025-09-16 11:49:30,545 [INFO] IPUIPlugin:80 - create IPUIPlugin
2025-09-16 11:49:30,546 [INFO] IPUIPlugin:80 - create IPUIPlugin
2025-09-16 11:49:30,546 [INFO] IPUIPlugin:80 - create IPUIPlugin
2025-09-16 11:49:30,546 [INFO] IPUIPlugin:80 - create IPUIPlugin
2025-09-16 11:49:30,546 [INFO] IPUIPlugin:80 - create IPUIPlugin
2025-09-16 11:49:30,547 [INFO] IPUIPlugin:80 - create IPUIPlugin
2025-09-16 11:49:30,547 [INFO] IPUIPlugin:80 - create IPUIPlugin
2025-09-16 11:49:30,547 [INFO] IPUIPlugin:80 - create IPUIPlugin
2025-09-16 11:49:30,547 [INFO] IPUIPlugin:80 - create IPUIPlugin
2025-09-16 11:49:30,547 [INFO] IPUIPlugin:80 - create IPUIPlugin
2025-09-16 11:49:30,548 [INFO] IPUIPlugin:80 - create IPUIPlugin
2025-09-16 11:49:30,548 [INFO] IPUIPlugin:80 - create IPUIPlugin
2025-09-16 11:49:30,548 [INFO] IPUIPlugin:80 - create IPUIPlugin
2025-09-16 11:49:30,548 [INFO] IPUIPlugin:80 - create IPUIPlugin
2025-09-16 11:49:30,548 [INFO] IPUIPlugin:80 - create IPUIPlugin
2025-09-16 11:49:30,549 [INFO] IPUIPlugin:80 - create IPUIPlugin
2025-09-16 11:49:30,549 [INFO] IPUIPlugin:80 - create IPUIPlugin
2025-09-16 11:49:30,549 [INFO] IPUIPlugin:80 - create IPUIPlugin
2025-09-16 11:49:30,549 [INFO] IPUIPlugin:80 - create IPUIPlugin
2025-09-16 11:49:30,550 [INFO] IPUIPlugin:80 - create IPUIPlugin
2025-09-16 11:49:30,551 [INFO] IPUIPlugin:80 - create IPUIPlugin
2025-09-16 11:49:30,551 [INFO] IPUIPlugin:80 - create IPUIPlugin
2025-09-16 11:49:30,551 [INFO] IPUIPlugin:80 - create IPUIPlugin
2025-09-16 11:49:30,552 [INFO] IPUIPlugin:80 - create IPUIPlugin
2025-09-16 11:49:30,552 [INFO] IPUIPlugin:80 - create IPUIPlugin
2025-09-16 11:49:30,552 [INFO] IPUIPlugin:80 - create IPUIPlugin
2025-09-16 11:49:30,552 [INFO] IPUIPlugin:80 - create IPUIPlugin
2025-09-16 11:49:30,553 [INFO] IPUIPlugin:80 - create IPUIPlugin
2025-09-16 11:49:30,553 [INFO] IPUIPlugin:80 - create IPUIPlugin
2025-09-16 11:49:30,554 [INFO] IPUIPlugin:80 - create IPUIPlugin
2025-09-16 11:49:30,554 [INFO] IPUIPlugin:80 - create IPUIPlugin
2025-09-16 11:49:30,554 [INFO] IPUIPlugin:80 - create IPUIPlugin
2025-09-16 11:49:30,554 [INFO] IPUIPlugin:80 - create IPUIPlugin
2025-09-16 11:49:30,555 [INFO] IPUIPlugin:80 - create IPUIPlugin
2025-09-16 11:49:30,555 [INFO] IPUIPlugin:80 - create IPUIPlugin
2025-09-16 11:49:30,555 [INFO] IPUIPlugin:80 - create IPUIPlugin
2025-09-16 11:49:30,556 [INFO] IPUIPlugin:80 - create IPUIPlugin
2025-09-16 11:49:30,556 [INFO] IPUIPlugin:80 - create IPUIPlugin
2025-09-16 11:49:30,557 [INFO] IPUIPlugin:80 - create IPUIPlugin
2025-09-16 11:49:30,557 [INFO] IPUIPlugin:80 - create IPUIPlugin
2025-09-16 11:49:30,558 [INFO] IPUIPlugin:80 - create IPUIPlugin
2025-09-16 11:49:30,558 [INFO] IPUIPlugin:80 - create IPUIPlugin
2025-09-16 11:49:30,558 [INFO] IPUIPlugin:80 - create IPUIPlugin
2025-09-16 11:49:30,559 [INFO] IPUIPlugin:80 - create IPUIPlugin
2025-09-16 11:49:30,559 [INFO] IPUIPlugin:80 - create IPUIPlugin
2025-09-16 11:49:30,560 [INFO] IPUIPlugin:80 - create IPUIPlugin
2025-09-16 11:49:30,560 [INFO] IPUIPlugin:80 - create IPUIPlugin
2025-09-16 11:49:30,642 [INFO] ApiDbMcu:532 - Load IP Config File for PDM2PCM
2025-09-16 11:49:30,857 [INFO] CADModel:165 - CPN selected for project levelSTM32F767ZIT6
2025-09-16 11:49:30,858 [INFO] CADModel:114 - Register for checkConnection events
2025-09-16 11:49:30,900 [INFO] OpenFileManager:386 - Restore cursor
2025-09-16 11:49:31,183 [WARN] IP:2250 - Warning not found: check if there is a RefParameter without a condition.
2025-09-16 11:49:31,183 [WARN] IP:2250 - RxBufferAddress not found: check if there is a RefParameter without a condition.
2025-09-16 11:49:31,183 [WARN] IP:2250 - DESC_SIZE_UNIT not found: check if there is a RefParameter without a condition.
2025-09-16 11:49:31,184 [WARN] IP:2250 - Warning not found: check if there is a RefParameter without a condition.
2025-09-16 11:49:31,184 [WARN] IP:2250 - RxBufferAddress not found: check if there is a RefParameter without a condition.
2025-09-16 11:49:31,184 [WARN] IP:2250 - DESC_SIZE_UNIT not found: check if there is a RefParameter without a condition.
2025-09-16 11:49:34,391 [INFO] UtilMem:75 - End SaveConfig() Used Memory: 681768184 Bytes (1073741824)
2025-09-16 11:49:34,572 [INFO] UtilMem:75 - End SaveConfig() Used Memory: 712694536 Bytes (1073741824)
2025-09-16 11:49:35,184 [INFO] BlockDiagram:2775 - set Specific Code input for plugin: SYS
2025-09-16 11:49:35,185 [INFO] BlockDiagram:2775 - set Specific Code input for plugin: RCC
2025-09-16 11:49:35,185 [INFO] BlockDiagram:2775 - set Specific Code input for plugin: USB_OTG_FS
2025-09-16 11:49:35,185 [INFO] BlockDiagram:2775 - set Specific Code input for plugin: NVIC
2025-09-16 11:49:35,185 [INFO] BlockDiagram:2775 - set Specific Code input for plugin: USART
2025-09-16 11:49:35,186 [INFO] BlockDiagram:2775 - set Specific Code input for plugin: GPIO
2025-09-16 11:49:35,186 [INFO] BlockDiagram:2775 - set Specific Code input for plugin: ETH
2025-09-16 11:49:35,189 [INFO] CodeGenerator:892 - code generatio: config db path: C:\ST\STM32CubeIDE_1.19.0\STM32CubeIDE\plugins\com.st.stm32cube.common.mx_6.15.0.202507011659\\db\
2025-09-16 11:49:35,199 [WARN] IP:2250 - Warning not found: check if there is a RefParameter without a condition.
2025-09-16 11:49:35,200 [WARN] IP:2250 - RxBufferAddress not found: check if there is a RefParameter without a condition.
2025-09-16 11:49:35,200 [WARN] IP:2250 - DESC_SIZE_UNIT not found: check if there is a RefParameter without a condition.
2025-09-16 11:49:35,564 [INFO] CodeEngine:265 - oldGeneratedFile, C:\Users\USERIT\STM32CubeIDE\MAD_Lab\Lab_07_latest\MXTmpFiles\license.tmp_save
2025-09-16 11:49:36,229 [INFO] CodeEngine:289 - Generated code: C:\Users\USERIT\STM32CubeIDE\MAD_Lab\Lab_07_latest\MXTmpFiles\license.tmp
2025-09-16 11:49:36,507 [INFO] CodeEngine:265 - oldGeneratedFile, C:\Users\USERIT\STM32CubeIDE\MAD_Lab\Lab_07_latest\MXTmpFiles\gpio.tmp_save
2025-09-16 11:49:36,821 [INFO] CodeEngine:289 - Generated code: C:\Users\USERIT\STM32CubeIDE\MAD_Lab\Lab_07_latest\MXTmpFiles\gpio.tmp
2025-09-16 11:49:37,781 [WARN] IPConfigManager:3238 - Warning: the RefConfig PWREx_EnableUSBVoltageDetector is not available in your config.xml file
2025-09-16 11:49:37,805 [INFO] CodeEngine:265 - oldGeneratedFile, C:\Users\USERIT\STM32CubeIDE\MAD_Lab\Lab_07_latest\MXTmpFiles\cortex.tmp_save
2025-09-16 11:49:37,998 [INFO] CodeEngine:289 - Generated code: C:\Users\USERIT\STM32CubeIDE\MAD_Lab\Lab_07_latest\MXTmpFiles\cortex.tmp
2025-09-16 11:49:38,045 [INFO] CodeEngine:265 - oldGeneratedFile, C:\Users\USERIT\STM32CubeIDE\MAD_Lab\Lab_07_latest\Core\Src\stm32f7xx_it.c_save
2025-09-16 11:49:38,367 [INFO] CodeEngine:289 - Generated code: C:\Users\USERIT\STM32CubeIDE\MAD_Lab\Lab_07_latest\Core\Src\stm32f7xx_it.c
2025-09-16 11:49:38,390 [INFO] CodeEngine:265 - oldGeneratedFile, C:\Users\USERIT\STM32CubeIDE\MAD_Lab\Lab_07_latest\Core\Inc\stm32f7xx_it.h_save
2025-09-16 11:49:38,525 [INFO] CodeEngine:289 - Generated code: C:\Users\USERIT\STM32CubeIDE\MAD_Lab\Lab_07_latest\Core\Inc\stm32f7xx_it.h
2025-09-16 11:49:38,561 [INFO] CodeEngine:265 - oldGeneratedFile, C:\Users\USERIT\STM32CubeIDE\MAD_Lab\Lab_07_latest\Core\Src\stm32f7xx_hal_msp.c_save
2025-09-16 11:49:38,921 [INFO] CodeEngine:289 - Generated code: C:\Users\USERIT\STM32CubeIDE\MAD_Lab\Lab_07_latest\Core\Src\stm32f7xx_hal_msp.c
2025-09-16 11:49:38,939 [INFO] CodeEngine:265 - oldGeneratedFile, C:\Users\USERIT\STM32CubeIDE\MAD_Lab\Lab_07_latest\MXTmpFiles\system.tmp_save
2025-09-16 11:49:39,015 [INFO] CodeEngine:289 - Generated code: C:\Users\USERIT\STM32CubeIDE\MAD_Lab\Lab_07_latest\MXTmpFiles\system.tmp
2025-09-16 11:49:39,045 [INFO] CodeEngine:321 - oldGeneratedFile, C:\Users\USERIT\STM32CubeIDE\MAD_Lab\Lab_07_latest\Core\Inc\stm32f7xx_hal_conf.h_save
2025-09-16 11:49:39,206 [INFO] CodeEngine:345 - Generated code: C:\Users\USERIT\STM32CubeIDE\MAD_Lab\Lab_07_latest\Core\Inc\stm32f7xx_hal_conf.h
2025-09-16 11:49:39,290 [INFO] ApiDbMcu:532 - Load IP Config File for ETH
2025-09-16 11:49:39,299 [INFO] ApiDbMcu:532 - Load IP Config File for USART3
2025-09-16 11:49:39,304 [INFO] ApiDbMcu:532 - Load IP Config File for USB_OTG_FS
2025-09-16 11:49:39,312 [INFO] ApiDbMcu:532 - Load IP Config File for RCC
2025-09-16 11:49:39,317 [WARN] IPConfigManager:3811 - IP not found : USB_OTG
2025-09-16 11:49:39,319 [WARN] CodeGenerator:4259 - IP not found : null
2025-09-16 11:49:39,334 [INFO] CodeEngine:265 - oldGeneratedFile, C:\Users\USERIT\STM32CubeIDE\MAD_Lab\Lab_07_latest\Core\Inc\main.h_save
2025-09-16 11:49:39,664 [INFO] CodeEngine:289 - Generated code: C:\Users\USERIT\STM32CubeIDE\MAD_Lab\Lab_07_latest\Core\Inc\main.h
2025-09-16 11:49:39,684 [INFO] CodeEngine:265 - oldGeneratedFile, C:\Users\USERIT\STM32CubeIDE\MAD_Lab\Lab_07_latest\Core\Src\main.c_save
2025-09-16 11:49:39,849 [INFO] CodeEngine:289 - Generated code: C:\Users\USERIT\STM32CubeIDE\MAD_Lab\Lab_07_latest\Core\Src\main.c
2025-09-16 11:49:40,335 [INFO] ProjectBuilder:3606 - Time for Copy HAL[1] : 188mS.
2025-09-16 11:49:40,343 [INFO] ProjectBuilder:5216 - Project Generator version: 4.7.0-B52
2025-09-16 11:49:40,505 [INFO] ConfigFileManager:1595 - The Die is : DIE451
2025-09-16 11:49:40,525 [INFO] ApiDbMcu:532 - Load IP Config File for FATFS
2025-09-16 11:49:40,540 [INFO] ApiDbMcu:532 - Load IP Config File for FREERTOS
2025-09-16 11:49:40,553 [INFO] ApiDbMcu:532 - Load IP Config File for LIBJPEG
2025-09-16 11:49:40,573 [INFO] ApiDbMcu:532 - Load IP Config File for LWIP
2025-09-16 11:49:40,637 [INFO] ApiDbMcu:532 - Load IP Config File for MBEDTLS
2025-09-16 11:49:40,853 [INFO] ApiDbMcu:532 - Load IP Config File for USB_DEVICE
2025-09-16 11:49:40,895 [INFO] ApiDbMcu:532 - Load IP Config File for USB_HOST
2025-09-16 11:49:42,111 [INFO] LogOutputStream:77 - [STDOUT_REDIRECT] 
2025-09-16 11:49:47,144 [INFO] ProjectBuilder:5496 - Time for Generating toolchain IDE Files: 6800mS.
2025-09-16 11:49:47,145 [INFO] ProjectBuilder:3463 - Time for Copy CMSIS : 0mS.
2025-09-16 11:49:47,148 [INFO] ProjectBuilder:3463 - Time for Copy CMSIS : 0mS.
2025-09-16 11:49:48,697 [INFO] McuFinderGlobals:76 - Set McuFinderConnectedMode to true
2025-09-16 11:49:48,701 [INFO] ApiDb:448 - Save user favorites file C:\Users\USERIT/.stm32cubeide/favorites.mcus.txt: 1 item(s)
2025-09-16 11:49:48,702 [INFO] ApiDb:452 - User favorites MCUs=[STM32F767ZIT6]
2025-09-16 11:49:48,707 [INFO] ApiDb:448 - Save user favorites file C:\Users\USERIT/.stm32cubeide/favorites.boards.txt: 1 item(s)
2025-09-16 11:49:48,707 [INFO] ApiDb:452 - User favorites Boards=[NUCLEO-F767ZI]
2025-09-16 11:51:18,156 [INFO] NvicIntPanel:101 - NVIC parent = com.st.microxplorer.plugins.ip.nvic.MultiNvicIntPanel[,0,0,0x0,invalid,layout=javax.swing.BoxLayout,alignmentX=0.0,alignmentY=0.0,border=,flags=9,maximumSize=,minimumSize=,preferredSize=]
2025-09-16 11:51:43,888 [INFO] NvicIntPanel:101 - NVIC parent = com.st.microxplorer.plugins.ip.nvic.MultiNvicIntPanel[,0,0,0x0,invalid,layout=javax.swing.BoxLayout,alignmentX=0.0,alignmentY=0.0,border=,flags=9,maximumSize=,minimumSize=,preferredSize=]
2025-09-16 11:51:58,101 [INFO] UtilMem:75 - End SaveConfig() Used Memory: 933804200 Bytes (1073741824)
2025-09-16 11:51:58,862 [INFO] UtilMem:75 - End SaveConfig() Used Memory: 659360872 Bytes (1073741824)
2025-09-16 11:51:59,308 [INFO] BlockDiagram:2775 - set Specific Code input for plugin: TIM1_8F77
2025-09-16 11:51:59,309 [INFO] BlockDiagram:2775 - set Specific Code input for plugin: SYS
2025-09-16 11:51:59,309 [INFO] BlockDiagram:2775 - set Specific Code input for plugin: RCC
2025-09-16 11:51:59,309 [INFO] BlockDiagram:2775 - set Specific Code input for plugin: USB_OTG_FS
2025-09-16 11:51:59,309 [INFO] BlockDiagram:2775 - set Specific Code input for plugin: NVIC
2025-09-16 11:51:59,310 [INFO] BlockDiagram:2775 - set Specific Code input for plugin: USART
2025-09-16 11:51:59,311 [INFO] BlockDiagram:2775 - set Specific Code input for plugin: GPIO
2025-09-16 11:51:59,311 [INFO] BlockDiagram:2775 - set Specific Code input for plugin: ETH
2025-09-16 11:51:59,314 [INFO] CodeGenerator:892 - code generatio: config db path: C:\ST\STM32CubeIDE_1.19.0\STM32CubeIDE\plugins\com.st.stm32cube.common.mx_6.15.0.202507011659\\db\
2025-09-16 11:51:59,318 [WARN] IP:2250 - Warning not found: check if there is a RefParameter without a condition.
2025-09-16 11:51:59,318 [WARN] IP:2250 - RxBufferAddress not found: check if there is a RefParameter without a condition.
2025-09-16 11:51:59,319 [WARN] IP:2250 - DESC_SIZE_UNIT not found: check if there is a RefParameter without a condition.
2025-09-16 11:51:59,445 [INFO] CodeEngine:265 - oldGeneratedFile, C:\Users\USERIT\STM32CubeIDE\MAD_Lab\Lab_07_latest\MXTmpFiles\license.tmp_save
2025-09-16 11:51:59,565 [INFO] CodeEngine:289 - Generated code: C:\Users\USERIT\STM32CubeIDE\MAD_Lab\Lab_07_latest\MXTmpFiles\license.tmp
2025-09-16 11:51:59,651 [INFO] CodeEngine:265 - oldGeneratedFile, C:\Users\USERIT\STM32CubeIDE\MAD_Lab\Lab_07_latest\MXTmpFiles\gpio.tmp_save
2025-09-16 11:51:59,769 [INFO] CodeEngine:289 - Generated code: C:\Users\USERIT\STM32CubeIDE\MAD_Lab\Lab_07_latest\MXTmpFiles\gpio.tmp
2025-09-16 11:52:00,260 [WARN] IPConfigManager:3238 - Warning: the RefConfig PWREx_EnableUSBVoltageDetector is not available in your config.xml file
2025-09-16 11:52:00,274 [INFO] CodeEngine:265 - oldGeneratedFile, C:\Users\USERIT\STM32CubeIDE\MAD_Lab\Lab_07_latest\MXTmpFiles\cortex.tmp_save
2025-09-16 11:52:00,387 [INFO] CodeEngine:289 - Generated code: C:\Users\USERIT\STM32CubeIDE\MAD_Lab\Lab_07_latest\MXTmpFiles\cortex.tmp
2025-09-16 11:52:00,407 [INFO] CodeEngine:265 - oldGeneratedFile, C:\Users\USERIT\STM32CubeIDE\MAD_Lab\Lab_07_latest\Core\Src\stm32f7xx_it.c_save
2025-09-16 11:52:00,508 [INFO] CodeEngine:289 - Generated code: C:\Users\USERIT\STM32CubeIDE\MAD_Lab\Lab_07_latest\Core\Src\stm32f7xx_it.c
2025-09-16 11:52:00,516 [INFO] CodeEngine:265 - oldGeneratedFile, C:\Users\USERIT\STM32CubeIDE\MAD_Lab\Lab_07_latest\Core\Inc\stm32f7xx_it.h_save
2025-09-16 11:52:00,570 [INFO] CodeEngine:289 - Generated code: C:\Users\USERIT\STM32CubeIDE\MAD_Lab\Lab_07_latest\Core\Inc\stm32f7xx_it.h
2025-09-16 11:52:00,586 [INFO] CodeEngine:265 - oldGeneratedFile, C:\Users\USERIT\STM32CubeIDE\MAD_Lab\Lab_07_latest\Core\Src\stm32f7xx_hal_msp.c_save
2025-09-16 11:52:00,786 [INFO] CodeEngine:289 - Generated code: C:\Users\USERIT\STM32CubeIDE\MAD_Lab\Lab_07_latest\Core\Src\stm32f7xx_hal_msp.c
2025-09-16 11:52:00,794 [INFO] CodeEngine:265 - oldGeneratedFile, C:\Users\USERIT\STM32CubeIDE\MAD_Lab\Lab_07_latest\MXTmpFiles\system.tmp_save
2025-09-16 11:52:00,849 [INFO] CodeEngine:289 - Generated code: C:\Users\USERIT\STM32CubeIDE\MAD_Lab\Lab_07_latest\MXTmpFiles\system.tmp
2025-09-16 11:52:00,863 [INFO] CodeEngine:321 - oldGeneratedFile, C:\Users\USERIT\STM32CubeIDE\MAD_Lab\Lab_07_latest\Core\Inc\stm32f7xx_hal_conf.h_save
2025-09-16 11:52:01,038 [INFO] CodeEngine:345 - Generated code: C:\Users\USERIT\STM32CubeIDE\MAD_Lab\Lab_07_latest\Core\Inc\stm32f7xx_hal_conf.h
2025-09-16 11:52:01,088 [INFO] ApiDbMcu:532 - Load IP Config File for TIM2
2025-09-16 11:52:01,091 [WARN] IPConfigManager:3811 - IP not found : TIM
2025-09-16 11:52:01,091 [WARN] IPConfigManager:3811 - IP not found : USB_OTG
2025-09-16 11:52:01,091 [WARN] CodeGenerator:4259 - IP not found : null
2025-09-16 11:52:01,092 [WARN] CodeGenerator:4259 - IP not found : null
2025-09-16 11:52:01,102 [INFO] CodeEngine:265 - oldGeneratedFile, C:\Users\USERIT\STM32CubeIDE\MAD_Lab\Lab_07_latest\Core\Inc\main.h_save
2025-09-16 11:52:01,236 [INFO] CodeEngine:289 - Generated code: C:\Users\USERIT\STM32CubeIDE\MAD_Lab\Lab_07_latest\Core\Inc\main.h
2025-09-16 11:52:01,242 [INFO] CodeEngine:265 - oldGeneratedFile, C:\Users\USERIT\STM32CubeIDE\MAD_Lab\Lab_07_latest\Core\Src\main.c_save
2025-09-16 11:52:01,368 [INFO] CodeEngine:289 - Generated code: C:\Users\USERIT\STM32CubeIDE\MAD_Lab\Lab_07_latest\Core\Src\main.c
2025-09-16 11:52:01,725 [INFO] ProjectBuilder:3606 - Time for Copy HAL[1] : 159mS.
2025-09-16 11:52:01,729 [INFO] ProjectBuilder:5216 - Project Generator version: 4.7.0-B52
2025-09-16 11:52:01,818 [INFO] ConfigFileManager:1595 - The Die is : DIE451
2025-09-16 11:52:03,203 [INFO] ProjectBuilder:5496 - Time for Generating toolchain IDE Files: 1473mS.
2025-09-16 11:52:03,204 [INFO] ProjectBuilder:3463 - Time for Copy CMSIS : 1mS.
2025-09-16 11:52:03,206 [INFO] ProjectBuilder:3463 - Time for Copy CMSIS : 0mS.
2025-09-16 11:53:05,182 [WARN] IP:2250 - Warning not found: check if there is a RefParameter without a condition.
2025-09-16 11:53:05,183 [WARN] IP:2250 - RxBufferAddress not found: check if there is a RefParameter without a condition.
2025-09-16 11:53:05,184 [WARN] IP:2250 - DESC_SIZE_UNIT not found: check if there is a RefParameter without a condition.
2025-09-16 11:53:05,185 [WARN] IP:2250 - Warning not found: check if there is a RefParameter without a condition.
2025-09-16 11:53:05,185 [WARN] IP:2250 - RxBufferAddress not found: check if there is a RefParameter without a condition.
2025-09-16 11:53:05,185 [WARN] IP:2250 - DESC_SIZE_UNIT not found: check if there is a RefParameter without a condition.
2025-09-16 11:53:05,528 [WARN] IP:2250 - Warning not found: check if there is a RefParameter without a condition.
2025-09-16 11:53:05,528 [WARN] IP:2250 - RxBufferAddress not found: check if there is a RefParameter without a condition.
2025-09-16 11:53:05,528 [WARN] IP:2250 - DESC_SIZE_UNIT not found: check if there is a RefParameter without a condition.
2025-09-16 11:53:05,528 [WARN] IP:2250 - Warning not found: check if there is a RefParameter without a condition.
2025-09-16 11:53:05,528 [WARN] IP:2250 - RxBufferAddress not found: check if there is a RefParameter without a condition.
2025-09-16 11:53:05,529 [WARN] IP:2250 - DESC_SIZE_UNIT not found: check if there is a RefParameter without a condition.
2025-09-16 11:53:05,729 [WARN] IP:2250 - Warning not found: check if there is a RefParameter without a condition.
2025-09-16 11:53:05,729 [WARN] IP:2250 - RxBufferAddress not found: check if there is a RefParameter without a condition.
2025-09-16 11:53:05,729 [WARN] IP:2250 - DESC_SIZE_UNIT not found: check if there is a RefParameter without a condition.
2025-09-16 11:53:05,729 [WARN] IP:2250 - Warning not found: check if there is a RefParameter without a condition.
2025-09-16 11:53:05,729 [WARN] IP:2250 - RxBufferAddress not found: check if there is a RefParameter without a condition.
2025-09-16 11:53:05,730 [WARN] IP:2250 - DESC_SIZE_UNIT not found: check if there is a RefParameter without a condition.
2025-09-16 11:53:11,630 [INFO] UtilMem:75 - End SaveConfig() Used Memory: 750619360 Bytes (1073741824)
2025-09-16 11:53:12,161 [INFO] UtilMem:75 - End SaveConfig() Used Memory: 794200600 Bytes (1073741824)
2025-09-16 11:53:12,435 [INFO] BlockDiagram:2775 - set Specific Code input for plugin: TIM1_8F77
2025-09-16 11:53:12,435 [INFO] BlockDiagram:2775 - set Specific Code input for plugin: SYS
2025-09-16 11:53:12,435 [INFO] BlockDiagram:2775 - set Specific Code input for plugin: RCC
2025-09-16 11:53:12,435 [INFO] BlockDiagram:2775 - set Specific Code input for plugin: USB_OTG_FS
2025-09-16 11:53:12,435 [INFO] BlockDiagram:2775 - set Specific Code input for plugin: NVIC
2025-09-16 11:53:12,435 [INFO] BlockDiagram:2775 - set Specific Code input for plugin: USART
2025-09-16 11:53:12,436 [INFO] BlockDiagram:2775 - set Specific Code input for plugin: GPIO
2025-09-16 11:53:12,436 [INFO] BlockDiagram:2775 - set Specific Code input for plugin: ETH
2025-09-16 11:53:12,438 [INFO] CodeGenerator:892 - code generatio: config db path: C:\ST\STM32CubeIDE_1.19.0\STM32CubeIDE\plugins\com.st.stm32cube.common.mx_6.15.0.202507011659\\db\
2025-09-16 11:53:12,445 [WARN] IP:2250 - Warning not found: check if there is a RefParameter without a condition.
2025-09-16 11:53:12,445 [WARN] IP:2250 - RxBufferAddress not found: check if there is a RefParameter without a condition.
2025-09-16 11:53:12,445 [WARN] IP:2250 - DESC_SIZE_UNIT not found: check if there is a RefParameter without a condition.
2025-09-16 11:53:12,603 [INFO] CodeEngine:265 - oldGeneratedFile, C:\Users\USERIT\STM32CubeIDE\MAD_Lab\Lab_07_latest\MXTmpFiles\license.tmp_save
2025-09-16 11:53:12,695 [INFO] CodeEngine:289 - Generated code: C:\Users\USERIT\STM32CubeIDE\MAD_Lab\Lab_07_latest\MXTmpFiles\license.tmp
2025-09-16 11:53:12,762 [INFO] CodeEngine:265 - oldGeneratedFile, C:\Users\USERIT\STM32CubeIDE\MAD_Lab\Lab_07_latest\Core\Src\gpio.c_save
2025-09-16 11:53:12,876 [INFO] CodeEngine:289 - Generated code: C:\Users\USERIT\STM32CubeIDE\MAD_Lab\Lab_07_latest\Core\Src\gpio.c
2025-09-16 11:53:12,890 [INFO] CodeEngine:265 - oldGeneratedFile, C:\Users\USERIT\STM32CubeIDE\MAD_Lab\Lab_07_latest\Core\Inc\gpio.h_save
2025-09-16 11:53:12,979 [INFO] CodeEngine:289 - Generated code: C:\Users\USERIT\STM32CubeIDE\MAD_Lab\Lab_07_latest\Core\Inc\gpio.h
2025-09-16 11:53:13,282 [WARN] IPConfigManager:3238 - Warning: the RefConfig PWREx_EnableUSBVoltageDetector is not available in your config.xml file
2025-09-16 11:53:13,297 [INFO] CodeEngine:265 - oldGeneratedFile, C:\Users\USERIT\STM32CubeIDE\MAD_Lab\Lab_07_latest\MXTmpFiles\cortex.tmp_save
2025-09-16 11:53:13,395 [INFO] CodeEngine:289 - Generated code: C:\Users\USERIT\STM32CubeIDE\MAD_Lab\Lab_07_latest\MXTmpFiles\cortex.tmp
2025-09-16 11:53:13,417 [INFO] CodeEngine:265 - oldGeneratedFile, C:\Users\USERIT\STM32CubeIDE\MAD_Lab\Lab_07_latest\Core\Src\eth.c_save
2025-09-16 11:53:13,563 [INFO] CodeEngine:289 - Generated code: C:\Users\USERIT\STM32CubeIDE\MAD_Lab\Lab_07_latest\Core\Src\eth.c
2025-09-16 11:53:13,578 [INFO] CodeEngine:265 - oldGeneratedFile, C:\Users\USERIT\STM32CubeIDE\MAD_Lab\Lab_07_latest\Core\Inc\eth.h_save
2025-09-16 11:53:13,650 [INFO] CodeEngine:289 - Generated code: C:\Users\USERIT\STM32CubeIDE\MAD_Lab\Lab_07_latest\Core\Inc\eth.h
2025-09-16 11:53:13,668 [INFO] CodeEngine:265 - oldGeneratedFile, C:\Users\USERIT\STM32CubeIDE\MAD_Lab\Lab_07_latest\Core\Src\tim.c_save
2025-09-16 11:53:13,796 [INFO] CodeEngine:289 - Generated code: C:\Users\USERIT\STM32CubeIDE\MAD_Lab\Lab_07_latest\Core\Src\tim.c
2025-09-16 11:53:13,810 [INFO] CodeEngine:265 - oldGeneratedFile, C:\Users\USERIT\STM32CubeIDE\MAD_Lab\Lab_07_latest\Core\Inc\tim.h_save
2025-09-16 11:53:13,899 [INFO] CodeEngine:289 - Generated code: C:\Users\USERIT\STM32CubeIDE\MAD_Lab\Lab_07_latest\Core\Inc\tim.h
2025-09-16 11:53:13,921 [INFO] CodeEngine:265 - oldGeneratedFile, C:\Users\USERIT\STM32CubeIDE\MAD_Lab\Lab_07_latest\Core\Src\usart.c_save
2025-09-16 11:53:14,073 [INFO] CodeEngine:289 - Generated code: C:\Users\USERIT\STM32CubeIDE\MAD_Lab\Lab_07_latest\Core\Src\usart.c
2025-09-16 11:53:14,087 [INFO] CodeEngine:265 - oldGeneratedFile, C:\Users\USERIT\STM32CubeIDE\MAD_Lab\Lab_07_latest\Core\Inc\usart.h_save
2025-09-16 11:53:14,165 [INFO] CodeEngine:289 - Generated code: C:\Users\USERIT\STM32CubeIDE\MAD_Lab\Lab_07_latest\Core\Inc\usart.h
2025-09-16 11:53:14,188 [INFO] CodeEngine:265 - oldGeneratedFile, C:\Users\USERIT\STM32CubeIDE\MAD_Lab\Lab_07_latest\Core\Src\usb_otg.c_save
2025-09-16 11:53:14,355 [INFO] CodeEngine:289 - Generated code: C:\Users\USERIT\STM32CubeIDE\MAD_Lab\Lab_07_latest\Core\Src\usb_otg.c
2025-09-16 11:53:14,370 [INFO] CodeEngine:265 - oldGeneratedFile, C:\Users\USERIT\STM32CubeIDE\MAD_Lab\Lab_07_latest\Core\Inc\usb_otg.h_save
2025-09-16 11:53:14,448 [INFO] CodeEngine:289 - Generated code: C:\Users\USERIT\STM32CubeIDE\MAD_Lab\Lab_07_latest\Core\Inc\usb_otg.h
2025-09-16 11:53:14,475 [INFO] CodeEngine:265 - oldGeneratedFile, C:\Users\USERIT\STM32CubeIDE\MAD_Lab\Lab_07_latest\Core\Src\stm32f7xx_it.c_save
2025-09-16 11:53:14,577 [INFO] CodeEngine:289 - Generated code: C:\Users\USERIT\STM32CubeIDE\MAD_Lab\Lab_07_latest\Core\Src\stm32f7xx_it.c
2025-09-16 11:53:14,583 [INFO] CodeEngine:265 - oldGeneratedFile, C:\Users\USERIT\STM32CubeIDE\MAD_Lab\Lab_07_latest\Core\Inc\stm32f7xx_it.h_save
2025-09-16 11:53:14,632 [INFO] CodeEngine:289 - Generated code: C:\Users\USERIT\STM32CubeIDE\MAD_Lab\Lab_07_latest\Core\Inc\stm32f7xx_it.h
2025-09-16 11:53:14,646 [INFO] CodeEngine:265 - oldGeneratedFile, C:\Users\USERIT\STM32CubeIDE\MAD_Lab\Lab_07_latest\Core\Src\stm32f7xx_hal_msp.c_save
2025-09-16 11:53:14,789 [INFO] CodeEngine:289 - Generated code: C:\Users\USERIT\STM32CubeIDE\MAD_Lab\Lab_07_latest\Core\Src\stm32f7xx_hal_msp.c
2025-09-16 11:53:14,793 [INFO] CodeEngine:265 - oldGeneratedFile, C:\Users\USERIT\STM32CubeIDE\MAD_Lab\Lab_07_latest\MXTmpFiles\system.tmp_save
2025-09-16 11:53:14,839 [INFO] CodeEngine:289 - Generated code: C:\Users\USERIT\STM32CubeIDE\MAD_Lab\Lab_07_latest\MXTmpFiles\system.tmp
2025-09-16 11:53:14,850 [INFO] CodeEngine:321 - oldGeneratedFile, C:\Users\USERIT\STM32CubeIDE\MAD_Lab\Lab_07_latest\Core\Inc\stm32f7xx_hal_conf.h_save
2025-09-16 11:53:14,973 [INFO] CodeEngine:345 - Generated code: C:\Users\USERIT\STM32CubeIDE\MAD_Lab\Lab_07_latest\Core\Inc\stm32f7xx_hal_conf.h
2025-09-16 11:53:15,005 [INFO] CodeEngine:265 - oldGeneratedFile, C:\Users\USERIT\STM32CubeIDE\MAD_Lab\Lab_07_latest\Core\Inc\main.h_save
2025-09-16 11:53:15,122 [INFO] CodeEngine:289 - Generated code: C:\Users\USERIT\STM32CubeIDE\MAD_Lab\Lab_07_latest\Core\Inc\main.h
2025-09-16 11:53:15,130 [INFO] CodeEngine:265 - oldGeneratedFile, C:\Users\USERIT\STM32CubeIDE\MAD_Lab\Lab_07_latest\Core\Src\main.c_save
2025-09-16 11:53:15,242 [INFO] CodeEngine:289 - Generated code: C:\Users\USERIT\STM32CubeIDE\MAD_Lab\Lab_07_latest\Core\Src\main.c
2025-09-16 11:53:15,528 [INFO] ProjectBuilder:3606 - Time for Copy HAL[1] : 143mS.
2025-09-16 11:53:15,532 [INFO] ProjectBuilder:5216 - Project Generator version: 4.7.0-B52
2025-09-16 11:53:15,597 [INFO] ConfigFileManager:1595 - The Die is : DIE451
2025-09-16 11:53:16,397 [INFO] ProjectBuilder:5496 - Time for Generating toolchain IDE Files: 865mS.
2025-09-16 11:53:16,398 [INFO] ProjectBuilder:3463 - Time for Copy CMSIS : 1mS.
2025-09-16 11:53:16,401 [INFO] ProjectBuilder:3463 - Time for Copy CMSIS : 0mS.
2025-09-16 12:39:03,584 [WARN] IP:2250 - Warning not found: check if there is a RefParameter without a condition.
2025-09-16 12:39:03,585 [WARN] IP:2250 - RxBufferAddress not found: check if there is a RefParameter without a condition.
2025-09-16 12:39:03,586 [WARN] IP:2250 - DESC_SIZE_UNIT not found: check if there is a RefParameter without a condition.
2025-09-16 12:39:03,587 [WARN] IP:2250 - Warning not found: check if there is a RefParameter without a condition.
2025-09-16 12:39:03,588 [WARN] IP:2250 - RxBufferAddress not found: check if there is a RefParameter without a condition.
2025-09-16 12:39:03,588 [WARN] IP:2250 - DESC_SIZE_UNIT not found: check if there is a RefParameter without a condition.
2025-09-16 12:39:03,709 [WARN] IP:2250 - Warning not found: check if there is a RefParameter without a condition.
2025-09-16 12:39:03,710 [WARN] IP:2250 - RxBufferAddress not found: check if there is a RefParameter without a condition.
2025-09-16 12:39:03,711 [WARN] IP:2250 - DESC_SIZE_UNIT not found: check if there is a RefParameter without a condition.
2025-09-16 12:39:03,810 [WARN] IP:2250 - Warning not found: check if there is a RefParameter without a condition.
2025-09-16 12:39:03,810 [WARN] IP:2250 - RxBufferAddress not found: check if there is a RefParameter without a condition.
2025-09-16 12:39:03,810 [WARN] IP:2250 - DESC_SIZE_UNIT not found: check if there is a RefParameter without a condition.
2025-09-16 12:39:40,260 [WARN] IP:2250 - Warning not found: check if there is a RefParameter without a condition.
2025-09-16 12:39:40,260 [WARN] IP:2250 - RxBufferAddress not found: check if there is a RefParameter without a condition.
2025-09-16 12:39:40,261 [WARN] IP:2250 - DESC_SIZE_UNIT not found: check if there is a RefParameter without a condition.
2025-09-16 12:39:40,261 [WARN] IP:2250 - Warning not found: check if there is a RefParameter without a condition.
2025-09-16 12:39:40,261 [WARN] IP:2250 - RxBufferAddress not found: check if there is a RefParameter without a condition.
2025-09-16 12:39:40,262 [WARN] IP:2250 - DESC_SIZE_UNIT not found: check if there is a RefParameter without a condition.
2025-09-16 12:39:40,368 [WARN] IP:2250 - Warning not found: check if there is a RefParameter without a condition.
2025-09-16 12:39:40,369 [WARN] IP:2250 - RxBufferAddress not found: check if there is a RefParameter without a condition.
2025-09-16 12:39:40,370 [WARN] IP:2250 - DESC_SIZE_UNIT not found: check if there is a RefParameter without a condition.
2025-09-16 12:39:40,477 [WARN] IP:2250 - Warning not found: check if there is a RefParameter without a condition.
2025-09-16 12:39:40,477 [WARN] IP:2250 - RxBufferAddress not found: check if there is a RefParameter without a condition.
2025-09-16 12:39:40,478 [WARN] IP:2250 - DESC_SIZE_UNIT not found: check if there is a RefParameter without a condition.
2025-09-16 12:41:35,540 [INFO] NvicIntPanel:101 - NVIC parent = com.st.microxplorer.plugins.ip.nvic.MultiNvicIntPanel[,0,0,0x0,invalid,layout=javax.swing.BoxLayout,alignmentX=0.0,alignmentY=0.0,border=,flags=9,maximumSize=,minimumSize=,preferredSize=]
2025-09-16 12:41:51,397 [INFO] UtilMem:75 - End SaveConfig() Used Memory: 920971896 Bytes (1073741824)
2025-09-16 12:41:54,529 [INFO] UtilMem:75 - End SaveConfig() Used Memory: 476059056 Bytes (1073741824)
2025-09-16 12:41:55,011 [INFO] BlockDiagram:2775 - set Specific Code input for plugin: TIM1_8F77
2025-09-16 12:41:55,012 [INFO] BlockDiagram:2775 - set Specific Code input for plugin: SYS
2025-09-16 12:41:55,012 [INFO] BlockDiagram:2775 - set Specific Code input for plugin: RCC
2025-09-16 12:41:55,013 [INFO] BlockDiagram:2775 - set Specific Code input for plugin: USB_OTG_FS
2025-09-16 12:41:55,013 [INFO] BlockDiagram:2775 - set Specific Code input for plugin: NVIC
2025-09-16 12:41:55,013 [INFO] BlockDiagram:2775 - set Specific Code input for plugin: USART
2025-09-16 12:41:55,025 [INFO] BlockDiagram:2775 - set Specific Code input for plugin: GPIO
2025-09-16 12:41:55,025 [INFO] BlockDiagram:2775 - set Specific Code input for plugin: ETH
2025-09-16 12:41:55,027 [INFO] CodeGenerator:892 - code generatio: config db path: C:\ST\STM32CubeIDE_1.19.0\STM32CubeIDE\plugins\com.st.stm32cube.common.mx_6.15.0.202507011659\\db\
2025-09-16 12:41:55,036 [WARN] IP:2250 - Warning not found: check if there is a RefParameter without a condition.
2025-09-16 12:41:55,037 [WARN] IP:2250 - RxBufferAddress not found: check if there is a RefParameter without a condition.
2025-09-16 12:41:55,037 [WARN] IP:2250 - DESC_SIZE_UNIT not found: check if there is a RefParameter without a condition.
2025-09-16 12:41:55,259 [INFO] CodeEngine:265 - oldGeneratedFile, C:\Users\USERIT\STM32CubeIDE\MAD_Lab\Lab_07_latest\MXTmpFiles\license.tmp_save
2025-09-16 12:41:55,524 [INFO] CodeEngine:289 - Generated code: C:\Users\USERIT\STM32CubeIDE\MAD_Lab\Lab_07_latest\MXTmpFiles\license.tmp
2025-09-16 12:41:55,631 [INFO] CodeEngine:265 - oldGeneratedFile, C:\Users\USERIT\STM32CubeIDE\MAD_Lab\Lab_07_latest\Core\Src\gpio.c_save
2025-09-16 12:41:55,803 [INFO] CodeEngine:289 - Generated code: C:\Users\USERIT\STM32CubeIDE\MAD_Lab\Lab_07_latest\Core\Src\gpio.c
2025-09-16 12:41:55,814 [INFO] CodeEngine:265 - oldGeneratedFile, C:\Users\USERIT\STM32CubeIDE\MAD_Lab\Lab_07_latest\Core\Inc\gpio.h_save
2025-09-16 12:41:55,903 [INFO] CodeEngine:289 - Generated code: C:\Users\USERIT\STM32CubeIDE\MAD_Lab\Lab_07_latest\Core\Inc\gpio.h
2025-09-16 12:41:56,349 [WARN] IPConfigManager:3238 - Warning: the RefConfig PWREx_EnableUSBVoltageDetector is not available in your config.xml file
2025-09-16 12:41:56,367 [INFO] CodeEngine:265 - oldGeneratedFile, C:\Users\USERIT\STM32CubeIDE\MAD_Lab\Lab_07_latest\MXTmpFiles\cortex.tmp_save
2025-09-16 12:41:56,502 [INFO] CodeEngine:289 - Generated code: C:\Users\USERIT\STM32CubeIDE\MAD_Lab\Lab_07_latest\MXTmpFiles\cortex.tmp
2025-09-16 12:41:56,518 [INFO] CodeEngine:265 - oldGeneratedFile, C:\Users\USERIT\STM32CubeIDE\MAD_Lab\Lab_07_latest\Core\Src\eth.c_save
2025-09-16 12:41:56,703 [INFO] CodeEngine:289 - Generated code: C:\Users\USERIT\STM32CubeIDE\MAD_Lab\Lab_07_latest\Core\Src\eth.c
2025-09-16 12:41:56,711 [INFO] CodeEngine:265 - oldGeneratedFile, C:\Users\USERIT\STM32CubeIDE\MAD_Lab\Lab_07_latest\Core\Inc\eth.h_save
2025-09-16 12:41:56,803 [INFO] CodeEngine:289 - Generated code: C:\Users\USERIT\STM32CubeIDE\MAD_Lab\Lab_07_latest\Core\Inc\eth.h
2025-09-16 12:41:56,822 [INFO] CodeEngine:265 - oldGeneratedFile, C:\Users\USERIT\STM32CubeIDE\MAD_Lab\Lab_07_latest\Core\Src\tim.c_save
2025-09-16 12:41:57,017 [INFO] CodeEngine:289 - Generated code: C:\Users\USERIT\STM32CubeIDE\MAD_Lab\Lab_07_latest\Core\Src\tim.c
2025-09-16 12:41:57,027 [INFO] CodeEngine:265 - oldGeneratedFile, C:\Users\USERIT\STM32CubeIDE\MAD_Lab\Lab_07_latest\Core\Inc\tim.h_save
2025-09-16 12:41:57,089 [INFO] CodeEngine:289 - Generated code: C:\Users\USERIT\STM32CubeIDE\MAD_Lab\Lab_07_latest\Core\Inc\tim.h
2025-09-16 12:41:57,105 [INFO] CodeEngine:265 - oldGeneratedFile, C:\Users\USERIT\STM32CubeIDE\MAD_Lab\Lab_07_latest\Core\Src\usart.c_save
2025-09-16 12:41:57,252 [INFO] CodeEngine:289 - Generated code: C:\Users\USERIT\STM32CubeIDE\MAD_Lab\Lab_07_latest\Core\Src\usart.c
2025-09-16 12:41:57,260 [INFO] CodeEngine:265 - oldGeneratedFile, C:\Users\USERIT\STM32CubeIDE\MAD_Lab\Lab_07_latest\Core\Inc\usart.h_save
2025-09-16 12:41:57,330 [INFO] CodeEngine:289 - Generated code: C:\Users\USERIT\STM32CubeIDE\MAD_Lab\Lab_07_latest\Core\Inc\usart.h
2025-09-16 12:41:57,346 [INFO] CodeEngine:265 - oldGeneratedFile, C:\Users\USERIT\STM32CubeIDE\MAD_Lab\Lab_07_latest\Core\Src\usb_otg.c_save
2025-09-16 12:41:57,485 [INFO] CodeEngine:289 - Generated code: C:\Users\USERIT\STM32CubeIDE\MAD_Lab\Lab_07_latest\Core\Src\usb_otg.c
2025-09-16 12:41:57,492 [INFO] CodeEngine:265 - oldGeneratedFile, C:\Users\USERIT\STM32CubeIDE\MAD_Lab\Lab_07_latest\Core\Inc\usb_otg.h_save
2025-09-16 12:41:57,553 [INFO] CodeEngine:289 - Generated code: C:\Users\USERIT\STM32CubeIDE\MAD_Lab\Lab_07_latest\Core\Inc\usb_otg.h
2025-09-16 12:41:57,571 [INFO] CodeEngine:265 - oldGeneratedFile, C:\Users\USERIT\STM32CubeIDE\MAD_Lab\Lab_07_latest\Core\Src\stm32f7xx_it.c_save
2025-09-16 12:41:57,832 [INFO] CodeEngine:289 - Generated code: C:\Users\USERIT\STM32CubeIDE\MAD_Lab\Lab_07_latest\Core\Src\stm32f7xx_it.c
2025-09-16 12:41:57,840 [INFO] CodeEngine:265 - oldGeneratedFile, C:\Users\USERIT\STM32CubeIDE\MAD_Lab\Lab_07_latest\Core\Inc\stm32f7xx_it.h_save
2025-09-16 12:41:57,905 [INFO] CodeEngine:289 - Generated code: C:\Users\USERIT\STM32CubeIDE\MAD_Lab\Lab_07_latest\Core\Inc\stm32f7xx_it.h
2025-09-16 12:41:57,927 [INFO] CodeEngine:265 - oldGeneratedFile, C:\Users\USERIT\STM32CubeIDE\MAD_Lab\Lab_07_latest\Core\Src\stm32f7xx_hal_msp.c_save
2025-09-16 12:41:58,064 [INFO] CodeEngine:289 - Generated code: C:\Users\USERIT\STM32CubeIDE\MAD_Lab\Lab_07_latest\Core\Src\stm32f7xx_hal_msp.c
2025-09-16 12:41:58,070 [INFO] CodeEngine:265 - oldGeneratedFile, C:\Users\USERIT\STM32CubeIDE\MAD_Lab\Lab_07_latest\MXTmpFiles\system.tmp_save
2025-09-16 12:41:58,127 [INFO] CodeEngine:289 - Generated code: C:\Users\USERIT\STM32CubeIDE\MAD_Lab\Lab_07_latest\MXTmpFiles\system.tmp
2025-09-16 12:41:58,143 [INFO] CodeEngine:321 - oldGeneratedFile, C:\Users\USERIT\STM32CubeIDE\MAD_Lab\Lab_07_latest\Core\Inc\stm32f7xx_hal_conf.h_save
2025-09-16 12:41:58,303 [INFO] CodeEngine:345 - Generated code: C:\Users\USERIT\STM32CubeIDE\MAD_Lab\Lab_07_latest\Core\Inc\stm32f7xx_hal_conf.h
2025-09-16 12:41:58,349 [INFO] CodeEngine:265 - oldGeneratedFile, C:\Users\USERIT\STM32CubeIDE\MAD_Lab\Lab_07_latest\Core\Inc\main.h_save
2025-09-16 12:41:58,493 [INFO] CodeEngine:289 - Generated code: C:\Users\USERIT\STM32CubeIDE\MAD_Lab\Lab_07_latest\Core\Inc\main.h
2025-09-16 12:41:58,501 [INFO] CodeEngine:265 - oldGeneratedFile, C:\Users\USERIT\STM32CubeIDE\MAD_Lab\Lab_07_latest\Core\Src\main.c_save
2025-09-16 12:41:58,604 [INFO] CodeEngine:289 - Generated code: C:\Users\USERIT\STM32CubeIDE\MAD_Lab\Lab_07_latest\Core\Src\main.c
2025-09-16 12:41:58,935 [INFO] ProjectBuilder:3606 - Time for Copy HAL[1] : 170mS.
2025-09-16 12:41:58,939 [INFO] ProjectBuilder:5216 - Project Generator version: 4.7.0-B52
2025-09-16 12:41:59,014 [INFO] ConfigFileManager:1595 - The Die is : DIE451
2025-09-16 12:42:00,273 [INFO] ProjectBuilder:5496 - Time for Generating toolchain IDE Files: 1334mS.
2025-09-16 12:42:00,274 [INFO] ProjectBuilder:3463 - Time for Copy CMSIS : 1mS.
2025-09-16 12:42:00,279 [INFO] ProjectBuilder:3463 - Time for Copy CMSIS : 0mS.
2025-09-16 13:00:33,437 [INFO] NvicIntPanel:101 - NVIC parent = com.st.microxplorer.plugins.ip.nvic.MultiNvicIntPanel[,0,0,0x0,invalid,layout=javax.swing.BoxLayout,alignmentX=0.0,alignmentY=0.0,border=,flags=9,maximumSize=,minimumSize=,preferredSize=]
2025-09-16 13:00:40,178 [INFO] NvicIntPanel:101 - NVIC parent = com.st.microxplorer.plugins.ip.nvic.MultiNvicIntPanel[,0,0,0x0,invalid,layout=javax.swing.BoxLayout,alignmentX=0.0,alignmentY=0.0,border=,flags=9,maximumSize=,minimumSize=,preferredSize=]
2025-09-16 13:00:48,707 [INFO] UtilMem:75 - End SaveConfig() Used Memory: 886737320 Bytes (1073741824)
2025-09-16 13:00:49,314 [INFO] UtilMem:75 - End SaveConfig() Used Memory: 974295464 Bytes (1073741824)
2025-09-16 13:00:50,124 [INFO] BlockDiagram:2775 - set Specific Code input for plugin: TIM1_8F77
2025-09-16 13:00:50,125 [INFO] BlockDiagram:2775 - set Specific Code input for plugin: SYS
2025-09-16 13:00:50,125 [INFO] BlockDiagram:2775 - set Specific Code input for plugin: RCC
2025-09-16 13:00:50,125 [INFO] BlockDiagram:2775 - set Specific Code input for plugin: USB_OTG_FS
2025-09-16 13:00:50,125 [INFO] BlockDiagram:2775 - set Specific Code input for plugin: NVIC
2025-09-16 13:00:50,125 [INFO] BlockDiagram:2775 - set Specific Code input for plugin: USART
2025-09-16 13:00:50,126 [INFO] BlockDiagram:2775 - set Specific Code input for plugin: GPIO
2025-09-16 13:00:50,126 [INFO] BlockDiagram:2775 - set Specific Code input for plugin: ETH
2025-09-16 13:00:50,127 [INFO] CodeGenerator:892 - code generatio: config db path: C:\ST\STM32CubeIDE_1.19.0\STM32CubeIDE\plugins\com.st.stm32cube.common.mx_6.15.0.202507011659\\db\
2025-09-16 13:00:50,132 [WARN] IP:2250 - Warning not found: check if there is a RefParameter without a condition.
2025-09-16 13:00:50,132 [WARN] IP:2250 - RxBufferAddress not found: check if there is a RefParameter without a condition.
2025-09-16 13:00:50,132 [WARN] IP:2250 - DESC_SIZE_UNIT not found: check if there is a RefParameter without a condition.
2025-09-16 13:00:50,286 [INFO] CodeEngine:265 - oldGeneratedFile, C:\Users\USERIT\STM32CubeIDE\MAD_Lab\Lab_07_latest\MXTmpFiles\license.tmp_save
2025-09-16 13:00:50,586 [INFO] CodeEngine:289 - Generated code: C:\Users\USERIT\STM32CubeIDE\MAD_Lab\Lab_07_latest\MXTmpFiles\license.tmp
2025-09-16 13:00:50,686 [INFO] CodeEngine:265 - oldGeneratedFile, C:\Users\USERIT\STM32CubeIDE\MAD_Lab\Lab_07_latest\Core\Src\gpio.c_save
2025-09-16 13:00:50,879 [INFO] CodeEngine:289 - Generated code: C:\Users\USERIT\STM32CubeIDE\MAD_Lab\Lab_07_latest\Core\Src\gpio.c
2025-09-16 13:00:50,889 [INFO] CodeEngine:265 - oldGeneratedFile, C:\Users\USERIT\STM32CubeIDE\MAD_Lab\Lab_07_latest\Core\Inc\gpio.h_save
2025-09-16 13:00:50,987 [INFO] CodeEngine:289 - Generated code: C:\Users\USERIT\STM32CubeIDE\MAD_Lab\Lab_07_latest\Core\Inc\gpio.h
2025-09-16 13:00:51,458 [WARN] IPConfigManager:3238 - Warning: the RefConfig PWREx_EnableUSBVoltageDetector is not available in your config.xml file
2025-09-16 13:00:51,494 [INFO] CodeEngine:265 - oldGeneratedFile, C:\Users\USERIT\STM32CubeIDE\MAD_Lab\Lab_07_latest\MXTmpFiles\cortex.tmp_save
2025-09-16 13:00:51,635 [INFO] CodeEngine:289 - Generated code: C:\Users\USERIT\STM32CubeIDE\MAD_Lab\Lab_07_latest\MXTmpFiles\cortex.tmp
2025-09-16 13:00:51,652 [INFO] CodeEngine:265 - oldGeneratedFile, C:\Users\USERIT\STM32CubeIDE\MAD_Lab\Lab_07_latest\Core\Src\eth.c_save
2025-09-16 13:00:51,841 [INFO] CodeEngine:289 - Generated code: C:\Users\USERIT\STM32CubeIDE\MAD_Lab\Lab_07_latest\Core\Src\eth.c
2025-09-16 13:00:51,849 [INFO] CodeEngine:265 - oldGeneratedFile, C:\Users\USERIT\STM32CubeIDE\MAD_Lab\Lab_07_latest\Core\Inc\eth.h_save
2025-09-16 13:00:51,924 [INFO] CodeEngine:289 - Generated code: C:\Users\USERIT\STM32CubeIDE\MAD_Lab\Lab_07_latest\Core\Inc\eth.h
2025-09-16 13:00:51,941 [INFO] CodeEngine:265 - oldGeneratedFile, C:\Users\USERIT\STM32CubeIDE\MAD_Lab\Lab_07_latest\Core\Src\tim.c_save
2025-09-16 13:00:52,145 [INFO] CodeEngine:289 - Generated code: C:\Users\USERIT\STM32CubeIDE\MAD_Lab\Lab_07_latest\Core\Src\tim.c
2025-09-16 13:00:52,154 [INFO] CodeEngine:265 - oldGeneratedFile, C:\Users\USERIT\STM32CubeIDE\MAD_Lab\Lab_07_latest\Core\Inc\tim.h_save
2025-09-16 13:00:52,223 [INFO] CodeEngine:289 - Generated code: C:\Users\USERIT\STM32CubeIDE\MAD_Lab\Lab_07_latest\Core\Inc\tim.h
2025-09-16 13:00:52,244 [INFO] CodeEngine:265 - oldGeneratedFile, C:\Users\USERIT\STM32CubeIDE\MAD_Lab\Lab_07_latest\Core\Src\usart.c_save
2025-09-16 13:00:52,396 [INFO] CodeEngine:289 - Generated code: C:\Users\USERIT\STM32CubeIDE\MAD_Lab\Lab_07_latest\Core\Src\usart.c
2025-09-16 13:00:52,404 [INFO] CodeEngine:265 - oldGeneratedFile, C:\Users\USERIT\STM32CubeIDE\MAD_Lab\Lab_07_latest\Core\Inc\usart.h_save
2025-09-16 13:00:52,467 [INFO] CodeEngine:289 - Generated code: C:\Users\USERIT\STM32CubeIDE\MAD_Lab\Lab_07_latest\Core\Inc\usart.h
2025-09-16 13:00:52,482 [INFO] CodeEngine:265 - oldGeneratedFile, C:\Users\USERIT\STM32CubeIDE\MAD_Lab\Lab_07_latest\Core\Src\usb_otg.c_save
2025-09-16 13:00:52,622 [INFO] CodeEngine:289 - Generated code: C:\Users\USERIT\STM32CubeIDE\MAD_Lab\Lab_07_latest\Core\Src\usb_otg.c
2025-09-16 13:00:52,630 [INFO] CodeEngine:265 - oldGeneratedFile, C:\Users\USERIT\STM32CubeIDE\MAD_Lab\Lab_07_latest\Core\Inc\usb_otg.h_save
2025-09-16 13:00:52,694 [INFO] CodeEngine:289 - Generated code: C:\Users\USERIT\STM32CubeIDE\MAD_Lab\Lab_07_latest\Core\Inc\usb_otg.h
2025-09-16 13:00:52,712 [INFO] CodeEngine:265 - oldGeneratedFile, C:\Users\USERIT\STM32CubeIDE\MAD_Lab\Lab_07_latest\Core\Src\stm32f7xx_it.c_save
2025-09-16 13:00:52,935 [INFO] CodeEngine:289 - Generated code: C:\Users\USERIT\STM32CubeIDE\MAD_Lab\Lab_07_latest\Core\Src\stm32f7xx_it.c
2025-09-16 13:00:52,942 [INFO] CodeEngine:265 - oldGeneratedFile, C:\Users\USERIT\STM32CubeIDE\MAD_Lab\Lab_07_latest\Core\Inc\stm32f7xx_it.h_save
2025-09-16 13:00:53,002 [INFO] CodeEngine:289 - Generated code: C:\Users\USERIT\STM32CubeIDE\MAD_Lab\Lab_07_latest\Core\Inc\stm32f7xx_it.h
2025-09-16 13:00:53,020 [INFO] CodeEngine:265 - oldGeneratedFile, C:\Users\USERIT\STM32CubeIDE\MAD_Lab\Lab_07_latest\Core\Src\stm32f7xx_hal_msp.c_save
2025-09-16 13:00:53,160 [INFO] CodeEngine:289 - Generated code: C:\Users\USERIT\STM32CubeIDE\MAD_Lab\Lab_07_latest\Core\Src\stm32f7xx_hal_msp.c
2025-09-16 13:00:53,165 [INFO] CodeEngine:265 - oldGeneratedFile, C:\Users\USERIT\STM32CubeIDE\MAD_Lab\Lab_07_latest\MXTmpFiles\system.tmp_save
2025-09-16 13:00:53,223 [INFO] CodeEngine:289 - Generated code: C:\Users\USERIT\STM32CubeIDE\MAD_Lab\Lab_07_latest\MXTmpFiles\system.tmp
2025-09-16 13:00:53,238 [INFO] CodeEngine:321 - oldGeneratedFile, C:\Users\USERIT\STM32CubeIDE\MAD_Lab\Lab_07_latest\Core\Inc\stm32f7xx_hal_conf.h_save
2025-09-16 13:00:53,388 [INFO] CodeEngine:345 - Generated code: C:\Users\USERIT\STM32CubeIDE\MAD_Lab\Lab_07_latest\Core\Inc\stm32f7xx_hal_conf.h
2025-09-16 13:00:53,431 [INFO] CodeEngine:265 - oldGeneratedFile, C:\Users\USERIT\STM32CubeIDE\MAD_Lab\Lab_07_latest\Core\Inc\main.h_save
2025-09-16 13:00:53,551 [INFO] CodeEngine:289 - Generated code: C:\Users\USERIT\STM32CubeIDE\MAD_Lab\Lab_07_latest\Core\Inc\main.h
2025-09-16 13:00:53,559 [INFO] CodeEngine:265 - oldGeneratedFile, C:\Users\USERIT\STM32CubeIDE\MAD_Lab\Lab_07_latest\Core\Src\main.c_save
2025-09-16 13:00:53,659 [INFO] CodeEngine:289 - Generated code: C:\Users\USERIT\STM32CubeIDE\MAD_Lab\Lab_07_latest\Core\Src\main.c
2025-09-16 13:00:53,997 [INFO] ProjectBuilder:3606 - Time for Copy HAL[1] : 168mS.
2025-09-16 13:00:54,000 [INFO] ProjectBuilder:5216 - Project Generator version: 4.7.0-B52
2025-09-16 13:00:54,079 [INFO] ConfigFileManager:1595 - The Die is : DIE451
2025-09-16 13:00:55,154 [INFO] ProjectBuilder:5496 - Time for Generating toolchain IDE Files: 1153mS.
2025-09-16 13:00:55,155 [INFO] ProjectBuilder:3463 - Time for Copy CMSIS : 1mS.
2025-09-16 13:00:55,162 [INFO] ProjectBuilder:3463 - Time for Copy CMSIS : 0mS.
2025-09-16 13:01:25,340 [INFO] NvicIntPanel:101 - NVIC parent = com.st.microxplorer.plugins.ip.nvic.MultiNvicIntPanel[,0,0,0x0,invalid,layout=javax.swing.BoxLayout,alignmentX=0.0,alignmentY=0.0,border=,flags=9,maximumSize=,minimumSize=,preferredSize=]
2025-09-16 13:04:08,395 [INFO] UtilMem:75 - End SaveConfig() Used Memory: 512683264 Bytes (1073741824)
2025-09-16 13:04:08,517 [INFO] UtilMem:75 - End SaveConfig() Used Memory: 540994816 Bytes (1073741824)
2025-09-16 13:04:09,097 [INFO] UtilMem:75 - End SaveConfig() Used Memory: 581889280 Bytes (1073741824)
2025-09-16 13:04:09,380 [INFO] BlockDiagram:2775 - set Specific Code input for plugin: TIM1_8F77
2025-09-16 13:04:09,380 [INFO] BlockDiagram:2775 - set Specific Code input for plugin: SYS
2025-09-16 13:04:09,380 [INFO] BlockDiagram:2775 - set Specific Code input for plugin: RCC
2025-09-16 13:04:09,380 [INFO] BlockDiagram:2775 - set Specific Code input for plugin: USB_OTG_FS
2025-09-16 13:04:09,380 [INFO] BlockDiagram:2775 - set Specific Code input for plugin: NVIC
2025-09-16 13:04:09,380 [INFO] BlockDiagram:2775 - set Specific Code input for plugin: USART
2025-09-16 13:04:09,381 [INFO] BlockDiagram:2775 - set Specific Code input for plugin: GPIO
2025-09-16 13:04:09,382 [INFO] BlockDiagram:2775 - set Specific Code input for plugin: ETH
2025-09-16 13:04:09,383 [INFO] CodeGenerator:892 - code generatio: config db path: C:\ST\STM32CubeIDE_1.19.0\STM32CubeIDE\plugins\com.st.stm32cube.common.mx_6.15.0.202507011659\\db\
2025-09-16 13:04:09,389 [WARN] IP:2250 - Warning not found: check if there is a RefParameter without a condition.
2025-09-16 13:04:09,390 [WARN] IP:2250 - RxBufferAddress not found: check if there is a RefParameter without a condition.
2025-09-16 13:04:09,390 [WARN] IP:2250 - DESC_SIZE_UNIT not found: check if there is a RefParameter without a condition.
2025-09-16 13:04:09,518 [INFO] CodeEngine:265 - oldGeneratedFile, C:\Users\USERIT\STM32CubeIDE\MAD_Lab\Lab_07_latest\MXTmpFiles\license.tmp_save
2025-09-16 13:04:09,621 [INFO] CodeEngine:289 - Generated code: C:\Users\USERIT\STM32CubeIDE\MAD_Lab\Lab_07_latest\MXTmpFiles\license.tmp
2025-09-16 13:04:09,682 [INFO] CodeEngine:265 - oldGeneratedFile, C:\Users\USERIT\STM32CubeIDE\MAD_Lab\Lab_07_latest\Core\Src\gpio.c_save
2025-09-16 13:04:09,803 [INFO] CodeEngine:289 - Generated code: C:\Users\USERIT\STM32CubeIDE\MAD_Lab\Lab_07_latest\Core\Src\gpio.c
2025-09-16 13:04:09,811 [INFO] CodeEngine:265 - oldGeneratedFile, C:\Users\USERIT\STM32CubeIDE\MAD_Lab\Lab_07_latest\Core\Inc\gpio.h_save
2025-09-16 13:04:09,876 [INFO] CodeEngine:289 - Generated code: C:\Users\USERIT\STM32CubeIDE\MAD_Lab\Lab_07_latest\Core\Inc\gpio.h
2025-09-16 13:04:10,275 [WARN] IPConfigManager:3238 - Warning: the RefConfig PWREx_EnableUSBVoltageDetector is not available in your config.xml file
2025-09-16 13:04:10,286 [INFO] CodeEngine:265 - oldGeneratedFile, C:\Users\USERIT\STM32CubeIDE\MAD_Lab\Lab_07_latest\MXTmpFiles\cortex.tmp_save
2025-09-16 13:04:10,385 [INFO] CodeEngine:289 - Generated code: C:\Users\USERIT\STM32CubeIDE\MAD_Lab\Lab_07_latest\MXTmpFiles\cortex.tmp
2025-09-16 13:04:10,397 [INFO] CodeEngine:265 - oldGeneratedFile, C:\Users\USERIT\STM32CubeIDE\MAD_Lab\Lab_07_latest\Core\Src\eth.c_save
2025-09-16 13:04:10,517 [INFO] CodeEngine:289 - Generated code: C:\Users\USERIT\STM32CubeIDE\MAD_Lab\Lab_07_latest\Core\Src\eth.c
2025-09-16 13:04:10,524 [INFO] CodeEngine:265 - oldGeneratedFile, C:\Users\USERIT\STM32CubeIDE\MAD_Lab\Lab_07_latest\Core\Inc\eth.h_save
2025-09-16 13:04:10,579 [INFO] CodeEngine:289 - Generated code: C:\Users\USERIT\STM32CubeIDE\MAD_Lab\Lab_07_latest\Core\Inc\eth.h
2025-09-16 13:04:10,590 [INFO] CodeEngine:265 - oldGeneratedFile, C:\Users\USERIT\STM32CubeIDE\MAD_Lab\Lab_07_latest\Core\Src\tim.c_save
2025-09-16 13:04:10,731 [INFO] CodeEngine:289 - Generated code: C:\Users\USERIT\STM32CubeIDE\MAD_Lab\Lab_07_latest\Core\Src\tim.c
2025-09-16 13:04:10,736 [INFO] CodeEngine:265 - oldGeneratedFile, C:\Users\USERIT\STM32CubeIDE\MAD_Lab\Lab_07_latest\Core\Inc\tim.h_save
2025-09-16 13:04:10,786 [INFO] CodeEngine:289 - Generated code: C:\Users\USERIT\STM32CubeIDE\MAD_Lab\Lab_07_latest\Core\Inc\tim.h
2025-09-16 13:04:10,797 [INFO] CodeEngine:265 - oldGeneratedFile, C:\Users\USERIT\STM32CubeIDE\MAD_Lab\Lab_07_latest\Core\Src\usart.c_save
2025-09-16 13:04:10,905 [INFO] CodeEngine:289 - Generated code: C:\Users\USERIT\STM32CubeIDE\MAD_Lab\Lab_07_latest\Core\Src\usart.c
2025-09-16 13:04:10,911 [INFO] CodeEngine:265 - oldGeneratedFile, C:\Users\USERIT\STM32CubeIDE\MAD_Lab\Lab_07_latest\Core\Inc\usart.h_save
2025-09-16 13:04:10,964 [INFO] CodeEngine:289 - Generated code: C:\Users\USERIT\STM32CubeIDE\MAD_Lab\Lab_07_latest\Core\Inc\usart.h
2025-09-16 13:04:10,977 [INFO] CodeEngine:265 - oldGeneratedFile, C:\Users\USERIT\STM32CubeIDE\MAD_Lab\Lab_07_latest\Core\Src\usb_otg.c_save
2025-09-16 13:04:11,090 [INFO] CodeEngine:289 - Generated code: C:\Users\USERIT\STM32CubeIDE\MAD_Lab\Lab_07_latest\Core\Src\usb_otg.c
2025-09-16 13:04:11,096 [INFO] CodeEngine:265 - oldGeneratedFile, C:\Users\USERIT\STM32CubeIDE\MAD_Lab\Lab_07_latest\Core\Inc\usb_otg.h_save
2025-09-16 13:04:11,145 [INFO] CodeEngine:289 - Generated code: C:\Users\USERIT\STM32CubeIDE\MAD_Lab\Lab_07_latest\Core\Inc\usb_otg.h
2025-09-16 13:04:11,158 [INFO] CodeEngine:265 - oldGeneratedFile, C:\Users\USERIT\STM32CubeIDE\MAD_Lab\Lab_07_latest\Core\Src\stm32f7xx_it.c_save
2025-09-16 13:04:11,256 [INFO] CodeEngine:289 - Generated code: C:\Users\USERIT\STM32CubeIDE\MAD_Lab\Lab_07_latest\Core\Src\stm32f7xx_it.c
2025-09-16 13:04:11,262 [INFO] CodeEngine:265 - oldGeneratedFile, C:\Users\USERIT\STM32CubeIDE\MAD_Lab\Lab_07_latest\Core\Inc\stm32f7xx_it.h_save
2025-09-16 13:04:11,312 [INFO] CodeEngine:289 - Generated code: C:\Users\USERIT\STM32CubeIDE\MAD_Lab\Lab_07_latest\Core\Inc\stm32f7xx_it.h
2025-09-16 13:04:11,326 [INFO] CodeEngine:265 - oldGeneratedFile, C:\Users\USERIT\STM32CubeIDE\MAD_Lab\Lab_07_latest\Core\Src\stm32f7xx_hal_msp.c_save
2025-09-16 13:04:11,437 [INFO] CodeEngine:289 - Generated code: C:\Users\USERIT\STM32CubeIDE\MAD_Lab\Lab_07_latest\Core\Src\stm32f7xx_hal_msp.c
2025-09-16 13:04:11,441 [INFO] CodeEngine:265 - oldGeneratedFile, C:\Users\USERIT\STM32CubeIDE\MAD_Lab\Lab_07_latest\MXTmpFiles\system.tmp_save
2025-09-16 13:04:11,486 [INFO] CodeEngine:289 - Generated code: C:\Users\USERIT\STM32CubeIDE\MAD_Lab\Lab_07_latest\MXTmpFiles\system.tmp
2025-09-16 13:04:11,497 [INFO] CodeEngine:321 - oldGeneratedFile, C:\Users\USERIT\STM32CubeIDE\MAD_Lab\Lab_07_latest\Core\Inc\stm32f7xx_hal_conf.h_save
2025-09-16 13:04:11,622 [INFO] CodeEngine:345 - Generated code: C:\Users\USERIT\STM32CubeIDE\MAD_Lab\Lab_07_latest\Core\Inc\stm32f7xx_hal_conf.h
2025-09-16 13:04:11,654 [INFO] CodeEngine:265 - oldGeneratedFile, C:\Users\USERIT\STM32CubeIDE\MAD_Lab\Lab_07_latest\Core\Inc\main.h_save
2025-09-16 13:04:11,752 [INFO] CodeEngine:289 - Generated code: C:\Users\USERIT\STM32CubeIDE\MAD_Lab\Lab_07_latest\Core\Inc\main.h
2025-09-16 13:04:11,758 [INFO] CodeEngine:265 - oldGeneratedFile, C:\Users\USERIT\STM32CubeIDE\MAD_Lab\Lab_07_latest\Core\Src\main.c_save
2025-09-16 13:04:11,839 [INFO] CodeEngine:289 - Generated code: C:\Users\USERIT\STM32CubeIDE\MAD_Lab\Lab_07_latest\Core\Src\main.c
2025-09-16 13:04:12,155 [INFO] ProjectBuilder:3606 - Time for Copy HAL[1] : 161mS.
2025-09-16 13:04:12,158 [INFO] ProjectBuilder:5216 - Project Generator version: 4.7.0-B52
2025-09-16 13:04:12,223 [INFO] ConfigFileManager:1595 - The Die is : DIE451
2025-09-16 13:04:13,014 [INFO] ProjectBuilder:5496 - Time for Generating toolchain IDE Files: 856mS.
2025-09-16 13:04:13,015 [INFO] ProjectBuilder:3463 - Time for Copy CMSIS : 0mS.
2025-09-16 13:04:13,018 [INFO] ProjectBuilder:3463 - Time for Copy CMSIS : 0mS.
2025-09-16 13:11:26,481 [INFO] NvicIntPanel:101 - NVIC parent = com.st.microxplorer.plugins.ip.nvic.MultiNvicIntPanel[,0,0,0x0,invalid,layout=javax.swing.BoxLayout,alignmentX=0.0,alignmentY=0.0,border=,flags=9,maximumSize=,minimumSize=,preferredSize=]
2025-09-16 13:11:34,595 [INFO] NvicIntPanel:101 - NVIC parent = com.st.microxplorer.plugins.ip.nvic.MultiNvicIntPanel[,0,0,0x0,invalid,layout=javax.swing.BoxLayout,alignmentX=0.0,alignmentY=0.0,border=,flags=9,maximumSize=,minimumSize=,preferredSize=]
2025-09-16 13:11:43,357 [INFO] UtilMem:75 - End SaveConfig() Used Memory: 556568648 Bytes (1073741824)
2025-09-16 13:11:44,067 [INFO] UtilMem:75 - End SaveConfig() Used Memory: 603754568 Bytes (1073741824)
2025-09-16 13:11:44,475 [INFO] BlockDiagram:2775 - set Specific Code input for plugin: TIM1_8F77
2025-09-16 13:11:44,475 [INFO] BlockDiagram:2775 - set Specific Code input for plugin: SYS
2025-09-16 13:11:44,476 [INFO] BlockDiagram:2775 - set Specific Code input for plugin: RCC
2025-09-16 13:11:44,476 [INFO] BlockDiagram:2775 - set Specific Code input for plugin: USB_OTG_FS
2025-09-16 13:11:44,477 [INFO] BlockDiagram:2775 - set Specific Code input for plugin: NVIC
2025-09-16 13:11:44,477 [INFO] BlockDiagram:2775 - set Specific Code input for plugin: USART
2025-09-16 13:11:44,478 [INFO] BlockDiagram:2775 - set Specific Code input for plugin: GPIO
2025-09-16 13:11:44,478 [INFO] BlockDiagram:2775 - set Specific Code input for plugin: ETH
2025-09-16 13:11:44,480 [INFO] CodeGenerator:892 - code generatio: config db path: C:\ST\STM32CubeIDE_1.19.0\STM32CubeIDE\plugins\com.st.stm32cube.common.mx_6.15.0.202507011659\\db\
2025-09-16 13:11:44,485 [WARN] IP:2250 - Warning not found: check if there is a RefParameter without a condition.
2025-09-16 13:11:44,486 [WARN] IP:2250 - RxBufferAddress not found: check if there is a RefParameter without a condition.
2025-09-16 13:11:44,486 [WARN] IP:2250 - DESC_SIZE_UNIT not found: check if there is a RefParameter without a condition.
2025-09-16 13:11:44,605 [INFO] CodeEngine:265 - oldGeneratedFile, C:\Users\USERIT\STM32CubeIDE\MAD_Lab\Lab_07_latest\MXTmpFiles\license.tmp_save
2025-09-16 13:11:44,742 [INFO] CodeEngine:289 - Generated code: C:\Users\USERIT\STM32CubeIDE\MAD_Lab\Lab_07_latest\MXTmpFiles\license.tmp
2025-09-16 13:11:44,828 [INFO] CodeEngine:265 - oldGeneratedFile, C:\Users\USERIT\STM32CubeIDE\MAD_Lab\Lab_07_latest\Core\Src\gpio.c_save
2025-09-16 13:11:44,966 [INFO] CodeEngine:289 - Generated code: C:\Users\USERIT\STM32CubeIDE\MAD_Lab\Lab_07_latest\Core\Src\gpio.c
2025-09-16 13:11:44,973 [INFO] CodeEngine:265 - oldGeneratedFile, C:\Users\USERIT\STM32CubeIDE\MAD_Lab\Lab_07_latest\Core\Inc\gpio.h_save
2025-09-16 13:11:45,067 [INFO] CodeEngine:289 - Generated code: C:\Users\USERIT\STM32CubeIDE\MAD_Lab\Lab_07_latest\Core\Inc\gpio.h
2025-09-16 13:11:45,464 [WARN] IPConfigManager:3238 - Warning: the RefConfig PWREx_EnableUSBVoltageDetector is not available in your config.xml file
2025-09-16 13:11:45,476 [INFO] CodeEngine:265 - oldGeneratedFile, C:\Users\USERIT\STM32CubeIDE\MAD_Lab\Lab_07_latest\MXTmpFiles\cortex.tmp_save
2025-09-16 13:11:45,573 [INFO] CodeEngine:289 - Generated code: C:\Users\USERIT\STM32CubeIDE\MAD_Lab\Lab_07_latest\MXTmpFiles\cortex.tmp
2025-09-16 13:11:45,592 [INFO] CodeEngine:265 - oldGeneratedFile, C:\Users\USERIT\STM32CubeIDE\MAD_Lab\Lab_07_latest\Core\Src\eth.c_save
2025-09-16 13:11:45,744 [INFO] CodeEngine:289 - Generated code: C:\Users\USERIT\STM32CubeIDE\MAD_Lab\Lab_07_latest\Core\Src\eth.c
2025-09-16 13:11:45,751 [INFO] CodeEngine:265 - oldGeneratedFile, C:\Users\USERIT\STM32CubeIDE\MAD_Lab\Lab_07_latest\Core\Inc\eth.h_save
2025-09-16 13:11:45,842 [INFO] CodeEngine:289 - Generated code: C:\Users\USERIT\STM32CubeIDE\MAD_Lab\Lab_07_latest\Core\Inc\eth.h
2025-09-16 13:11:45,856 [INFO] CodeEngine:265 - oldGeneratedFile, C:\Users\USERIT\STM32CubeIDE\MAD_Lab\Lab_07_latest\Core\Src\tim.c_save
2025-09-16 13:11:46,017 [INFO] CodeEngine:289 - Generated code: C:\Users\USERIT\STM32CubeIDE\MAD_Lab\Lab_07_latest\Core\Src\tim.c
2025-09-16 13:11:46,026 [INFO] CodeEngine:265 - oldGeneratedFile, C:\Users\USERIT\STM32CubeIDE\MAD_Lab\Lab_07_latest\Core\Inc\tim.h_save
2025-09-16 13:11:46,096 [INFO] CodeEngine:289 - Generated code: C:\Users\USERIT\STM32CubeIDE\MAD_Lab\Lab_07_latest\Core\Inc\tim.h
2025-09-16 13:11:46,109 [INFO] CodeEngine:265 - oldGeneratedFile, C:\Users\USERIT\STM32CubeIDE\MAD_Lab\Lab_07_latest\Core\Src\usart.c_save
2025-09-16 13:11:46,251 [INFO] CodeEngine:289 - Generated code: C:\Users\USERIT\STM32CubeIDE\MAD_Lab\Lab_07_latest\Core\Src\usart.c
2025-09-16 13:11:46,258 [INFO] CodeEngine:265 - oldGeneratedFile, C:\Users\USERIT\STM32CubeIDE\MAD_Lab\Lab_07_latest\Core\Inc\usart.h_save
2025-09-16 13:11:46,321 [INFO] CodeEngine:289 - Generated code: C:\Users\USERIT\STM32CubeIDE\MAD_Lab\Lab_07_latest\Core\Inc\usart.h
2025-09-16 13:11:46,334 [INFO] CodeEngine:265 - oldGeneratedFile, C:\Users\USERIT\STM32CubeIDE\MAD_Lab\Lab_07_latest\Core\Src\usb_otg.c_save
2025-09-16 13:11:46,481 [INFO] CodeEngine:289 - Generated code: C:\Users\USERIT\STM32CubeIDE\MAD_Lab\Lab_07_latest\Core\Src\usb_otg.c
2025-09-16 13:11:46,488 [INFO] CodeEngine:265 - oldGeneratedFile, C:\Users\USERIT\STM32CubeIDE\MAD_Lab\Lab_07_latest\Core\Inc\usb_otg.h_save
2025-09-16 13:11:46,561 [INFO] CodeEngine:289 - Generated code: C:\Users\USERIT\STM32CubeIDE\MAD_Lab\Lab_07_latest\Core\Inc\usb_otg.h
2025-09-16 13:11:46,576 [INFO] CodeEngine:265 - oldGeneratedFile, C:\Users\USERIT\STM32CubeIDE\MAD_Lab\Lab_07_latest\Core\Src\stm32f7xx_it.c_save
2025-09-16 13:11:46,715 [INFO] CodeEngine:289 - Generated code: C:\Users\USERIT\STM32CubeIDE\MAD_Lab\Lab_07_latest\Core\Src\stm32f7xx_it.c
2025-09-16 13:11:46,721 [INFO] CodeEngine:265 - oldGeneratedFile, C:\Users\USERIT\STM32CubeIDE\MAD_Lab\Lab_07_latest\Core\Inc\stm32f7xx_it.h_save
2025-09-16 13:11:46,792 [INFO] CodeEngine:289 - Generated code: C:\Users\USERIT\STM32CubeIDE\MAD_Lab\Lab_07_latest\Core\Inc\stm32f7xx_it.h
2025-09-16 13:11:46,810 [INFO] CodeEngine:265 - oldGeneratedFile, C:\Users\USERIT\STM32CubeIDE\MAD_Lab\Lab_07_latest\Core\Src\stm32f7xx_hal_msp.c_save
2025-09-16 13:11:46,956 [INFO] CodeEngine:289 - Generated code: C:\Users\USERIT\STM32CubeIDE\MAD_Lab\Lab_07_latest\Core\Src\stm32f7xx_hal_msp.c
2025-09-16 13:11:46,961 [INFO] CodeEngine:265 - oldGeneratedFile, C:\Users\USERIT\STM32CubeIDE\MAD_Lab\Lab_07_latest\MXTmpFiles\system.tmp_save
2025-09-16 13:11:47,030 [INFO] CodeEngine:289 - Generated code: C:\Users\USERIT\STM32CubeIDE\MAD_Lab\Lab_07_latest\MXTmpFiles\system.tmp
2025-09-16 13:11:47,043 [INFO] CodeEngine:321 - oldGeneratedFile, C:\Users\USERIT\STM32CubeIDE\MAD_Lab\Lab_07_latest\Core\Inc\stm32f7xx_hal_conf.h_save
2025-09-16 13:11:47,181 [INFO] CodeEngine:345 - Generated code: C:\Users\USERIT\STM32CubeIDE\MAD_Lab\Lab_07_latest\Core\Inc\stm32f7xx_hal_conf.h
2025-09-16 13:11:47,220 [INFO] CodeEngine:265 - oldGeneratedFile, C:\Users\USERIT\STM32CubeIDE\MAD_Lab\Lab_07_latest\Core\Inc\main.h_save
2025-09-16 13:11:47,347 [INFO] CodeEngine:289 - Generated code: C:\Users\USERIT\STM32CubeIDE\MAD_Lab\Lab_07_latest\Core\Inc\main.h
2025-09-16 13:11:47,353 [INFO] CodeEngine:265 - oldGeneratedFile, C:\Users\USERIT\STM32CubeIDE\MAD_Lab\Lab_07_latest\Core\Src\main.c_save
2025-09-16 13:11:47,449 [INFO] CodeEngine:289 - Generated code: C:\Users\USERIT\STM32CubeIDE\MAD_Lab\Lab_07_latest\Core\Src\main.c
2025-09-16 13:11:47,956 [INFO] ProjectBuilder:3606 - Time for Copy HAL[1] : 255mS.
2025-09-16 13:11:47,960 [INFO] ProjectBuilder:5216 - Project Generator version: 4.7.0-B52
2025-09-16 13:11:48,032 [INFO] ConfigFileManager:1595 - The Die is : DIE451
2025-09-16 13:11:49,016 [INFO] ProjectBuilder:5496 - Time for Generating toolchain IDE Files: 1055mS.
2025-09-16 13:11:49,017 [INFO] ProjectBuilder:3463 - Time for Copy CMSIS : 0mS.
2025-09-16 13:11:49,020 [INFO] ProjectBuilder:3463 - Time for Copy CMSIS : 0mS.
2025-09-16 13:12:31,662 [INFO] NvicIntPanel:101 - NVIC parent = com.st.microxplorer.plugins.ip.nvic.MultiNvicIntPanel[,0,0,0x0,invalid,layout=javax.swing.BoxLayout,alignmentX=0.0,alignmentY=0.0,border=,flags=9,maximumSize=,minimumSize=,preferredSize=]
2025-09-16 13:12:40,561 [INFO] NvicIntPanel:101 - NVIC parent = com.st.microxplorer.plugins.ip.nvic.MultiNvicIntPanel[,0,0,0x0,invalid,layout=javax.swing.BoxLayout,alignmentX=0.0,alignmentY=0.0,border=,flags=9,maximumSize=,minimumSize=,preferredSize=]
2025-09-16 13:12:46,041 [INFO] NvicIntPanel:101 - NVIC parent = com.st.microxplorer.plugins.ip.nvic.MultiNvicIntPanel[,0,0,0x0,invalid,layout=javax.swing.BoxLayout,alignmentX=0.0,alignmentY=0.0,border=,flags=9,maximumSize=,minimumSize=,preferredSize=]
2025-09-16 13:12:58,069 [INFO] NvicIntPanel:101 - NVIC parent = com.st.microxplorer.plugins.ip.nvic.MultiNvicIntPanel[,0,0,0x0,invalid,layout=javax.swing.BoxLayout,alignmentX=0.0,alignmentY=0.0,border=,flags=9,maximumSize=,minimumSize=,preferredSize=]
2025-09-16 13:13:01,946 [INFO] UtilMem:75 - End SaveConfig() Used Memory: 859702936 Bytes (1073741824)
2025-09-16 13:13:02,410 [INFO] UtilMem:75 - End SaveConfig() Used Memory: 902168216 Bytes (1073741824)
2025-09-16 13:13:02,652 [INFO] BlockDiagram:2775 - set Specific Code input for plugin: TIM1_8F77
2025-09-16 13:13:02,652 [INFO] BlockDiagram:2775 - set Specific Code input for plugin: SYS
2025-09-16 13:13:02,652 [INFO] BlockDiagram:2775 - set Specific Code input for plugin: RCC
2025-09-16 13:13:02,652 [INFO] BlockDiagram:2775 - set Specific Code input for plugin: USB_OTG_FS
2025-09-16 13:13:02,652 [INFO] BlockDiagram:2775 - set Specific Code input for plugin: NVIC
2025-09-16 13:13:02,652 [INFO] BlockDiagram:2775 - set Specific Code input for plugin: USART
2025-09-16 13:13:02,653 [INFO] BlockDiagram:2775 - set Specific Code input for plugin: GPIO
2025-09-16 13:13:02,653 [INFO] BlockDiagram:2775 - set Specific Code input for plugin: ETH
2025-09-16 13:13:02,655 [INFO] CodeGenerator:892 - code generatio: config db path: C:\ST\STM32CubeIDE_1.19.0\STM32CubeIDE\plugins\com.st.stm32cube.common.mx_6.15.0.202507011659\\db\
2025-09-16 13:13:02,660 [WARN] IP:2250 - Warning not found: check if there is a RefParameter without a condition.
2025-09-16 13:13:02,660 [WARN] IP:2250 - RxBufferAddress not found: check if there is a RefParameter without a condition.
2025-09-16 13:13:02,661 [WARN] IP:2250 - DESC_SIZE_UNIT not found: check if there is a RefParameter without a condition.
2025-09-16 13:13:02,792 [INFO] CodeEngine:265 - oldGeneratedFile, C:\Users\USERIT\STM32CubeIDE\MAD_Lab\Lab_07_latest\MXTmpFiles\license.tmp_save
2025-09-16 13:13:02,890 [INFO] CodeEngine:289 - Generated code: C:\Users\USERIT\STM32CubeIDE\MAD_Lab\Lab_07_latest\MXTmpFiles\license.tmp
2025-09-16 13:13:02,949 [INFO] CodeEngine:265 - oldGeneratedFile, C:\Users\USERIT\STM32CubeIDE\MAD_Lab\Lab_07_latest\Core\Src\gpio.c_save
2025-09-16 13:13:03,047 [INFO] CodeEngine:289 - Generated code: C:\Users\USERIT\STM32CubeIDE\MAD_Lab\Lab_07_latest\Core\Src\gpio.c
2025-09-16 13:13:03,054 [INFO] CodeEngine:265 - oldGeneratedFile, C:\Users\USERIT\STM32CubeIDE\MAD_Lab\Lab_07_latest\Core\Inc\gpio.h_save
2025-09-16 13:13:03,111 [INFO] CodeEngine:289 - Generated code: C:\Users\USERIT\STM32CubeIDE\MAD_Lab\Lab_07_latest\Core\Inc\gpio.h
2025-09-16 13:13:03,450 [WARN] IPConfigManager:3238 - Warning: the RefConfig PWREx_EnableUSBVoltageDetector is not available in your config.xml file
2025-09-16 13:13:03,463 [INFO] CodeEngine:265 - oldGeneratedFile, C:\Users\USERIT\STM32CubeIDE\MAD_Lab\Lab_07_latest\MXTmpFiles\cortex.tmp_save
2025-09-16 13:13:03,546 [INFO] CodeEngine:289 - Generated code: C:\Users\USERIT\STM32CubeIDE\MAD_Lab\Lab_07_latest\MXTmpFiles\cortex.tmp
2025-09-16 13:13:03,557 [INFO] CodeEngine:265 - oldGeneratedFile, C:\Users\USERIT\STM32CubeIDE\MAD_Lab\Lab_07_latest\Core\Src\eth.c_save
2025-09-16 13:13:03,670 [INFO] CodeEngine:289 - Generated code: C:\Users\USERIT\STM32CubeIDE\MAD_Lab\Lab_07_latest\Core\Src\eth.c
2025-09-16 13:13:03,676 [INFO] CodeEngine:265 - oldGeneratedFile, C:\Users\USERIT\STM32CubeIDE\MAD_Lab\Lab_07_latest\Core\Inc\eth.h_save
2025-09-16 13:13:03,729 [INFO] CodeEngine:289 - Generated code: C:\Users\USERIT\STM32CubeIDE\MAD_Lab\Lab_07_latest\Core\Inc\eth.h
2025-09-16 13:13:03,748 [INFO] CodeEngine:265 - oldGeneratedFile, C:\Users\USERIT\STM32CubeIDE\MAD_Lab\Lab_07_latest\Core\Src\tim.c_save
2025-09-16 13:13:03,897 [INFO] CodeEngine:289 - Generated code: C:\Users\USERIT\STM32CubeIDE\MAD_Lab\Lab_07_latest\Core\Src\tim.c
2025-09-16 13:13:03,904 [INFO] CodeEngine:265 - oldGeneratedFile, C:\Users\USERIT\STM32CubeIDE\MAD_Lab\Lab_07_latest\Core\Inc\tim.h_save
2025-09-16 13:13:03,956 [INFO] CodeEngine:289 - Generated code: C:\Users\USERIT\STM32CubeIDE\MAD_Lab\Lab_07_latest\Core\Inc\tim.h
2025-09-16 13:13:03,968 [INFO] CodeEngine:265 - oldGeneratedFile, C:\Users\USERIT\STM32CubeIDE\MAD_Lab\Lab_07_latest\Core\Src\usart.c_save
2025-09-16 13:13:04,087 [INFO] CodeEngine:289 - Generated code: C:\Users\USERIT\STM32CubeIDE\MAD_Lab\Lab_07_latest\Core\Src\usart.c
2025-09-16 13:13:04,093 [INFO] CodeEngine:265 - oldGeneratedFile, C:\Users\USERIT\STM32CubeIDE\MAD_Lab\Lab_07_latest\Core\Inc\usart.h_save
2025-09-16 13:13:04,146 [INFO] CodeEngine:289 - Generated code: C:\Users\USERIT\STM32CubeIDE\MAD_Lab\Lab_07_latest\Core\Inc\usart.h
2025-09-16 13:13:04,157 [INFO] CodeEngine:265 - oldGeneratedFile, C:\Users\USERIT\STM32CubeIDE\MAD_Lab\Lab_07_latest\Core\Src\usb_otg.c_save
2025-09-16 13:13:04,276 [INFO] CodeEngine:289 - Generated code: C:\Users\USERIT\STM32CubeIDE\MAD_Lab\Lab_07_latest\Core\Src\usb_otg.c
2025-09-16 13:13:04,292 [INFO] CodeEngine:265 - oldGeneratedFile, C:\Users\USERIT\STM32CubeIDE\MAD_Lab\Lab_07_latest\Core\Inc\usb_otg.h_save
2025-09-16 13:13:04,367 [INFO] CodeEngine:289 - Generated code: C:\Users\USERIT\STM32CubeIDE\MAD_Lab\Lab_07_latest\Core\Inc\usb_otg.h
2025-09-16 13:13:04,380 [INFO] CodeEngine:265 - oldGeneratedFile, C:\Users\USERIT\STM32CubeIDE\MAD_Lab\Lab_07_latest\Core\Src\stm32f7xx_it.c_save
2025-09-16 13:13:04,479 [INFO] CodeEngine:289 - Generated code: C:\Users\USERIT\STM32CubeIDE\MAD_Lab\Lab_07_latest\Core\Src\stm32f7xx_it.c
2025-09-16 13:13:04,485 [INFO] CodeEngine:265 - oldGeneratedFile, C:\Users\USERIT\STM32CubeIDE\MAD_Lab\Lab_07_latest\Core\Inc\stm32f7xx_it.h_save
2025-09-16 13:13:04,535 [INFO] CodeEngine:289 - Generated code: C:\Users\USERIT\STM32CubeIDE\MAD_Lab\Lab_07_latest\Core\Inc\stm32f7xx_it.h
2025-09-16 13:13:04,548 [INFO] CodeEngine:265 - oldGeneratedFile, C:\Users\USERIT\STM32CubeIDE\MAD_Lab\Lab_07_latest\Core\Src\stm32f7xx_hal_msp.c_save
2025-09-16 13:13:04,662 [INFO] CodeEngine:289 - Generated code: C:\Users\USERIT\STM32CubeIDE\MAD_Lab\Lab_07_latest\Core\Src\stm32f7xx_hal_msp.c
2025-09-16 13:13:04,666 [INFO] CodeEngine:265 - oldGeneratedFile, C:\Users\USERIT\STM32CubeIDE\MAD_Lab\Lab_07_latest\MXTmpFiles\system.tmp_save
2025-09-16 13:13:04,713 [INFO] CodeEngine:289 - Generated code: C:\Users\USERIT\STM32CubeIDE\MAD_Lab\Lab_07_latest\MXTmpFiles\system.tmp
2025-09-16 13:13:04,725 [INFO] CodeEngine:321 - oldGeneratedFile, C:\Users\USERIT\STM32CubeIDE\MAD_Lab\Lab_07_latest\Core\Inc\stm32f7xx_hal_conf.h_save
2025-09-16 13:13:04,849 [INFO] CodeEngine:345 - Generated code: C:\Users\USERIT\STM32CubeIDE\MAD_Lab\Lab_07_latest\Core\Inc\stm32f7xx_hal_conf.h
2025-09-16 13:13:04,878 [INFO] CodeEngine:265 - oldGeneratedFile, C:\Users\USERIT\STM32CubeIDE\MAD_Lab\Lab_07_latest\Core\Inc\main.h_save
2025-09-16 13:13:04,977 [INFO] CodeEngine:289 - Generated code: C:\Users\USERIT\STM32CubeIDE\MAD_Lab\Lab_07_latest\Core\Inc\main.h
2025-09-16 13:13:04,982 [INFO] CodeEngine:265 - oldGeneratedFile, C:\Users\USERIT\STM32CubeIDE\MAD_Lab\Lab_07_latest\Core\Src\main.c_save
2025-09-16 13:13:05,065 [INFO] CodeEngine:289 - Generated code: C:\Users\USERIT\STM32CubeIDE\MAD_Lab\Lab_07_latest\Core\Src\main.c
2025-09-16 13:13:05,445 [INFO] ProjectBuilder:3606 - Time for Copy HAL[1] : 184mS.
2025-09-16 13:13:05,448 [INFO] ProjectBuilder:5216 - Project Generator version: 4.7.0-B52
2025-09-16 13:13:05,515 [INFO] ConfigFileManager:1595 - The Die is : DIE451
2025-09-16 13:13:06,258 [INFO] ProjectBuilder:5496 - Time for Generating toolchain IDE Files: 809mS.
2025-09-16 13:13:06,259 [INFO] ProjectBuilder:3463 - Time for Copy CMSIS : 1mS.
2025-09-16 13:13:06,263 [INFO] ProjectBuilder:3463 - Time for Copy CMSIS : 0mS.
2025-09-16 13:51:09,361 [INFO] UtilMem:75 - End SaveConfig() Used Memory: 572130304 Bytes (1073741824)
2025-09-16 13:51:11,600 [INFO] UtilMem:75 - End SaveConfig() Used Memory: 682230784 Bytes (1073741824)
2025-09-16 13:51:11,996 [INFO] BlockDiagram:2775 - set Specific Code input for plugin: TIM1_8F77
2025-09-16 13:51:11,997 [INFO] BlockDiagram:2775 - set Specific Code input for plugin: SYS
2025-09-16 13:51:11,998 [INFO] BlockDiagram:2775 - set Specific Code input for plugin: RCC
2025-09-16 13:51:11,998 [INFO] BlockDiagram:2775 - set Specific Code input for plugin: USB_OTG_FS
2025-09-16 13:51:11,998 [INFO] BlockDiagram:2775 - set Specific Code input for plugin: NVIC
2025-09-16 13:51:11,999 [INFO] BlockDiagram:2775 - set Specific Code input for plugin: USART
2025-09-16 13:51:12,000 [INFO] BlockDiagram:2775 - set Specific Code input for plugin: GPIO
2025-09-16 13:51:12,000 [INFO] BlockDiagram:2775 - set Specific Code input for plugin: ETH
2025-09-16 13:51:12,003 [INFO] CodeGenerator:892 - code generatio: config db path: C:\ST\STM32CubeIDE_1.19.0\STM32CubeIDE\plugins\com.st.stm32cube.common.mx_6.15.0.202507011659\\db\
2025-09-16 13:51:12,011 [WARN] IP:2250 - Warning not found: check if there is a RefParameter without a condition.
2025-09-16 13:51:12,012 [WARN] IP:2250 - RxBufferAddress not found: check if there is a RefParameter without a condition.
2025-09-16 13:51:12,012 [WARN] IP:2250 - DESC_SIZE_UNIT not found: check if there is a RefParameter without a condition.
2025-09-16 13:51:12,175 [INFO] CodeEngine:265 - oldGeneratedFile, C:\Users\USERIT\STM32CubeIDE\MAD_Lab\Lab_07_latest\MXTmpFiles\license.tmp_save
2025-09-16 13:51:12,475 [INFO] CodeEngine:289 - Generated code: C:\Users\USERIT\STM32CubeIDE\MAD_Lab\Lab_07_latest\MXTmpFiles\license.tmp
2025-09-16 13:51:12,580 [INFO] CodeEngine:265 - oldGeneratedFile, C:\Users\USERIT\STM32CubeIDE\MAD_Lab\Lab_07_latest\Core\Src\gpio.c_save
2025-09-16 13:51:12,810 [INFO] CodeEngine:289 - Generated code: C:\Users\USERIT\STM32CubeIDE\MAD_Lab\Lab_07_latest\Core\Src\gpio.c
2025-09-16 13:51:12,826 [INFO] CodeEngine:265 - oldGeneratedFile, C:\Users\USERIT\STM32CubeIDE\MAD_Lab\Lab_07_latest\Core\Inc\gpio.h_save
2025-09-16 13:51:12,922 [INFO] CodeEngine:289 - Generated code: C:\Users\USERIT\STM32CubeIDE\MAD_Lab\Lab_07_latest\Core\Inc\gpio.h
2025-09-16 13:51:13,404 [WARN] IPConfigManager:3238 - Warning: the RefConfig PWREx_EnableUSBVoltageDetector is not available in your config.xml file
2025-09-16 13:51:13,430 [INFO] CodeEngine:265 - oldGeneratedFile, C:\Users\USERIT\STM32CubeIDE\MAD_Lab\Lab_07_latest\MXTmpFiles\cortex.tmp_save
2025-09-16 13:51:13,567 [INFO] CodeEngine:289 - Generated code: C:\Users\USERIT\STM32CubeIDE\MAD_Lab\Lab_07_latest\MXTmpFiles\cortex.tmp
2025-09-16 13:51:13,585 [INFO] CodeEngine:265 - oldGeneratedFile, C:\Users\USERIT\STM32CubeIDE\MAD_Lab\Lab_07_latest\Core\Src\eth.c_save
2025-09-16 13:51:13,784 [INFO] CodeEngine:289 - Generated code: C:\Users\USERIT\STM32CubeIDE\MAD_Lab\Lab_07_latest\Core\Src\eth.c
2025-09-16 13:51:13,793 [INFO] CodeEngine:265 - oldGeneratedFile, C:\Users\USERIT\STM32CubeIDE\MAD_Lab\Lab_07_latest\Core\Inc\eth.h_save
2025-09-16 13:51:13,881 [INFO] CodeEngine:289 - Generated code: C:\Users\USERIT\STM32CubeIDE\MAD_Lab\Lab_07_latest\Core\Inc\eth.h
2025-09-16 13:51:13,896 [INFO] CodeEngine:265 - oldGeneratedFile, C:\Users\USERIT\STM32CubeIDE\MAD_Lab\Lab_07_latest\Core\Src\tim.c_save
2025-09-16 13:51:14,098 [INFO] CodeEngine:289 - Generated code: C:\Users\USERIT\STM32CubeIDE\MAD_Lab\Lab_07_latest\Core\Src\tim.c
2025-09-16 13:51:14,108 [INFO] CodeEngine:265 - oldGeneratedFile, C:\Users\USERIT\STM32CubeIDE\MAD_Lab\Lab_07_latest\Core\Inc\tim.h_save
2025-09-16 13:51:14,176 [INFO] CodeEngine:289 - Generated code: C:\Users\USERIT\STM32CubeIDE\MAD_Lab\Lab_07_latest\Core\Inc\tim.h
2025-09-16 13:51:14,192 [INFO] CodeEngine:265 - oldGeneratedFile, C:\Users\USERIT\STM32CubeIDE\MAD_Lab\Lab_07_latest\Core\Src\usart.c_save
2025-09-16 13:51:14,345 [INFO] CodeEngine:289 - Generated code: C:\Users\USERIT\STM32CubeIDE\MAD_Lab\Lab_07_latest\Core\Src\usart.c
2025-09-16 13:51:14,353 [INFO] CodeEngine:265 - oldGeneratedFile, C:\Users\USERIT\STM32CubeIDE\MAD_Lab\Lab_07_latest\Core\Inc\usart.h_save
2025-09-16 13:51:14,421 [INFO] CodeEngine:289 - Generated code: C:\Users\USERIT\STM32CubeIDE\MAD_Lab\Lab_07_latest\Core\Inc\usart.h
2025-09-16 13:51:14,436 [INFO] CodeEngine:265 - oldGeneratedFile, C:\Users\USERIT\STM32CubeIDE\MAD_Lab\Lab_07_latest\Core\Src\usb_otg.c_save
2025-09-16 13:51:14,595 [INFO] CodeEngine:289 - Generated code: C:\Users\USERIT\STM32CubeIDE\MAD_Lab\Lab_07_latest\Core\Src\usb_otg.c
2025-09-16 13:51:14,604 [INFO] CodeEngine:265 - oldGeneratedFile, C:\Users\USERIT\STM32CubeIDE\MAD_Lab\Lab_07_latest\Core\Inc\usb_otg.h_save
2025-09-16 13:51:14,670 [INFO] CodeEngine:289 - Generated code: C:\Users\USERIT\STM32CubeIDE\MAD_Lab\Lab_07_latest\Core\Inc\usb_otg.h
2025-09-16 13:51:14,698 [INFO] CodeEngine:265 - oldGeneratedFile, C:\Users\USERIT\STM32CubeIDE\MAD_Lab\Lab_07_latest\Core\Src\stm32f7xx_it.c_save
2025-09-16 13:51:15,011 [INFO] CodeEngine:289 - Generated code: C:\Users\USERIT\STM32CubeIDE\MAD_Lab\Lab_07_latest\Core\Src\stm32f7xx_it.c
2025-09-16 13:51:15,033 [INFO] CodeEngine:265 - oldGeneratedFile, C:\Users\USERIT\STM32CubeIDE\MAD_Lab\Lab_07_latest\Core\Inc\stm32f7xx_it.h_save
2025-09-16 13:51:15,128 [INFO] CodeEngine:289 - Generated code: C:\Users\USERIT\STM32CubeIDE\MAD_Lab\Lab_07_latest\Core\Inc\stm32f7xx_it.h
2025-09-16 13:51:15,169 [INFO] CodeEngine:265 - oldGeneratedFile, C:\Users\USERIT\STM32CubeIDE\MAD_Lab\Lab_07_latest\Core\Src\stm32f7xx_hal_msp.c_save
2025-09-16 13:51:15,350 [INFO] CodeEngine:289 - Generated code: C:\Users\USERIT\STM32CubeIDE\MAD_Lab\Lab_07_latest\Core\Src\stm32f7xx_hal_msp.c
2025-09-16 13:51:15,357 [INFO] CodeEngine:265 - oldGeneratedFile, C:\Users\USERIT\STM32CubeIDE\MAD_Lab\Lab_07_latest\MXTmpFiles\system.tmp_save
2025-09-16 13:51:15,408 [INFO] CodeEngine:289 - Generated code: C:\Users\USERIT\STM32CubeIDE\MAD_Lab\Lab_07_latest\MXTmpFiles\system.tmp
2025-09-16 13:51:15,422 [INFO] CodeEngine:321 - oldGeneratedFile, C:\Users\USERIT\STM32CubeIDE\MAD_Lab\Lab_07_latest\Core\Inc\stm32f7xx_hal_conf.h_save
2025-09-16 13:51:15,549 [INFO] CodeEngine:345 - Generated code: C:\Users\USERIT\STM32CubeIDE\MAD_Lab\Lab_07_latest\Core\Inc\stm32f7xx_hal_conf.h
2025-09-16 13:51:15,586 [INFO] CodeEngine:265 - oldGeneratedFile, C:\Users\USERIT\STM32CubeIDE\MAD_Lab\Lab_07_latest\Core\Inc\main.h_save
2025-09-16 13:51:15,703 [INFO] CodeEngine:289 - Generated code: C:\Users\USERIT\STM32CubeIDE\MAD_Lab\Lab_07_latest\Core\Inc\main.h
2025-09-16 13:51:15,712 [INFO] CodeEngine:265 - oldGeneratedFile, C:\Users\USERIT\STM32CubeIDE\MAD_Lab\Lab_07_latest\Core\Src\main.c_save
2025-09-16 13:51:15,804 [INFO] CodeEngine:289 - Generated code: C:\Users\USERIT\STM32CubeIDE\MAD_Lab\Lab_07_latest\Core\Src\main.c
2025-09-16 13:51:16,213 [INFO] ProjectBuilder:3606 - Time for Copy HAL[1] : 229mS.
2025-09-16 13:51:16,216 [INFO] ProjectBuilder:5216 - Project Generator version: 4.7.0-B52
2025-09-16 13:51:16,303 [INFO] ConfigFileManager:1595 - The Die is : DIE451
2025-09-16 13:51:17,222 [INFO] ProjectBuilder:5496 - Time for Generating toolchain IDE Files: 1006mS.
2025-09-16 13:51:17,223 [INFO] ProjectBuilder:3463 - Time for Copy CMSIS : 1mS.
2025-09-16 13:51:17,227 [INFO] ProjectBuilder:3463 - Time for Copy CMSIS : 1mS.
2025-09-16 13:54:42,003 [INFO] UtilMem:75 - End SaveConfig() Used Memory: 835145664 Bytes (1073741824)
2025-09-16 13:54:42,174 [INFO] UtilMem:75 - End SaveConfig() Used Memory: 863457016 Bytes (1073741824)
2025-09-16 13:54:42,964 [INFO] UtilMem:75 - End SaveConfig() Used Memory: 914637672 Bytes (1073741824)
2025-09-16 13:54:43,438 [INFO] BlockDiagram:2775 - set Specific Code input for plugin: TIM1_8F77
2025-09-16 13:54:43,438 [INFO] BlockDiagram:2775 - set Specific Code input for plugin: SYS
2025-09-16 13:54:43,438 [INFO] BlockDiagram:2775 - set Specific Code input for plugin: RCC
2025-09-16 13:54:43,438 [INFO] BlockDiagram:2775 - set Specific Code input for plugin: USB_OTG_FS
2025-09-16 13:54:43,438 [INFO] BlockDiagram:2775 - set Specific Code input for plugin: NVIC
2025-09-16 13:54:43,438 [INFO] BlockDiagram:2775 - set Specific Code input for plugin: USART
2025-09-16 13:54:43,439 [INFO] BlockDiagram:2775 - set Specific Code input for plugin: GPIO
2025-09-16 13:54:43,439 [INFO] BlockDiagram:2775 - set Specific Code input for plugin: ETH
2025-09-16 13:54:43,440 [INFO] CodeGenerator:892 - code generatio: config db path: C:\ST\STM32CubeIDE_1.19.0\STM32CubeIDE\plugins\com.st.stm32cube.common.mx_6.15.0.202507011659\\db\
2025-09-16 13:54:43,445 [WARN] IP:2250 - Warning not found: check if there is a RefParameter without a condition.
2025-09-16 13:54:43,446 [WARN] IP:2250 - RxBufferAddress not found: check if there is a RefParameter without a condition.
2025-09-16 13:54:43,446 [WARN] IP:2250 - DESC_SIZE_UNIT not found: check if there is a RefParameter without a condition.
2025-09-16 13:54:43,637 [INFO] CodeEngine:265 - oldGeneratedFile, C:\Users\USERIT\STM32CubeIDE\MAD_Lab\Lab_07_latest\MXTmpFiles\license.tmp_save
2025-09-16 13:54:43,774 [INFO] CodeEngine:289 - Generated code: C:\Users\USERIT\STM32CubeIDE\MAD_Lab\Lab_07_latest\MXTmpFiles\license.tmp
2025-09-16 13:54:43,846 [INFO] CodeEngine:265 - oldGeneratedFile, C:\Users\USERIT\STM32CubeIDE\MAD_Lab\Lab_07_latest\Core\Src\gpio.c_save
2025-09-16 13:54:43,979 [INFO] CodeEngine:289 - Generated code: C:\Users\USERIT\STM32CubeIDE\MAD_Lab\Lab_07_latest\Core\Src\gpio.c
2025-09-16 13:54:43,987 [INFO] CodeEngine:265 - oldGeneratedFile, C:\Users\USERIT\STM32CubeIDE\MAD_Lab\Lab_07_latest\Core\Inc\gpio.h_save
2025-09-16 13:54:44,053 [INFO] CodeEngine:289 - Generated code: C:\Users\USERIT\STM32CubeIDE\MAD_Lab\Lab_07_latest\Core\Inc\gpio.h
2025-09-16 13:54:44,455 [WARN] IPConfigManager:3238 - Warning: the RefConfig PWREx_EnableUSBVoltageDetector is not available in your config.xml file
2025-09-16 13:54:44,470 [INFO] CodeEngine:265 - oldGeneratedFile, C:\Users\USERIT\STM32CubeIDE\MAD_Lab\Lab_07_latest\MXTmpFiles\cortex.tmp_save
2025-09-16 13:54:44,572 [INFO] CodeEngine:289 - Generated code: C:\Users\USERIT\STM32CubeIDE\MAD_Lab\Lab_07_latest\MXTmpFiles\cortex.tmp
2025-09-16 13:54:44,586 [INFO] CodeEngine:265 - oldGeneratedFile, C:\Users\USERIT\STM32CubeIDE\MAD_Lab\Lab_07_latest\Core\Src\eth.c_save
2025-09-16 13:54:44,721 [INFO] CodeEngine:289 - Generated code: C:\Users\USERIT\STM32CubeIDE\MAD_Lab\Lab_07_latest\Core\Src\eth.c
2025-09-16 13:54:44,728 [INFO] CodeEngine:265 - oldGeneratedFile, C:\Users\USERIT\STM32CubeIDE\MAD_Lab\Lab_07_latest\Core\Inc\eth.h_save
2025-09-16 13:54:44,790 [INFO] CodeEngine:289 - Generated code: C:\Users\USERIT\STM32CubeIDE\MAD_Lab\Lab_07_latest\Core\Inc\eth.h
2025-09-16 13:54:44,804 [INFO] CodeEngine:265 - oldGeneratedFile, C:\Users\USERIT\STM32CubeIDE\MAD_Lab\Lab_07_latest\Core\Src\tim.c_save
2025-09-16 13:54:44,937 [INFO] CodeEngine:289 - Generated code: C:\Users\USERIT\STM32CubeIDE\MAD_Lab\Lab_07_latest\Core\Src\tim.c
2025-09-16 13:54:44,945 [INFO] CodeEngine:265 - oldGeneratedFile, C:\Users\USERIT\STM32CubeIDE\MAD_Lab\Lab_07_latest\Core\Inc\tim.h_save
2025-09-16 13:54:45,031 [INFO] CodeEngine:289 - Generated code: C:\Users\USERIT\STM32CubeIDE\MAD_Lab\Lab_07_latest\Core\Inc\tim.h
2025-09-16 13:54:45,043 [INFO] CodeEngine:265 - oldGeneratedFile, C:\Users\USERIT\STM32CubeIDE\MAD_Lab\Lab_07_latest\Core\Src\usart.c_save
2025-09-16 13:54:45,182 [INFO] CodeEngine:289 - Generated code: C:\Users\USERIT\STM32CubeIDE\MAD_Lab\Lab_07_latest\Core\Src\usart.c
2025-09-16 13:54:45,191 [INFO] CodeEngine:265 - oldGeneratedFile, C:\Users\USERIT\STM32CubeIDE\MAD_Lab\Lab_07_latest\Core\Inc\usart.h_save
2025-09-16 13:54:45,249 [INFO] CodeEngine:289 - Generated code: C:\Users\USERIT\STM32CubeIDE\MAD_Lab\Lab_07_latest\Core\Inc\usart.h
2025-09-16 13:54:45,264 [INFO] CodeEngine:265 - oldGeneratedFile, C:\Users\USERIT\STM32CubeIDE\MAD_Lab\Lab_07_latest\Core\Src\usb_otg.c_save
2025-09-16 13:54:45,393 [INFO] CodeEngine:289 - Generated code: C:\Users\USERIT\STM32CubeIDE\MAD_Lab\Lab_07_latest\Core\Src\usb_otg.c
2025-09-16 13:54:45,400 [INFO] CodeEngine:265 - oldGeneratedFile, C:\Users\USERIT\STM32CubeIDE\MAD_Lab\Lab_07_latest\Core\Inc\usb_otg.h_save
2025-09-16 13:54:45,455 [INFO] CodeEngine:289 - Generated code: C:\Users\USERIT\STM32CubeIDE\MAD_Lab\Lab_07_latest\Core\Inc\usb_otg.h
2025-09-16 13:54:45,472 [INFO] CodeEngine:265 - oldGeneratedFile, C:\Users\USERIT\STM32CubeIDE\MAD_Lab\Lab_07_latest\Core\Src\stm32f7xx_it.c_save
2025-09-16 13:54:45,583 [INFO] CodeEngine:289 - Generated code: C:\Users\USERIT\STM32CubeIDE\MAD_Lab\Lab_07_latest\Core\Src\stm32f7xx_it.c
2025-09-16 13:54:45,590 [INFO] CodeEngine:265 - oldGeneratedFile, C:\Users\USERIT\STM32CubeIDE\MAD_Lab\Lab_07_latest\Core\Inc\stm32f7xx_it.h_save
2025-09-16 13:54:45,648 [INFO] CodeEngine:289 - Generated code: C:\Users\USERIT\STM32CubeIDE\MAD_Lab\Lab_07_latest\Core\Inc\stm32f7xx_it.h
2025-09-16 13:54:45,676 [INFO] CodeEngine:265 - oldGeneratedFile, C:\Users\USERIT\STM32CubeIDE\MAD_Lab\Lab_07_latest\Core\Src\stm32f7xx_hal_msp.c_save
2025-09-16 13:54:45,814 [INFO] CodeEngine:289 - Generated code: C:\Users\USERIT\STM32CubeIDE\MAD_Lab\Lab_07_latest\Core\Src\stm32f7xx_hal_msp.c
2025-09-16 13:54:45,819 [INFO] CodeEngine:265 - oldGeneratedFile, C:\Users\USERIT\STM32CubeIDE\MAD_Lab\Lab_07_latest\MXTmpFiles\system.tmp_save
2025-09-16 13:54:45,875 [INFO] CodeEngine:289 - Generated code: C:\Users\USERIT\STM32CubeIDE\MAD_Lab\Lab_07_latest\MXTmpFiles\system.tmp
2025-09-16 13:54:45,892 [INFO] CodeEngine:321 - oldGeneratedFile, C:\Users\USERIT\STM32CubeIDE\MAD_Lab\Lab_07_latest\Core\Inc\stm32f7xx_hal_conf.h_save
2025-09-16 13:54:46,039 [INFO] CodeEngine:345 - Generated code: C:\Users\USERIT\STM32CubeIDE\MAD_Lab\Lab_07_latest\Core\Inc\stm32f7xx_hal_conf.h
2025-09-16 13:54:46,076 [INFO] CodeEngine:265 - oldGeneratedFile, C:\Users\USERIT\STM32CubeIDE\MAD_Lab\Lab_07_latest\Core\Inc\main.h_save
2025-09-16 13:54:46,188 [INFO] CodeEngine:289 - Generated code: C:\Users\USERIT\STM32CubeIDE\MAD_Lab\Lab_07_latest\Core\Inc\main.h
2025-09-16 13:54:46,194 [INFO] CodeEngine:265 - oldGeneratedFile, C:\Users\USERIT\STM32CubeIDE\MAD_Lab\Lab_07_latest\Core\Src\main.c_save
2025-09-16 13:54:46,287 [INFO] CodeEngine:289 - Generated code: C:\Users\USERIT\STM32CubeIDE\MAD_Lab\Lab_07_latest\Core\Src\main.c
2025-09-16 13:54:46,789 [INFO] ProjectBuilder:3606 - Time for Copy HAL[1] : 254mS.
2025-09-16 13:54:46,794 [INFO] ProjectBuilder:5216 - Project Generator version: 4.7.0-B52
2025-09-16 13:54:46,872 [INFO] ConfigFileManager:1595 - The Die is : DIE451
2025-09-16 13:54:47,748 [INFO] ProjectBuilder:5496 - Time for Generating toolchain IDE Files: 954mS.
2025-09-16 13:54:47,750 [INFO] ProjectBuilder:3463 - Time for Copy CMSIS : 0mS.
2025-09-16 13:54:47,756 [INFO] ProjectBuilder:3463 - Time for Copy CMSIS : 1mS.
2025-09-16 14:20:33,044 [INFO] UtilMem:75 - End SaveConfig() Used Memory: 477403208 Bytes (1073741824)
2025-09-16 14:20:33,139 [INFO] UtilMem:75 - End SaveConfig() Used Memory: 506165312 Bytes (1073741824)
2025-09-16 14:20:33,650 [INFO] UtilMem:75 - End SaveConfig() Used Memory: 546609224 Bytes (1073741824)
2025-09-16 14:20:33,951 [INFO] BlockDiagram:2775 - set Specific Code input for plugin: TIM1_8F77
2025-09-16 14:20:33,952 [INFO] BlockDiagram:2775 - set Specific Code input for plugin: SYS
2025-09-16 14:20:33,953 [INFO] BlockDiagram:2775 - set Specific Code input for plugin: RCC
2025-09-16 14:20:33,953 [INFO] BlockDiagram:2775 - set Specific Code input for plugin: USB_OTG_FS
2025-09-16 14:20:33,955 [INFO] BlockDiagram:2775 - set Specific Code input for plugin: NVIC
2025-09-16 14:20:33,957 [INFO] BlockDiagram:2775 - set Specific Code input for plugin: USART
2025-09-16 14:20:33,958 [INFO] BlockDiagram:2775 - set Specific Code input for plugin: GPIO
2025-09-16 14:20:33,959 [INFO] BlockDiagram:2775 - set Specific Code input for plugin: ETH
2025-09-16 14:20:33,962 [INFO] CodeGenerator:892 - code generatio: config db path: C:\ST\STM32CubeIDE_1.19.0\STM32CubeIDE\plugins\com.st.stm32cube.common.mx_6.15.0.202507011659\\db\
2025-09-16 14:20:33,967 [WARN] IP:2250 - Warning not found: check if there is a RefParameter without a condition.
2025-09-16 14:20:33,967 [WARN] IP:2250 - RxBufferAddress not found: check if there is a RefParameter without a condition.
2025-09-16 14:20:33,967 [WARN] IP:2250 - DESC_SIZE_UNIT not found: check if there is a RefParameter without a condition.
2025-09-16 14:20:34,109 [INFO] CodeEngine:265 - oldGeneratedFile, C:\Users\USERIT\STM32CubeIDE\MAD_Lab\Lab_07_latest\MXTmpFiles\license.tmp_save
2025-09-16 14:20:34,247 [INFO] CodeEngine:289 - Generated code: C:\Users\USERIT\STM32CubeIDE\MAD_Lab\Lab_07_latest\MXTmpFiles\license.tmp
2025-09-16 14:20:34,308 [INFO] CodeEngine:265 - oldGeneratedFile, C:\Users\USERIT\STM32CubeIDE\MAD_Lab\Lab_07_latest\Core\Src\gpio.c_save
2025-09-16 14:20:34,425 [INFO] CodeEngine:289 - Generated code: C:\Users\USERIT\STM32CubeIDE\MAD_Lab\Lab_07_latest\Core\Src\gpio.c
2025-09-16 14:20:34,431 [INFO] CodeEngine:265 - oldGeneratedFile, C:\Users\USERIT\STM32CubeIDE\MAD_Lab\Lab_07_latest\Core\Inc\gpio.h_save
2025-09-16 14:20:34,491 [INFO] CodeEngine:289 - Generated code: C:\Users\USERIT\STM32CubeIDE\MAD_Lab\Lab_07_latest\Core\Inc\gpio.h
2025-09-16 14:20:34,833 [WARN] IPConfigManager:3238 - Warning: the RefConfig PWREx_EnableUSBVoltageDetector is not available in your config.xml file
2025-09-16 14:20:34,845 [INFO] CodeEngine:265 - oldGeneratedFile, C:\Users\USERIT\STM32CubeIDE\MAD_Lab\Lab_07_latest\MXTmpFiles\cortex.tmp_save
2025-09-16 14:20:34,947 [INFO] CodeEngine:289 - Generated code: C:\Users\USERIT\STM32CubeIDE\MAD_Lab\Lab_07_latest\MXTmpFiles\cortex.tmp
2025-09-16 14:20:34,959 [INFO] CodeEngine:265 - oldGeneratedFile, C:\Users\USERIT\STM32CubeIDE\MAD_Lab\Lab_07_latest\Core\Src\eth.c_save
2025-09-16 14:20:35,085 [INFO] CodeEngine:289 - Generated code: C:\Users\USERIT\STM32CubeIDE\MAD_Lab\Lab_07_latest\Core\Src\eth.c
2025-09-16 14:20:35,091 [INFO] CodeEngine:265 - oldGeneratedFile, C:\Users\USERIT\STM32CubeIDE\MAD_Lab\Lab_07_latest\Core\Inc\eth.h_save
2025-09-16 14:20:35,144 [INFO] CodeEngine:289 - Generated code: C:\Users\USERIT\STM32CubeIDE\MAD_Lab\Lab_07_latest\Core\Inc\eth.h
2025-09-16 14:20:35,155 [INFO] CodeEngine:265 - oldGeneratedFile, C:\Users\USERIT\STM32CubeIDE\MAD_Lab\Lab_07_latest\Core\Src\tim.c_save
2025-09-16 14:20:35,274 [INFO] CodeEngine:289 - Generated code: C:\Users\USERIT\STM32CubeIDE\MAD_Lab\Lab_07_latest\Core\Src\tim.c
2025-09-16 14:20:35,281 [INFO] CodeEngine:265 - oldGeneratedFile, C:\Users\USERIT\STM32CubeIDE\MAD_Lab\Lab_07_latest\Core\Inc\tim.h_save
2025-09-16 14:20:35,331 [INFO] CodeEngine:289 - Generated code: C:\Users\USERIT\STM32CubeIDE\MAD_Lab\Lab_07_latest\Core\Inc\tim.h
2025-09-16 14:20:35,343 [INFO] CodeEngine:265 - oldGeneratedFile, C:\Users\USERIT\STM32CubeIDE\MAD_Lab\Lab_07_latest\Core\Src\usart.c_save
2025-09-16 14:20:35,457 [INFO] CodeEngine:289 - Generated code: C:\Users\USERIT\STM32CubeIDE\MAD_Lab\Lab_07_latest\Core\Src\usart.c
2025-09-16 14:20:35,463 [INFO] CodeEngine:265 - oldGeneratedFile, C:\Users\USERIT\STM32CubeIDE\MAD_Lab\Lab_07_latest\Core\Inc\usart.h_save
2025-09-16 14:20:35,516 [INFO] CodeEngine:289 - Generated code: C:\Users\USERIT\STM32CubeIDE\MAD_Lab\Lab_07_latest\Core\Inc\usart.h
2025-09-16 14:20:35,530 [INFO] CodeEngine:265 - oldGeneratedFile, C:\Users\USERIT\STM32CubeIDE\MAD_Lab\Lab_07_latest\Core\Src\usb_otg.c_save
2025-09-16 14:20:35,656 [INFO] CodeEngine:289 - Generated code: C:\Users\USERIT\STM32CubeIDE\MAD_Lab\Lab_07_latest\Core\Src\usb_otg.c
2025-09-16 14:20:35,662 [INFO] CodeEngine:265 - oldGeneratedFile, C:\Users\USERIT\STM32CubeIDE\MAD_Lab\Lab_07_latest\Core\Inc\usb_otg.h_save
2025-09-16 14:20:35,723 [INFO] CodeEngine:289 - Generated code: C:\Users\USERIT\STM32CubeIDE\MAD_Lab\Lab_07_latest\Core\Inc\usb_otg.h
2025-09-16 14:20:35,736 [INFO] CodeEngine:265 - oldGeneratedFile, C:\Users\USERIT\STM32CubeIDE\MAD_Lab\Lab_07_latest\Core\Src\stm32f7xx_it.c_save
2025-09-16 14:20:35,900 [INFO] CodeEngine:289 - Generated code: C:\Users\USERIT\STM32CubeIDE\MAD_Lab\Lab_07_latest\Core\Src\stm32f7xx_it.c
2025-09-16 14:20:35,906 [INFO] CodeEngine:265 - oldGeneratedFile, C:\Users\USERIT\STM32CubeIDE\MAD_Lab\Lab_07_latest\Core\Inc\stm32f7xx_it.h_save
2025-09-16 14:20:36,009 [INFO] CodeEngine:289 - Generated code: C:\Users\USERIT\STM32CubeIDE\MAD_Lab\Lab_07_latest\Core\Inc\stm32f7xx_it.h
2025-09-16 14:20:36,028 [INFO] CodeEngine:265 - oldGeneratedFile, C:\Users\USERIT\STM32CubeIDE\MAD_Lab\Lab_07_latest\Core\Src\stm32f7xx_hal_msp.c_save
2025-09-16 14:20:36,155 [INFO] CodeEngine:289 - Generated code: C:\Users\USERIT\STM32CubeIDE\MAD_Lab\Lab_07_latest\Core\Src\stm32f7xx_hal_msp.c
2025-09-16 14:20:36,161 [INFO] CodeEngine:265 - oldGeneratedFile, C:\Users\USERIT\STM32CubeIDE\MAD_Lab\Lab_07_latest\MXTmpFiles\system.tmp_save
2025-09-16 14:20:36,218 [INFO] CodeEngine:289 - Generated code: C:\Users\USERIT\STM32CubeIDE\MAD_Lab\Lab_07_latest\MXTmpFiles\system.tmp
2025-09-16 14:20:36,231 [INFO] CodeEngine:321 - oldGeneratedFile, C:\Users\USERIT\STM32CubeIDE\MAD_Lab\Lab_07_latest\Core\Inc\stm32f7xx_hal_conf.h_save
2025-09-16 14:20:36,359 [INFO] CodeEngine:345 - Generated code: C:\Users\USERIT\STM32CubeIDE\MAD_Lab\Lab_07_latest\Core\Inc\stm32f7xx_hal_conf.h
2025-09-16 14:20:36,391 [INFO] CodeEngine:265 - oldGeneratedFile, C:\Users\USERIT\STM32CubeIDE\MAD_Lab\Lab_07_latest\Core\Inc\main.h_save
2025-09-16 14:20:36,509 [INFO] CodeEngine:289 - Generated code: C:\Users\USERIT\STM32CubeIDE\MAD_Lab\Lab_07_latest\Core\Inc\main.h
2025-09-16 14:20:36,515 [INFO] CodeEngine:265 - oldGeneratedFile, C:\Users\USERIT\STM32CubeIDE\MAD_Lab\Lab_07_latest\Core\Src\main.c_save
2025-09-16 14:20:36,616 [INFO] CodeEngine:289 - Generated code: C:\Users\USERIT\STM32CubeIDE\MAD_Lab\Lab_07_latest\Core\Src\main.c
2025-09-16 14:20:37,011 [INFO] ProjectBuilder:3606 - Time for Copy HAL[1] : 191mS.
2025-09-16 14:20:37,015 [INFO] ProjectBuilder:5216 - Project Generator version: 4.7.0-B52
2025-09-16 14:20:37,084 [INFO] ConfigFileManager:1595 - The Die is : DIE451
2025-09-16 14:20:37,883 [INFO] ProjectBuilder:5496 - Time for Generating toolchain IDE Files: 868mS.
2025-09-16 14:20:37,884 [INFO] ProjectBuilder:3463 - Time for Copy CMSIS : 1mS.
2025-09-16 14:20:37,887 [INFO] ProjectBuilder:3463 - Time for Copy CMSIS : 0mS.
2025-09-16 14:40:35,106 [INFO] NvicIntPanel:101 - NVIC parent = com.st.microxplorer.plugins.ip.nvic.MultiNvicIntPanel[,0,0,0x0,invalid,layout=javax.swing.BoxLayout,alignmentX=0.0,alignmentY=0.0,border=,flags=9,maximumSize=,minimumSize=,preferredSize=]
2025-09-16 14:40:37,820 [INFO] UtilMem:75 - End SaveConfig() Used Memory: 614741208 Bytes (1073741824)
2025-09-16 14:40:39,709 [INFO] UtilMem:75 - End SaveConfig() Used Memory: 722196248 Bytes (1073741824)
2025-09-16 14:40:40,057 [INFO] BlockDiagram:2775 - set Specific Code input for plugin: TIM1_8F77
2025-09-16 14:40:40,057 [INFO] BlockDiagram:2775 - set Specific Code input for plugin: SYS
2025-09-16 14:40:40,057 [INFO] BlockDiagram:2775 - set Specific Code input for plugin: RCC
2025-09-16 14:40:40,057 [INFO] BlockDiagram:2775 - set Specific Code input for plugin: USB_OTG_FS
2025-09-16 14:40:40,057 [INFO] BlockDiagram:2775 - set Specific Code input for plugin: NVIC
2025-09-16 14:40:40,057 [INFO] BlockDiagram:2775 - set Specific Code input for plugin: USART
2025-09-16 14:40:40,058 [INFO] BlockDiagram:2775 - set Specific Code input for plugin: GPIO
2025-09-16 14:40:40,058 [INFO] BlockDiagram:2775 - set Specific Code input for plugin: ETH
2025-09-16 14:40:40,060 [INFO] CodeGenerator:892 - code generatio: config db path: C:\ST\STM32CubeIDE_1.19.0\STM32CubeIDE\plugins\com.st.stm32cube.common.mx_6.15.0.202507011659\\db\
2025-09-16 14:40:40,064 [WARN] IP:2250 - Warning not found: check if there is a RefParameter without a condition.
2025-09-16 14:40:40,065 [WARN] IP:2250 - RxBufferAddress not found: check if there is a RefParameter without a condition.
2025-09-16 14:40:40,065 [WARN] IP:2250 - DESC_SIZE_UNIT not found: check if there is a RefParameter without a condition.
2025-09-16 14:40:40,238 [INFO] CodeEngine:265 - oldGeneratedFile, C:\Users\USERIT\STM32CubeIDE\MAD_Lab\Lab_07_latest\MXTmpFiles\license.tmp_save
2025-09-16 14:40:40,376 [INFO] CodeEngine:289 - Generated code: C:\Users\USERIT\STM32CubeIDE\MAD_Lab\Lab_07_latest\MXTmpFiles\license.tmp
2025-09-16 14:40:40,441 [INFO] CodeEngine:265 - oldGeneratedFile, C:\Users\USERIT\STM32CubeIDE\MAD_Lab\Lab_07_latest\Core\Src\gpio.c_save
2025-09-16 14:40:40,562 [INFO] CodeEngine:289 - Generated code: C:\Users\USERIT\STM32CubeIDE\MAD_Lab\Lab_07_latest\Core\Src\gpio.c
2025-09-16 14:40:40,568 [INFO] CodeEngine:265 - oldGeneratedFile, C:\Users\USERIT\STM32CubeIDE\MAD_Lab\Lab_07_latest\Core\Inc\gpio.h_save
2025-09-16 14:40:40,633 [INFO] CodeEngine:289 - Generated code: C:\Users\USERIT\STM32CubeIDE\MAD_Lab\Lab_07_latest\Core\Inc\gpio.h
2025-09-16 14:40:41,003 [WARN] IPConfigManager:3238 - Warning: the RefConfig PWREx_EnableUSBVoltageDetector is not available in your config.xml file
2025-09-16 14:40:41,015 [INFO] CodeEngine:265 - oldGeneratedFile, C:\Users\USERIT\STM32CubeIDE\MAD_Lab\Lab_07_latest\MXTmpFiles\cortex.tmp_save
2025-09-16 14:40:41,116 [INFO] CodeEngine:289 - Generated code: C:\Users\USERIT\STM32CubeIDE\MAD_Lab\Lab_07_latest\MXTmpFiles\cortex.tmp
2025-09-16 14:40:41,131 [INFO] CodeEngine:265 - oldGeneratedFile, C:\Users\USERIT\STM32CubeIDE\MAD_Lab\Lab_07_latest\Core\Src\eth.c_save
2025-09-16 14:40:41,313 [INFO] CodeEngine:289 - Generated code: C:\Users\USERIT\STM32CubeIDE\MAD_Lab\Lab_07_latest\Core\Src\eth.c
2025-09-16 14:40:41,323 [INFO] CodeEngine:265 - oldGeneratedFile, C:\Users\USERIT\STM32CubeIDE\MAD_Lab\Lab_07_latest\Core\Inc\eth.h_save
2025-09-16 14:40:41,407 [INFO] CodeEngine:289 - Generated code: C:\Users\USERIT\STM32CubeIDE\MAD_Lab\Lab_07_latest\Core\Inc\eth.h
2025-09-16 14:40:41,421 [INFO] CodeEngine:265 - oldGeneratedFile, C:\Users\USERIT\STM32CubeIDE\MAD_Lab\Lab_07_latest\Core\Src\tim.c_save
2025-09-16 14:40:41,651 [INFO] CodeEngine:289 - Generated code: C:\Users\USERIT\STM32CubeIDE\MAD_Lab\Lab_07_latest\Core\Src\tim.c
2025-09-16 14:40:41,659 [INFO] CodeEngine:265 - oldGeneratedFile, C:\Users\USERIT\STM32CubeIDE\MAD_Lab\Lab_07_latest\Core\Inc\tim.h_save
2025-09-16 14:40:41,715 [INFO] CodeEngine:289 - Generated code: C:\Users\USERIT\STM32CubeIDE\MAD_Lab\Lab_07_latest\Core\Inc\tim.h
2025-09-16 14:40:41,730 [INFO] CodeEngine:265 - oldGeneratedFile, C:\Users\USERIT\STM32CubeIDE\MAD_Lab\Lab_07_latest\Core\Src\usart.c_save
2025-09-16 14:40:41,860 [INFO] CodeEngine:289 - Generated code: C:\Users\USERIT\STM32CubeIDE\MAD_Lab\Lab_07_latest\Core\Src\usart.c
2025-09-16 14:40:41,866 [INFO] CodeEngine:265 - oldGeneratedFile, C:\Users\USERIT\STM32CubeIDE\MAD_Lab\Lab_07_latest\Core\Inc\usart.h_save
2025-09-16 14:40:41,923 [INFO] CodeEngine:289 - Generated code: C:\Users\USERIT\STM32CubeIDE\MAD_Lab\Lab_07_latest\Core\Inc\usart.h
2025-09-16 14:40:41,948 [INFO] CodeEngine:265 - oldGeneratedFile, C:\Users\USERIT\STM32CubeIDE\MAD_Lab\Lab_07_latest\Core\Src\usb_otg.c_save
2025-09-16 14:40:42,071 [INFO] CodeEngine:289 - Generated code: C:\Users\USERIT\STM32CubeIDE\MAD_Lab\Lab_07_latest\Core\Src\usb_otg.c
2025-09-16 14:40:42,077 [INFO] CodeEngine:265 - oldGeneratedFile, C:\Users\USERIT\STM32CubeIDE\MAD_Lab\Lab_07_latest\Core\Inc\usb_otg.h_save
2025-09-16 14:40:42,133 [INFO] CodeEngine:289 - Generated code: C:\Users\USERIT\STM32CubeIDE\MAD_Lab\Lab_07_latest\Core\Inc\usb_otg.h
2025-09-16 14:40:42,151 [INFO] CodeEngine:265 - oldGeneratedFile, C:\Users\USERIT\STM32CubeIDE\MAD_Lab\Lab_07_latest\Core\Src\stm32f7xx_it.c_save
2025-09-16 14:40:42,328 [INFO] CodeEngine:289 - Generated code: C:\Users\USERIT\STM32CubeIDE\MAD_Lab\Lab_07_latest\Core\Src\stm32f7xx_it.c
2025-09-16 14:40:42,334 [INFO] CodeEngine:265 - oldGeneratedFile, C:\Users\USERIT\STM32CubeIDE\MAD_Lab\Lab_07_latest\Core\Inc\stm32f7xx_it.h_save
2025-09-16 14:40:42,391 [INFO] CodeEngine:289 - Generated code: C:\Users\USERIT\STM32CubeIDE\MAD_Lab\Lab_07_latest\Core\Inc\stm32f7xx_it.h
2025-09-16 14:40:42,407 [INFO] CodeEngine:265 - oldGeneratedFile, C:\Users\USERIT\STM32CubeIDE\MAD_Lab\Lab_07_latest\Core\Src\stm32f7xx_hal_msp.c_save
2025-09-16 14:40:42,534 [INFO] CodeEngine:289 - Generated code: C:\Users\USERIT\STM32CubeIDE\MAD_Lab\Lab_07_latest\Core\Src\stm32f7xx_hal_msp.c
2025-09-16 14:40:42,539 [INFO] CodeEngine:265 - oldGeneratedFile, C:\Users\USERIT\STM32CubeIDE\MAD_Lab\Lab_07_latest\MXTmpFiles\system.tmp_save
2025-09-16 14:40:42,599 [INFO] CodeEngine:289 - Generated code: C:\Users\USERIT\STM32CubeIDE\MAD_Lab\Lab_07_latest\MXTmpFiles\system.tmp
2025-09-16 14:40:42,612 [INFO] CodeEngine:321 - oldGeneratedFile, C:\Users\USERIT\STM32CubeIDE\MAD_Lab\Lab_07_latest\Core\Inc\stm32f7xx_hal_conf.h_save
2025-09-16 14:40:42,764 [INFO] CodeEngine:345 - Generated code: C:\Users\USERIT\STM32CubeIDE\MAD_Lab\Lab_07_latest\Core\Inc\stm32f7xx_hal_conf.h
2025-09-16 14:40:42,799 [INFO] CodeEngine:265 - oldGeneratedFile, C:\Users\USERIT\STM32CubeIDE\MAD_Lab\Lab_07_latest\Core\Inc\main.h_save
2025-09-16 14:40:42,917 [INFO] CodeEngine:289 - Generated code: C:\Users\USERIT\STM32CubeIDE\MAD_Lab\Lab_07_latest\Core\Inc\main.h
2025-09-16 14:40:42,925 [INFO] CodeEngine:265 - oldGeneratedFile, C:\Users\USERIT\STM32CubeIDE\MAD_Lab\Lab_07_latest\Core\Src\main.c_save
2025-09-16 14:40:43,015 [INFO] CodeEngine:289 - Generated code: C:\Users\USERIT\STM32CubeIDE\MAD_Lab\Lab_07_latest\Core\Src\main.c
2025-09-16 14:40:43,415 [INFO] ProjectBuilder:3606 - Time for Copy HAL[1] : 199mS.
2025-09-16 14:40:43,419 [INFO] ProjectBuilder:5216 - Project Generator version: 4.7.0-B52
2025-09-16 14:40:43,498 [INFO] ConfigFileManager:1595 - The Die is : DIE451
2025-09-16 14:40:44,350 [INFO] ProjectBuilder:5496 - Time for Generating toolchain IDE Files: 931mS.
2025-09-16 14:40:44,351 [INFO] ProjectBuilder:3463 - Time for Copy CMSIS : 1mS.
2025-09-16 14:40:44,354 [INFO] ProjectBuilder:3463 - Time for Copy CMSIS : 0mS.
2025-09-16 14:49:03,604 [INFO] NvicIntPanel:101 - NVIC parent = com.st.microxplorer.plugins.ip.nvic.MultiNvicIntPanel[,0,0,0x0,invalid,layout=javax.swing.BoxLayout,alignmentX=0.0,alignmentY=0.0,border=,flags=9,maximumSize=,minimumSize=,preferredSize=]
2025-09-16 14:49:06,140 [INFO] UtilMem:75 - End SaveConfig() Used Memory: 770194648 Bytes (1073741824)
2025-09-16 14:49:06,585 [INFO] UtilMem:75 - End SaveConfig() Used Memory: 811090016 Bytes (1073741824)
2025-09-16 14:49:06,800 [INFO] BlockDiagram:2775 - set Specific Code input for plugin: TIM1_8F77
2025-09-16 14:49:06,800 [INFO] BlockDiagram:2775 - set Specific Code input for plugin: SYS
2025-09-16 14:49:06,800 [INFO] BlockDiagram:2775 - set Specific Code input for plugin: RCC
2025-09-16 14:49:06,800 [INFO] BlockDiagram:2775 - set Specific Code input for plugin: USB_OTG_FS
2025-09-16 14:49:06,800 [INFO] BlockDiagram:2775 - set Specific Code input for plugin: NVIC
2025-09-16 14:49:06,800 [INFO] BlockDiagram:2775 - set Specific Code input for plugin: USART
2025-09-16 14:49:06,802 [INFO] BlockDiagram:2775 - set Specific Code input for plugin: GPIO
2025-09-16 14:49:06,802 [INFO] BlockDiagram:2775 - set Specific Code input for plugin: ETH
2025-09-16 14:49:06,805 [INFO] CodeGenerator:892 - code generatio: config db path: C:\ST\STM32CubeIDE_1.19.0\STM32CubeIDE\plugins\com.st.stm32cube.common.mx_6.15.0.202507011659\\db\
2025-09-16 14:49:06,808 [WARN] IP:2250 - Warning not found: check if there is a RefParameter without a condition.
2025-09-16 14:49:06,808 [WARN] IP:2250 - RxBufferAddress not found: check if there is a RefParameter without a condition.
2025-09-16 14:49:06,808 [WARN] IP:2250 - DESC_SIZE_UNIT not found: check if there is a RefParameter without a condition.
2025-09-16 14:49:07,027 [INFO] CodeEngine:265 - oldGeneratedFile, C:\Users\USERIT\STM32CubeIDE\MAD_Lab\Lab_07_latest\MXTmpFiles\license.tmp_save
2025-09-16 14:49:07,179 [INFO] CodeEngine:289 - Generated code: C:\Users\USERIT\STM32CubeIDE\MAD_Lab\Lab_07_latest\MXTmpFiles\license.tmp
2025-09-16 14:49:07,243 [INFO] CodeEngine:265 - oldGeneratedFile, C:\Users\USERIT\STM32CubeIDE\MAD_Lab\Lab_07_latest\Core\Src\gpio.c_save
2025-09-16 14:49:07,344 [INFO] CodeEngine:289 - Generated code: C:\Users\USERIT\STM32CubeIDE\MAD_Lab\Lab_07_latest\Core\Src\gpio.c
2025-09-16 14:49:07,350 [INFO] CodeEngine:265 - oldGeneratedFile, C:\Users\USERIT\STM32CubeIDE\MAD_Lab\Lab_07_latest\Core\Inc\gpio.h_save
2025-09-16 14:49:07,408 [INFO] CodeEngine:289 - Generated code: C:\Users\USERIT\STM32CubeIDE\MAD_Lab\Lab_07_latest\Core\Inc\gpio.h
2025-09-16 14:49:07,726 [WARN] IPConfigManager:3238 - Warning: the RefConfig PWREx_EnableUSBVoltageDetector is not available in your config.xml file
2025-09-16 14:49:07,737 [INFO] CodeEngine:265 - oldGeneratedFile, C:\Users\USERIT\STM32CubeIDE\MAD_Lab\Lab_07_latest\MXTmpFiles\cortex.tmp_save
2025-09-16 14:49:07,834 [INFO] CodeEngine:289 - Generated code: C:\Users\USERIT\STM32CubeIDE\MAD_Lab\Lab_07_latest\MXTmpFiles\cortex.tmp
2025-09-16 14:49:07,845 [INFO] CodeEngine:265 - oldGeneratedFile, C:\Users\USERIT\STM32CubeIDE\MAD_Lab\Lab_07_latest\Core\Src\eth.c_save
2025-09-16 14:49:07,966 [INFO] CodeEngine:289 - Generated code: C:\Users\USERIT\STM32CubeIDE\MAD_Lab\Lab_07_latest\Core\Src\eth.c
2025-09-16 14:49:07,972 [INFO] CodeEngine:265 - oldGeneratedFile, C:\Users\USERIT\STM32CubeIDE\MAD_Lab\Lab_07_latest\Core\Inc\eth.h_save
2025-09-16 14:49:08,025 [INFO] CodeEngine:289 - Generated code: C:\Users\USERIT\STM32CubeIDE\MAD_Lab\Lab_07_latest\Core\Inc\eth.h
2025-09-16 14:49:08,035 [INFO] CodeEngine:265 - oldGeneratedFile, C:\Users\USERIT\STM32CubeIDE\MAD_Lab\Lab_07_latest\Core\Src\tim.c_save
2025-09-16 14:49:08,160 [INFO] CodeEngine:289 - Generated code: C:\Users\USERIT\STM32CubeIDE\MAD_Lab\Lab_07_latest\Core\Src\tim.c
2025-09-16 14:49:08,166 [INFO] CodeEngine:265 - oldGeneratedFile, C:\Users\USERIT\STM32CubeIDE\MAD_Lab\Lab_07_latest\Core\Inc\tim.h_save
2025-09-16 14:49:08,217 [INFO] CodeEngine:289 - Generated code: C:\Users\USERIT\STM32CubeIDE\MAD_Lab\Lab_07_latest\Core\Inc\tim.h
2025-09-16 14:49:08,227 [INFO] CodeEngine:265 - oldGeneratedFile, C:\Users\USERIT\STM32CubeIDE\MAD_Lab\Lab_07_latest\Core\Src\usart.c_save
2025-09-16 14:49:08,338 [INFO] CodeEngine:289 - Generated code: C:\Users\USERIT\STM32CubeIDE\MAD_Lab\Lab_07_latest\Core\Src\usart.c
2025-09-16 14:49:08,343 [INFO] CodeEngine:265 - oldGeneratedFile, C:\Users\USERIT\STM32CubeIDE\MAD_Lab\Lab_07_latest\Core\Inc\usart.h_save
2025-09-16 14:49:08,392 [INFO] CodeEngine:289 - Generated code: C:\Users\USERIT\STM32CubeIDE\MAD_Lab\Lab_07_latest\Core\Inc\usart.h
2025-09-16 14:49:08,403 [INFO] CodeEngine:265 - oldGeneratedFile, C:\Users\USERIT\STM32CubeIDE\MAD_Lab\Lab_07_latest\Core\Src\usb_otg.c_save
2025-09-16 14:49:08,513 [INFO] CodeEngine:289 - Generated code: C:\Users\USERIT\STM32CubeIDE\MAD_Lab\Lab_07_latest\Core\Src\usb_otg.c
2025-09-16 14:49:08,518 [INFO] CodeEngine:265 - oldGeneratedFile, C:\Users\USERIT\STM32CubeIDE\MAD_Lab\Lab_07_latest\Core\Inc\usb_otg.h_save
2025-09-16 14:49:08,568 [INFO] CodeEngine:289 - Generated code: C:\Users\USERIT\STM32CubeIDE\MAD_Lab\Lab_07_latest\Core\Inc\usb_otg.h
2025-09-16 14:49:08,581 [INFO] CodeEngine:265 - oldGeneratedFile, C:\Users\USERIT\STM32CubeIDE\MAD_Lab\Lab_07_latest\Core\Src\stm32f7xx_it.c_save
2025-09-16 14:49:08,688 [INFO] CodeEngine:289 - Generated code: C:\Users\USERIT\STM32CubeIDE\MAD_Lab\Lab_07_latest\Core\Src\stm32f7xx_it.c
2025-09-16 14:49:08,695 [INFO] CodeEngine:265 - oldGeneratedFile, C:\Users\USERIT\STM32CubeIDE\MAD_Lab\Lab_07_latest\Core\Inc\stm32f7xx_it.h_save
2025-09-16 14:49:08,755 [INFO] CodeEngine:289 - Generated code: C:\Users\USERIT\STM32CubeIDE\MAD_Lab\Lab_07_latest\Core\Inc\stm32f7xx_it.h
2025-09-16 14:49:08,769 [INFO] CodeEngine:265 - oldGeneratedFile, C:\Users\USERIT\STM32CubeIDE\MAD_Lab\Lab_07_latest\Core\Src\stm32f7xx_hal_msp.c_save
2025-09-16 14:49:08,892 [INFO] CodeEngine:289 - Generated code: C:\Users\USERIT\STM32CubeIDE\MAD_Lab\Lab_07_latest\Core\Src\stm32f7xx_hal_msp.c
2025-09-16 14:49:08,896 [INFO] CodeEngine:265 - oldGeneratedFile, C:\Users\USERIT\STM32CubeIDE\MAD_Lab\Lab_07_latest\MXTmpFiles\system.tmp_save
2025-09-16 14:49:08,942 [INFO] CodeEngine:289 - Generated code: C:\Users\USERIT\STM32CubeIDE\MAD_Lab\Lab_07_latest\MXTmpFiles\system.tmp
2025-09-16 14:49:08,953 [INFO] CodeEngine:321 - oldGeneratedFile, C:\Users\USERIT\STM32CubeIDE\MAD_Lab\Lab_07_latest\Core\Inc\stm32f7xx_hal_conf.h_save
2025-09-16 14:49:09,078 [INFO] CodeEngine:345 - Generated code: C:\Users\USERIT\STM32CubeIDE\MAD_Lab\Lab_07_latest\Core\Inc\stm32f7xx_hal_conf.h
2025-09-16 14:49:09,109 [INFO] CodeEngine:265 - oldGeneratedFile, C:\Users\USERIT\STM32CubeIDE\MAD_Lab\Lab_07_latest\Core\Inc\main.h_save
2025-09-16 14:49:09,215 [INFO] CodeEngine:289 - Generated code: C:\Users\USERIT\STM32CubeIDE\MAD_Lab\Lab_07_latest\Core\Inc\main.h
2025-09-16 14:49:09,221 [INFO] CodeEngine:265 - oldGeneratedFile, C:\Users\USERIT\STM32CubeIDE\MAD_Lab\Lab_07_latest\Core\Src\main.c_save
2025-09-16 14:49:09,306 [INFO] CodeEngine:289 - Generated code: C:\Users\USERIT\STM32CubeIDE\MAD_Lab\Lab_07_latest\Core\Src\main.c
2025-09-16 14:49:09,580 [INFO] ProjectBuilder:3606 - Time for Copy HAL[1] : 134mS.
2025-09-16 14:49:09,583 [INFO] ProjectBuilder:5216 - Project Generator version: 4.7.0-B52
2025-09-16 14:49:09,647 [INFO] ConfigFileManager:1595 - The Die is : DIE451
2025-09-16 14:49:10,274 [INFO] ProjectBuilder:5496 - Time for Generating toolchain IDE Files: 691mS.
2025-09-16 14:49:10,275 [INFO] ProjectBuilder:3463 - Time for Copy CMSIS : 1mS.
2025-09-16 14:49:10,277 [INFO] ProjectBuilder:3463 - Time for Copy CMSIS : 0mS.
2025-09-16 15:11:41,986 [ERROR] ConfigurationRetriever:142 - IOException on connection: Connection reset
2025-09-16 15:29:10,544 [WARN] IP:2250 - Warning not found: check if there is a RefParameter without a condition.
2025-09-16 15:29:10,544 [WARN] IP:2250 - RxBufferAddress not found: check if there is a RefParameter without a condition.
2025-09-16 15:29:10,544 [WARN] IP:2250 - DESC_SIZE_UNIT not found: check if there is a RefParameter without a condition.
2025-09-16 15:29:10,545 [WARN] IP:2250 - Warning not found: check if there is a RefParameter without a condition.
2025-09-16 15:29:10,545 [WARN] IP:2250 - RxBufferAddress not found: check if there is a RefParameter without a condition.
2025-09-16 15:29:10,545 [WARN] IP:2250 - DESC_SIZE_UNIT not found: check if there is a RefParameter without a condition.
2025-09-16 15:29:29,631 [INFO] NvicIntPanel:101 - NVIC parent = com.st.microxplorer.plugins.ip.nvic.MultiNvicIntPanel[,0,0,0x0,invalid,layout=javax.swing.BoxLayout,alignmentX=0.0,alignmentY=0.0,border=,flags=9,maximumSize=,minimumSize=,preferredSize=]
2025-09-16 15:29:35,530 [INFO] UtilMem:75 - End SaveConfig() Used Memory: 918645912 Bytes (1073741824)
2025-09-16 15:29:37,504 [INFO] UtilMem:75 - End SaveConfig() Used Memory: 402326664 Bytes (1073741824)
2025-09-16 15:29:37,876 [INFO] BlockDiagram:2775 - set Specific Code input for plugin: TIM1_8F77
2025-09-16 15:29:37,876 [INFO] BlockDiagram:2775 - set Specific Code input for plugin: SYS
2025-09-16 15:29:37,876 [INFO] BlockDiagram:2775 - set Specific Code input for plugin: RCC
2025-09-16 15:29:37,877 [INFO] BlockDiagram:2775 - set Specific Code input for plugin: USB_OTG_FS
2025-09-16 15:29:37,877 [INFO] BlockDiagram:2775 - set Specific Code input for plugin: NVIC
2025-09-16 15:29:37,877 [INFO] BlockDiagram:2775 - set Specific Code input for plugin: USART
2025-09-16 15:29:37,878 [INFO] BlockDiagram:2775 - set Specific Code input for plugin: GPIO
2025-09-16 15:29:37,878 [INFO] BlockDiagram:2775 - set Specific Code input for plugin: ETH
2025-09-16 15:29:37,882 [INFO] CodeGenerator:892 - code generatio: config db path: C:\ST\STM32CubeIDE_1.19.0\STM32CubeIDE\plugins\com.st.stm32cube.common.mx_6.15.0.202507011659\\db\
2025-09-16 15:29:37,886 [WARN] IP:2250 - Warning not found: check if there is a RefParameter without a condition.
2025-09-16 15:29:37,886 [WARN] IP:2250 - RxBufferAddress not found: check if there is a RefParameter without a condition.
2025-09-16 15:29:37,886 [WARN] IP:2250 - DESC_SIZE_UNIT not found: check if there is a RefParameter without a condition.
2025-09-16 15:29:38,059 [INFO] CodeEngine:265 - oldGeneratedFile, C:\Users\USERIT\STM32CubeIDE\MAD_Lab\Lab_07_latest\MXTmpFiles\license.tmp_save
2025-09-16 15:29:38,199 [INFO] CodeEngine:289 - Generated code: C:\Users\USERIT\STM32CubeIDE\MAD_Lab\Lab_07_latest\MXTmpFiles\license.tmp
2025-09-16 15:29:38,259 [INFO] CodeEngine:265 - oldGeneratedFile, C:\Users\USERIT\STM32CubeIDE\MAD_Lab\Lab_07_latest\Core\Src\gpio.c_save
2025-09-16 15:29:38,369 [INFO] CodeEngine:289 - Generated code: C:\Users\USERIT\STM32CubeIDE\MAD_Lab\Lab_07_latest\Core\Src\gpio.c
2025-09-16 15:29:38,376 [INFO] CodeEngine:265 - oldGeneratedFile, C:\Users\USERIT\STM32CubeIDE\MAD_Lab\Lab_07_latest\Core\Inc\gpio.h_save
2025-09-16 15:29:38,440 [INFO] CodeEngine:289 - Generated code: C:\Users\USERIT\STM32CubeIDE\MAD_Lab\Lab_07_latest\Core\Inc\gpio.h
2025-09-16 15:29:38,781 [WARN] IPConfigManager:3238 - Warning: the RefConfig PWREx_EnableUSBVoltageDetector is not available in your config.xml file
2025-09-16 15:29:38,803 [INFO] CodeEngine:265 - oldGeneratedFile, C:\Users\USERIT\STM32CubeIDE\MAD_Lab\Lab_07_latest\MXTmpFiles\cortex.tmp_save
2025-09-16 15:29:38,906 [INFO] CodeEngine:289 - Generated code: C:\Users\USERIT\STM32CubeIDE\MAD_Lab\Lab_07_latest\MXTmpFiles\cortex.tmp
2025-09-16 15:29:38,920 [INFO] CodeEngine:265 - oldGeneratedFile, C:\Users\USERIT\STM32CubeIDE\MAD_Lab\Lab_07_latest\Core\Src\eth.c_save
2025-09-16 15:29:39,047 [INFO] CodeEngine:289 - Generated code: C:\Users\USERIT\STM32CubeIDE\MAD_Lab\Lab_07_latest\Core\Src\eth.c
2025-09-16 15:29:39,055 [INFO] CodeEngine:265 - oldGeneratedFile, C:\Users\USERIT\STM32CubeIDE\MAD_Lab\Lab_07_latest\Core\Inc\eth.h_save
2025-09-16 15:29:39,110 [INFO] CodeEngine:289 - Generated code: C:\Users\USERIT\STM32CubeIDE\MAD_Lab\Lab_07_latest\Core\Inc\eth.h
2025-09-16 15:29:39,121 [INFO] CodeEngine:265 - oldGeneratedFile, C:\Users\USERIT\STM32CubeIDE\MAD_Lab\Lab_07_latest\Core\Src\tim.c_save
2025-09-16 15:29:39,273 [INFO] CodeEngine:289 - Generated code: C:\Users\USERIT\STM32CubeIDE\MAD_Lab\Lab_07_latest\Core\Src\tim.c
2025-09-16 15:29:39,281 [INFO] CodeEngine:265 - oldGeneratedFile, C:\Users\USERIT\STM32CubeIDE\MAD_Lab\Lab_07_latest\Core\Inc\tim.h_save
2025-09-16 15:29:39,334 [INFO] CodeEngine:289 - Generated code: C:\Users\USERIT\STM32CubeIDE\MAD_Lab\Lab_07_latest\Core\Inc\tim.h
2025-09-16 15:29:39,346 [INFO] CodeEngine:265 - oldGeneratedFile, C:\Users\USERIT\STM32CubeIDE\MAD_Lab\Lab_07_latest\Core\Src\usart.c_save
2025-09-16 15:29:39,467 [INFO] CodeEngine:289 - Generated code: C:\Users\USERIT\STM32CubeIDE\MAD_Lab\Lab_07_latest\Core\Src\usart.c
2025-09-16 15:29:39,473 [INFO] CodeEngine:265 - oldGeneratedFile, C:\Users\USERIT\STM32CubeIDE\MAD_Lab\Lab_07_latest\Core\Inc\usart.h_save
2025-09-16 15:29:39,527 [INFO] CodeEngine:289 - Generated code: C:\Users\USERIT\STM32CubeIDE\MAD_Lab\Lab_07_latest\Core\Inc\usart.h
2025-09-16 15:29:39,539 [INFO] CodeEngine:265 - oldGeneratedFile, C:\Users\USERIT\STM32CubeIDE\MAD_Lab\Lab_07_latest\Core\Src\usb_otg.c_save
2025-09-16 15:29:39,661 [INFO] CodeEngine:289 - Generated code: C:\Users\USERIT\STM32CubeIDE\MAD_Lab\Lab_07_latest\Core\Src\usb_otg.c
2025-09-16 15:29:39,668 [INFO] CodeEngine:265 - oldGeneratedFile, C:\Users\USERIT\STM32CubeIDE\MAD_Lab\Lab_07_latest\Core\Inc\usb_otg.h_save
2025-09-16 15:29:39,739 [INFO] CodeEngine:289 - Generated code: C:\Users\USERIT\STM32CubeIDE\MAD_Lab\Lab_07_latest\Core\Inc\usb_otg.h
2025-09-16 15:29:39,754 [INFO] CodeEngine:265 - oldGeneratedFile, C:\Users\USERIT\STM32CubeIDE\MAD_Lab\Lab_07_latest\Core\Src\stm32f7xx_it.c_save
2025-09-16 15:29:39,949 [INFO] CodeEngine:289 - Generated code: C:\Users\USERIT\STM32CubeIDE\MAD_Lab\Lab_07_latest\Core\Src\stm32f7xx_it.c
2025-09-16 15:29:39,956 [INFO] CodeEngine:265 - oldGeneratedFile, C:\Users\USERIT\STM32CubeIDE\MAD_Lab\Lab_07_latest\Core\Inc\stm32f7xx_it.h_save
2025-09-16 15:29:40,010 [INFO] CodeEngine:289 - Generated code: C:\Users\USERIT\STM32CubeIDE\MAD_Lab\Lab_07_latest\Core\Inc\stm32f7xx_it.h
2025-09-16 15:29:40,027 [INFO] CodeEngine:265 - oldGeneratedFile, C:\Users\USERIT\STM32CubeIDE\MAD_Lab\Lab_07_latest\Core\Src\stm32f7xx_hal_msp.c_save
2025-09-16 15:29:40,152 [INFO] CodeEngine:289 - Generated code: C:\Users\USERIT\STM32CubeIDE\MAD_Lab\Lab_07_latest\Core\Src\stm32f7xx_hal_msp.c
2025-09-16 15:29:40,157 [INFO] CodeEngine:265 - oldGeneratedFile, C:\Users\USERIT\STM32CubeIDE\MAD_Lab\Lab_07_latest\MXTmpFiles\system.tmp_save
2025-09-16 15:29:40,204 [INFO] CodeEngine:289 - Generated code: C:\Users\USERIT\STM32CubeIDE\MAD_Lab\Lab_07_latest\MXTmpFiles\system.tmp
2025-09-16 15:29:40,217 [INFO] CodeEngine:321 - oldGeneratedFile, C:\Users\USERIT\STM32CubeIDE\MAD_Lab\Lab_07_latest\Core\Inc\stm32f7xx_hal_conf.h_save
2025-09-16 15:29:40,348 [INFO] CodeEngine:345 - Generated code: C:\Users\USERIT\STM32CubeIDE\MAD_Lab\Lab_07_latest\Core\Inc\stm32f7xx_hal_conf.h
2025-09-16 15:29:40,389 [INFO] CodeEngine:265 - oldGeneratedFile, C:\Users\USERIT\STM32CubeIDE\MAD_Lab\Lab_07_latest\Core\Inc\main.h_save
2025-09-16 15:29:40,505 [INFO] CodeEngine:289 - Generated code: C:\Users\USERIT\STM32CubeIDE\MAD_Lab\Lab_07_latest\Core\Inc\main.h
2025-09-16 15:29:40,512 [INFO] CodeEngine:265 - oldGeneratedFile, C:\Users\USERIT\STM32CubeIDE\MAD_Lab\Lab_07_latest\Core\Src\main.c_save
2025-09-16 15:29:40,598 [INFO] CodeEngine:289 - Generated code: C:\Users\USERIT\STM32CubeIDE\MAD_Lab\Lab_07_latest\Core\Src\main.c
2025-09-16 15:29:40,926 [INFO] ProjectBuilder:3606 - Time for Copy HAL[1] : 177mS.
2025-09-16 15:29:40,929 [INFO] ProjectBuilder:5216 - Project Generator version: 4.7.0-B52
2025-09-16 15:29:40,998 [INFO] ConfigFileManager:1595 - The Die is : DIE451
2025-09-16 15:29:41,697 [INFO] ProjectBuilder:5496 - Time for Generating toolchain IDE Files: 768mS.
2025-09-16 15:29:41,698 [INFO] ProjectBuilder:3463 - Time for Copy CMSIS : 1mS.
2025-09-16 15:29:41,702 [INFO] ProjectBuilder:3463 - Time for Copy CMSIS : 0mS.
2025-09-16 15:36:55,250 [INFO] MainUpdater:2872 - connection check result : 10
2025-09-16 15:36:55,348 [INFO] McuFinderGlobals:76 - Set McuFinderConnectedMode to true
2025-09-16 15:36:55,350 [INFO] MultiScanPanel:200 - Auto-refresh data requested => check proxy status ongoing
2025-09-16 15:36:55,350 [INFO] FinderPluginLoader:96 - Searching for filters in installed packs
2025-09-16 15:36:56,431 [INFO] LoadUrlFilesThread:185 - End of LoadServerUrlFiles without Thread
2025-09-16 15:36:56,431 [INFO] DetailPanel:341 - Set advertising image to C:/Users/USERIT/STM32Cube/Repository/\en.2400x1350px.jpeg
2025-09-16 15:37:02,620 [INFO] MultiScanPanel:200 - Auto-refresh data requested => check proxy status ongoing
2025-09-16 15:37:02,681 [INFO] LoadUrlFilesThread:185 - End of LoadServerUrlFiles without Thread
2025-09-16 15:37:02,681 [INFO] DetailPanel:341 - Set advertising image to C:/Users/USERIT/STM32Cube/Repository/\en.2400x1350px.jpeg
2025-09-16 15:37:24,031 [INFO] McuResultTable:1403 - Mark MCU STM32C011F4U3 as favorite
2025-09-16 15:37:48,083 [INFO] McuFinderGlobals:76 - Set McuFinderConnectedMode to true
2025-09-16 15:37:48,322 [INFO] ApiDb:448 - Save user favorites file C:\Users\USERIT/.stm32cubeide/favorites.mcus.txt: 2 item(s)
2025-09-16 15:37:48,323 [INFO] ApiDb:452 - User favorites MCUs=[STM32C011F4U3, STM32F767ZIT6]
2025-09-16 15:37:48,327 [INFO] ApiDb:448 - Save user favorites file C:\Users\USERIT/.stm32cubeide/favorites.boards.txt: 1 item(s)
2025-09-16 15:37:48,328 [INFO] ApiDb:452 - User favorites Boards=[NUCLEO-F767ZI]
2025-09-16 15:51:57,542 [INFO] UtilMem:75 - End SaveConfig() Used Memory: 842788384 Bytes (1073741824)
2025-09-16 15:51:57,655 [INFO] UtilMem:75 - End SaveConfig() Used Memory: 871099936 Bytes (1073741824)
2025-09-16 15:52:00,194 [INFO] UtilMem:75 - End SaveConfig() Used Memory: 593425992 Bytes (1073741824)
2025-09-16 15:52:00,562 [INFO] BlockDiagram:2775 - set Specific Code input for plugin: TIM1_8F77
2025-09-16 15:52:00,562 [INFO] BlockDiagram:2775 - set Specific Code input for plugin: SYS
2025-09-16 15:52:00,562 [INFO] BlockDiagram:2775 - set Specific Code input for plugin: RCC
2025-09-16 15:52:00,562 [INFO] BlockDiagram:2775 - set Specific Code input for plugin: USB_OTG_FS
2025-09-16 15:52:00,562 [INFO] BlockDiagram:2775 - set Specific Code input for plugin: NVIC
2025-09-16 15:52:00,562 [INFO] BlockDiagram:2775 - set Specific Code input for plugin: USART
2025-09-16 15:52:00,563 [INFO] BlockDiagram:2775 - set Specific Code input for plugin: GPIO
2025-09-16 15:52:00,563 [INFO] BlockDiagram:2775 - set Specific Code input for plugin: ETH
2025-09-16 15:52:00,566 [INFO] CodeGenerator:892 - code generatio: config db path: C:\ST\STM32CubeIDE_1.19.0\STM32CubeIDE\plugins\com.st.stm32cube.common.mx_6.15.0.202507011659\\db\
2025-09-16 15:52:00,572 [WARN] IP:2250 - Warning not found: check if there is a RefParameter without a condition.
2025-09-16 15:52:00,573 [WARN] IP:2250 - RxBufferAddress not found: check if there is a RefParameter without a condition.
2025-09-16 15:52:00,574 [WARN] IP:2250 - DESC_SIZE_UNIT not found: check if there is a RefParameter without a condition.
2025-09-16 15:52:00,797 [INFO] CodeEngine:265 - oldGeneratedFile, C:\Users\USERIT\STM32CubeIDE\MAD_Lab\Lab_07_latest\MXTmpFiles\license.tmp_save
2025-09-16 15:52:01,227 [INFO] CodeEngine:289 - Generated code: C:\Users\USERIT\STM32CubeIDE\MAD_Lab\Lab_07_latest\MXTmpFiles\license.tmp
2025-09-16 15:52:01,351 [INFO] CodeEngine:265 - oldGeneratedFile, C:\Users\USERIT\STM32CubeIDE\MAD_Lab\Lab_07_latest\Core\Src\gpio.c_save
2025-09-16 15:52:01,595 [INFO] CodeEngine:289 - Generated code: C:\Users\USERIT\STM32CubeIDE\MAD_Lab\Lab_07_latest\Core\Src\gpio.c
2025-09-16 15:52:01,604 [INFO] CodeEngine:265 - oldGeneratedFile, C:\Users\USERIT\STM32CubeIDE\MAD_Lab\Lab_07_latest\Core\Inc\gpio.h_save
2025-09-16 15:52:01,735 [INFO] CodeEngine:289 - Generated code: C:\Users\USERIT\STM32CubeIDE\MAD_Lab\Lab_07_latest\Core\Inc\gpio.h
2025-09-16 15:52:02,363 [WARN] IPConfigManager:3238 - Warning: the RefConfig PWREx_EnableUSBVoltageDetector is not available in your config.xml file
2025-09-16 15:52:02,388 [INFO] CodeEngine:265 - oldGeneratedFile, C:\Users\USERIT\STM32CubeIDE\MAD_Lab\Lab_07_latest\MXTmpFiles\cortex.tmp_save
2025-09-16 15:52:02,591 [INFO] CodeEngine:289 - Generated code: C:\Users\USERIT\STM32CubeIDE\MAD_Lab\Lab_07_latest\MXTmpFiles\cortex.tmp
2025-09-16 15:52:02,611 [INFO] CodeEngine:265 - oldGeneratedFile, C:\Users\USERIT\STM32CubeIDE\MAD_Lab\Lab_07_latest\Core\Src\eth.c_save
2025-09-16 15:52:02,850 [INFO] CodeEngine:289 - Generated code: C:\Users\USERIT\STM32CubeIDE\MAD_Lab\Lab_07_latest\Core\Src\eth.c
2025-09-16 15:52:02,860 [INFO] CodeEngine:265 - oldGeneratedFile, C:\Users\USERIT\STM32CubeIDE\MAD_Lab\Lab_07_latest\Core\Inc\eth.h_save
2025-09-16 15:52:02,959 [INFO] CodeEngine:289 - Generated code: C:\Users\USERIT\STM32CubeIDE\MAD_Lab\Lab_07_latest\Core\Inc\eth.h
2025-09-16 15:52:02,978 [INFO] CodeEngine:265 - oldGeneratedFile, C:\Users\USERIT\STM32CubeIDE\MAD_Lab\Lab_07_latest\Core\Src\tim.c_save
2025-09-16 15:52:03,168 [INFO] CodeEngine:289 - Generated code: C:\Users\USERIT\STM32CubeIDE\MAD_Lab\Lab_07_latest\Core\Src\tim.c
2025-09-16 15:52:03,179 [INFO] CodeEngine:265 - oldGeneratedFile, C:\Users\USERIT\STM32CubeIDE\MAD_Lab\Lab_07_latest\Core\Inc\tim.h_save
2025-09-16 15:52:03,262 [INFO] CodeEngine:289 - Generated code: C:\Users\USERIT\STM32CubeIDE\MAD_Lab\Lab_07_latest\Core\Inc\tim.h
2025-09-16 15:52:03,278 [INFO] CodeEngine:265 - oldGeneratedFile, C:\Users\USERIT\STM32CubeIDE\MAD_Lab\Lab_07_latest\Core\Src\usart.c_save
2025-09-16 15:52:03,507 [INFO] CodeEngine:289 - Generated code: C:\Users\USERIT\STM32CubeIDE\MAD_Lab\Lab_07_latest\Core\Src\usart.c
2025-09-16 15:52:03,518 [INFO] CodeEngine:265 - oldGeneratedFile, C:\Users\USERIT\STM32CubeIDE\MAD_Lab\Lab_07_latest\Core\Inc\usart.h_save
2025-09-16 15:52:03,601 [INFO] CodeEngine:289 - Generated code: C:\Users\USERIT\STM32CubeIDE\MAD_Lab\Lab_07_latest\Core\Inc\usart.h
2025-09-16 15:52:03,618 [INFO] CodeEngine:265 - oldGeneratedFile, C:\Users\USERIT\STM32CubeIDE\MAD_Lab\Lab_07_latest\Core\Src\usb_otg.c_save
2025-09-16 15:52:03,799 [INFO] CodeEngine:289 - Generated code: C:\Users\USERIT\STM32CubeIDE\MAD_Lab\Lab_07_latest\Core\Src\usb_otg.c
2025-09-16 15:52:03,807 [INFO] CodeEngine:265 - oldGeneratedFile, C:\Users\USERIT\STM32CubeIDE\MAD_Lab\Lab_07_latest\Core\Inc\usb_otg.h_save
2025-09-16 15:52:03,884 [INFO] CodeEngine:289 - Generated code: C:\Users\USERIT\STM32CubeIDE\MAD_Lab\Lab_07_latest\Core\Inc\usb_otg.h
2025-09-16 15:52:03,913 [INFO] CodeEngine:265 - oldGeneratedFile, C:\Users\USERIT\STM32CubeIDE\MAD_Lab\Lab_07_latest\Core\Src\stm32f7xx_it.c_save
2025-09-16 15:52:04,199 [INFO] CodeEngine:289 - Generated code: C:\Users\USERIT\STM32CubeIDE\MAD_Lab\Lab_07_latest\Core\Src\stm32f7xx_it.c
2025-09-16 15:52:04,205 [INFO] CodeEngine:265 - oldGeneratedFile, C:\Users\USERIT\STM32CubeIDE\MAD_Lab\Lab_07_latest\Core\Inc\stm32f7xx_it.h_save
2025-09-16 15:52:04,283 [INFO] CodeEngine:289 - Generated code: C:\Users\USERIT\STM32CubeIDE\MAD_Lab\Lab_07_latest\Core\Inc\stm32f7xx_it.h
2025-09-16 15:52:04,305 [INFO] CodeEngine:265 - oldGeneratedFile, C:\Users\USERIT\STM32CubeIDE\MAD_Lab\Lab_07_latest\Core\Src\stm32f7xx_hal_msp.c_save
2025-09-16 15:52:04,436 [INFO] CodeEngine:289 - Generated code: C:\Users\USERIT\STM32CubeIDE\MAD_Lab\Lab_07_latest\Core\Src\stm32f7xx_hal_msp.c
2025-09-16 15:52:04,443 [INFO] CodeEngine:265 - oldGeneratedFile, C:\Users\USERIT\STM32CubeIDE\MAD_Lab\Lab_07_latest\MXTmpFiles\system.tmp_save
2025-09-16 15:52:04,500 [INFO] CodeEngine:289 - Generated code: C:\Users\USERIT\STM32CubeIDE\MAD_Lab\Lab_07_latest\MXTmpFiles\system.tmp
2025-09-16 15:52:04,516 [INFO] CodeEngine:321 - oldGeneratedFile, C:\Users\USERIT\STM32CubeIDE\MAD_Lab\Lab_07_latest\Core\Inc\stm32f7xx_hal_conf.h_save
2025-09-16 15:52:04,662 [INFO] CodeEngine:345 - Generated code: C:\Users\USERIT\STM32CubeIDE\MAD_Lab\Lab_07_latest\Core\Inc\stm32f7xx_hal_conf.h
2025-09-16 15:52:04,698 [INFO] CodeEngine:265 - oldGeneratedFile, C:\Users\USERIT\STM32CubeIDE\MAD_Lab\Lab_07_latest\Core\Inc\main.h_save
2025-09-16 15:52:04,821 [INFO] CodeEngine:289 - Generated code: C:\Users\USERIT\STM32CubeIDE\MAD_Lab\Lab_07_latest\Core\Inc\main.h
2025-09-16 15:52:04,828 [INFO] CodeEngine:265 - oldGeneratedFile, C:\Users\USERIT\STM32CubeIDE\MAD_Lab\Lab_07_latest\Core\Src\main.c_save
2025-09-16 15:52:04,924 [INFO] CodeEngine:289 - Generated code: C:\Users\USERIT\STM32CubeIDE\MAD_Lab\Lab_07_latest\Core\Src\main.c
2025-09-16 15:52:05,244 [INFO] ProjectBuilder:3606 - Time for Copy HAL[1] : 171mS.
2025-09-16 15:52:05,248 [INFO] ProjectBuilder:5216 - Project Generator version: 4.7.0-B52
2025-09-16 15:52:05,360 [INFO] ConfigFileManager:1595 - The Die is : DIE451
2025-09-16 15:52:06,347 [INFO] ProjectBuilder:5496 - Time for Generating toolchain IDE Files: 1098mS.
2025-09-16 15:52:06,348 [INFO] ProjectBuilder:3463 - Time for Copy CMSIS : 1mS.
2025-09-16 15:52:06,351 [INFO] ProjectBuilder:3463 - Time for Copy CMSIS : 0mS.
2025-09-16 16:16:20,646 [INFO] UtilMem:75 - End SaveConfig() Used Memory: 940993504 Bytes (1073741824)
2025-09-16 16:16:22,058 [INFO] BlockDiagram:2775 - set Specific Code input for plugin: TIM1_8F77
2025-09-16 16:16:22,058 [INFO] BlockDiagram:2775 - set Specific Code input for plugin: SYS
2025-09-16 16:16:22,059 [INFO] BlockDiagram:2775 - set Specific Code input for plugin: RCC
2025-09-16 16:16:22,059 [INFO] BlockDiagram:2775 - set Specific Code input for plugin: USB_OTG_FS
2025-09-16 16:16:22,059 [INFO] BlockDiagram:2775 - set Specific Code input for plugin: NVIC
2025-09-16 16:16:22,059 [INFO] BlockDiagram:2775 - set Specific Code input for plugin: USART
2025-09-16 16:16:22,065 [INFO] BlockDiagram:2775 - set Specific Code input for plugin: GPIO
2025-09-16 16:16:22,065 [INFO] BlockDiagram:2775 - set Specific Code input for plugin: ETH
2025-09-16 16:16:22,067 [INFO] CodeGenerator:892 - code generatio: config db path: C:\ST\STM32CubeIDE_1.19.0\STM32CubeIDE\plugins\com.st.stm32cube.common.mx_6.15.0.202507011659\\db\
2025-09-16 16:16:22,087 [WARN] IP:2250 - Warning not found: check if there is a RefParameter without a condition.
2025-09-16 16:16:22,088 [WARN] IP:2250 - RxBufferAddress not found: check if there is a RefParameter without a condition.
2025-09-16 16:16:22,088 [WARN] IP:2250 - DESC_SIZE_UNIT not found: check if there is a RefParameter without a condition.
2025-09-16 16:16:22,492 [INFO] CodeEngine:265 - oldGeneratedFile, C:\Users\USERIT\STM32CubeIDE\MAD_Lab\Lab_07_latest\MXTmpFiles\license.tmp_save
2025-09-16 16:16:23,138 [INFO] CodeEngine:289 - Generated code: C:\Users\USERIT\STM32CubeIDE\MAD_Lab\Lab_07_latest\MXTmpFiles\license.tmp
2025-09-16 16:16:23,366 [INFO] CodeEngine:265 - oldGeneratedFile, C:\Users\USERIT\STM32CubeIDE\MAD_Lab\Lab_07_latest\Core\Src\gpio.c_save
2025-09-16 16:16:23,742 [INFO] CodeEngine:289 - Generated code: C:\Users\USERIT\STM32CubeIDE\MAD_Lab\Lab_07_latest\Core\Src\gpio.c
2025-09-16 16:16:23,758 [INFO] CodeEngine:265 - oldGeneratedFile, C:\Users\USERIT\STM32CubeIDE\MAD_Lab\Lab_07_latest\Core\Inc\gpio.h_save
2025-09-16 16:16:23,973 [INFO] CodeEngine:289 - Generated code: C:\Users\USERIT\STM32CubeIDE\MAD_Lab\Lab_07_latest\Core\Inc\gpio.h
2025-09-16 16:16:25,067 [WARN] IPConfigManager:3238 - Warning: the RefConfig PWREx_EnableUSBVoltageDetector is not available in your config.xml file
2025-09-16 16:16:25,107 [INFO] CodeEngine:265 - oldGeneratedFile, C:\Users\USERIT\STM32CubeIDE\MAD_Lab\Lab_07_latest\MXTmpFiles\cortex.tmp_save
2025-09-16 16:16:25,408 [INFO] CodeEngine:289 - Generated code: C:\Users\USERIT\STM32CubeIDE\MAD_Lab\Lab_07_latest\MXTmpFiles\cortex.tmp
2025-09-16 16:16:25,437 [INFO] CodeEngine:265 - oldGeneratedFile, C:\Users\USERIT\STM32CubeIDE\MAD_Lab\Lab_07_latest\Core\Src\eth.c_save
2025-09-16 16:16:25,847 [INFO] CodeEngine:289 - Generated code: C:\Users\USERIT\STM32CubeIDE\MAD_Lab\Lab_07_latest\Core\Src\eth.c
2025-09-16 16:16:25,862 [INFO] CodeEngine:265 - oldGeneratedFile, C:\Users\USERIT\STM32CubeIDE\MAD_Lab\Lab_07_latest\Core\Inc\eth.h_save
2025-09-16 16:16:26,039 [INFO] CodeEngine:289 - Generated code: C:\Users\USERIT\STM32CubeIDE\MAD_Lab\Lab_07_latest\Core\Inc\eth.h
2025-09-16 16:16:26,071 [INFO] CodeEngine:265 - oldGeneratedFile, C:\Users\USERIT\STM32CubeIDE\MAD_Lab\Lab_07_latest\Core\Src\tim.c_save
2025-09-16 16:16:26,441 [INFO] CodeEngine:289 - Generated code: C:\Users\USERIT\STM32CubeIDE\MAD_Lab\Lab_07_latest\Core\Src\tim.c
2025-09-16 16:16:26,456 [INFO] CodeEngine:265 - oldGeneratedFile, C:\Users\USERIT\STM32CubeIDE\MAD_Lab\Lab_07_latest\Core\Inc\tim.h_save
2025-09-16 16:16:26,616 [INFO] CodeEngine:289 - Generated code: C:\Users\USERIT\STM32CubeIDE\MAD_Lab\Lab_07_latest\Core\Inc\tim.h
2025-09-16 16:16:26,649 [INFO] CodeEngine:265 - oldGeneratedFile, C:\Users\USERIT\STM32CubeIDE\MAD_Lab\Lab_07_latest\Core\Src\usart.c_save
2025-09-16 16:16:26,955 [INFO] CodeEngine:289 - Generated code: C:\Users\USERIT\STM32CubeIDE\MAD_Lab\Lab_07_latest\Core\Src\usart.c
2025-09-16 16:16:26,970 [INFO] CodeEngine:265 - oldGeneratedFile, C:\Users\USERIT\STM32CubeIDE\MAD_Lab\Lab_07_latest\Core\Inc\usart.h_save
2025-09-16 16:16:27,100 [INFO] CodeEngine:289 - Generated code: C:\Users\USERIT\STM32CubeIDE\MAD_Lab\Lab_07_latest\Core\Inc\usart.h
2025-09-16 16:16:27,127 [INFO] CodeEngine:265 - oldGeneratedFile, C:\Users\USERIT\STM32CubeIDE\MAD_Lab\Lab_07_latest\Core\Src\usb_otg.c_save
2025-09-16 16:16:27,449 [INFO] CodeEngine:289 - Generated code: C:\Users\USERIT\STM32CubeIDE\MAD_Lab\Lab_07_latest\Core\Src\usb_otg.c
2025-09-16 16:16:27,463 [INFO] CodeEngine:265 - oldGeneratedFile, C:\Users\USERIT\STM32CubeIDE\MAD_Lab\Lab_07_latest\Core\Inc\usb_otg.h_save
2025-09-16 16:16:27,598 [INFO] CodeEngine:289 - Generated code: C:\Users\USERIT\STM32CubeIDE\MAD_Lab\Lab_07_latest\Core\Inc\usb_otg.h
2025-09-16 16:16:27,635 [INFO] CodeEngine:265 - oldGeneratedFile, C:\Users\USERIT\STM32CubeIDE\MAD_Lab\Lab_07_latest\Core\Src\stm32f7xx_it.c_save
2025-09-16 16:16:28,099 [INFO] CodeEngine:289 - Generated code: C:\Users\USERIT\STM32CubeIDE\MAD_Lab\Lab_07_latest\Core\Src\stm32f7xx_it.c
2025-09-16 16:16:28,112 [INFO] CodeEngine:265 - oldGeneratedFile, C:\Users\USERIT\STM32CubeIDE\MAD_Lab\Lab_07_latest\Core\Inc\stm32f7xx_it.h_save
2025-09-16 16:16:28,249 [INFO] CodeEngine:289 - Generated code: C:\Users\USERIT\STM32CubeIDE\MAD_Lab\Lab_07_latest\Core\Inc\stm32f7xx_it.h
2025-09-16 16:16:28,293 [INFO] CodeEngine:265 - oldGeneratedFile, C:\Users\USERIT\STM32CubeIDE\MAD_Lab\Lab_07_latest\Core\Src\stm32f7xx_hal_msp.c_save
2025-09-16 16:16:28,574 [INFO] CodeEngine:289 - Generated code: C:\Users\USERIT\STM32CubeIDE\MAD_Lab\Lab_07_latest\Core\Src\stm32f7xx_hal_msp.c
2025-09-16 16:16:28,590 [INFO] CodeEngine:265 - oldGeneratedFile, C:\Users\USERIT\STM32CubeIDE\MAD_Lab\Lab_07_latest\MXTmpFiles\system.tmp_save
2025-09-16 16:16:28,705 [INFO] CodeEngine:289 - Generated code: C:\Users\USERIT\STM32CubeIDE\MAD_Lab\Lab_07_latest\MXTmpFiles\system.tmp
2025-09-16 16:16:28,734 [INFO] CodeEngine:321 - oldGeneratedFile, C:\Users\USERIT\STM32CubeIDE\MAD_Lab\Lab_07_latest\Core\Inc\stm32f7xx_hal_conf.h_save
2025-09-16 16:16:29,040 [INFO] CodeEngine:345 - Generated code: C:\Users\USERIT\STM32CubeIDE\MAD_Lab\Lab_07_latest\Core\Inc\stm32f7xx_hal_conf.h
2025-09-16 16:16:29,144 [INFO] CodeEngine:265 - oldGeneratedFile, C:\Users\USERIT\STM32CubeIDE\MAD_Lab\Lab_07_latest\Core\Inc\main.h_save
2025-09-16 16:16:29,363 [INFO] CodeEngine:289 - Generated code: C:\Users\USERIT\STM32CubeIDE\MAD_Lab\Lab_07_latest\Core\Inc\main.h
2025-09-16 16:16:29,378 [INFO] CodeEngine:265 - oldGeneratedFile, C:\Users\USERIT\STM32CubeIDE\MAD_Lab\Lab_07_latest\Core\Src\main.c_save
2025-09-16 16:16:29,560 [INFO] CodeEngine:289 - Generated code: C:\Users\USERIT\STM32CubeIDE\MAD_Lab\Lab_07_latest\Core\Src\main.c
2025-09-16 16:16:30,227 [INFO] ProjectBuilder:3606 - Time for Copy HAL[1] : 299mS.
2025-09-16 16:16:30,235 [INFO] ProjectBuilder:5216 - Project Generator version: 4.7.0-B52
2025-09-16 16:16:30,364 [INFO] ConfigFileManager:1595 - The Die is : DIE451
2025-09-16 16:16:32,258 [INFO] ProjectBuilder:5496 - Time for Generating toolchain IDE Files: 2022mS.
2025-09-16 16:16:32,260 [INFO] ProjectBuilder:3463 - Time for Copy CMSIS : 1mS.
2025-09-16 16:16:32,265 [INFO] ProjectBuilder:3463 - Time for Copy CMSIS : 0mS.
2025-09-16 16:18:06,306 [INFO] NvicIntPanel:101 - NVIC parent = com.st.microxplorer.plugins.ip.nvic.MultiNvicIntPanel[,0,0,0x0,invalid,layout=javax.swing.BoxLayout,alignmentX=0.0,alignmentY=0.0,border=,flags=9,maximumSize=,minimumSize=,preferredSize=]
2025-09-16 16:18:25,363 [INFO] NvicIntPanel:101 - NVIC parent = com.st.microxplorer.plugins.ip.nvic.MultiNvicIntPanel[,0,0,0x0,invalid,layout=javax.swing.BoxLayout,alignmentX=0.0,alignmentY=0.0,border=,flags=9,maximumSize=,minimumSize=,preferredSize=]
2025-09-16 16:18:32,496 [INFO] UtilMem:75 - End SaveConfig() Used Memory: 624356352 Bytes (1073741824)
2025-09-16 16:18:33,780 [INFO] UtilMem:75 - End SaveConfig() Used Memory: 729736192 Bytes (1073741824)
2025-09-16 16:18:34,303 [INFO] BlockDiagram:2775 - set Specific Code input for plugin: TIM1_8F77
2025-09-16 16:18:34,304 [INFO] BlockDiagram:2775 - set Specific Code input for plugin: SYS
2025-09-16 16:18:34,306 [INFO] BlockDiagram:2775 - set Specific Code input for plugin: RCC
2025-09-16 16:18:34,307 [INFO] BlockDiagram:2775 - set Specific Code input for plugin: USB_OTG_FS
2025-09-16 16:18:34,308 [INFO] BlockDiagram:2775 - set Specific Code input for plugin: NVIC
2025-09-16 16:18:34,309 [INFO] BlockDiagram:2775 - set Specific Code input for plugin: USART
2025-09-16 16:18:34,312 [INFO] BlockDiagram:2775 - set Specific Code input for plugin: GPIO
2025-09-16 16:18:34,312 [INFO] BlockDiagram:2775 - set Specific Code input for plugin: ETH
2025-09-16 16:18:34,314 [INFO] CodeGenerator:892 - code generatio: config db path: C:\ST\STM32CubeIDE_1.19.0\STM32CubeIDE\plugins\com.st.stm32cube.common.mx_6.15.0.202507011659\\db\
2025-09-16 16:18:34,321 [WARN] IP:2250 - Warning not found: check if there is a RefParameter without a condition.
2025-09-16 16:18:34,321 [WARN] IP:2250 - RxBufferAddress not found: check if there is a RefParameter without a condition.
2025-09-16 16:18:34,322 [WARN] IP:2250 - DESC_SIZE_UNIT not found: check if there is a RefParameter without a condition.
2025-09-16 16:18:34,579 [INFO] CodeEngine:265 - oldGeneratedFile, C:\Users\USERIT\STM32CubeIDE\MAD_Lab\Lab_07_latest\MXTmpFiles\license.tmp_save
2025-09-16 16:18:34,752 [INFO] CodeEngine:289 - Generated code: C:\Users\USERIT\STM32CubeIDE\MAD_Lab\Lab_07_latest\MXTmpFiles\license.tmp
2025-09-16 16:18:34,910 [INFO] CodeEngine:265 - oldGeneratedFile, C:\Users\USERIT\STM32CubeIDE\MAD_Lab\Lab_07_latest\Core\Src\gpio.c_save
2025-09-16 16:18:35,104 [INFO] CodeEngine:289 - Generated code: C:\Users\USERIT\STM32CubeIDE\MAD_Lab\Lab_07_latest\Core\Src\gpio.c
2025-09-16 16:18:35,118 [INFO] CodeEngine:265 - oldGeneratedFile, C:\Users\USERIT\STM32CubeIDE\MAD_Lab\Lab_07_latest\Core\Inc\gpio.h_save
2025-09-16 16:18:35,233 [INFO] CodeEngine:289 - Generated code: C:\Users\USERIT\STM32CubeIDE\MAD_Lab\Lab_07_latest\Core\Inc\gpio.h
2025-09-16 16:18:35,911 [WARN] IPConfigManager:3238 - Warning: the RefConfig PWREx_EnableUSBVoltageDetector is not available in your config.xml file
2025-09-16 16:18:35,939 [INFO] CodeEngine:265 - oldGeneratedFile, C:\Users\USERIT\STM32CubeIDE\MAD_Lab\Lab_07_latest\MXTmpFiles\cortex.tmp_save
2025-09-16 16:18:36,122 [INFO] CodeEngine:289 - Generated code: C:\Users\USERIT\STM32CubeIDE\MAD_Lab\Lab_07_latest\MXTmpFiles\cortex.tmp
2025-09-16 16:18:36,153 [INFO] CodeEngine:265 - oldGeneratedFile, C:\Users\USERIT\STM32CubeIDE\MAD_Lab\Lab_07_latest\Core\Src\eth.c_save
2025-09-16 16:18:36,364 [INFO] CodeEngine:289 - Generated code: C:\Users\USERIT\STM32CubeIDE\MAD_Lab\Lab_07_latest\Core\Src\eth.c
2025-09-16 16:18:36,381 [INFO] CodeEngine:265 - oldGeneratedFile, C:\Users\USERIT\STM32CubeIDE\MAD_Lab\Lab_07_latest\Core\Inc\eth.h_save
2025-09-16 16:18:36,487 [INFO] CodeEngine:289 - Generated code: C:\Users\USERIT\STM32CubeIDE\MAD_Lab\Lab_07_latest\Core\Inc\eth.h
2025-09-16 16:18:36,513 [INFO] CodeEngine:265 - oldGeneratedFile, C:\Users\USERIT\STM32CubeIDE\MAD_Lab\Lab_07_latest\Core\Src\tim.c_save
2025-09-16 16:18:36,763 [INFO] CodeEngine:289 - Generated code: C:\Users\USERIT\STM32CubeIDE\MAD_Lab\Lab_07_latest\Core\Src\tim.c
2025-09-16 16:18:36,777 [INFO] CodeEngine:265 - oldGeneratedFile, C:\Users\USERIT\STM32CubeIDE\MAD_Lab\Lab_07_latest\Core\Inc\tim.h_save
2025-09-16 16:18:36,883 [INFO] CodeEngine:289 - Generated code: C:\Users\USERIT\STM32CubeIDE\MAD_Lab\Lab_07_latest\Core\Inc\tim.h
2025-09-16 16:18:36,907 [INFO] CodeEngine:265 - oldGeneratedFile, C:\Users\USERIT\STM32CubeIDE\MAD_Lab\Lab_07_latest\Core\Src\usart.c_save
2025-09-16 16:18:37,284 [INFO] CodeEngine:289 - Generated code: C:\Users\USERIT\STM32CubeIDE\MAD_Lab\Lab_07_latest\Core\Src\usart.c
2025-09-16 16:18:37,295 [INFO] CodeEngine:265 - oldGeneratedFile, C:\Users\USERIT\STM32CubeIDE\MAD_Lab\Lab_07_latest\Core\Inc\usart.h_save
2025-09-16 16:18:37,398 [INFO] CodeEngine:289 - Generated code: C:\Users\USERIT\STM32CubeIDE\MAD_Lab\Lab_07_latest\Core\Inc\usart.h
2025-09-16 16:18:37,424 [INFO] CodeEngine:265 - oldGeneratedFile, C:\Users\USERIT\STM32CubeIDE\MAD_Lab\Lab_07_latest\Core\Src\usb_otg.c_save
2025-09-16 16:18:37,773 [INFO] CodeEngine:289 - Generated code: C:\Users\USERIT\STM32CubeIDE\MAD_Lab\Lab_07_latest\Core\Src\usb_otg.c
2025-09-16 16:18:37,787 [INFO] CodeEngine:265 - oldGeneratedFile, C:\Users\USERIT\STM32CubeIDE\MAD_Lab\Lab_07_latest\Core\Inc\usb_otg.h_save
2025-09-16 16:18:37,950 [INFO] CodeEngine:289 - Generated code: C:\Users\USERIT\STM32CubeIDE\MAD_Lab\Lab_07_latest\Core\Inc\usb_otg.h
2025-09-16 16:18:37,994 [INFO] CodeEngine:265 - oldGeneratedFile, C:\Users\USERIT\STM32CubeIDE\MAD_Lab\Lab_07_latest\Core\Src\stm32f7xx_it.c_save
2025-09-16 16:18:38,246 [INFO] CodeEngine:289 - Generated code: C:\Users\USERIT\STM32CubeIDE\MAD_Lab\Lab_07_latest\Core\Src\stm32f7xx_it.c
2025-09-16 16:18:38,259 [INFO] CodeEngine:265 - oldGeneratedFile, C:\Users\USERIT\STM32CubeIDE\MAD_Lab\Lab_07_latest\Core\Inc\stm32f7xx_it.h_save
2025-09-16 16:18:38,422 [INFO] CodeEngine:289 - Generated code: C:\Users\USERIT\STM32CubeIDE\MAD_Lab\Lab_07_latest\Core\Inc\stm32f7xx_it.h
2025-09-16 16:18:38,459 [INFO] CodeEngine:265 - oldGeneratedFile, C:\Users\USERIT\STM32CubeIDE\MAD_Lab\Lab_07_latest\Core\Src\stm32f7xx_hal_msp.c_save
2025-09-16 16:18:38,673 [INFO] CodeEngine:289 - Generated code: C:\Users\USERIT\STM32CubeIDE\MAD_Lab\Lab_07_latest\Core\Src\stm32f7xx_hal_msp.c
2025-09-16 16:18:38,681 [INFO] CodeEngine:265 - oldGeneratedFile, C:\Users\USERIT\STM32CubeIDE\MAD_Lab\Lab_07_latest\MXTmpFiles\system.tmp_save
2025-09-16 16:18:38,776 [INFO] CodeEngine:289 - Generated code: C:\Users\USERIT\STM32CubeIDE\MAD_Lab\Lab_07_latest\MXTmpFiles\system.tmp
2025-09-16 16:18:38,801 [INFO] CodeEngine:321 - oldGeneratedFile, C:\Users\USERIT\STM32CubeIDE\MAD_Lab\Lab_07_latest\Core\Inc\stm32f7xx_hal_conf.h_save
2025-09-16 16:18:39,058 [INFO] CodeEngine:345 - Generated code: C:\Users\USERIT\STM32CubeIDE\MAD_Lab\Lab_07_latest\Core\Inc\stm32f7xx_hal_conf.h
2025-09-16 16:18:39,122 [INFO] CodeEngine:265 - oldGeneratedFile, C:\Users\USERIT\STM32CubeIDE\MAD_Lab\Lab_07_latest\Core\Inc\main.h_save
2025-09-16 16:18:39,298 [INFO] CodeEngine:289 - Generated code: C:\Users\USERIT\STM32CubeIDE\MAD_Lab\Lab_07_latest\Core\Inc\main.h
2025-09-16 16:18:39,311 [INFO] CodeEngine:265 - oldGeneratedFile, C:\Users\USERIT\STM32CubeIDE\MAD_Lab\Lab_07_latest\Core\Src\main.c_save
2025-09-16 16:18:39,456 [INFO] CodeEngine:289 - Generated code: C:\Users\USERIT\STM32CubeIDE\MAD_Lab\Lab_07_latest\Core\Src\main.c
2025-09-16 16:18:39,941 [INFO] ProjectBuilder:3606 - Time for Copy HAL[1] : 249mS.
2025-09-16 16:18:39,949 [INFO] ProjectBuilder:5216 - Project Generator version: 4.7.0-B52
2025-09-16 16:18:40,060 [INFO] ConfigFileManager:1595 - The Die is : DIE451
2025-09-16 16:18:41,265 [INFO] ProjectBuilder:5496 - Time for Generating toolchain IDE Files: 1316mS.
2025-09-16 16:18:41,266 [INFO] ProjectBuilder:3463 - Time for Copy CMSIS : 0mS.
2025-09-16 16:18:41,272 [INFO] ProjectBuilder:3463 - Time for Copy CMSIS : 1mS.
2025-09-16 16:20:44,311 [INFO] UtilMem:75 - End SaveConfig() Used Memory: 747968456 Bytes (1073741824)
2025-09-16 16:20:45,211 [INFO] UtilMem:75 - End SaveConfig() Used Memory: 851949920 Bytes (1073741824)
2025-09-16 16:20:45,626 [INFO] BlockDiagram:2775 - set Specific Code input for plugin: TIM1_8F77
2025-09-16 16:20:45,626 [INFO] BlockDiagram:2775 - set Specific Code input for plugin: SYS
2025-09-16 16:20:45,626 [INFO] BlockDiagram:2775 - set Specific Code input for plugin: RCC
2025-09-16 16:20:45,627 [INFO] BlockDiagram:2775 - set Specific Code input for plugin: USB_OTG_FS
2025-09-16 16:20:45,628 [INFO] BlockDiagram:2775 - set Specific Code input for plugin: NVIC
2025-09-16 16:20:45,629 [INFO] BlockDiagram:2775 - set Specific Code input for plugin: USART
2025-09-16 16:20:45,631 [INFO] BlockDiagram:2775 - set Specific Code input for plugin: GPIO
2025-09-16 16:20:45,631 [INFO] BlockDiagram:2775 - set Specific Code input for plugin: ETH
2025-09-16 16:20:45,633 [INFO] CodeGenerator:892 - code generatio: config db path: C:\ST\STM32CubeIDE_1.19.0\STM32CubeIDE\plugins\com.st.stm32cube.common.mx_6.15.0.202507011659\\db\
2025-09-16 16:20:45,640 [WARN] IP:2250 - Warning not found: check if there is a RefParameter without a condition.
2025-09-16 16:20:45,641 [WARN] IP:2250 - RxBufferAddress not found: check if there is a RefParameter without a condition.
2025-09-16 16:20:45,641 [WARN] IP:2250 - DESC_SIZE_UNIT not found: check if there is a RefParameter without a condition.
2025-09-16 16:20:45,877 [INFO] CodeEngine:265 - oldGeneratedFile, C:\Users\USERIT\STM32CubeIDE\MAD_Lab\Lab_07_latest\MXTmpFiles\license.tmp_save
2025-09-16 16:20:46,015 [INFO] CodeEngine:289 - Generated code: C:\Users\USERIT\STM32CubeIDE\MAD_Lab\Lab_07_latest\MXTmpFiles\license.tmp
2025-09-16 16:20:46,112 [INFO] CodeEngine:265 - oldGeneratedFile, C:\Users\USERIT\STM32CubeIDE\MAD_Lab\Lab_07_latest\Core\Src\gpio.c_save
2025-09-16 16:20:46,263 [INFO] CodeEngine:289 - Generated code: C:\Users\USERIT\STM32CubeIDE\MAD_Lab\Lab_07_latest\Core\Src\gpio.c
2025-09-16 16:20:46,273 [INFO] CodeEngine:265 - oldGeneratedFile, C:\Users\USERIT\STM32CubeIDE\MAD_Lab\Lab_07_latest\Core\Inc\gpio.h_save
2025-09-16 16:20:46,358 [INFO] CodeEngine:289 - Generated code: C:\Users\USERIT\STM32CubeIDE\MAD_Lab\Lab_07_latest\Core\Inc\gpio.h
2025-09-16 16:20:46,829 [WARN] IPConfigManager:3238 - Warning: the RefConfig PWREx_EnableUSBVoltageDetector is not available in your config.xml file
2025-09-16 16:20:46,845 [INFO] CodeEngine:265 - oldGeneratedFile, C:\Users\USERIT\STM32CubeIDE\MAD_Lab\Lab_07_latest\MXTmpFiles\cortex.tmp_save
2025-09-16 16:20:46,972 [INFO] CodeEngine:289 - Generated code: C:\Users\USERIT\STM32CubeIDE\MAD_Lab\Lab_07_latest\MXTmpFiles\cortex.tmp
2025-09-16 16:20:46,990 [INFO] CodeEngine:265 - oldGeneratedFile, C:\Users\USERIT\STM32CubeIDE\MAD_Lab\Lab_07_latest\Core\Src\eth.c_save
2025-09-16 16:20:47,182 [INFO] CodeEngine:289 - Generated code: C:\Users\USERIT\STM32CubeIDE\MAD_Lab\Lab_07_latest\Core\Src\eth.c
2025-09-16 16:20:47,191 [INFO] CodeEngine:265 - oldGeneratedFile, C:\Users\USERIT\STM32CubeIDE\MAD_Lab\Lab_07_latest\Core\Inc\eth.h_save
2025-09-16 16:20:47,263 [INFO] CodeEngine:289 - Generated code: C:\Users\USERIT\STM32CubeIDE\MAD_Lab\Lab_07_latest\Core\Inc\eth.h
2025-09-16 16:20:47,282 [INFO] CodeEngine:265 - oldGeneratedFile, C:\Users\USERIT\STM32CubeIDE\MAD_Lab\Lab_07_latest\Core\Src\tim.c_save
2025-09-16 16:20:47,455 [INFO] CodeEngine:289 - Generated code: C:\Users\USERIT\STM32CubeIDE\MAD_Lab\Lab_07_latest\Core\Src\tim.c
2025-09-16 16:20:47,464 [INFO] CodeEngine:265 - oldGeneratedFile, C:\Users\USERIT\STM32CubeIDE\MAD_Lab\Lab_07_latest\Core\Inc\tim.h_save
2025-09-16 16:20:47,545 [INFO] CodeEngine:289 - Generated code: C:\Users\USERIT\STM32CubeIDE\MAD_Lab\Lab_07_latest\Core\Inc\tim.h
2025-09-16 16:20:47,561 [INFO] CodeEngine:265 - oldGeneratedFile, C:\Users\USERIT\STM32CubeIDE\MAD_Lab\Lab_07_latest\Core\Src\usart.c_save
2025-09-16 16:20:47,753 [INFO] CodeEngine:289 - Generated code: C:\Users\USERIT\STM32CubeIDE\MAD_Lab\Lab_07_latest\Core\Src\usart.c
2025-09-16 16:20:47,762 [INFO] CodeEngine:265 - oldGeneratedFile, C:\Users\USERIT\STM32CubeIDE\MAD_Lab\Lab_07_latest\Core\Inc\usart.h_save
2025-09-16 16:20:47,839 [INFO] CodeEngine:289 - Generated code: C:\Users\USERIT\STM32CubeIDE\MAD_Lab\Lab_07_latest\Core\Inc\usart.h
2025-09-16 16:20:47,859 [INFO] CodeEngine:265 - oldGeneratedFile, C:\Users\USERIT\STM32CubeIDE\MAD_Lab\Lab_07_latest\Core\Src\usb_otg.c_save
2025-09-16 16:20:48,029 [INFO] CodeEngine:289 - Generated code: C:\Users\USERIT\STM32CubeIDE\MAD_Lab\Lab_07_latest\Core\Src\usb_otg.c
2025-09-16 16:20:48,040 [INFO] CodeEngine:265 - oldGeneratedFile, C:\Users\USERIT\STM32CubeIDE\MAD_Lab\Lab_07_latest\Core\Inc\usb_otg.h_save
2025-09-16 16:20:48,124 [INFO] CodeEngine:289 - Generated code: C:\Users\USERIT\STM32CubeIDE\MAD_Lab\Lab_07_latest\Core\Inc\usb_otg.h
2025-09-16 16:20:48,147 [INFO] CodeEngine:265 - oldGeneratedFile, C:\Users\USERIT\STM32CubeIDE\MAD_Lab\Lab_07_latest\Core\Src\stm32f7xx_it.c_save
2025-09-16 16:20:48,336 [INFO] CodeEngine:289 - Generated code: C:\Users\USERIT\STM32CubeIDE\MAD_Lab\Lab_07_latest\Core\Src\stm32f7xx_it.c
2025-09-16 16:20:48,345 [INFO] CodeEngine:265 - oldGeneratedFile, C:\Users\USERIT\STM32CubeIDE\MAD_Lab\Lab_07_latest\Core\Inc\stm32f7xx_it.h_save
2025-09-16 16:20:48,423 [INFO] CodeEngine:289 - Generated code: C:\Users\USERIT\STM32CubeIDE\MAD_Lab\Lab_07_latest\Core\Inc\stm32f7xx_it.h
2025-09-16 16:20:48,443 [INFO] CodeEngine:265 - oldGeneratedFile, C:\Users\USERIT\STM32CubeIDE\MAD_Lab\Lab_07_latest\Core\Src\stm32f7xx_hal_msp.c_save
2025-09-16 16:20:48,603 [INFO] CodeEngine:289 - Generated code: C:\Users\USERIT\STM32CubeIDE\MAD_Lab\Lab_07_latest\Core\Src\stm32f7xx_hal_msp.c
2025-09-16 16:20:48,609 [INFO] CodeEngine:265 - oldGeneratedFile, C:\Users\USERIT\STM32CubeIDE\MAD_Lab\Lab_07_latest\MXTmpFiles\system.tmp_save
2025-09-16 16:20:48,676 [INFO] CodeEngine:289 - Generated code: C:\Users\USERIT\STM32CubeIDE\MAD_Lab\Lab_07_latest\MXTmpFiles\system.tmp
2025-09-16 16:20:48,693 [INFO] CodeEngine:321 - oldGeneratedFile, C:\Users\USERIT\STM32CubeIDE\MAD_Lab\Lab_07_latest\Core\Inc\stm32f7xx_hal_conf.h_save
2025-09-16 16:20:48,885 [INFO] CodeEngine:345 - Generated code: C:\Users\USERIT\STM32CubeIDE\MAD_Lab\Lab_07_latest\Core\Inc\stm32f7xx_hal_conf.h
2025-09-16 16:20:48,945 [INFO] CodeEngine:265 - oldGeneratedFile, C:\Users\USERIT\STM32CubeIDE\MAD_Lab\Lab_07_latest\Core\Inc\main.h_save
2025-09-16 16:20:49,097 [INFO] CodeEngine:289 - Generated code: C:\Users\USERIT\STM32CubeIDE\MAD_Lab\Lab_07_latest\Core\Inc\main.h
2025-09-16 16:20:49,106 [INFO] CodeEngine:265 - oldGeneratedFile, C:\Users\USERIT\STM32CubeIDE\MAD_Lab\Lab_07_latest\Core\Src\main.c_save
2025-09-16 16:20:49,248 [INFO] CodeEngine:289 - Generated code: C:\Users\USERIT\STM32CubeIDE\MAD_Lab\Lab_07_latest\Core\Src\main.c
2025-09-16 16:20:49,833 [INFO] ProjectBuilder:3606 - Time for Copy HAL[1] : 279mS.
2025-09-16 16:20:49,838 [INFO] ProjectBuilder:5216 - Project Generator version: 4.7.0-B52
2025-09-16 16:20:49,958 [INFO] ConfigFileManager:1595 - The Die is : DIE451
2025-09-16 16:20:50,869 [INFO] ProjectBuilder:5496 - Time for Generating toolchain IDE Files: 1031mS.
2025-09-16 16:20:50,871 [INFO] ProjectBuilder:3463 - Time for Copy CMSIS : 0mS.
2025-09-16 16:20:50,877 [INFO] ProjectBuilder:3463 - Time for Copy CMSIS : 1mS.
2025-09-16 16:22:24,849 [WARN] IP:2250 - Warning not found: check if there is a RefParameter without a condition.
2025-09-16 16:22:24,850 [WARN] IP:2250 - RxBufferAddress not found: check if there is a RefParameter without a condition.
2025-09-16 16:22:24,850 [WARN] IP:2250 - DESC_SIZE_UNIT not found: check if there is a RefParameter without a condition.
2025-09-16 16:22:24,851 [WARN] IP:2250 - Warning not found: check if there is a RefParameter without a condition.
2025-09-16 16:22:24,851 [WARN] IP:2250 - RxBufferAddress not found: check if there is a RefParameter without a condition.
2025-09-16 16:22:24,851 [WARN] IP:2250 - DESC_SIZE_UNIT not found: check if there is a RefParameter without a condition.
2025-09-16 16:22:25,246 [WARN] IP:2250 - Warning not found: check if there is a RefParameter without a condition.
2025-09-16 16:22:25,246 [WARN] IP:2250 - RxBufferAddress not found: check if there is a RefParameter without a condition.
2025-09-16 16:22:25,247 [WARN] IP:2250 - DESC_SIZE_UNIT not found: check if there is a RefParameter without a condition.
2025-09-16 16:22:25,247 [WARN] IP:2250 - Warning not found: check if there is a RefParameter without a condition.
2025-09-16 16:22:25,247 [WARN] IP:2250 - RxBufferAddress not found: check if there is a RefParameter without a condition.
2025-09-16 16:22:25,247 [WARN] IP:2250 - DESC_SIZE_UNIT not found: check if there is a RefParameter without a condition.
2025-09-16 16:22:49,495 [WARN] IP:2250 - Warning not found: check if there is a RefParameter without a condition.
2025-09-16 16:22:49,495 [WARN] IP:2250 - RxBufferAddress not found: check if there is a RefParameter without a condition.
2025-09-16 16:22:49,496 [WARN] IP:2250 - DESC_SIZE_UNIT not found: check if there is a RefParameter without a condition.
2025-09-16 16:22:49,497 [WARN] IP:2250 - Warning not found: check if there is a RefParameter without a condition.
2025-09-16 16:22:49,498 [WARN] IP:2250 - RxBufferAddress not found: check if there is a RefParameter without a condition.
2025-09-16 16:22:49,499 [WARN] IP:2250 - DESC_SIZE_UNIT not found: check if there is a RefParameter without a condition.
2025-09-16 16:22:50,099 [WARN] IP:2250 - Warning not found: check if there is a RefParameter without a condition.
2025-09-16 16:22:50,099 [WARN] IP:2250 - RxBufferAddress not found: check if there is a RefParameter without a condition.
2025-09-16 16:22:50,099 [WARN] IP:2250 - DESC_SIZE_UNIT not found: check if there is a RefParameter without a condition.
2025-09-16 16:22:50,100 [WARN] IP:2250 - Warning not found: check if there is a RefParameter without a condition.
2025-09-16 16:22:50,100 [WARN] IP:2250 - RxBufferAddress not found: check if there is a RefParameter without a condition.
2025-09-16 16:22:50,101 [WARN] IP:2250 - DESC_SIZE_UNIT not found: check if there is a RefParameter without a condition.
2025-09-16 16:22:50,539 [WARN] IP:2250 - Warning not found: check if there is a RefParameter without a condition.
2025-09-16 16:22:50,540 [WARN] IP:2250 - RxBufferAddress not found: check if there is a RefParameter without a condition.
2025-09-16 16:22:50,541 [WARN] IP:2250 - DESC_SIZE_UNIT not found: check if there is a RefParameter without a condition.
2025-09-16 16:22:50,541 [WARN] IP:2250 - Warning not found: check if there is a RefParameter without a condition.
2025-09-16 16:22:50,542 [WARN] IP:2250 - RxBufferAddress not found: check if there is a RefParameter without a condition.
2025-09-16 16:22:50,542 [WARN] IP:2250 - DESC_SIZE_UNIT not found: check if there is a RefParameter without a condition.
2025-09-16 16:23:45,586 [INFO] UtilMem:75 - End SaveConfig() Used Memory: 628337784 Bytes (1073741824)
2025-09-16 16:23:45,806 [INFO] UtilMem:75 - End SaveConfig() Used Memory: 656101144 Bytes (1073741824)
2025-09-16 16:23:46,989 [INFO] UtilMem:75 - End SaveConfig() Used Memory: 760624504 Bytes (1073741824)
2025-09-16 16:23:48,060 [INFO] BlockDiagram:2775 - set Specific Code input for plugin: TIM1_8F77
2025-09-16 16:23:48,063 [INFO] BlockDiagram:2775 - set Specific Code input for plugin: SYS
2025-09-16 16:23:48,063 [INFO] BlockDiagram:2775 - set Specific Code input for plugin: RCC
2025-09-16 16:23:48,064 [INFO] BlockDiagram:2775 - set Specific Code input for plugin: USB_OTG_FS
2025-09-16 16:23:48,064 [INFO] BlockDiagram:2775 - set Specific Code input for plugin: NVIC
2025-09-16 16:23:48,064 [INFO] BlockDiagram:2775 - set Specific Code input for plugin: USART
2025-09-16 16:23:48,065 [INFO] BlockDiagram:2775 - set Specific Code input for plugin: GPIO
2025-09-16 16:23:48,066 [INFO] BlockDiagram:2775 - set Specific Code input for plugin: ETH
2025-09-16 16:23:48,070 [INFO] CodeGenerator:892 - code generatio: config db path: C:\ST\STM32CubeIDE_1.19.0\STM32CubeIDE\plugins\com.st.stm32cube.common.mx_6.15.0.202507011659\\db\
2025-09-16 16:23:48,075 [WARN] IP:2250 - Warning not found: check if there is a RefParameter without a condition.
2025-09-16 16:23:48,076 [WARN] IP:2250 - RxBufferAddress not found: check if there is a RefParameter without a condition.
2025-09-16 16:23:48,076 [WARN] IP:2250 - DESC_SIZE_UNIT not found: check if there is a RefParameter without a condition.
2025-09-16 16:23:48,747 [INFO] CodeEngine:265 - oldGeneratedFile, C:\Users\USERIT\STM32CubeIDE\MAD_Lab\Lab_07_latest\MXTmpFiles\license.tmp_save
2025-09-16 16:23:49,067 [INFO] CodeEngine:289 - Generated code: C:\Users\USERIT\STM32CubeIDE\MAD_Lab\Lab_07_latest\MXTmpFiles\license.tmp
2025-09-16 16:23:49,214 [INFO] CodeEngine:265 - oldGeneratedFile, C:\Users\USERIT\STM32CubeIDE\MAD_Lab\Lab_07_latest\Core\Src\gpio.c_save
2025-09-16 16:23:49,424 [INFO] CodeEngine:289 - Generated code: C:\Users\USERIT\STM32CubeIDE\MAD_Lab\Lab_07_latest\Core\Src\gpio.c
2025-09-16 16:23:49,439 [INFO] CodeEngine:265 - oldGeneratedFile, C:\Users\USERIT\STM32CubeIDE\MAD_Lab\Lab_07_latest\Core\Inc\gpio.h_save
2025-09-16 16:23:49,576 [INFO] CodeEngine:289 - Generated code: C:\Users\USERIT\STM32CubeIDE\MAD_Lab\Lab_07_latest\Core\Inc\gpio.h
2025-09-16 16:23:50,283 [WARN] IPConfigManager:3238 - Warning: the RefConfig PWREx_EnableUSBVoltageDetector is not available in your config.xml file
2025-09-16 16:23:50,308 [INFO] CodeEngine:265 - oldGeneratedFile, C:\Users\USERIT\STM32CubeIDE\MAD_Lab\Lab_07_latest\MXTmpFiles\cortex.tmp_save
2025-09-16 16:23:50,486 [INFO] CodeEngine:289 - Generated code: C:\Users\USERIT\STM32CubeIDE\MAD_Lab\Lab_07_latest\MXTmpFiles\cortex.tmp
2025-09-16 16:23:50,508 [INFO] CodeEngine:265 - oldGeneratedFile, C:\Users\USERIT\STM32CubeIDE\MAD_Lab\Lab_07_latest\Core\Src\eth.c_save
2025-09-16 16:23:50,776 [INFO] CodeEngine:289 - Generated code: C:\Users\USERIT\STM32CubeIDE\MAD_Lab\Lab_07_latest\Core\Src\eth.c
2025-09-16 16:23:50,787 [INFO] CodeEngine:265 - oldGeneratedFile, C:\Users\USERIT\STM32CubeIDE\MAD_Lab\Lab_07_latest\Core\Inc\eth.h_save
2025-09-16 16:23:50,903 [INFO] CodeEngine:289 - Generated code: C:\Users\USERIT\STM32CubeIDE\MAD_Lab\Lab_07_latest\Core\Inc\eth.h
2025-09-16 16:23:50,929 [INFO] CodeEngine:265 - oldGeneratedFile, C:\Users\USERIT\STM32CubeIDE\MAD_Lab\Lab_07_latest\Core\Src\tim.c_save
2025-09-16 16:23:51,179 [INFO] CodeEngine:289 - Generated code: C:\Users\USERIT\STM32CubeIDE\MAD_Lab\Lab_07_latest\Core\Src\tim.c
2025-09-16 16:23:51,189 [INFO] CodeEngine:265 - oldGeneratedFile, C:\Users\USERIT\STM32CubeIDE\MAD_Lab\Lab_07_latest\Core\Inc\tim.h_save
2025-09-16 16:23:51,280 [INFO] CodeEngine:289 - Generated code: C:\Users\USERIT\STM32CubeIDE\MAD_Lab\Lab_07_latest\Core\Inc\tim.h
2025-09-16 16:23:51,303 [INFO] CodeEngine:265 - oldGeneratedFile, C:\Users\USERIT\STM32CubeIDE\MAD_Lab\Lab_07_latest\Core\Src\usart.c_save
2025-09-16 16:23:51,526 [INFO] CodeEngine:289 - Generated code: C:\Users\USERIT\STM32CubeIDE\MAD_Lab\Lab_07_latest\Core\Src\usart.c
2025-09-16 16:23:51,538 [INFO] CodeEngine:265 - oldGeneratedFile, C:\Users\USERIT\STM32CubeIDE\MAD_Lab\Lab_07_latest\Core\Inc\usart.h_save
2025-09-16 16:23:51,633 [INFO] CodeEngine:289 - Generated code: C:\Users\USERIT\STM32CubeIDE\MAD_Lab\Lab_07_latest\Core\Inc\usart.h
2025-09-16 16:23:51,658 [INFO] CodeEngine:265 - oldGeneratedFile, C:\Users\USERIT\STM32CubeIDE\MAD_Lab\Lab_07_latest\Core\Src\usb_otg.c_save
2025-09-16 16:23:51,860 [INFO] CodeEngine:289 - Generated code: C:\Users\USERIT\STM32CubeIDE\MAD_Lab\Lab_07_latest\Core\Src\usb_otg.c
2025-09-16 16:23:51,872 [INFO] CodeEngine:265 - oldGeneratedFile, C:\Users\USERIT\STM32CubeIDE\MAD_Lab\Lab_07_latest\Core\Inc\usb_otg.h_save
2025-09-16 16:23:51,964 [INFO] CodeEngine:289 - Generated code: C:\Users\USERIT\STM32CubeIDE\MAD_Lab\Lab_07_latest\Core\Inc\usb_otg.h
2025-09-16 16:23:51,989 [INFO] CodeEngine:265 - oldGeneratedFile, C:\Users\USERIT\STM32CubeIDE\MAD_Lab\Lab_07_latest\Core\Src\stm32f7xx_it.c_save
2025-09-16 16:23:52,175 [INFO] CodeEngine:289 - Generated code: C:\Users\USERIT\STM32CubeIDE\MAD_Lab\Lab_07_latest\Core\Src\stm32f7xx_it.c
2025-09-16 16:23:52,187 [INFO] CodeEngine:265 - oldGeneratedFile, C:\Users\USERIT\STM32CubeIDE\MAD_Lab\Lab_07_latest\Core\Inc\stm32f7xx_it.h_save
2025-09-16 16:23:52,290 [INFO] CodeEngine:289 - Generated code: C:\Users\USERIT\STM32CubeIDE\MAD_Lab\Lab_07_latest\Core\Inc\stm32f7xx_it.h
2025-09-16 16:23:52,319 [INFO] CodeEngine:265 - oldGeneratedFile, C:\Users\USERIT\STM32CubeIDE\MAD_Lab\Lab_07_latest\Core\Src\stm32f7xx_hal_msp.c_save
2025-09-16 16:23:52,542 [INFO] CodeEngine:289 - Generated code: C:\Users\USERIT\STM32CubeIDE\MAD_Lab\Lab_07_latest\Core\Src\stm32f7xx_hal_msp.c
2025-09-16 16:23:52,552 [INFO] CodeEngine:265 - oldGeneratedFile, C:\Users\USERIT\STM32CubeIDE\MAD_Lab\Lab_07_latest\MXTmpFiles\system.tmp_save
2025-09-16 16:23:52,639 [INFO] CodeEngine:289 - Generated code: C:\Users\USERIT\STM32CubeIDE\MAD_Lab\Lab_07_latest\MXTmpFiles\system.tmp
2025-09-16 16:23:52,664 [INFO] CodeEngine:321 - oldGeneratedFile, C:\Users\USERIT\STM32CubeIDE\MAD_Lab\Lab_07_latest\Core\Inc\stm32f7xx_hal_conf.h_save
2025-09-16 16:23:52,887 [INFO] CodeEngine:345 - Generated code: C:\Users\USERIT\STM32CubeIDE\MAD_Lab\Lab_07_latest\Core\Inc\stm32f7xx_hal_conf.h
2025-09-16 16:23:52,953 [INFO] CodeEngine:265 - oldGeneratedFile, C:\Users\USERIT\STM32CubeIDE\MAD_Lab\Lab_07_latest\Core\Inc\main.h_save
2025-09-16 16:23:53,138 [INFO] CodeEngine:289 - Generated code: C:\Users\USERIT\STM32CubeIDE\MAD_Lab\Lab_07_latest\Core\Inc\main.h
2025-09-16 16:23:53,149 [INFO] CodeEngine:265 - oldGeneratedFile, C:\Users\USERIT\STM32CubeIDE\MAD_Lab\Lab_07_latest\Core\Src\main.c_save
2025-09-16 16:23:53,313 [INFO] CodeEngine:289 - Generated code: C:\Users\USERIT\STM32CubeIDE\MAD_Lab\Lab_07_latest\Core\Src\main.c
2025-09-16 16:23:54,011 [INFO] ProjectBuilder:3606 - Time for Copy HAL[1] : 301mS.
2025-09-16 16:23:54,019 [INFO] ProjectBuilder:5216 - Project Generator version: 4.7.0-B52
2025-09-16 16:23:54,142 [INFO] ConfigFileManager:1595 - The Die is : DIE451
2025-09-16 16:23:55,782 [INFO] ProjectBuilder:5496 - Time for Generating toolchain IDE Files: 1762mS.
2025-09-16 16:23:55,784 [INFO] ProjectBuilder:3463 - Time for Copy CMSIS : 1mS.
2025-09-16 16:23:55,788 [INFO] ProjectBuilder:3463 - Time for Copy CMSIS : 0mS.
2025-09-16 16:31:57,436 [ERROR] LogOutputStream:75 - [STDERR_REDIRECT] 
