2025-08-05 12:23:34,509 [INFO] Activator:176 - 


2025-08-05 12:23:34,528 [INFO] Activator:177 - !SESSION log4j initialized
2025-08-05 12:23:46,584 [INFO] LogOutputStream:77 - [STDOUT_REDIRECT] 
2025-08-05 12:23:50,967 [INFO] ApplicationProperties:184 - Using Application install path: C:\ST\STM32CubeIDE_1.19.0\STM32CubeIDE\plugins\com.st.stm32cube.common.mx_6.15.0.202507011659
2025-08-05 12:23:50,998 [INFO] DbMcusXml:78 - Set database path to: C:\ST\STM32CubeIDE_1.19.0\STM32CubeIDE\plugins\com.st.stm32cube.common.mx_6.15.0.202507011659\\db\/mcu/
2025-08-05 12:23:50,998 [INFO] ApiDb:274 - Set plugin database path to: C:\ST\STM32CubeIDE_1.19.0\STM32CubeIDE\plugins\com.st.stm32cube.common.mx_6.15.0.202507011659\\db\/plugins/boardmanager/
2025-08-05 12:23:50,999 [WARN] ApiDb:259 - Overriding images path with different value:  => C:\ST\STM32CubeIDE_1.19.0\STM32CubeIDE\plugins\com.st.stm32cube.common.mx_6.15.0.202507011659\\db\/plugins/mcufinder/images/
2025-08-05 12:23:51,014 [INFO] ApiDb:250 - Set database path to: C:\Users\USERIT\.stmcufinder\plugins\mcufinder//mcu/
2025-08-05 12:23:51,017 [INFO] DbMcusAds:125 - Set database path to: C:\Users\USERIT\.stmcufinder\plugins\mcufinder//mcu/
2025-08-05 12:23:51,021 [INFO] CrossReferenceDbSqlite:203 - Set database path to: C:\Users\USERIT\.stmcufinder\plugins\mcufinder//mcu/cs/
2025-08-05 12:23:51,261 [INFO] RulesReader:64 - Compatibility file has been processed (317 Rules)
2025-08-05 12:23:51,432 [INFO] DbMcusXml:78 - Set database path to: C:\ST\STM32CubeIDE_1.19.0\STM32CubeIDE\plugins\com.st.stm32cube.common.mx_6.15.0.202507011659\\db\/mcu/
2025-08-05 12:23:51,432 [INFO] ApiDb:274 - Set plugin database path to: C:\ST\STM32CubeIDE_1.19.0\STM32CubeIDE\plugins\com.st.stm32cube.common.mx_6.15.0.202507011659\\db\/plugins/boardmanager/
2025-08-05 12:23:51,433 [INFO] ApiDb:261 - Set plugin images path to: C:\ST\STM32CubeIDE_1.19.0\STM32CubeIDE\plugins\com.st.stm32cube.common.mx_6.15.0.202507011659\\db\/plugins/mcufinder/images/
2025-08-05 12:23:51,433 [WARN] DbFile:41 - Overriding database path with different value: C:\Users\USERIT\.stmcufinder\plugins\mcufinder/ => C:\Users\USERIT\.stmcufinder\plugins\mcufinder
2025-08-05 12:23:51,433 [INFO] ApiDb:250 - Set database path to: C:\Users\USERIT\.stmcufinder\plugins\mcufinder//mcu/
2025-08-05 12:23:51,433 [WARN] DbFile:41 - Overriding database path with different value: C:\Users\USERIT\.stmcufinder\plugins\mcufinder/ => C:\Users\USERIT\.stmcufinder\plugins\mcufinder
2025-08-05 12:23:51,433 [INFO] DbMcusAds:125 - Set database path to: C:\Users\USERIT\.stmcufinder\plugins\mcufinder//mcu/
2025-08-05 12:23:51,433 [WARN] DbFile:41 - Overriding database path with different value: C:\Users\USERIT\.stmcufinder\plugins\mcufinder/ => C:\Users\USERIT\.stmcufinder\plugins\mcufinder
2025-08-05 12:23:51,434 [WARN] DbFile:41 - Overriding database path with different value: C:\Users\USERIT\.stmcufinder\plugins\mcufinder/ => C:\Users\USERIT\.stmcufinder\plugins\mcufinder
2025-08-05 12:23:51,434 [INFO] CrossReferenceDbSqlite:203 - Set database path to: C:\Users\USERIT\.stmcufinder\plugins\mcufinder//mcu/cs/
2025-08-05 12:23:51,601 [INFO] MainPanel:274 - HeapMemory: 268435456
2025-08-05 12:23:51,799 [INFO] DbMcusXml:78 - Set database path to: C:\ST\STM32CubeIDE_1.19.0\STM32CubeIDE\plugins\com.st.stm32cube.common.mx_6.15.0.202507011659\\db\/mcu/
2025-08-05 12:23:51,799 [INFO] ApiDb:274 - Set plugin database path to: C:\ST\STM32CubeIDE_1.19.0\STM32CubeIDE\plugins\com.st.stm32cube.common.mx_6.15.0.202507011659\\db\/plugins/boardmanager/
2025-08-05 12:23:51,800 [INFO] ApiDb:261 - Set plugin images path to: C:\ST\STM32CubeIDE_1.19.0\STM32CubeIDE\plugins\com.st.stm32cube.common.mx_6.15.0.202507011659\\db\/plugins/mcufinder/images/
2025-08-05 12:23:51,801 [WARN] DbFile:41 - Overriding database path with different value: C:\Users\USERIT\.stmcufinder\plugins\mcufinder/ => C:\Users\USERIT\.stmcufinder\plugins\mcufinder
2025-08-05 12:23:51,802 [INFO] ApiDb:250 - Set database path to: C:\Users\USERIT\.stmcufinder\plugins\mcufinder//mcu/
2025-08-05 12:23:51,802 [WARN] DbFile:41 - Overriding database path with different value: C:\Users\USERIT\.stmcufinder\plugins\mcufinder/ => C:\Users\USERIT\.stmcufinder\plugins\mcufinder
2025-08-05 12:23:51,802 [INFO] DbMcusAds:125 - Set database path to: C:\Users\USERIT\.stmcufinder\plugins\mcufinder//mcu/
2025-08-05 12:23:51,802 [WARN] DbFile:41 - Overriding database path with different value: C:\Users\USERIT\.stmcufinder\plugins\mcufinder/ => C:\Users\USERIT\.stmcufinder\plugins\mcufinder
2025-08-05 12:23:51,802 [WARN] DbFile:41 - Overriding database path with different value: C:\Users\USERIT\.stmcufinder\plugins\mcufinder/ => C:\Users\USERIT\.stmcufinder\plugins\mcufinder
2025-08-05 12:23:51,803 [INFO] CrossReferenceDbSqlite:203 - Set database path to: C:\Users\USERIT\.stmcufinder\plugins\mcufinder//mcu/cs/
2025-08-05 12:23:51,840 [INFO] ApplicationProperties:184 - Using Application install path: C:\ST\STM32CubeIDE_1.19.0\STM32CubeIDE\plugins\com.st.stm32cube.common.mx_6.15.0.202507011659
2025-08-05 12:23:51,843 [INFO] PluginManage:196 - Search for loadable plugins [exclusion list=, ]
2025-08-05 12:23:51,845 [INFO] PluginManage:310 - Check plugin analytics
2025-08-05 12:23:52,252 [INFO] AnalyticsPlugin:253 - Accepted Software Licenses: 
2025-08-05 12:23:52,253 [INFO] AnalyticsPlugin:255 - Accepted CMSIS Pack Licenses: 
2025-08-05 12:23:52,253 [INFO] AnalyticsPlugin:257 - Accepted Firmware Licenses: FW.F7.1.17.0
2025-08-05 12:23:52,263 [INFO] PluginManage:359 - Loaded plugin analytics (category:tool,tabindex:-1)
2025-08-05 12:23:52,290 [INFO] PluginManage:310 - Check plugin cadmodel
2025-08-05 12:23:52,333 [INFO] CADModel:105 - Init CAD model plugin
2025-08-05 12:23:52,333 [INFO] PluginManage:359 - Loaded plugin cadmodel (category:power,tabindex:5)
2025-08-05 12:23:52,334 [INFO] PluginManage:310 - Check plugin clock
2025-08-05 12:23:52,387 [INFO] PluginManage:359 - Loaded plugin clock (category:base,tabindex:2)
2025-08-05 12:23:52,387 [INFO] PluginManage:310 - Check plugin ddr
2025-08-05 12:23:52,391 [INFO] PluginManage:359 - Loaded plugin ddr (category:tool,tabindex:6)
2025-08-05 12:23:52,391 [INFO] PluginManage:310 - Check plugin filemanager
2025-08-05 12:23:52,668 [INFO] PluginManage:359 - Loaded plugin filemanager (category:base,tabindex:10)
2025-08-05 12:23:52,668 [INFO] PluginManage:310 - Check plugin ipmanager
2025-08-05 12:23:52,682 [INFO] PluginManage:359 - Loaded plugin ipmanager (category:base,tabindex:5)
2025-08-05 12:23:52,682 [INFO] PluginManage:310 - Check plugin lpbam
2025-08-05 12:23:52,717 [INFO] PluginManage:359 - Loaded plugin lpbam (category:base,tabindex:0)
2025-08-05 12:23:52,718 [INFO] PluginManage:310 - Check plugin memorymap
2025-08-05 12:23:52,775 [INFO] PluginManage:359 - Loaded plugin memorymap (category:base,tabindex:4)
2025-08-05 12:23:52,776 [INFO] PluginManage:310 - Check plugin pinoutandconfiguration
2025-08-05 12:23:52,820 [INFO] PluginManage:359 - Loaded plugin pinoutandconfiguration (category:base,tabindex:1)
2025-08-05 12:23:52,821 [INFO] PluginManage:310 - Check plugin pinoutconfig
2025-08-05 12:23:53,018 [WARN] SupportedApi:132 - Cannot load RTOS API schema: s4s-elt-must-match.1: The content of 'definitions' must match (annotation?, (simpleType | complexType)?, (unique | key | keyref)*)). A problem was found starting at: attribute.
2025-08-05 12:23:53,276 [INFO] PluginManage:359 - Loaded plugin pinoutconfig (category:base,tabindex:0)
2025-08-05 12:23:53,277 [INFO] PluginManage:310 - Check plugin power
2025-08-05 12:23:53,319 [INFO] PluginManage:359 - Loaded plugin power (category:power,tabindex:4)
2025-08-05 12:23:53,320 [INFO] PluginManage:310 - Check plugin projectmanager
2025-08-05 12:23:53,351 [INFO] PluginManage:359 - Loaded plugin projectmanager (category:projectmanager,tabindex:4)
2025-08-05 12:23:53,352 [INFO] PluginManage:310 - Check plugin rif
2025-08-05 12:23:53,392 [INFO] PluginManage:359 - Loaded plugin rif (category:base,tabindex:3)
2025-08-05 12:23:53,392 [INFO] PluginManage:310 - Check plugin thirdparty
2025-08-05 12:23:54,008 [INFO] PluginManage:359 - Loaded plugin thirdparty (category:base,tabindex:-1)
2025-08-05 12:23:54,008 [WARN] IntegrityCheckThread:84 - waiting for thirdparty lock release [integrity check]
2025-08-05 12:23:54,009 [INFO] PluginManage:310 - Check plugin tools
2025-08-05 12:23:54,009 [INFO] IntegrityCheckThread:86 - entering critical section [integrity check]
2025-08-05 12:23:54,010 [INFO] ThirdPartyUpdaterWithRetryManager:70 - Updater plugin not ready yet. [1/15]
2025-08-05 12:23:54,093 [INFO] PluginManage:359 - Loaded plugin tools (category:base,tabindex:7)
2025-08-05 12:23:54,093 [INFO] PluginManage:310 - Check plugin tutovideos
2025-08-05 12:23:54,580 [INFO] PluginManage:359 - Loaded plugin tutovideos (category:base,tabindex:-1)
2025-08-05 12:23:54,580 [INFO] PluginManage:310 - Check plugin updater
2025-08-05 12:23:54,615 [INFO] PluginManage:359 - Loaded plugin updater (category:base,tabindex:12)
2025-08-05 12:23:54,615 [INFO] PluginManage:310 - Check plugin userauth
2025-08-05 12:23:54,623 [INFO] UserAuth:118 - Init User Auth plugin
2025-08-05 12:23:54,624 [INFO] PluginManage:359 - Loaded plugin userauth (category:base,tabindex:14)
2025-08-05 12:23:54,625 [INFO] PluginManage:283 - PluginManage : Loaded plugins [18]
2025-08-05 12:23:55,019 [INFO] PinOutPanel:1589 - setPackage(No Configuration,No Configuration)
2025-08-05 12:23:55,183 [INFO] CADModel:165 - CPN selected for project level
2025-08-05 12:23:55,184 [INFO] CADModel:114 - Register for checkConnection events
2025-08-05 12:23:55,237 [INFO] IPUIPlugin:80 - create IPUIPlugin
2025-08-05 12:23:55,237 [INFO] PluginManager:220 - loadIPPluginJar : add adc
2025-08-05 12:23:55,344 [INFO] IPUIPlugin:80 - create IPUIPlugin
2025-08-05 12:23:55,344 [INFO] PluginManager:220 - loadIPPluginJar : add aes
2025-08-05 12:23:55,495 [INFO] IPUIPlugin:80 - create IPUIPlugin
2025-08-05 12:23:55,496 [INFO] PluginManager:220 - loadIPPluginJar : add can
2025-08-05 12:23:55,566 [INFO] IPUIPlugin:80 - create IPUIPlugin
2025-08-05 12:23:55,566 [INFO] PluginManager:220 - loadIPPluginJar : add comp
2025-08-05 12:23:55,689 [INFO] IPUIPlugin:80 - create IPUIPlugin
2025-08-05 12:23:55,704 [INFO] PluginManager:220 - loadIPPluginJar : add cryp
2025-08-05 12:23:55,747 [INFO] IPUIPlugin:80 - create IPUIPlugin
2025-08-05 12:23:55,747 [INFO] PluginManager:220 - loadIPPluginJar : add ddr_ctrl_phy
2025-08-05 12:23:55,836 [INFO] IPUIPlugin:80 - create IPUIPlugin
2025-08-05 12:23:55,837 [INFO] PluginManager:220 - loadIPPluginJar : add dfsdm
2025-08-05 12:23:55,867 [INFO] IPUIPlugin:80 - create IPUIPlugin
2025-08-05 12:23:55,868 [INFO] PluginManager:220 - loadIPPluginJar : add dma
2025-08-05 12:23:55,981 [INFO] IPUIPlugin:80 - create IPUIPlugin
2025-08-05 12:23:55,982 [INFO] PluginManager:220 - loadIPPluginJar : add dma3
2025-08-05 12:23:56,118 [INFO] IPUIPlugin:80 - create IPUIPlugin
2025-08-05 12:23:56,119 [INFO] PluginManager:220 - loadIPPluginJar : add extmemmanager
2025-08-05 12:23:56,186 [INFO] IPUIPlugin:80 - create IPUIPlugin
2025-08-05 12:23:56,187 [INFO] PluginManager:220 - loadIPPluginJar : add fatfs
2025-08-05 12:23:56,326 [INFO] IPUIPlugin:80 - create IPUIPlugin
2025-08-05 12:23:56,326 [INFO] PluginManager:220 - loadIPPluginJar : add fmc
2025-08-05 12:23:56,362 [INFO] IPUIPlugin:80 - create IPUIPlugin
2025-08-05 12:23:56,362 [INFO] PluginManager:220 - loadIPPluginJar : add freertos
2025-08-05 12:23:56,435 [INFO] IPUIPlugin:80 - create IPUIPlugin
2025-08-05 12:23:56,435 [INFO] PluginManager:220 - loadIPPluginJar : add genericplugin
2025-08-05 12:23:56,744 [INFO] IPUIPlugin:80 - create IPUIPlugin
2025-08-05 12:23:56,744 [INFO] PluginManager:220 - loadIPPluginJar : add gfxmmu
2025-08-05 12:23:57,021 [INFO] ThirdPartyUpdaterWithRetryManager:70 - Updater plugin not ready yet. [2/15]
2025-08-05 12:23:57,179 [INFO] IPUIPlugin:80 - create IPUIPlugin
2025-08-05 12:23:57,179 [INFO] PluginManager:220 - loadIPPluginJar : add gic
2025-08-05 12:23:57,213 [INFO] IPUIPlugin:80 - create IPUIPlugin
2025-08-05 12:23:57,213 [INFO] PluginManager:220 - loadIPPluginJar : add gpio
2025-08-05 12:23:57,489 [INFO] IPUIPlugin:80 - create IPUIPlugin
2025-08-05 12:23:57,489 [INFO] PluginManager:220 - loadIPPluginJar : add gtzc
2025-08-05 12:23:57,585 [INFO] IPUIPlugin:80 - create IPUIPlugin
2025-08-05 12:23:57,586 [INFO] PluginManager:220 - loadIPPluginJar : add hash
2025-08-05 12:23:57,745 [INFO] IPUIPlugin:80 - create IPUIPlugin
2025-08-05 12:23:57,745 [INFO] PluginManager:220 - loadIPPluginJar : add i2c
2025-08-05 12:23:57,856 [INFO] IPUIPlugin:80 - create IPUIPlugin
2025-08-05 12:23:57,856 [INFO] PluginManager:220 - loadIPPluginJar : add i2s
2025-08-05 12:23:57,976 [INFO] IPUIPlugin:80 - create IPUIPlugin
2025-08-05 12:23:57,977 [INFO] PluginManager:220 - loadIPPluginJar : add i3c
2025-08-05 12:23:58,181 [INFO] IPUIPlugin:80 - create IPUIPlugin
2025-08-05 12:23:58,181 [INFO] PluginManager:220 - loadIPPluginJar : add ipddr
2025-08-05 12:23:58,395 [INFO] IPUIPlugin:80 - create IPUIPlugin
2025-08-05 12:23:58,395 [INFO] PluginManager:220 - loadIPPluginJar : add linkedlist
2025-08-05 12:23:58,472 [INFO] IPUIPlugin:80 - create IPUIPlugin
2025-08-05 12:23:58,473 [INFO] PluginManager:220 - loadIPPluginJar : add lorawan
2025-08-05 12:23:58,555 [INFO] IPUIPlugin:80 - create IPUIPlugin
2025-08-05 12:23:58,555 [INFO] PluginManager:220 - loadIPPluginJar : add ltdc
2025-08-05 12:23:58,576 [INFO] IPUIPlugin:80 - create IPUIPlugin
2025-08-05 12:23:58,576 [INFO] PluginManager:220 - loadIPPluginJar : add mdma
2025-08-05 12:23:58,593 [INFO] IPUIPlugin:80 - create IPUIPlugin
2025-08-05 12:23:58,594 [INFO] PluginManager:220 - loadIPPluginJar : add nvic
2025-08-05 12:23:58,648 [INFO] IPUIPlugin:80 - create IPUIPlugin
2025-08-05 12:23:58,648 [INFO] PluginManager:220 - loadIPPluginJar : add opamp
2025-08-05 12:23:58,731 [INFO] IPUIPlugin:80 - create IPUIPlugin
2025-08-05 12:23:58,731 [INFO] PluginManager:220 - loadIPPluginJar : add openamp
2025-08-05 12:23:58,789 [INFO] IPUIPlugin:80 - create IPUIPlugin
2025-08-05 12:23:58,789 [INFO] PluginManager:220 - loadIPPluginJar : add pdm2pcm
2025-08-05 12:23:58,807 [INFO] IPUIPlugin:80 - create IPUIPlugin
2025-08-05 12:23:58,810 [INFO] PluginManager:220 - loadIPPluginJar : add plateformsettings
2025-08-05 12:23:58,844 [INFO] IPUIPlugin:80 - create IPUIPlugin
2025-08-05 12:23:58,844 [INFO] PluginManager:220 - loadIPPluginJar : add quadspi
2025-08-05 12:23:58,881 [INFO] IPUIPlugin:80 - create IPUIPlugin
2025-08-05 12:23:58,882 [INFO] PluginManager:220 - loadIPPluginJar : add radio
2025-08-05 12:23:58,897 [INFO] IPUIPlugin:80 - create IPUIPlugin
2025-08-05 12:23:58,897 [INFO] PluginManager:220 - loadIPPluginJar : add resmgrutility
2025-08-05 12:23:58,954 [INFO] IPUIPlugin:80 - create IPUIPlugin
2025-08-05 12:23:58,954 [INFO] PluginManager:220 - loadIPPluginJar : add sai
2025-08-05 12:23:59,013 [INFO] IPUIPlugin:80 - create IPUIPlugin
2025-08-05 12:23:59,014 [INFO] PluginManager:220 - loadIPPluginJar : add spi
2025-08-05 12:23:59,119 [INFO] IPUIPlugin:80 - create IPUIPlugin
2025-08-05 12:23:59,119 [INFO] PluginManager:220 - loadIPPluginJar : add stm32_wpan
2025-08-05 12:23:59,153 [INFO] IPUIPlugin:80 - create IPUIPlugin
2025-08-05 12:23:59,154 [INFO] PluginManager:220 - loadIPPluginJar : add tim
2025-08-05 12:23:59,246 [INFO] IPUIPlugin:80 - create IPUIPlugin
2025-08-05 12:23:59,246 [INFO] PluginManager:220 - loadIPPluginJar : add touchsensing
2025-08-05 12:23:59,284 [INFO] IPUIPlugin:80 - create IPUIPlugin
2025-08-05 12:23:59,285 [INFO] PluginManager:220 - loadIPPluginJar : add tracer_emb
2025-08-05 12:23:59,313 [INFO] IPUIPlugin:80 - create IPUIPlugin
2025-08-05 12:23:59,313 [INFO] PluginManager:220 - loadIPPluginJar : add ts
2025-08-05 12:23:59,349 [INFO] IPUIPlugin:80 - create IPUIPlugin
2025-08-05 12:23:59,349 [INFO] PluginManager:220 - loadIPPluginJar : add tsc
2025-08-05 12:23:59,385 [INFO] IPUIPlugin:80 - create IPUIPlugin
2025-08-05 12:23:59,385 [INFO] PluginManager:220 - loadIPPluginJar : add ucpd
2025-08-05 12:23:59,436 [INFO] IPUIPlugin:80 - create IPUIPlugin
2025-08-05 12:23:59,436 [INFO] PluginManager:220 - loadIPPluginJar : add usart
2025-08-05 12:23:59,512 [INFO] IPUIPlugin:80 - create IPUIPlugin
2025-08-05 12:23:59,512 [INFO] PluginManager:220 - loadIPPluginJar : add usbx
2025-08-05 12:23:59,673 [FATAL] Updater:351 - Updater called before beeing initialized
2025-08-05 12:23:59,714 [INFO] RulesReader:64 - Compatibility file has been processed (317 Rules)
2025-08-05 12:23:59,732 [INFO] RulesReader:64 - Compatibility file has been processed (317 Rules)
2025-08-05 12:23:59,747 [INFO] CADModel:165 - CPN selected for project level
2025-08-05 12:23:59,747 [INFO] CADModel:114 - Register for checkConnection events
2025-08-05 12:23:59,747 [FATAL] Updater:351 - Updater called before beeing initialized
2025-08-05 12:23:59,748 [ERROR] CADModel:125 - Updater not yet initialized, retry later 
2025-08-05 12:23:59,965 [FATAL] Updater:351 - Updater called before beeing initialized
2025-08-05 12:23:59,968 [INFO] CADModel:165 - CPN selected for project level
2025-08-05 12:23:59,968 [INFO] CADModel:114 - Register for checkConnection events
2025-08-05 12:23:59,968 [FATAL] Updater:351 - Updater called before beeing initialized
2025-08-05 12:23:59,968 [ERROR] CADModel:125 - Updater not yet initialized, retry later 
2025-08-05 12:23:59,973 [FATAL] Updater:351 - Updater called before beeing initialized
2025-08-05 12:24:00,021 [INFO] ThirdPartyUpdaterWithRetryManager:70 - Updater plugin not ready yet. [3/15]
2025-08-05 12:24:00,134 [FATAL] Updater:351 - Updater called before beeing initialized
2025-08-05 12:24:00,145 [INFO] DbMcusAds:53 - JSON generation date=Tue Jul 08 15:14:23 ICT 2025 (1751962463562)
2025-08-05 12:24:00,145 [FATAL] Updater:351 - Updater called before beeing initialized
2025-08-05 12:24:00,189 [WARN] DetailPanel:346 - Failed to get advertising image, set to default
2025-08-05 12:24:00,287 [FATAL] Updater:351 - Updater called before beeing initialized
2025-08-05 12:24:00,288 [FATAL] Updater:351 - Updater called before beeing initialized
2025-08-05 12:24:00,288 [FATAL] Updater:351 - Updater called before beeing initialized
2025-08-05 12:24:00,288 [WARN] DetailPanel:346 - Failed to get advertising image, set to default
2025-08-05 12:24:00,289 [FATAL] Updater:351 - Updater called before beeing initialized
2025-08-05 12:24:00,375 [ERROR] Updater:1198 - MainUpdater not yet initialized. External WinMGr cannot be set.
2025-08-05 12:24:00,390 [INFO] Updater:1134 - Updater Version found : 6.15.0
2025-08-05 12:24:00,414 [INFO] ApplicationProperties:184 - Using Application install path: C:\ST\STM32CubeIDE_1.19.0\STM32CubeIDE\plugins\com.st.stm32cube.common.mx_6.15.0.202507011659
2025-08-05 12:24:02,006 [ERROR] LogOutputStream:75 - [STDERR_REDIRECT] Aug 05, 2025 12:24:01 PM java.util.prefs.WindowsPreferences <init>
2025-08-05 12:24:02,009 [ERROR] LogOutputStream:75 - [STDERR_REDIRECT] WARNING: Could not open/create prefs root node Software\JavaSoft\Prefs at root 0xffffffff80000002. Windows RegCreateKeyEx(...) returned error code 5.
2025-08-05 12:24:02,009 [ERROR] LogOutputStream:75 - [STDERR_REDIRECT] 
2025-08-05 12:24:02,661 [INFO] MainUpdater:2872 - connection check result : 10
2025-08-05 12:24:02,661 [INFO] MainUpdater:3604 - Updater definition file requires update
2025-08-05 12:24:02,662 [INFO] MainUpdater:289 - Updater Check For Update Now.
2025-08-05 12:24:02,663 [INFO] MicroXplorer:498 - Change Database Version : DB.6.0.150
2025-08-05 12:24:02,686 [INFO] McuFinderGlobals:63 - Set McuFinder mode to 2 (CubeIDE integrated)
2025-08-05 12:24:02,696 [INFO] UserAuth:487 - Internet connection configuration mode: 1
2025-08-05 12:24:02,731 [INFO] JxBrowserEngine:152 - Initiate JxBrowser Engine with user profile folder
2025-08-05 12:24:03,022 [WARN] MainUpdater:1193 - Updater busy. Cannot search thirdparties
2025-08-05 12:24:03,022 [INFO] ThirdPartyUpdaterWithRetryManager:96 - Updater plugin is busy. [1/15]
2025-08-05 12:24:03,100 [INFO] ServerAccessManage:452 - Complete download http(s) 200
2025-08-05 12:24:03,101 [INFO] ServerAccessManage:509 - Download File updaters.zip
2025-08-05 12:24:03,227 [INFO] FileExtend:248 - Unzip File : updaters.zip
2025-08-05 12:24:03,228 [INFO] FileExtend:263 - Standard Zip Deflate
2025-08-05 12:24:04,347 [INFO] ServerAccessManage:452 - Complete download http(s) 200
2025-08-05 12:24:04,348 [INFO] ServerAccessManage:509 - Download File PacksControlFlags.xml
2025-08-05 12:24:05,157 [INFO] ServerAccessManage:452 - Complete download http(s) 200
2025-08-05 12:24:05,158 [INFO] ServerAccessManage:509 - Download File cubemx.pidx
2025-08-05 12:24:06,023 [WARN] MainUpdater:1193 - Updater busy. Cannot search thirdparties
2025-08-05 12:24:06,023 [INFO] ThirdPartyUpdaterWithRetryManager:96 - Updater plugin is busy. [2/15]
2025-08-05 12:24:06,401 [INFO] ServerAccessManage:452 - Complete download http(s) 200
2025-08-05 12:24:06,401 [INFO] ServerAccessManage:509 - Download File STMicroelectronics.FP-SNS-STBOX1.pdsc
2025-08-05 12:24:06,481 [INFO] WebApp:169 - Instantiating new browser for Auth
2025-08-05 12:24:07,662 [INFO] WebApp:463 - Apply proxy settings
2025-08-05 12:24:07,663 [INFO] WebApp:548 - Chromium requires no authentication
2025-08-05 12:24:07,677 [INFO] WebApp:491 - Direct internet connection detected
2025-08-05 12:24:07,710 [INFO] WebApp:900 - Register for checkConnection events
2025-08-05 12:24:07,710 [INFO] WebApp:463 - Apply proxy settings
2025-08-05 12:24:07,711 [INFO] WebApp:548 - Chromium requires no authentication
2025-08-05 12:24:07,711 [INFO] WebApp:491 - Direct internet connection detected
2025-08-05 12:24:08,007 [INFO] WebApp:225 - Starting web application
2025-08-05 12:24:08,008 [INFO] WebApp:593 - Web application path used C:\ST\STM32CubeIDE_1.19.0\STM32CubeIDE\plugins\com.st.stm32cube.common.mx_6.15.0.202507011659\db\plugins\mcufinder\reactClient1\index.html
2025-08-05 12:24:08,369 [INFO] ServerAccessManage:452 - Complete download http(s) 200
2025-08-05 12:24:08,370 [INFO] ServerAccessManage:509 - Download File STMicroelectronics.X-CUBE-AI.pdsc
2025-08-05 12:24:08,397 [INFO] UserAuth:487 - Internet connection configuration mode: 1
2025-08-05 12:24:08,848 [INFO] WebApp:191 - Connection restablished
2025-08-05 12:24:09,025 [WARN] MainUpdater:1193 - Updater busy. Cannot search thirdparties
2025-08-05 12:24:09,025 [INFO] ThirdPartyUpdaterWithRetryManager:96 - Updater plugin is busy. [3/15]
2025-08-05 12:24:12,027 [WARN] MainUpdater:1193 - Updater busy. Cannot search thirdparties
2025-08-05 12:24:12,027 [INFO] ThirdPartyUpdaterWithRetryManager:96 - Updater plugin is busy. [4/15]
2025-08-05 12:24:15,027 [WARN] MainUpdater:1193 - Updater busy. Cannot search thirdparties
2025-08-05 12:24:15,027 [INFO] ThirdPartyUpdaterWithRetryManager:96 - Updater plugin is busy. [5/15]
2025-08-05 12:24:18,028 [WARN] MainUpdater:1193 - Updater busy. Cannot search thirdparties
2025-08-05 12:24:18,028 [INFO] ThirdPartyUpdaterWithRetryManager:96 - Updater plugin is busy. [6/15]
2025-08-05 12:24:21,029 [WARN] MainUpdater:1193 - Updater busy. Cannot search thirdparties
2025-08-05 12:24:21,029 [INFO] ThirdPartyUpdaterWithRetryManager:96 - Updater plugin is busy. [7/15]
2025-08-05 12:24:24,030 [WARN] MainUpdater:1193 - Updater busy. Cannot search thirdparties
2025-08-05 12:24:24,030 [INFO] ThirdPartyUpdaterWithRetryManager:96 - Updater plugin is busy. [8/15]
2025-08-05 12:24:25,454 [INFO] ServerAccessManage:452 - Complete download http(s) 200
2025-08-05 12:24:25,454 [INFO] ServerAccessManage:509 - Download File wolfSSL.I-CUBE-wolfMQTT.pdsc
2025-08-05 12:24:26,962 [ERROR] ServerAccessManage:1212 - Problem, file not found on Server
2025-08-05 12:24:27,033 [WARN] MainUpdater:1193 - Updater busy. Cannot search thirdparties
2025-08-05 12:24:27,033 [INFO] ThirdPartyUpdaterWithRetryManager:96 - Updater plugin is busy. [9/15]
2025-08-05 12:24:27,213 [INFO] ServerAccessManage:452 - Complete download http(s) 200
2025-08-05 12:24:27,213 [INFO] ServerAccessManage:509 - Download File wolfSSL.I-CUBE-wolfTPM.pdsc
2025-08-05 12:24:29,433 [INFO] ServerAccessManage:452 - Complete download http(s) 200
2025-08-05 12:24:29,434 [INFO] ServerAccessManage:509 - Download File wolfSSL.I-CUBE-wolfSSH.pdsc
2025-08-05 12:24:30,033 [WARN] MainUpdater:1193 - Updater busy. Cannot search thirdparties
2025-08-05 12:24:30,033 [INFO] ThirdPartyUpdaterWithRetryManager:96 - Updater plugin is busy. [10/15]
2025-08-05 12:24:31,389 [INFO] ServerAccessManage:452 - Complete download http(s) 200
2025-08-05 12:24:31,389 [INFO] ServerAccessManage:509 - Download File RealThread.X-CUBE-RT-Thread_Nano.pdsc
2025-08-05 12:24:33,034 [WARN] MainUpdater:1193 - Updater busy. Cannot search thirdparties
2025-08-05 12:24:33,034 [INFO] ThirdPartyUpdaterWithRetryManager:96 - Updater plugin is busy. [11/15]
2025-08-05 12:24:33,262 [INFO] ServerAccessManage:452 - Complete download http(s) 200
2025-08-05 12:24:33,262 [INFO] ServerAccessManage:509 - Download File SEGGER.I-CUBE-embOS.pdsc
2025-08-05 12:24:36,021 [INFO] ServerAccessManage:452 - Complete download http(s) 200
2025-08-05 12:24:36,021 [INFO] ServerAccessManage:509 - Download File portGmbH.I-Cube-SoM-uGOAL.pdsc
2025-08-05 12:24:36,035 [WARN] MainUpdater:1193 - Updater busy. Cannot search thirdparties
2025-08-05 12:24:36,035 [INFO] ThirdPartyUpdaterWithRetryManager:96 - Updater plugin is busy. [12/15]
2025-08-05 12:24:37,692 [ERROR] ServerAccessManage:1212 - Problem, file not found on Server
2025-08-05 12:24:37,863 [ERROR] ServerAccessManage:1212 - Problem, file not found on Server
2025-08-05 12:24:38,026 [ERROR] ServerAccessManage:1212 - Problem, file not found on Server
2025-08-05 12:24:38,810 [INFO] ServerAccessManage:452 - Complete download http(s) 200
2025-08-05 12:24:38,811 [INFO] ServerAccessManage:509 - Download File emotas.I-CUBE-CANOPEN.pdsc
2025-08-05 12:24:39,036 [WARN] MainUpdater:1193 - Updater busy. Cannot search thirdparties
2025-08-05 12:24:39,037 [INFO] ThirdPartyUpdaterWithRetryManager:96 - Updater plugin is busy. [13/15]
2025-08-05 12:24:40,608 [INFO] ServerAccessManage:452 - Complete download http(s) 200
2025-08-05 12:24:40,609 [INFO] ServerAccessManage:509 - Download File WES.I-CUBE-Cesium.pdsc
2025-08-05 12:24:41,467 [ERROR] ServerAccessManage:1212 - Problem, file not found on Server
2025-08-05 12:24:41,804 [ERROR] ServerAccessManage:1212 - Problem, file not found on Server
2025-08-05 12:24:42,038 [WARN] MainUpdater:1193 - Updater busy. Cannot search thirdparties
2025-08-05 12:24:42,038 [INFO] ThirdPartyUpdaterWithRetryManager:96 - Updater plugin is busy. [14/15]
2025-08-05 12:24:42,784 [INFO] ServerAccessManage:452 - Complete download http(s) 200
2025-08-05 12:24:42,785 [INFO] ServerAccessManage:509 - Download File ITTIA_DB.I-CUBE-ITTIADB.pdsc
2025-08-05 12:24:45,040 [WARN] MainUpdater:1193 - Updater busy. Cannot search thirdparties
2025-08-05 12:24:45,040 [INFO] ThirdPartyUpdaterWithRetryManager:96 - Updater plugin is busy. [15/15]
2025-08-05 12:24:45,041 [ERROR] IntegrityCheckThread:130 - Cannot retrieve database content from updater: error -1
2025-08-05 12:24:45,041 [INFO] ThirdParty:978 - Integrity check success = false
2025-08-05 12:24:45,041 [INFO] IntegrityCheckThread:100 - exiting critical section [integrity check]
2025-08-05 12:24:45,041 [INFO] IntegrityCheckThread:103 - End integrity checks thread
2025-08-05 12:24:47,556 [INFO] ServerAccessManage:452 - Complete download http(s) 200
2025-08-05 12:24:47,556 [INFO] ServerAccessManage:509 - Download File Infineon.AIROC-Wi-Fi-Bluetooth-STM32.pdsc
2025-08-05 12:24:53,548 [INFO] ServerAccessManage:452 - Complete download http(s) 200
2025-08-05 12:24:53,549 [INFO] ServerAccessManage:509 - Download File Cesanta.I-CUBE-Mongoose.pdsc
2025-08-05 12:24:59,427 [INFO] ServerAccessManage:452 - Complete download http(s) 200
2025-08-05 12:24:59,427 [INFO] ServerAccessManage:509 - Download File EmbeddedOffice.I-CUBE-FS-RTOS.pdsc
2025-08-05 12:25:01,237 [INFO] ServerAccessManage:452 - Complete download http(s) 200
2025-08-05 12:25:01,237 [INFO] ServerAccessManage:509 - Download File quantropi.X-CUBE-qispace-sdk-base.pdsc
2025-08-05 12:25:02,200 [ERROR] ServerAccessManage:1295 - Problem during Server Connection :  IO error PKIX path building failed: sun.security.provider.certpath.SunCertPathBuilderException: unable to find valid certification path to requested target
2025-08-05 12:25:02,200 [ERROR] ServerAccessManage:740 - Problem during Server Connection :  : Avnet-IotConnect.X-CUBE-IoTC-DA16k-PMOD.pdsc.
2025-08-05 12:25:02,378 [WARN] PackLoader:240 - Cannot read IP mode file for STMicroelectronics.FP-SNS-STBOX1.2.1.0
2025-08-05 12:25:02,400 [WARN] PackLoader:240 - Cannot read IP mode file for STMicroelectronics.X-CUBE-AI.10.2.0
2025-08-05 12:25:02,409 [WARN] PackLoader:240 - Cannot read IP mode file for wolfSSL.I-CUBE-wolfMQTT.1.19.2
2025-08-05 12:25:02,415 [WARN] PackLoader:240 - Cannot read IP mode file for wolfSSL.I-CUBE-wolfTPM.3.8.0
2025-08-05 12:25:02,421 [WARN] PackLoader:240 - Cannot read IP mode file for wolfSSL.I-CUBE-wolfSSH.1.4.20
2025-08-05 12:25:02,432 [WARN] PackLoader:240 - Cannot read IP mode file for RealThread.X-CUBE-RT-Thread_Nano.4.1.1
2025-08-05 12:25:02,489 [WARN] PackLoader:240 - Cannot read IP mode file for SEGGER.I-CUBE-embOS.1.3.1
2025-08-05 12:25:02,527 [INFO] CheckServerUpdateThread:120 - End of CheckServer Thread
2025-08-05 12:25:02,566 [WARN] PackLoader:240 - Cannot read IP mode file for portGmbH.I-Cube-SoM-uGOAL.1.1.0
2025-08-05 12:25:02,576 [WARN] PackLoader:240 - Cannot read IP mode file for emotas.I-CUBE-CANOPEN.1.3.0
2025-08-05 12:25:02,584 [WARN] PackLoader:240 - Cannot read IP mode file for WES.I-CUBE-Cesium.1.3.0
2025-08-05 12:25:02,591 [WARN] PackLoader:240 - Cannot read IP mode file for ITTIA_DB.I-CUBE-ITTIADB.8.9.0
2025-08-05 12:25:02,626 [WARN] PackLoader:240 - Cannot read IP mode file for Infineon.AIROC-Wi-Fi-Bluetooth-STM32.1.7.1
2025-08-05 12:25:02,638 [WARN] PackLoader:240 - Cannot read IP mode file for Cesanta.I-CUBE-Mongoose.7.13.0
2025-08-05 12:25:02,651 [WARN] PackLoader:240 - Cannot read IP mode file for EmbeddedOffice.I-CUBE-FS-RTOS.1.0.1
2025-08-05 12:25:02,659 [WARN] ConditionMgr:438 - getConditionDescription Invalid condition id : Cortex-A Device cause : null
2025-08-05 12:25:02,706 [WARN] ConditionMgr:1044 - genDependencies : Invalid condition id : Cortex-A Device cause : null
2025-08-05 12:25:02,706 [WARN] ConditionMgr:1044 - genDependencies : Invalid condition id : Cortex-A Device cause : null
2025-08-05 12:25:02,706 [WARN] ConditionMgr:1044 - genDependencies : Invalid condition id : Cortex-A Device cause : null
2025-08-05 12:25:02,706 [INFO] PopulateThirdPartyThread:66 - Ending populate Thread
2025-08-05 12:25:02,708 [INFO] ThirdParty:1030 - CMSIS Pack Vendor :wolfSSL I-CUBE-wolfTPM 3.8.0
2025-08-05 12:25:02,708 [INFO] ThirdParty:1030 - CMSIS Pack Vendor :STMicroelectronics FP-SNS-STBOX1 2.1.0
2025-08-05 12:25:02,708 [INFO] ThirdParty:1030 - CMSIS Pack Vendor :quantropi X-CUBE-qispace-sdk-base 2.1.0
2025-08-05 12:25:02,708 [INFO] ThirdParty:1030 - CMSIS Pack Vendor :STMicroelectronics X-CUBE-AI 10.2.0
2025-08-05 12:25:02,708 [INFO] ThirdParty:1030 - CMSIS Pack Vendor :wolfSSL I-CUBE-wolfSSH 1.4.20
2025-08-05 12:25:02,708 [INFO] ThirdParty:1030 - CMSIS Pack Vendor :RealThread X-CUBE-RT-Thread_Nano 4.1.1
2025-08-05 12:25:02,708 [INFO] ThirdParty:1030 - CMSIS Pack Vendor :SEGGER I-CUBE-embOS 1.3.1
2025-08-05 12:25:02,709 [INFO] ThirdParty:1030 - CMSIS Pack Vendor :wolfSSL I-CUBE-wolfMQTT 1.19.2
2025-08-05 12:25:02,709 [INFO] ThirdParty:1030 - CMSIS Pack Vendor :emotas I-CUBE-CANOPEN 1.3.0
2025-08-05 12:25:02,709 [INFO] ThirdParty:1030 - CMSIS Pack Vendor :WES I-CUBE-Cesium 1.3.0
2025-08-05 12:25:02,709 [INFO] ThirdParty:1030 - CMSIS Pack Vendor :EmbeddedOffice I-CUBE-FS-RTOS 1.0.1
2025-08-05 12:25:02,709 [INFO] ThirdParty:1030 - CMSIS Pack Vendor :Cesanta I-CUBE-Mongoose 7.13.0
2025-08-05 12:25:02,709 [INFO] ThirdParty:1030 - CMSIS Pack Vendor :ITTIA_DB I-CUBE-ITTIADB 8.9.0
2025-08-05 12:25:02,709 [INFO] ThirdParty:1030 - CMSIS Pack Vendor :Infineon AIROC-Wi-Fi-Bluetooth-STM32 1.7.1
2025-08-05 12:25:02,709 [INFO] ThirdParty:1030 - CMSIS Pack Vendor :portGmbH I-Cube-SoM-uGOAL 1.1.0
2025-08-05 12:25:02,710 [INFO] LoadServerUpdatesThread:375 - End of LoadServerUpdate Thread
2025-08-05 12:34:50,074 [INFO] McuFinderGlobals:63 - Set McuFinder mode to 2 (CubeIDE integrated)
2025-08-05 12:34:50,107 [INFO] MainUpdater:2872 - connection check result : 10
2025-08-05 12:34:50,137 [INFO] McuFinderGlobals:76 - Set McuFinderConnectedMode to true
2025-08-05 12:34:50,413 [INFO] ServerAccessManage:452 - Complete download http(s) 200
2025-08-05 12:34:50,414 [INFO] ServerAccessManage:509 - Download File mcusAds.json._tmp_
2025-08-05 12:34:50,535 [INFO] LoadUrlFilesThread:156 - End of LoadUrlFiles Thread
2025-08-05 12:34:50,705 [INFO] ServerAccessManage:452 - Complete download http(s) 200
2025-08-05 12:34:50,706 [INFO] ServerAccessManage:509 - Download File cube-finder-db.zip
2025-08-05 12:34:52,205 [INFO] FileExtend:248 - Unzip File : cube-finder-db.zip
2025-08-05 12:34:52,205 [INFO] FileExtend:263 - Standard Zip Deflate
2025-08-05 12:34:53,603 [INFO] LoadUrlFilesThread:156 - End of LoadUrlFiles Thread
2025-08-05 12:34:54,637 [INFO] ServerAccessManage:452 - Complete download http(s) 200
2025-08-05 12:34:54,638 [INFO] ServerAccessManage:509 - Download File crdb.zip
2025-08-05 12:34:55,823 [INFO] FileExtend:248 - Unzip File : crdb.zip
2025-08-05 12:34:55,823 [INFO] FileExtend:263 - Standard Zip Deflate
2025-08-05 12:34:55,961 [INFO] LoadUrlFilesThread:156 - End of LoadUrlFiles Thread
2025-08-05 12:34:56,079 [INFO] ServerAccessManage:452 - Complete download http(s) 200
2025-08-05 12:34:56,080 [INFO] ServerAccessManage:509 - Download File tutoVideoDB.zip
2025-08-05 12:34:56,087 [INFO] FileExtend:248 - Unzip File : tutoVideoDB.zip
2025-08-05 12:34:56,088 [INFO] FileExtend:263 - Standard Zip Deflate
2025-08-05 12:34:56,218 [INFO] LoadUrlFilesThread:156 - End of LoadUrlFiles Thread
2025-08-05 12:34:56,224 [WARN] DbFile:41 - Overriding database path with different value: C:\Users\USERIT\.stmcufinder\plugins\mcufinder/ => C:\Users\USERIT\.stmcufinder\plugins\mcufinder
2025-08-05 12:34:56,342 [INFO] ServerAccessManage:452 - Complete download http(s) 200
2025-08-05 12:34:56,343 [INFO] ServerAccessManage:509 - Download File api_config.json
2025-08-05 12:34:56,459 [INFO] LoadUrlFilesThread:156 - End of LoadUrlFiles Thread
2025-08-05 12:34:56,462 [INFO] DbMcusAds:53 - JSON generation date=Tue Jul 08 15:14:23 ICT 2025 (1751962463582)
2025-08-05 12:34:56,505 [INFO] LoadUrlFilesThread:185 - End of LoadServerUrlFiles without Thread
2025-08-05 12:34:56,507 [INFO] TargetSelectorAdapter:259 - Refresh data is successful
2025-08-05 12:34:57,215 [INFO] ApiDb:581 - Connected to CubeFinder SQLite database (C:\Users\USERIT\.stmcufinder\plugins\mcufinder\mcu\cube-finder-db.db)
2025-08-05 12:34:57,288 [INFO] ApiDb:668 - CubeFinder database Data Model version=2.1
2025-08-05 12:34:57,288 [INFO] ApiDb:669 - CubeFinder database Configuration version=3.0.39
2025-08-05 12:34:57,289 [INFO] ApiDb:670 - CubeFinder database generation date=2025-07-24 (1753349077)
2025-08-05 12:34:57,289 [INFO] ApiDb:671 - CubeFinder database FW Pack versions=[FP-ATR-ASTRA1_V2.0.0, FP-SNS-FLIGHT1_V5.1.0, FP-SNS-MOTENV1_V5.0.0, FP-SNS-MOTENVWB1_V1.4.0, FP-SNS-SMARTAG2_V1.2.0, FP-SNS-STBOX1_V2.0.0, STM32Cube_FW_C0_V1.4.0, STM32Cube_FW_F4_V1.28.2, STM32Cube_FW_F7_V1.17.3, STM32Cube_FW_G0_V1.6.2, STM32Cube_FW_G4_V1.6.1, STM32Cube_FW_H5_V1.5.0, STM32Cube_FW_H7RS_V1.2.0, STM32Cube_FW_H7_V1.12.1, STM32Cube_FW_L0_V1.12.2, STM32Cube_FW_L4_V1.18.1, STM32Cube_FW_L5_V1.5.1, STM32Cube_FW_N6_V1.2.0, STM32Cube_FW_U0_V1.3.0, STM32Cube_FW_U3_V1.2.0, STM32Cube_FW_U5_V1.8.0, STM32Cube_FW_WB0_V1.3.0, STM32Cube_FW_WBA_V1.7.0, STM32Cube_FW_WB_V1.23.0, STM32Cube_FW_WL3_V1.2.0, STM32Cube_FW_WL_V1.3.1, X-CUBE-ALGOBUILD_V1.4.0, X-CUBE-ALS_V1.0.2, X-CUBE-AZRTOS-F4_V1.1.0, X-CUBE-AZRTOS-F7_V1.1.0, X-CUBE-AZRTOS-G0_V1.1.0, X-CUBE-AZRTOS-G4_V2.0.0, X-CUBE-AZRTOS-H7RS_V1.1.0, X-CUBE-AZRTOS-H7_V3.4.0, X-CUBE-AZRTOS-L4_V2.0.0, X-CUBE-AZRTOS-L5_V2.0.0, X-CUBE-AZRTOS-WB_V2.0.0, X-CUBE-AZRTOS-WL_V2.0.0, X-CUBE-BLE1_V7.1.0, X-CUBE-BLE2_V3.3.0, X-CUBE-BLEMGR_V4.1.0, X-CUBE-EEPRMA1_V5.2.0, X-CUBE-FREERTOS_V1.3.1, X-CUBE-GNSS1_V6.0.0, X-CUBE-MEMS1_V11.3.0, X-CUBE-NFC4_V3.0.0, X-CUBE-NFC7_V2.0.0, X-CUBE-SFXS2LP1_V4.0.0, X-CUBE-ST67W61_V1.0.0, X-CUBE-SUBG2_V5.0.0, X-CUBE-TOF1_V3.4.3]
2025-08-05 12:34:59,489 [INFO] ApiDb:240 - Found 880 in-development CPN: [B-G473E-ZEST1S, B-WB1M-WPAN1, B-WBA5M-WPAN, B-WL5M-SUBG1, NUCLEO-C031C6, NUCLEO-C051C8, NUCLEO-C071RB, NUCLEO-C092RC, NUCLEO-H503RB, NUCLEO-H533RE, NUCLEO-H563ZI, NUCLEO-H7S3L8, NUCLEO-N657X0-Q, NUCLEO-U031R8, NUCLEO-U083RC, NUCLEO-U385RG-Q, NUCLEO-U545RE-Q, NUCLEO-U5A5ZJ-Q, NUCLEO-WB05KZ, NUCLEO-WB07CC, NUCLEO-WB09KE, NUCLEO-WBA52CG, NUCLEO-WBA55CG, NUCLEO-WL33CC1, NUCLEO-WL33CC2, STEVAL-PROTEUS1, STEVAL-SMARTAG2, STEVAL-STWINBX1, STM320518-EVAL, STM32C0116-DK, STM32C011D6Y3TR, STM32C011D6Y6TR, STM32C011F4P3, STM32C011F4P6, STM32C011F4U3, STM32C011F4U6TR, STM32C011F6P3, STM32C011F6P6, STM32C011F6U3, STM32C011F6U6TR, STM32C011J4M3, STM32C011J4M6, STM32C011J6M3, STM32C011J6M6, STM32C0316-DK, STM32C031C4T3, STM32C031C4T6, STM32C031C4U3, STM32C031C4U6, STM32C031C6T3, STM32C031C6T6, STM32C031C6U3, STM32C031C6U6, STM32C031F4P3, STM32C031F4P6, STM32C031F6P3, STM32C031F6P6, STM32C031G4U3, STM32C031G4U6, STM32C031G6U3, STM32C031G6U6, STM32C031K4T3, STM32C031K4T6, STM32C031K4U3, STM32C031K4U6, STM32C031K6T3, STM32C031K6T6, STM32C031K6U3, STM32C031K6U6, STM32C051C6T6, STM32C051C6U6, STM32C051C8T6, STM32C051C8U6, STM32C051D8Y6TR, STM32C051F6P6, STM32C051F8P6, STM32C051G6U6, STM32C051G8U6, STM32C051K6T6, STM32C051K6U6, STM32C051K8T6, STM32C071C8T6, STM32C071C8T6N, STM32C071C8U6, STM32C071C8U6N, STM32C071CBT6, STM32C071CBT6N, STM32C071CBU6, STM32C071CBU6N, STM32C071F8P6, STM32C071F8P6N, STM32C071FBP6, STM32C071FBP6N, STM32C071FBY6TR, STM32C071G8U6, STM32C071G8U6N, STM32C071GBU6, STM32C071GBU6N, STM32C071K8T6, STM32C071K8T6N, STM32C071K8U6, STM32C071K8U6N, STM32C071KBT6, STM32C071KBT6N, STM32C071KBU6, STM32C071KBU6N, STM32C071R8T6, STM32C071R8T6N, STM32C071RBI6N, STM32C071RBT6, STM32C071RBT6N, STM32C091CBT6, STM32C091CBU6, STM32C091CCT6, STM32C091CCU6, STM32C091ECY6TR, STM32C091FBP6, STM32C091FCP6, STM32C091GBU6, STM32C091GCU6, STM32C091KBT6, STM32C091KBU6, STM32C091KCT6, STM32C091KCU6, STM32C091RBT6, STM32C091RCI6, STM32C091RCT6, STM32C092CBT6, STM32C092CBU6, STM32C092CCT6, STM32C092CCU6, STM32C092ECY6TR, STM32C092FBP6, STM32C092FCP6, STM32C092GBU6, STM32C092GCU6, STM32C092KBT6, STM32C092KBU6, STM32C092KCT6, STM32C092KCU6, STM32C092RBT6, STM32C092RCI6, STM32C092RCT6, STM32G071K8TXN, STM32G071K8UXN, STM32G081GBU6N, STM32G081KBT6N, STM32G081KBUXN, STM32G0B1CCT6N, STM32G0B1KCT6, STM32G0B1NEY6TR, STM32G0B1RCT6N, STM32G0C1CCT6, STM32G0C1CCT6N, STM32G0C1CCU6N, STM32G0C1CET6N, STM32G0C1CEU6N, STM32G0C1KCT6, STM32G0C1NEY6TR, STM32G0C1RCI6N, STM32G0C1RCT6N, STM32G0C1REI6N, STM32G0C1RET6N, STM32G0C1VCI6, STM32G0C1VEI6, STM32G411C6T3, STM32G411C6T6, STM32G411C6U3, STM32G411C6U6, STM32G411C8T3, STM32G411C8T6, STM32G411C8U3, STM32G411C8U6, STM32G411CBT3, STM32G411CBT6, STM32G411CBU3, STM32G411CBU6, STM32G411K6T3, STM32G411K6T6, STM32G411K6U3, STM32G411K6U6, STM32G411K8T3, STM32G411K8T6, STM32G411K8U3, STM32G411K8U6, STM32G411KBT3, STM32G411KBT6, STM32G411KBU3, STM32G411KBU6, STM32G411M6T3, STM32G411M6T6, STM32G411M8T3, STM32G411M8T6, STM32G411MBT3, STM32G411MBT6, STM32G411R6T3, STM32G411R6T6, STM32G411R8T3, STM32G411R8T6, STM32G411RBT3, STM32G411RBT6, STM32G414CBT3, STM32G414CBT6, STM32G414CBU3, STM32G414CBU6, STM32G414CCT3, STM32G414CCT6, STM32G414CCU3, STM32G414CCU6, STM32G414MBT3, STM32G414MBT6, STM32G414MCT3, STM32G414MCT6, STM32G414RBT3, STM32G414RBT6, STM32G414RCT3, STM32G414RCT6, STM32G414VBT3, STM32G414VBT6, STM32G414VCT3, STM32G414VCT6, STM32G431CBT3Z, STM32G431RBT3Z, STM32G471CCT6, STM32G471CCU6, STM32G471CET3, STM32G471CET6, STM32G471CEU3, STM32G471CEU6, STM32G471MCT6, STM32G471MET3, STM32G471MET6, STM32G471MEY6TR, STM32G471QCT6, STM32G471QET3, STM32G471RCT6, STM32G471RET3, STM32G471RET6, STM32G471VCH6, STM32G471VCI6, STM32G471VCT6, STM32G471VEH3, STM32G471VEH6, STM32G471VEI3, STM32G471VEI6, STM32G471VET3, STM32G471VET6, STM32G473QET3Z, STM32G473RET3Z, STM32G474CCT6, STM32G491RET3Z, STM32H503CBT6, STM32H503CBU6, STM32H503EBY6TR, STM32H503KBU6, STM32H503RBT6, STM32H523CCT6, STM32H523CCU6, STM32H523CET6, STM32H523CEU6, STM32H523HEY6TR, STM32H523RCT6, STM32H523RET6, STM32H523VCI6, STM32H523VCT6, STM32H523VEI6, STM32H523VET6, STM32H523ZCJ6, STM32H523ZCT6, STM32H523ZEJ6, STM32H523ZET6, STM32H533CET6, STM32H533CEU6, STM32H533HEY6TR, STM32H533RET6, STM32H533VEI6, STM32H533VET6, STM32H533ZEJ6, STM32H533ZET6, STM32H562AGI6, STM32H562AII6, STM32H562IGK6, STM32H562IGT6, STM32H562IIK6, STM32H562IIT6, STM32H562RGT6, STM32H562RGV6, STM32H562RIT6, STM32H562RIV6, STM32H562VGT6, STM32H562VIT6, STM32H562ZGT6, STM32H562ZIT6, STM32H563AGI6, STM32H563AII3Q, STM32H563AII6, STM32H563IGK6, STM32H563IGT6, STM32H563IIK3Q, STM32H563IIK6, STM32H563IIT3Q, STM32H563IIT6, STM32H563MIY3QTR, STM32H563RGT6, STM32H563RGV6, STM32H563RIT6, STM32H563RIV6, STM32H563VGT6, STM32H563VIT3Q, STM32H563VIT6, STM32H563ZGT6, STM32H563ZIT3Q, STM32H563ZIT6, STM32H573AII3Q, STM32H573AII6, STM32H573I-DK, STM32H573IIK3Q, STM32H573IIK6, STM32H573IIT3Q, STM32H573IIT6, STM32H573MIY3QTR, STM32H573RIT6, STM32H573RIV6, STM32H573VIT3Q, STM32H573VIT6, STM32H573ZIT3Q, STM32H573ZIT6, STM32H7R3A8I6, STM32H7R3I8K6, STM32H7R3I8T6, STM32H7R3L8H6, STM32H7R3L8H6H, STM32H7R3R8V6, STM32H7R3V8H6, STM32H7R3V8T6, STM32H7R3V8Y6TR, STM32H7R3Z8J6, STM32H7R3Z8T6, STM32H7R7A8I6, STM32H7R7I8K6, STM32H7R7I8T6, STM32H7R7L8H6, STM32H7R7L8H6H, STM32H7R7Z8J6, STM32H7S3A8I6, STM32H7S3I8K6, STM32H7S3I8T6, STM32H7S3L8H6, STM32H7S3L8H6H, STM32H7S3R8V6, STM32H7S3V8H6, STM32H7S3V8T6, STM32H7S3V8Y6TR, STM32H7S3Z8J6, STM32H7S3Z8T6, STM32H7S78-DK, STM32H7S7A8I6, STM32H7S7I8K6, STM32H7S7I8T6, STM32H7S7L8H6, STM32H7S7L8H6H, STM32H7S7Z8J6, STM32L4R5QGI6STR, STM32MP131AAE3, STM32MP131AAF3, STM32MP131AAG3, STM32MP131CAE3, STM32MP131CAF3, STM32MP131CAG3, STM32MP131DAE7, STM32MP131DAF7, STM32MP131DAG7, STM32MP131FAE7, STM32MP131FAF7, STM32MP131FAG7, STM32MP133AAE3, STM32MP133AAF3, STM32MP133AAG3, STM32MP133CAE3, STM32MP133CAF3, STM32MP133CAG3, STM32MP133DAE7, STM32MP133DAF7, STM32MP133DAG7, STM32MP133FAE7, STM32MP133FAF7, STM32MP133FAG7, STM32MP135AAE3, STM32MP135AAF3, STM32MP135AAG3, STM32MP135CAE3, STM32MP135CAF3, STM32MP135CAG3, STM32MP135DAE7, STM32MP135DAF7, STM32MP135DAG7, STM32MP135F-DK, STM32MP135FAE7, STM32MP135FAF7, STM32MP135FAF7T, STM32MP135FAF7U, STM32MP135FAG7, STM32MP211AAL3, STM32MP211AAM3, STM32MP211AAN3, STM32MP211AAO3, STM32MP211CAL3, STM32MP211CAM3, STM32MP211CAN3, STM32MP211CAO3, STM32MP211DAL3, STM32MP211DAM3, STM32MP211DAN3, STM32MP211DAO3, STM32MP211FAL3, STM32MP211FAM3, STM32MP211FAN3, STM32MP211FAO3, STM32MP213AAL3, STM32MP213AAM3, STM32MP213AAN3, STM32MP213AAO3, STM32MP213CAL3, STM32MP213CAM3, STM32MP213CAN3, STM32MP213CAO3, STM32MP213DAL3, STM32MP213DAM3, STM32MP213DAN3, STM32MP213DAO3, STM32MP213FAL3, STM32MP213FAM3, STM32MP213FAN3, STM32MP213FAO3, STM32MP215AAL3, STM32MP215AAM3, STM32MP215AAN3, STM32MP215AAO3, STM32MP215CAL3, STM32MP215CAM3, STM32MP215CAN3, STM32MP215CAO3, STM32MP215DAL3, STM32MP215DAM3, STM32MP215DAN3, STM32MP215DAO3, STM32MP215F-DK, STM32MP215FAL3, STM32MP215FAM3, STM32MP215FAN3, STM32MP215FAO3, STM32MP231AAJ3, STM32MP231AAK3, STM32MP231AAL3, STM32MP231CAJ3, STM32MP231CAK3, STM32MP231CAL3, STM32MP231DAJ3, STM32MP231DAK3, STM32MP231DAL3, STM32MP231FAJ3, STM32MP231FAK3, STM32MP231FAL3, STM32MP233AAJ3, STM32MP233AAK3, STM32MP233AAL3, STM32MP233CAJ3, STM32MP233CAK3, STM32MP233CAL3, STM32MP233DAJ3, STM32MP233DAK3, STM32MP233DAL3, STM32MP233FAJ3, STM32MP233FAK3, STM32MP233FAL3, STM32MP235AAJ3, STM32MP235AAK3, STM32MP235AAL3, STM32MP235CAJ3, STM32MP235CAK3, STM32MP235CAL3, STM32MP235DAJ3, STM32MP235DAK3, STM32MP235DAL3, STM32MP235FAJ3, STM32MP235FAK3, STM32MP235FAL3, STM32MP251AAI3, STM32MP251AAK3, STM32MP251AAL3, STM32MP251CAI3, STM32MP251CAK3, STM32MP251CAL3, STM32MP251DAI3, STM32MP251DAK3, STM32MP251DAL3, STM32MP251FAI3, STM32MP251FAK3, STM32MP251FAL3, STM32MP253AAI3, STM32MP253AAK3, STM32MP253AAL3, STM32MP253CAI3, STM32MP253CAK3, STM32MP253CAL3, STM32MP253DAI3, STM32MP253DAK3, STM32MP253DAL3, STM32MP253FAI3, STM32MP253FAK3, STM32MP253FAL3, STM32MP255AAI3, STM32MP255AAK3, STM32MP255AAL3, STM32MP255CAI3, STM32MP255CAK3, STM32MP255CAL3, STM32MP255DAI3, STM32MP255DAK3, STM32MP255DAL3, STM32MP255FAI3, STM32MP255FAK3, STM32MP255FAL3, STM32MP257AAI3, STM32MP257AAK3, STM32MP257AAL3, STM32MP257CAI3, STM32MP257CAK3, STM32MP257CAL3, STM32MP257DAI3, STM32MP257DAK3, STM32MP257DAL3, STM32MP257F-DK, STM32MP257F-EV1, STM32MP257FAI3, STM32MP257FAK3, STM32MP257FAL3, STM32N645A0H3Q, STM32N645B0H3Q, STM32N645I0H3Q, STM32N645L0H3Q, STM32N645X0H3Q, STM32N645Z0H3Q, STM32N647A0H3Q, STM32N647B0H3Q, STM32N647I0H3Q, STM32N647L0H3Q, STM32N647X0H3Q, STM32N647Z0H3Q, STM32N655A0H3Q, STM32N655B0H3Q, STM32N655I0H3Q, STM32N655L0H3Q, STM32N655X0H3Q, STM32N655Z0H3Q, STM32N6570-DK, STM32N657A0H3Q, STM32N657B0H3Q, STM32N657I0H3Q, STM32N657L0H3Q, STM32N657X0H3Q, STM32N657Z0H3Q, STM32U031C6T6, STM32U031C6U6, STM32U031C8T6, STM32U031C8U6, STM32U031F4P6, STM32U031F6P6, STM32U031F8P6, STM32U031G6Y6TR, STM32U031G8Y6TR, STM32U031K4U6, STM32U031K6U6, STM32U031K8U6, STM32U031R6I6, STM32U031R6T6, STM32U031R8I6, STM32U031R8T6, STM32U073C8T6, STM32U073C8U6, STM32U073CBT6, STM32U073CBU6, STM32U073CCT6, STM32U073CCU6, STM32U073H8Y6TR, STM32U073HBY6TR, STM32U073HCY6TR, STM32U073K8U6, STM32U073KBU6, STM32U073KCU6, STM32U073M8I6, STM32U073M8T6, STM32U073MBI6, STM32U073MBT6, STM32U073MCI6, STM32U073MCT6, STM32U073R8I6, STM32U073R8T6, STM32U073RBI6, STM32U073RBT6, STM32U073RCI6, STM32U073RCT6, STM32U083C-DK, STM32U083CCT6, STM32U083CCU6, STM32U083HCY6TR, STM32U083KCU6, STM32U083MCI6, STM32U083MCT6, STM32U083RCI6, STM32U083RCT6, STM32U375CET6, STM32U375CET6Q, STM32U375CEU6, STM32U375CEU6Q, STM32U375CEY6QTR, STM32U375CGT6, STM32U375CGT6Q, STM32U375CGU6, STM32U375CGU6Q, STM32U375CGY6QTR, STM32U375KEU6, STM32U375KGU6, STM32U375REI6, STM32U375REI6Q, STM32U375RET6, STM32U375RET6Q, STM32U375REY6GTR, STM32U375REY6QTR, STM32U375RGI6, STM32U375RGI6Q, STM32U375RGT6, STM32U375RGT6Q, STM32U375RGY6GTR, STM32U375RGY6QTR, STM32U375VEI6, STM32U375VEI6Q, STM32U375VET6, STM32U375VET6Q, STM32U375VGI6, STM32U375VGI6Q, STM32U375VGT6, STM32U375VGT6Q, STM32U385CGT6, STM32U385CGT6Q, STM32U385CGU6, STM32U385CGU6Q, STM32U385CGY6QTR, STM32U385KGU6, STM32U385RGI6, STM32U385RGI6Q, STM32U385RGT6, STM32U385RGT6Q, STM32U385RGY6GTR, STM32U385RGY6QTR, STM32U385VGI6, STM32U385VGI6Q, STM32U385VGT6, STM32U385VGT6Q, STM32U535CBT6, STM32U535CBT6Q, STM32U535CBU6, STM32U535CBU6Q, STM32U535CCT6, STM32U535CCT6Q, STM32U535CCU6, STM32U535CCU6Q, STM32U535CET6, STM32U535CET6Q, STM32U535CEU6, STM32U535CEU6Q, STM32U535JEY6QTR, STM32U535NCY6QTR, STM32U535NEY6QTR, STM32U535RBI6, STM32U535RBI6Q, STM32U535RBT6, STM32U535RBT6Q, STM32U535RCI6, STM32U535RCI6Q, STM32U535RCT6, STM32U535RCT6Q, STM32U535REI6, STM32U535REI6Q, STM32U535RET6, STM32U535RET6Q, STM32U535VCI6, STM32U535VCI6Q, STM32U535VCT6, STM32U535VCT6Q, STM32U535VEI6, STM32U535VEI6Q, STM32U535VET6, STM32U535VET6Q, STM32U545CET6, STM32U545CET6Q, STM32U545CEU6, STM32U545CEU6Q, STM32U545JEY6QTR, STM32U545NEY6QTR, STM32U545REI6, STM32U545REI6Q, STM32U545RET6, STM32U545RET6Q, STM32U545VEI6, STM32U545VEI6Q, STM32U545VET6, STM32U545VET6Q, STM32U595AIH6, STM32U595AIH6Q, STM32U595AJH6, STM32U595AJH6Q, STM32U595QII6, STM32U595QII6Q, STM32U595QJI6, STM32U595QJI6Q, STM32U595RIT6, STM32U595RIT6Q, STM32U595RJT6, STM32U595RJT6Q, STM32U595VIT6, STM32U595VIT6Q, STM32U595VJT6, STM32U595VJT6Q, STM32U595ZIT6, STM32U595ZIT6Q, STM32U595ZIY6QTR, STM32U595ZJT6, STM32U595ZJT6Q, STM32U595ZJY6QTR, STM32U599BJY6QTR, STM32U599NIH6Q, STM32U599NJH6Q, STM32U599VIT6Q, STM32U599VJT6, STM32U599VJT6Q, STM32U599ZIT6Q, STM32U599ZIY6QTR, STM32U599ZJT6Q, STM32U599ZJY6QTR, STM32U5A5AJH6, STM32U5A5AJH6Q, STM32U5A5QII3Q , STM32U5A5QJI6, STM32U5A5QJI6Q, STM32U5A5RJT6, STM32U5A5RJT6Q, STM32U5A5VJT6, STM32U5A5VJT6Q, STM32U5A5ZJT6, STM32U5A5ZJT6Q, STM32U5A5ZJY6QTR, STM32U5A9BJY6QTR, STM32U5A9J-DK, STM32U5A9NJH6Q, STM32U5A9VJT6Q, STM32U5A9ZJT6Q, STM32U5A9ZJY6QTR, STM32U5F7VIT6, STM32U5F7VIT6Q, STM32U5F7VJT6, STM32U5F7VJT6Q, STM32U5F9BJY6QTR, STM32U5F9NJH6Q, STM32U5F9VIT6Q, STM32U5F9VJT6Q, STM32U5F9ZIJ6QTR, STM32U5F9ZIT6Q, STM32U5F9ZJJ6QTR, STM32U5F9ZJT6Q, STM32U5G7VJT6, STM32U5G7VJT6Q, STM32U5G9BJY6QTR, STM32U5G9J-DK1, STM32U5G9J-DK2, STM32U5G9NJH6Q, STM32U5G9VJT6Q, STM32U5G9ZJJ6QTR, STM32U5G9ZJT6Q, STM32WB05KZV6TR, STM32WB05KZV7TR, STM32WB05TZF6TR, STM32WB05TZF7TR, STM32WB06CCF6TR, STM32WB06CCF7TR, STM32WB06CCV6TR, STM32WB06CCV7TR, STM32WB06KCV6TR, STM32WB06KCV7TR, STM32WB07CCF6TR, STM32WB07CCF7TR, STM32WB07CCV6TR, STM32WB07CCV7TR, STM32WB07KCV6TR, STM32WB07KCV7TR, STM32WB09KEV6TR, STM32WB09KEV7TR, STM32WB09TEF6TR, STM32WB09TEF7TR, STM32WB1MMCH6, STM32WBA50KGU6, STM32WBA50KGU6TR, STM32WBA52CEU6, STM32WBA52CEU6TR, STM32WBA52CEU7, STM32WBA52CEU7TR, STM32WBA52CGU6, STM32WBA52CGU6TR, STM32WBA52CGU6U, STM32WBA52CGU7, STM32WBA52CGU7TR, STM32WBA52KEU6, STM32WBA52KEU6TR, STM32WBA52KGU6, STM32WBA52KGU6TR, STM32WBA54CEU6, STM32WBA54CEU6TR, STM32WBA54CEU7, STM32WBA54CEU7TR, STM32WBA54CGU6, STM32WBA54CGU6TR, STM32WBA54CGU7, STM32WBA54CGU7TR, STM32WBA54KEU6, STM32WBA54KEU6TR, STM32WBA54KEU7, STM32WBA54KEU7TR, STM32WBA54KGU6, STM32WBA54KGU6TR, STM32WBA54KGU7, STM32WBA54KGU7TR, STM32WBA55CEU6, STM32WBA55CEU6TR, STM32WBA55CEU7, STM32WBA55CEU7TR, STM32WBA55CGU6, STM32WBA55CGU6TR, STM32WBA55CGU6U, STM32WBA55CGU7, STM32WBA55CGU7TR, STM32WBA55G-DK1, STM32WBA55HEF6, STM32WBA55HEF7, STM32WBA55HGF6, STM32WBA55HGF7, STM32WBA55UEI6, STM32WBA55UEI6TR, STM32WBA55UEI7, STM32WBA55UEI7TR, STM32WBA55UGI6, STM32WBA55UGI6TR, STM32WBA55UGI7, STM32WBA55UGI7TR, STM32WBA5MMGH6TR, STM32WBA62MGF6, STM32WBA62MIF6, STM32WBA65MGF7, STM32WBA65MIF6, STM32WBA65MIF7, STM32WL30K8V6, STM32WL30KBV6, STM32WL31C8V6, STM32WL31CBV6, STM32WL31K8V6, STM32WL31KBV6, STM32WL33C8V6, STM32WL33C8V6X, STM32WL33CBV6, STM32WL33CBV6X, STM32WL33CCV6, STM32WL33CCV6A, STM32WL33CCV6X, STM32WL33K8V7, STM32WL33K8V7X, STM32WL33KBV7 , STM32WL33KBV7X, STM32WL33KCV7, STM32WL33KCV7X, STM32WL5MOCH6, STM32WL5MOCH6TR]
2025-08-05 12:34:59,496 [INFO] DbMcus:218 - Found 4801 MCUs, 4801 are supported
2025-08-05 12:34:59,510 [INFO] ApiDb:423 - Load user favorites file C:\Users\USERIT/.stm32cubeide/favorites.mcus.txt: 1 item(s)
2025-08-05 12:34:59,510 [INFO] ApiDb:427 - User favorites MCUs=[STM32F767ZIT6]
2025-08-05 12:34:59,510 [INFO] DbMcus:224 - Set 1 / 1 favorites MCUs
2025-08-05 12:35:00,159 [INFO] ApiDb:668 - CubeFinder database Data Model version=2.1
2025-08-05 12:35:00,159 [INFO] ApiDb:669 - CubeFinder database Configuration version=3.0.39
2025-08-05 12:35:00,159 [INFO] ApiDb:670 - CubeFinder database generation date=2025-07-24 (1753349077)
2025-08-05 12:35:00,159 [INFO] ApiDb:671 - CubeFinder database FW Pack versions=[FP-ATR-ASTRA1_V2.0.0, FP-SNS-FLIGHT1_V5.1.0, FP-SNS-MOTENV1_V5.0.0, FP-SNS-MOTENVWB1_V1.4.0, FP-SNS-SMARTAG2_V1.2.0, FP-SNS-STBOX1_V2.0.0, STM32Cube_FW_C0_V1.4.0, STM32Cube_FW_F4_V1.28.2, STM32Cube_FW_F7_V1.17.3, STM32Cube_FW_G0_V1.6.2, STM32Cube_FW_G4_V1.6.1, STM32Cube_FW_H5_V1.5.0, STM32Cube_FW_H7RS_V1.2.0, STM32Cube_FW_H7_V1.12.1, STM32Cube_FW_L0_V1.12.2, STM32Cube_FW_L4_V1.18.1, STM32Cube_FW_L5_V1.5.1, STM32Cube_FW_N6_V1.2.0, STM32Cube_FW_U0_V1.3.0, STM32Cube_FW_U3_V1.2.0, STM32Cube_FW_U5_V1.8.0, STM32Cube_FW_WB0_V1.3.0, STM32Cube_FW_WBA_V1.7.0, STM32Cube_FW_WB_V1.23.0, STM32Cube_FW_WL3_V1.2.0, STM32Cube_FW_WL_V1.3.1, X-CUBE-ALGOBUILD_V1.4.0, X-CUBE-ALS_V1.0.2, X-CUBE-AZRTOS-F4_V1.1.0, X-CUBE-AZRTOS-F7_V1.1.0, X-CUBE-AZRTOS-G0_V1.1.0, X-CUBE-AZRTOS-G4_V2.0.0, X-CUBE-AZRTOS-H7RS_V1.1.0, X-CUBE-AZRTOS-H7_V3.4.0, X-CUBE-AZRTOS-L4_V2.0.0, X-CUBE-AZRTOS-L5_V2.0.0, X-CUBE-AZRTOS-WB_V2.0.0, X-CUBE-AZRTOS-WL_V2.0.0, X-CUBE-BLE1_V7.1.0, X-CUBE-BLE2_V3.3.0, X-CUBE-BLEMGR_V4.1.0, X-CUBE-EEPRMA1_V5.2.0, X-CUBE-FREERTOS_V1.3.1, X-CUBE-GNSS1_V6.0.0, X-CUBE-MEMS1_V11.3.0, X-CUBE-NFC4_V3.0.0, X-CUBE-NFC7_V2.0.0, X-CUBE-SFXS2LP1_V4.0.0, X-CUBE-ST67W61_V1.0.0, X-CUBE-SUBG2_V5.0.0, X-CUBE-TOF1_V3.4.3]
2025-08-05 12:35:00,212 [INFO] DbBoardsSqlite:226 - include board P-NUCLEO-WB55-NUCLEO as a kit item of type 'Nucleo-64'
2025-08-05 12:35:00,213 [INFO] DbBoardsSqlite:226 - include board P-NUCLEO-WB55-USBDONGLE as a kit item of type 'Nucleo USB Dongle'
2025-08-05 12:35:00,213 [INFO] DbBoardsSqlite:226 - include board STEVAL-IDP005V1 as a kit item of type 'Evaluation Board'
2025-08-05 12:35:00,213 [INFO] DbBoardsSqlite:226 - include board STEVAL-IDP005V2 as a kit item of type 'Evaluation Board'
2025-08-05 12:35:00,280 [INFO] ApiDb:240 - Found 880 in-development CPN: [B-G473E-ZEST1S, B-WB1M-WPAN1, B-WBA5M-WPAN, B-WL5M-SUBG1, NUCLEO-C031C6, NUCLEO-C051C8, NUCLEO-C071RB, NUCLEO-C092RC, NUCLEO-H503RB, NUCLEO-H533RE, NUCLEO-H563ZI, NUCLEO-H7S3L8, NUCLEO-N657X0-Q, NUCLEO-U031R8, NUCLEO-U083RC, NUCLEO-U385RG-Q, NUCLEO-U545RE-Q, NUCLEO-U5A5ZJ-Q, NUCLEO-WB05KZ, NUCLEO-WB07CC, NUCLEO-WB09KE, NUCLEO-WBA52CG, NUCLEO-WBA55CG, NUCLEO-WL33CC1, NUCLEO-WL33CC2, STEVAL-PROTEUS1, STEVAL-SMARTAG2, STEVAL-STWINBX1, STM320518-EVAL, STM32C0116-DK, STM32C011D6Y3TR, STM32C011D6Y6TR, STM32C011F4P3, STM32C011F4P6, STM32C011F4U3, STM32C011F4U6TR, STM32C011F6P3, STM32C011F6P6, STM32C011F6U3, STM32C011F6U6TR, STM32C011J4M3, STM32C011J4M6, STM32C011J6M3, STM32C011J6M6, STM32C0316-DK, STM32C031C4T3, STM32C031C4T6, STM32C031C4U3, STM32C031C4U6, STM32C031C6T3, STM32C031C6T6, STM32C031C6U3, STM32C031C6U6, STM32C031F4P3, STM32C031F4P6, STM32C031F6P3, STM32C031F6P6, STM32C031G4U3, STM32C031G4U6, STM32C031G6U3, STM32C031G6U6, STM32C031K4T3, STM32C031K4T6, STM32C031K4U3, STM32C031K4U6, STM32C031K6T3, STM32C031K6T6, STM32C031K6U3, STM32C031K6U6, STM32C051C6T6, STM32C051C6U6, STM32C051C8T6, STM32C051C8U6, STM32C051D8Y6TR, STM32C051F6P6, STM32C051F8P6, STM32C051G6U6, STM32C051G8U6, STM32C051K6T6, STM32C051K6U6, STM32C051K8T6, STM32C071C8T6, STM32C071C8T6N, STM32C071C8U6, STM32C071C8U6N, STM32C071CBT6, STM32C071CBT6N, STM32C071CBU6, STM32C071CBU6N, STM32C071F8P6, STM32C071F8P6N, STM32C071FBP6, STM32C071FBP6N, STM32C071FBY6TR, STM32C071G8U6, STM32C071G8U6N, STM32C071GBU6, STM32C071GBU6N, STM32C071K8T6, STM32C071K8T6N, STM32C071K8U6, STM32C071K8U6N, STM32C071KBT6, STM32C071KBT6N, STM32C071KBU6, STM32C071KBU6N, STM32C071R8T6, STM32C071R8T6N, STM32C071RBI6N, STM32C071RBT6, STM32C071RBT6N, STM32C091CBT6, STM32C091CBU6, STM32C091CCT6, STM32C091CCU6, STM32C091ECY6TR, STM32C091FBP6, STM32C091FCP6, STM32C091GBU6, STM32C091GCU6, STM32C091KBT6, STM32C091KBU6, STM32C091KCT6, STM32C091KCU6, STM32C091RBT6, STM32C091RCI6, STM32C091RCT6, STM32C092CBT6, STM32C092CBU6, STM32C092CCT6, STM32C092CCU6, STM32C092ECY6TR, STM32C092FBP6, STM32C092FCP6, STM32C092GBU6, STM32C092GCU6, STM32C092KBT6, STM32C092KBU6, STM32C092KCT6, STM32C092KCU6, STM32C092RBT6, STM32C092RCI6, STM32C092RCT6, STM32G071K8TXN, STM32G071K8UXN, STM32G081GBU6N, STM32G081KBT6N, STM32G081KBUXN, STM32G0B1CCT6N, STM32G0B1KCT6, STM32G0B1NEY6TR, STM32G0B1RCT6N, STM32G0C1CCT6, STM32G0C1CCT6N, STM32G0C1CCU6N, STM32G0C1CET6N, STM32G0C1CEU6N, STM32G0C1KCT6, STM32G0C1NEY6TR, STM32G0C1RCI6N, STM32G0C1RCT6N, STM32G0C1REI6N, STM32G0C1RET6N, STM32G0C1VCI6, STM32G0C1VEI6, STM32G411C6T3, STM32G411C6T6, STM32G411C6U3, STM32G411C6U6, STM32G411C8T3, STM32G411C8T6, STM32G411C8U3, STM32G411C8U6, STM32G411CBT3, STM32G411CBT6, STM32G411CBU3, STM32G411CBU6, STM32G411K6T3, STM32G411K6T6, STM32G411K6U3, STM32G411K6U6, STM32G411K8T3, STM32G411K8T6, STM32G411K8U3, STM32G411K8U6, STM32G411KBT3, STM32G411KBT6, STM32G411KBU3, STM32G411KBU6, STM32G411M6T3, STM32G411M6T6, STM32G411M8T3, STM32G411M8T6, STM32G411MBT3, STM32G411MBT6, STM32G411R6T3, STM32G411R6T6, STM32G411R8T3, STM32G411R8T6, STM32G411RBT3, STM32G411RBT6, STM32G414CBT3, STM32G414CBT6, STM32G414CBU3, STM32G414CBU6, STM32G414CCT3, STM32G414CCT6, STM32G414CCU3, STM32G414CCU6, STM32G414MBT3, STM32G414MBT6, STM32G414MCT3, STM32G414MCT6, STM32G414RBT3, STM32G414RBT6, STM32G414RCT3, STM32G414RCT6, STM32G414VBT3, STM32G414VBT6, STM32G414VCT3, STM32G414VCT6, STM32G431CBT3Z, STM32G431RBT3Z, STM32G471CCT6, STM32G471CCU6, STM32G471CET3, STM32G471CET6, STM32G471CEU3, STM32G471CEU6, STM32G471MCT6, STM32G471MET3, STM32G471MET6, STM32G471MEY6TR, STM32G471QCT6, STM32G471QET3, STM32G471RCT6, STM32G471RET3, STM32G471RET6, STM32G471VCH6, STM32G471VCI6, STM32G471VCT6, STM32G471VEH3, STM32G471VEH6, STM32G471VEI3, STM32G471VEI6, STM32G471VET3, STM32G471VET6, STM32G473QET3Z, STM32G473RET3Z, STM32G474CCT6, STM32G491RET3Z, STM32H503CBT6, STM32H503CBU6, STM32H503EBY6TR, STM32H503KBU6, STM32H503RBT6, STM32H523CCT6, STM32H523CCU6, STM32H523CET6, STM32H523CEU6, STM32H523HEY6TR, STM32H523RCT6, STM32H523RET6, STM32H523VCI6, STM32H523VCT6, STM32H523VEI6, STM32H523VET6, STM32H523ZCJ6, STM32H523ZCT6, STM32H523ZEJ6, STM32H523ZET6, STM32H533CET6, STM32H533CEU6, STM32H533HEY6TR, STM32H533RET6, STM32H533VEI6, STM32H533VET6, STM32H533ZEJ6, STM32H533ZET6, STM32H562AGI6, STM32H562AII6, STM32H562IGK6, STM32H562IGT6, STM32H562IIK6, STM32H562IIT6, STM32H562RGT6, STM32H562RGV6, STM32H562RIT6, STM32H562RIV6, STM32H562VGT6, STM32H562VIT6, STM32H562ZGT6, STM32H562ZIT6, STM32H563AGI6, STM32H563AII3Q, STM32H563AII6, STM32H563IGK6, STM32H563IGT6, STM32H563IIK3Q, STM32H563IIK6, STM32H563IIT3Q, STM32H563IIT6, STM32H563MIY3QTR, STM32H563RGT6, STM32H563RGV6, STM32H563RIT6, STM32H563RIV6, STM32H563VGT6, STM32H563VIT3Q, STM32H563VIT6, STM32H563ZGT6, STM32H563ZIT3Q, STM32H563ZIT6, STM32H573AII3Q, STM32H573AII6, STM32H573I-DK, STM32H573IIK3Q, STM32H573IIK6, STM32H573IIT3Q, STM32H573IIT6, STM32H573MIY3QTR, STM32H573RIT6, STM32H573RIV6, STM32H573VIT3Q, STM32H573VIT6, STM32H573ZIT3Q, STM32H573ZIT6, STM32H7R3A8I6, STM32H7R3I8K6, STM32H7R3I8T6, STM32H7R3L8H6, STM32H7R3L8H6H, STM32H7R3R8V6, STM32H7R3V8H6, STM32H7R3V8T6, STM32H7R3V8Y6TR, STM32H7R3Z8J6, STM32H7R3Z8T6, STM32H7R7A8I6, STM32H7R7I8K6, STM32H7R7I8T6, STM32H7R7L8H6, STM32H7R7L8H6H, STM32H7R7Z8J6, STM32H7S3A8I6, STM32H7S3I8K6, STM32H7S3I8T6, STM32H7S3L8H6, STM32H7S3L8H6H, STM32H7S3R8V6, STM32H7S3V8H6, STM32H7S3V8T6, STM32H7S3V8Y6TR, STM32H7S3Z8J6, STM32H7S3Z8T6, STM32H7S78-DK, STM32H7S7A8I6, STM32H7S7I8K6, STM32H7S7I8T6, STM32H7S7L8H6, STM32H7S7L8H6H, STM32H7S7Z8J6, STM32L4R5QGI6STR, STM32MP131AAE3, STM32MP131AAF3, STM32MP131AAG3, STM32MP131CAE3, STM32MP131CAF3, STM32MP131CAG3, STM32MP131DAE7, STM32MP131DAF7, STM32MP131DAG7, STM32MP131FAE7, STM32MP131FAF7, STM32MP131FAG7, STM32MP133AAE3, STM32MP133AAF3, STM32MP133AAG3, STM32MP133CAE3, STM32MP133CAF3, STM32MP133CAG3, STM32MP133DAE7, STM32MP133DAF7, STM32MP133DAG7, STM32MP133FAE7, STM32MP133FAF7, STM32MP133FAG7, STM32MP135AAE3, STM32MP135AAF3, STM32MP135AAG3, STM32MP135CAE3, STM32MP135CAF3, STM32MP135CAG3, STM32MP135DAE7, STM32MP135DAF7, STM32MP135DAG7, STM32MP135F-DK, STM32MP135FAE7, STM32MP135FAF7, STM32MP135FAF7T, STM32MP135FAF7U, STM32MP135FAG7, STM32MP211AAL3, STM32MP211AAM3, STM32MP211AAN3, STM32MP211AAO3, STM32MP211CAL3, STM32MP211CAM3, STM32MP211CAN3, STM32MP211CAO3, STM32MP211DAL3, STM32MP211DAM3, STM32MP211DAN3, STM32MP211DAO3, STM32MP211FAL3, STM32MP211FAM3, STM32MP211FAN3, STM32MP211FAO3, STM32MP213AAL3, STM32MP213AAM3, STM32MP213AAN3, STM32MP213AAO3, STM32MP213CAL3, STM32MP213CAM3, STM32MP213CAN3, STM32MP213CAO3, STM32MP213DAL3, STM32MP213DAM3, STM32MP213DAN3, STM32MP213DAO3, STM32MP213FAL3, STM32MP213FAM3, STM32MP213FAN3, STM32MP213FAO3, STM32MP215AAL3, STM32MP215AAM3, STM32MP215AAN3, STM32MP215AAO3, STM32MP215CAL3, STM32MP215CAM3, STM32MP215CAN3, STM32MP215CAO3, STM32MP215DAL3, STM32MP215DAM3, STM32MP215DAN3, STM32MP215DAO3, STM32MP215F-DK, STM32MP215FAL3, STM32MP215FAM3, STM32MP215FAN3, STM32MP215FAO3, STM32MP231AAJ3, STM32MP231AAK3, STM32MP231AAL3, STM32MP231CAJ3, STM32MP231CAK3, STM32MP231CAL3, STM32MP231DAJ3, STM32MP231DAK3, STM32MP231DAL3, STM32MP231FAJ3, STM32MP231FAK3, STM32MP231FAL3, STM32MP233AAJ3, STM32MP233AAK3, STM32MP233AAL3, STM32MP233CAJ3, STM32MP233CAK3, STM32MP233CAL3, STM32MP233DAJ3, STM32MP233DAK3, STM32MP233DAL3, STM32MP233FAJ3, STM32MP233FAK3, STM32MP233FAL3, STM32MP235AAJ3, STM32MP235AAK3, STM32MP235AAL3, STM32MP235CAJ3, STM32MP235CAK3, STM32MP235CAL3, STM32MP235DAJ3, STM32MP235DAK3, STM32MP235DAL3, STM32MP235FAJ3, STM32MP235FAK3, STM32MP235FAL3, STM32MP251AAI3, STM32MP251AAK3, STM32MP251AAL3, STM32MP251CAI3, STM32MP251CAK3, STM32MP251CAL3, STM32MP251DAI3, STM32MP251DAK3, STM32MP251DAL3, STM32MP251FAI3, STM32MP251FAK3, STM32MP251FAL3, STM32MP253AAI3, STM32MP253AAK3, STM32MP253AAL3, STM32MP253CAI3, STM32MP253CAK3, STM32MP253CAL3, STM32MP253DAI3, STM32MP253DAK3, STM32MP253DAL3, STM32MP253FAI3, STM32MP253FAK3, STM32MP253FAL3, STM32MP255AAI3, STM32MP255AAK3, STM32MP255AAL3, STM32MP255CAI3, STM32MP255CAK3, STM32MP255CAL3, STM32MP255DAI3, STM32MP255DAK3, STM32MP255DAL3, STM32MP255FAI3, STM32MP255FAK3, STM32MP255FAL3, STM32MP257AAI3, STM32MP257AAK3, STM32MP257AAL3, STM32MP257CAI3, STM32MP257CAK3, STM32MP257CAL3, STM32MP257DAI3, STM32MP257DAK3, STM32MP257DAL3, STM32MP257F-DK, STM32MP257F-EV1, STM32MP257FAI3, STM32MP257FAK3, STM32MP257FAL3, STM32N645A0H3Q, STM32N645B0H3Q, STM32N645I0H3Q, STM32N645L0H3Q, STM32N645X0H3Q, STM32N645Z0H3Q, STM32N647A0H3Q, STM32N647B0H3Q, STM32N647I0H3Q, STM32N647L0H3Q, STM32N647X0H3Q, STM32N647Z0H3Q, STM32N655A0H3Q, STM32N655B0H3Q, STM32N655I0H3Q, STM32N655L0H3Q, STM32N655X0H3Q, STM32N655Z0H3Q, STM32N6570-DK, STM32N657A0H3Q, STM32N657B0H3Q, STM32N657I0H3Q, STM32N657L0H3Q, STM32N657X0H3Q, STM32N657Z0H3Q, STM32U031C6T6, STM32U031C6U6, STM32U031C8T6, STM32U031C8U6, STM32U031F4P6, STM32U031F6P6, STM32U031F8P6, STM32U031G6Y6TR, STM32U031G8Y6TR, STM32U031K4U6, STM32U031K6U6, STM32U031K8U6, STM32U031R6I6, STM32U031R6T6, STM32U031R8I6, STM32U031R8T6, STM32U073C8T6, STM32U073C8U6, STM32U073CBT6, STM32U073CBU6, STM32U073CCT6, STM32U073CCU6, STM32U073H8Y6TR, STM32U073HBY6TR, STM32U073HCY6TR, STM32U073K8U6, STM32U073KBU6, STM32U073KCU6, STM32U073M8I6, STM32U073M8T6, STM32U073MBI6, STM32U073MBT6, STM32U073MCI6, STM32U073MCT6, STM32U073R8I6, STM32U073R8T6, STM32U073RBI6, STM32U073RBT6, STM32U073RCI6, STM32U073RCT6, STM32U083C-DK, STM32U083CCT6, STM32U083CCU6, STM32U083HCY6TR, STM32U083KCU6, STM32U083MCI6, STM32U083MCT6, STM32U083RCI6, STM32U083RCT6, STM32U375CET6, STM32U375CET6Q, STM32U375CEU6, STM32U375CEU6Q, STM32U375CEY6QTR, STM32U375CGT6, STM32U375CGT6Q, STM32U375CGU6, STM32U375CGU6Q, STM32U375CGY6QTR, STM32U375KEU6, STM32U375KGU6, STM32U375REI6, STM32U375REI6Q, STM32U375RET6, STM32U375RET6Q, STM32U375REY6GTR, STM32U375REY6QTR, STM32U375RGI6, STM32U375RGI6Q, STM32U375RGT6, STM32U375RGT6Q, STM32U375RGY6GTR, STM32U375RGY6QTR, STM32U375VEI6, STM32U375VEI6Q, STM32U375VET6, STM32U375VET6Q, STM32U375VGI6, STM32U375VGI6Q, STM32U375VGT6, STM32U375VGT6Q, STM32U385CGT6, STM32U385CGT6Q, STM32U385CGU6, STM32U385CGU6Q, STM32U385CGY6QTR, STM32U385KGU6, STM32U385RGI6, STM32U385RGI6Q, STM32U385RGT6, STM32U385RGT6Q, STM32U385RGY6GTR, STM32U385RGY6QTR, STM32U385VGI6, STM32U385VGI6Q, STM32U385VGT6, STM32U385VGT6Q, STM32U535CBT6, STM32U535CBT6Q, STM32U535CBU6, STM32U535CBU6Q, STM32U535CCT6, STM32U535CCT6Q, STM32U535CCU6, STM32U535CCU6Q, STM32U535CET6, STM32U535CET6Q, STM32U535CEU6, STM32U535CEU6Q, STM32U535JEY6QTR, STM32U535NCY6QTR, STM32U535NEY6QTR, STM32U535RBI6, STM32U535RBI6Q, STM32U535RBT6, STM32U535RBT6Q, STM32U535RCI6, STM32U535RCI6Q, STM32U535RCT6, STM32U535RCT6Q, STM32U535REI6, STM32U535REI6Q, STM32U535RET6, STM32U535RET6Q, STM32U535VCI6, STM32U535VCI6Q, STM32U535VCT6, STM32U535VCT6Q, STM32U535VEI6, STM32U535VEI6Q, STM32U535VET6, STM32U535VET6Q, STM32U545CET6, STM32U545CET6Q, STM32U545CEU6, STM32U545CEU6Q, STM32U545JEY6QTR, STM32U545NEY6QTR, STM32U545REI6, STM32U545REI6Q, STM32U545RET6, STM32U545RET6Q, STM32U545VEI6, STM32U545VEI6Q, STM32U545VET6, STM32U545VET6Q, STM32U595AIH6, STM32U595AIH6Q, STM32U595AJH6, STM32U595AJH6Q, STM32U595QII6, STM32U595QII6Q, STM32U595QJI6, STM32U595QJI6Q, STM32U595RIT6, STM32U595RIT6Q, STM32U595RJT6, STM32U595RJT6Q, STM32U595VIT6, STM32U595VIT6Q, STM32U595VJT6, STM32U595VJT6Q, STM32U595ZIT6, STM32U595ZIT6Q, STM32U595ZIY6QTR, STM32U595ZJT6, STM32U595ZJT6Q, STM32U595ZJY6QTR, STM32U599BJY6QTR, STM32U599NIH6Q, STM32U599NJH6Q, STM32U599VIT6Q, STM32U599VJT6, STM32U599VJT6Q, STM32U599ZIT6Q, STM32U599ZIY6QTR, STM32U599ZJT6Q, STM32U599ZJY6QTR, STM32U5A5AJH6, STM32U5A5AJH6Q, STM32U5A5QII3Q , STM32U5A5QJI6, STM32U5A5QJI6Q, STM32U5A5RJT6, STM32U5A5RJT6Q, STM32U5A5VJT6, STM32U5A5VJT6Q, STM32U5A5ZJT6, STM32U5A5ZJT6Q, STM32U5A5ZJY6QTR, STM32U5A9BJY6QTR, STM32U5A9J-DK, STM32U5A9NJH6Q, STM32U5A9VJT6Q, STM32U5A9ZJT6Q, STM32U5A9ZJY6QTR, STM32U5F7VIT6, STM32U5F7VIT6Q, STM32U5F7VJT6, STM32U5F7VJT6Q, STM32U5F9BJY6QTR, STM32U5F9NJH6Q, STM32U5F9VIT6Q, STM32U5F9VJT6Q, STM32U5F9ZIJ6QTR, STM32U5F9ZIT6Q, STM32U5F9ZJJ6QTR, STM32U5F9ZJT6Q, STM32U5G7VJT6, STM32U5G7VJT6Q, STM32U5G9BJY6QTR, STM32U5G9J-DK1, STM32U5G9J-DK2, STM32U5G9NJH6Q, STM32U5G9VJT6Q, STM32U5G9ZJJ6QTR, STM32U5G9ZJT6Q, STM32WB05KZV6TR, STM32WB05KZV7TR, STM32WB05TZF6TR, STM32WB05TZF7TR, STM32WB06CCF6TR, STM32WB06CCF7TR, STM32WB06CCV6TR, STM32WB06CCV7TR, STM32WB06KCV6TR, STM32WB06KCV7TR, STM32WB07CCF6TR, STM32WB07CCF7TR, STM32WB07CCV6TR, STM32WB07CCV7TR, STM32WB07KCV6TR, STM32WB07KCV7TR, STM32WB09KEV6TR, STM32WB09KEV7TR, STM32WB09TEF6TR, STM32WB09TEF7TR, STM32WB1MMCH6, STM32WBA50KGU6, STM32WBA50KGU6TR, STM32WBA52CEU6, STM32WBA52CEU6TR, STM32WBA52CEU7, STM32WBA52CEU7TR, STM32WBA52CGU6, STM32WBA52CGU6TR, STM32WBA52CGU6U, STM32WBA52CGU7, STM32WBA52CGU7TR, STM32WBA52KEU6, STM32WBA52KEU6TR, STM32WBA52KGU6, STM32WBA52KGU6TR, STM32WBA54CEU6, STM32WBA54CEU6TR, STM32WBA54CEU7, STM32WBA54CEU7TR, STM32WBA54CGU6, STM32WBA54CGU6TR, STM32WBA54CGU7, STM32WBA54CGU7TR, STM32WBA54KEU6, STM32WBA54KEU6TR, STM32WBA54KEU7, STM32WBA54KEU7TR, STM32WBA54KGU6, STM32WBA54KGU6TR, STM32WBA54KGU7, STM32WBA54KGU7TR, STM32WBA55CEU6, STM32WBA55CEU6TR, STM32WBA55CEU7, STM32WBA55CEU7TR, STM32WBA55CGU6, STM32WBA55CGU6TR, STM32WBA55CGU6U, STM32WBA55CGU7, STM32WBA55CGU7TR, STM32WBA55G-DK1, STM32WBA55HEF6, STM32WBA55HEF7, STM32WBA55HGF6, STM32WBA55HGF7, STM32WBA55UEI6, STM32WBA55UEI6TR, STM32WBA55UEI7, STM32WBA55UEI7TR, STM32WBA55UGI6, STM32WBA55UGI6TR, STM32WBA55UGI7, STM32WBA55UGI7TR, STM32WBA5MMGH6TR, STM32WBA62MGF6, STM32WBA62MIF6, STM32WBA65MGF7, STM32WBA65MIF6, STM32WBA65MIF7, STM32WL30K8V6, STM32WL30KBV6, STM32WL31C8V6, STM32WL31CBV6, STM32WL31K8V6, STM32WL31KBV6, STM32WL33C8V6, STM32WL33C8V6X, STM32WL33CBV6, STM32WL33CBV6X, STM32WL33CCV6, STM32WL33CCV6A, STM32WL33CCV6X, STM32WL33K8V7, STM32WL33K8V7X, STM32WL33KBV7 , STM32WL33KBV7X, STM32WL33KCV7, STM32WL33KCV7X, STM32WL5MOCH6, STM32WL5MOCH6TR]
2025-08-05 12:35:00,596 [INFO] BoardInfo:889 - No configuration file found for board P-NUCLEO-WB55
2025-08-05 12:35:00,599 [INFO] DbBoards:161 - Kit is not supported: P-NUCLEO-WB55
2025-08-05 12:35:00,608 [INFO] BoardInfo:889 - No configuration file found for board STEVAL-BFA001V1B
2025-08-05 12:35:00,610 [INFO] DbBoards:161 - Kit is not supported: STEVAL-BFA001V1B
2025-08-05 12:35:00,611 [INFO] BoardInfo:889 - No configuration file found for board STEVAL-BFA001V2B
2025-08-05 12:35:00,613 [INFO] DbBoards:161 - Kit is not supported: STEVAL-BFA001V2B
2025-08-05 12:35:00,916 [INFO] DbBoards:168 - Found 212 boards, 209 are supported
2025-08-05 12:35:00,916 [INFO] DbBoards:169 - Found 212 boards, 43 of them is supported for  Bsp
2025-08-05 12:35:00,919 [INFO] ApiDb:423 - Load user favorites file C:\Users\USERIT/.stm32cubeide/favorites.boards.txt: 0 item(s)
2025-08-05 12:35:00,919 [INFO] ApiDb:427 - User favorites Boards=[]
2025-08-05 12:35:00,919 [INFO] DbBoards:198 - Set 0 / 0 favorites Boards
2025-08-05 12:35:00,921 [INFO] ApiDb:668 - CubeFinder database Data Model version=2.1
2025-08-05 12:35:00,921 [INFO] ApiDb:669 - CubeFinder database Configuration version=3.0.39
2025-08-05 12:35:00,921 [INFO] ApiDb:670 - CubeFinder database generation date=2025-07-24 (1753349077)
2025-08-05 12:35:00,921 [INFO] ApiDb:671 - CubeFinder database FW Pack versions=[FP-ATR-ASTRA1_V2.0.0, FP-SNS-FLIGHT1_V5.1.0, FP-SNS-MOTENV1_V5.0.0, FP-SNS-MOTENVWB1_V1.4.0, FP-SNS-SMARTAG2_V1.2.0, FP-SNS-STBOX1_V2.0.0, STM32Cube_FW_C0_V1.4.0, STM32Cube_FW_F4_V1.28.2, STM32Cube_FW_F7_V1.17.3, STM32Cube_FW_G0_V1.6.2, STM32Cube_FW_G4_V1.6.1, STM32Cube_FW_H5_V1.5.0, STM32Cube_FW_H7RS_V1.2.0, STM32Cube_FW_H7_V1.12.1, STM32Cube_FW_L0_V1.12.2, STM32Cube_FW_L4_V1.18.1, STM32Cube_FW_L5_V1.5.1, STM32Cube_FW_N6_V1.2.0, STM32Cube_FW_U0_V1.3.0, STM32Cube_FW_U3_V1.2.0, STM32Cube_FW_U5_V1.8.0, STM32Cube_FW_WB0_V1.3.0, STM32Cube_FW_WBA_V1.7.0, STM32Cube_FW_WB_V1.23.0, STM32Cube_FW_WL3_V1.2.0, STM32Cube_FW_WL_V1.3.1, X-CUBE-ALGOBUILD_V1.4.0, X-CUBE-ALS_V1.0.2, X-CUBE-AZRTOS-F4_V1.1.0, X-CUBE-AZRTOS-F7_V1.1.0, X-CUBE-AZRTOS-G0_V1.1.0, X-CUBE-AZRTOS-G4_V2.0.0, X-CUBE-AZRTOS-H7RS_V1.1.0, X-CUBE-AZRTOS-H7_V3.4.0, X-CUBE-AZRTOS-L4_V2.0.0, X-CUBE-AZRTOS-L5_V2.0.0, X-CUBE-AZRTOS-WB_V2.0.0, X-CUBE-AZRTOS-WL_V2.0.0, X-CUBE-BLE1_V7.1.0, X-CUBE-BLE2_V3.3.0, X-CUBE-BLEMGR_V4.1.0, X-CUBE-EEPRMA1_V5.2.0, X-CUBE-FREERTOS_V1.3.1, X-CUBE-GNSS1_V6.0.0, X-CUBE-MEMS1_V11.3.0, X-CUBE-NFC4_V3.0.0, X-CUBE-NFC7_V2.0.0, X-CUBE-SFXS2LP1_V4.0.0, X-CUBE-ST67W61_V1.0.0, X-CUBE-SUBG2_V5.0.0, X-CUBE-TOF1_V3.4.3]
2025-08-05 12:35:01,784 [ERROR] DbExamplesSqlite:437 - Missing JSON key: board_cpn
2025-08-05 12:35:01,785 [ERROR] DbExamplesSqlite:437 - Missing JSON key: board_cpn
2025-08-05 12:35:01,786 [ERROR] DbExamplesSqlite:437 - Missing JSON key: board_cpn
2025-08-05 12:35:01,786 [ERROR] DbExamplesSqlite:437 - Missing JSON key: board_cpn
2025-08-05 12:35:01,995 [ERROR] DbExamplesSqlite:437 - Missing JSON key: board_cpn
2025-08-05 12:35:01,996 [ERROR] DbExamplesSqlite:437 - Missing JSON key: board_cpn
2025-08-05 12:35:01,996 [ERROR] DbExamplesSqlite:437 - Missing JSON key: board_cpn
2025-08-05 12:35:01,996 [ERROR] DbExamplesSqlite:437 - Missing JSON key: board_cpn
2025-08-05 12:35:01,996 [ERROR] DbExamplesSqlite:437 - Missing JSON key: board_cpn
2025-08-05 12:35:01,997 [ERROR] DbExamplesSqlite:437 - Missing JSON key: board_cpn
2025-08-05 12:35:01,997 [ERROR] DbExamplesSqlite:437 - Missing JSON key: board_cpn
2025-08-05 12:35:01,997 [ERROR] DbExamplesSqlite:437 - Missing JSON key: board_cpn
2025-08-05 12:35:01,998 [ERROR] DbExamplesSqlite:437 - Missing JSON key: board_cpn
2025-08-05 12:35:02,227 [ERROR] DbExamplesSqlite:437 - Missing JSON key: board_cpn
2025-08-05 12:35:02,227 [ERROR] DbExamplesSqlite:437 - Missing JSON key: board_cpn
2025-08-05 12:35:02,230 [INFO] DbExamplesSqlite:395 - Ignored 33 examples not supported by CubeIDE
2025-08-05 12:35:02,230 [INFO] DbExamplesSqlite:396 - Found 10866 examples active
2025-08-05 12:35:02,230 [INFO] DbExamplesSqlite:397 - Found 0 examples obsolete
2025-08-05 12:35:02,230 [INFO] DbExamplesSqlite:398 - Found 0 examples under development
2025-08-05 12:35:02,230 [INFO] DbExamplesSqlite:399 - Found 65 examples not building
2025-08-05 12:35:02,233 [INFO] DbExamples:125 - Found 10898 examples
2025-08-05 12:35:02,255 [INFO] DbExamples:222 - Found 134 boards with related examples
2025-08-05 12:35:02,257 [INFO] DbExamples:235 - Found 111 MCUs with related examples
2025-08-05 12:35:02,280 [INFO] ApiDb:414 - User favorites file not found: C:\Users\USERIT/.stm32cubeide/favorites.examples.txt
2025-08-05 12:35:02,280 [INFO] DbExamples:250 - Set 0 / 0 favorites Examples
2025-08-05 12:35:02,861 [INFO] McuFinderGlobals:76 - Set McuFinderConnectedMode to true
2025-08-05 12:35:02,871 [INFO] MultiScanPanel:200 - Auto-refresh data requested => check proxy status ongoing
2025-08-05 12:35:02,875 [INFO] FinderPluginLoader:96 - Searching for filters in installed packs
2025-08-05 12:35:04,950 [INFO] LoadUrlFilesThread:185 - End of LoadServerUrlFiles without Thread
2025-08-05 12:35:05,133 [INFO] DetailPanel:341 - Set advertising image to C:/Users/USERIT/STM32Cube/Repository/\en.2400x1350px.jpeg
2025-08-05 12:37:22,038 [INFO] MainUpdater:2872 - connection check result : 10
2025-08-05 12:37:22,039 [INFO] MainUpdater:2872 - connection check result : 10
2025-08-05 12:37:29,240 [INFO] MicroXplorer:468 - Change Database Path : 
2025-08-05 12:37:29,240 [INFO] MicroXplorer:498 - Change Database Version : DB.6.0.150
2025-08-05 12:37:29,250 [WARN] ThirdParty:871 - waiting for thirdparty lock release [close project]
2025-08-05 12:37:29,250 [INFO] ThirdParty:873 - entering critical section [close project]
2025-08-05 12:37:29,251 [INFO] ThirdParty:883 - exiting critical section [close project]
2025-08-05 12:37:29,255 [INFO] PinOutPanel:1589 - setPackage(No Configuration,No Configuration)
2025-08-05 12:37:29,258 [INFO] UtilMem:75 - Begin LoadConfig() Used Memory: 898758960 Bytes (1073741824)
2025-08-05 12:37:29,261 [INFO] MicroXplorer:468 - Change Database Path : 
2025-08-05 12:37:29,261 [INFO] MicroXplorer:498 - Change Database Version : DB.6.0.150
2025-08-05 12:37:29,261 [INFO] OpenFileManager:355 - Change cursor
2025-08-05 12:37:29,290 [WARN] IntegrityCheckThread:84 - waiting for thirdparty lock release [integrity check]
2025-08-05 12:37:29,291 [INFO] IntegrityCheckThread:86 - entering critical section [integrity check]
2025-08-05 12:37:29,659 [WARN] PackLoader:240 - Cannot read IP mode file for STMicroelectronics.FP-SNS-MOTENVWB1.1.4.0
2025-08-05 12:37:29,689 [WARN] PackLoader:240 - Cannot read IP mode file for STMicroelectronics.FP-ATR-ASTRA1.2.0.2
2025-08-05 12:37:29,723 [WARN] PackLoader:240 - Cannot read IP mode file for STMicroelectronics.X-CUBE-SMBUS.2.1.0
2025-08-05 12:37:29,752 [WARN] PackLoader:240 - Cannot read IP mode file for STMicroelectronics.X-CUBE-ST60.1.0.0
2025-08-05 12:37:29,856 [WARN] PackLoader:240 - Cannot read IP mode file for STMicroelectronics.X-CUBE-AZRTOS-F7.1.1.0
2025-08-05 12:37:29,935 [WARN] PackLoader:240 - Cannot read IP mode file for Infineon.AIROC-Wi-Fi-Bluetooth-STM32.1.7.1
2025-08-05 12:37:29,982 [WARN] PackLoader:240 - Cannot read IP mode file for STMicroelectronics.X-CUBE-DISPLAY.3.0.0
2025-08-05 12:37:30,025 [WARN] PackLoader:240 - Cannot read IP mode file for STMicroelectronics.X-CUBE-NFC10.1.0.0
2025-08-05 12:37:30,060 [WARN] PackLoader:240 - Cannot read IP mode file for emotas.I-CUBE-CANOPEN.1.3.0
2025-08-05 12:37:30,095 [WARN] PackLoader:240 - Cannot read IP mode file for STMicroelectronics.FP-SNS-STBOX1.2.1.0
2025-08-05 12:37:30,126 [WARN] PackLoader:240 - Cannot read IP mode file for STMicroelectronics.FP-SNS-SMARTAG2.1.2.0
2025-08-05 12:37:30,152 [WARN] PackLoader:240 - Cannot read IP mode file for STMicroelectronics.FP-SNS-FLIGHT1.5.1.0
2025-08-05 12:37:30,196 [INFO] LogOutputStream:77 - [STDOUT_REDIRECT] 1 : Invalid condition id : UX_CORESTACK_Condition cause : null
2025-08-05 12:37:30,196 [INFO] LogOutputStream:77 - [STDOUT_REDIRECT] 1 : Invalid condition id : UX_CORESTACK_Condition cause : null
2025-08-05 12:37:30,200 [INFO] LogOutputStream:77 - [STDOUT_REDIRECT] 1 : Invalid condition id : UX_CORESTACK_Condition cause : null
2025-08-05 12:37:30,202 [INFO] LogOutputStream:77 - [STDOUT_REDIRECT] 1 : Invalid condition id : UX_CORESTACK_Condition cause : null
2025-08-05 12:37:30,203 [INFO] LogOutputStream:77 - [STDOUT_REDIRECT] 1 : Invalid condition id : UX_CORESTACK_Condition cause : null
2025-08-05 12:37:30,210 [WARN] PackLoader:240 - Cannot read IP mode file for STMicroelectronics.X-CUBE-AZRTOS-WL.2.0.0
2025-08-05 12:37:30,242 [WARN] PackLoader:240 - Cannot read IP mode file for STMicroelectronics.FP-SNS-MOTENV1.5.0.0
2025-08-05 12:37:30,275 [WARN] PackLoader:240 - Cannot read IP mode file for WES.I-CUBE-Cesium.1.3.0
2025-08-05 12:37:30,300 [WARN] PackLoader:240 - Cannot read IP mode file for STMicroelectronics.X-CUBE-BLE2.3.3.0
2025-08-05 12:37:30,328 [WARN] PackLoader:240 - Cannot read IP mode file for STMicroelectronics.X-CUBE-NFC9.1.0.0
2025-08-05 12:37:30,359 [WARN] PackLoader:240 - Cannot read IP mode file for STMicroelectronics.X-CUBE-BLE1.7.1.0
2025-08-05 12:37:30,386 [WARN] PackLoader:240 - Cannot read IP mode file for wolfSSL.I-CUBE-wolfMQTT.1.19.2
2025-08-05 12:37:30,412 [WARN] PackLoader:240 - Cannot read IP mode file for STMicroelectronics.X-CUBE-AI.10.1.0
2025-08-05 12:37:30,471 [WARN] PackLoader:240 - Cannot read IP mode file for STMicroelectronics.X-CUBE-AZRTOS-G0.1.1.0
2025-08-05 12:37:30,503 [WARN] PackLoader:240 - Cannot read IP mode file for STMicroelectronics.X-CUBE-SAFEA1.1.2.2
2025-08-05 12:37:30,532 [WARN] PackLoader:240 - Cannot read IP mode file for STMicroelectronics.X-CUBE-NFC4.3.0.0
2025-08-05 12:37:30,562 [WARN] PackLoader:240 - Cannot read IP mode file for EmbeddedOffice.I-CUBE-FS-RTOS.1.0.1
2025-08-05 12:37:30,588 [WARN] PackLoader:240 - Cannot read IP mode file for STMicroelectronics.X-CUBE-WB05N.2.0.0
2025-08-05 12:37:30,611 [WARN] PackLoader:240 - Cannot read IP mode file for wolfSSL.I-CUBE-wolfTPM.3.8.0
2025-08-05 12:37:30,637 [WARN] PackLoader:240 - Cannot read IP mode file for STMicroelectronics.X-CUBE-TCPP.4.2.0
2025-08-05 12:37:30,667 [WARN] PackLoader:240 - Cannot read IP mode file for RealThread.X-CUBE-RT-Thread_Nano.4.1.1
2025-08-05 12:37:30,690 [WARN] PackLoader:240 - Cannot read IP mode file for STMicroelectronics.FP-ATR-SIGFOX1.3.2.0
2025-08-05 12:37:30,715 [WARN] PackLoader:240 - Cannot read IP mode file for ITTIA_DB.I-CUBE-ITTIADB.8.9.0
2025-08-05 12:37:30,746 [WARN] PackLoader:240 - Cannot read IP mode file for STMicroelectronics.X-CUBE-ST67W61.1.0.0
2025-08-05 12:37:30,770 [WARN] PackLoader:240 - Cannot read IP mode file for STMicroelectronics.X-CUBE-AI.10.2.0
2025-08-05 12:37:30,845 [WARN] PackLoader:240 - Cannot read IP mode file for SEGGER.I-CUBE-embOS.1.3.1
2025-08-05 12:37:30,916 [WARN] PackLoader:240 - Cannot read IP mode file for STMicroelectronics.X-CUBE-ALGOBUILD.1.4.0
2025-08-05 12:37:31,013 [WARN] PackLoader:240 - Cannot read IP mode file for STMicroelectronics.X-CUBE-MEMS1.11.3.0
2025-08-05 12:37:31,234 [WARN] PackLoader:240 - Cannot read IP mode file for STMicroelectronics.X-CUBE-PM33A1.1.0.0
2025-08-05 12:37:31,284 [WARN] PackLoader:240 - Cannot read IP mode file for STMicroelectronics.X-CUBE-AZRTOS-F4.1.1.0
2025-08-05 12:37:31,312 [WARN] PackLoader:240 - Cannot read IP mode file for STMicroelectronics.X-CUBE-ISPU.2.1.0
2025-08-05 12:37:31,363 [WARN] PackLoader:240 - Cannot read IP mode file for STMicroelectronics.X-CUBE-AZRTOS-L5.2.0.0
2025-08-05 12:37:31,394 [WARN] PackLoader:240 - Cannot read IP mode file for STMicroelectronics.X-CUBE-NFC6.3.1.0
2025-08-05 12:37:31,424 [WARN] PackLoader:240 - Cannot read IP mode file for STMicroelectronics.X-CUBE-FREERTOS.1.3.1
2025-08-05 12:37:31,455 [WARN] PackLoader:240 - Cannot read IP mode file for STMicroelectronics.X-CUBE-DPower.1.3.0
2025-08-05 12:37:31,502 [WARN] ConditionMgr:438 - getConditionDescription Invalid condition id : LAN8742 Phy interface Condition cause : null
2025-08-05 12:37:31,502 [WARN] PackLoader:240 - Cannot read IP mode file for STMicroelectronics.X-CUBE-AZRTOS-L4.2.0.0
2025-08-05 12:37:31,505 [WARN] ConditionMgr:1044 - genDependencies : Invalid condition id : LAN8742 Phy interface Condition cause : null
2025-08-05 12:37:31,505 [WARN] ConditionMgr:1044 - genDependencies : Invalid condition id : LAN8742 Phy interface Condition cause : null
2025-08-05 12:37:31,506 [WARN] ConditionMgr:1044 - genDependencies : Invalid condition id : LAN8742 Phy interface Condition cause : null
2025-08-05 12:37:31,534 [WARN] PackLoader:240 - Cannot read IP mode file for STMicroelectronics.X-CUBE-SFXS2LP1.4.0.0
2025-08-05 12:37:31,577 [WARN] ConditionMgr:438 - getConditionDescription Invalid condition id : UX DEVICE CLASS RTOS Condition cause : null
2025-08-05 12:37:31,577 [WARN] ConditionMgr:438 - getConditionDescription Invalid condition id : UX DEVICE CLASS RTOS Condition cause : null
2025-08-05 12:37:31,579 [WARN] PackLoader:240 - Cannot read IP mode file for STMicroelectronics.X-CUBE-AZRTOS-WB.2.0.0
2025-08-05 12:37:31,580 [WARN] ConditionMgr:1044 - genDependencies : Invalid condition id : UX DEVICE CLASS RTOS Condition cause : null
2025-08-05 12:37:31,580 [WARN] ConditionMgr:1044 - genDependencies : Invalid condition id : UX DEVICE CLASS RTOS Condition cause : null
2025-08-05 12:37:31,581 [WARN] ConditionMgr:1044 - genDependencies : Invalid condition id : UX DEVICE CLASS RTOS Condition cause : null
2025-08-05 12:37:31,582 [WARN] ConditionMgr:1044 - genDependencies : Invalid condition id : UX DEVICE CLASS RTOS Condition cause : null
2025-08-05 12:37:31,582 [WARN] ConditionMgr:1044 - genDependencies : Invalid condition id : UX DEVICE CLASS RTOS Condition cause : null
2025-08-05 12:37:31,607 [WARN] PackLoader:240 - Cannot read IP mode file for STMicroelectronics.X-CUBE-GNSS1.7.0.1
2025-08-05 12:37:31,631 [WARN] PackLoader:240 - Cannot read IP mode file for STMicroelectronics.X-CUBE-TOUCHGFX.4.25.0
2025-08-05 12:37:31,653 [WARN] PackLoader:240 - Cannot read IP mode file for STMicroelectronics.FP-SNS-STBOX1.2.0.0
2025-08-05 12:37:31,680 [WARN] ConditionMgr:438 - getConditionDescription Invalid condition id : Cortex-A Device cause : null
2025-08-05 12:37:31,712 [WARN] ConditionMgr:1044 - genDependencies : Invalid condition id : Cortex-A Device cause : null
2025-08-05 12:37:31,712 [WARN] ConditionMgr:1044 - genDependencies : Invalid condition id : Cortex-A Device cause : null
2025-08-05 12:37:31,712 [WARN] ConditionMgr:1044 - genDependencies : Invalid condition id : Cortex-A Device cause : null
2025-08-05 12:37:31,747 [WARN] PackLoader:240 - Cannot read IP mode file for STMicroelectronics.X-CUBE-SUBG2.5.0.0
2025-08-05 12:37:31,807 [WARN] PackLoader:240 - Cannot read IP mode file for STMicroelectronics.X-CUBE-AZRTOS-H7RS.1.1.0
2025-08-05 12:37:31,834 [WARN] PackLoader:240 - Cannot read IP mode file for Cesanta.I-CUBE-Mongoose.7.13.0
2025-08-05 12:37:31,881 [WARN] PackLoader:240 - Cannot read IP mode file for STMicroelectronics.X-CUBE-AZRTOS-G4.2.0.0
2025-08-05 12:37:31,909 [WARN] PackLoader:240 - Cannot read IP mode file for wolfSSL.I-CUBE-wolfSSH.1.4.20
2025-08-05 12:37:31,934 [WARN] PackLoader:240 - Cannot read IP mode file for STMicroelectronics.X-CUBE-NFC7.2.0.0
2025-08-05 12:37:31,968 [WARN] PackLoader:240 - Cannot read IP mode file for STMicroelectronics.X-CUBE-IPS.3.1.0
2025-08-05 12:37:32,001 [WARN] PackLoader:240 - Cannot read IP mode file for STMicroelectronics.X-CUBE-ALS.1.0.2
2025-08-05 12:37:32,028 [WARN] PackLoader:240 - Cannot read IP mode file for portGmbH.I-Cube-SoM-uGOAL.1.1.0
2025-08-05 12:37:32,067 [WARN] PackLoader:240 - Cannot read IP mode file for STMicroelectronics.X-CUBE-TOF1.3.4.3
2025-08-05 12:37:32,082 [INFO] ThirdParty:978 - Integrity check success = true
2025-08-05 12:37:32,083 [INFO] IntegrityCheckThread:100 - exiting critical section [integrity check]
2025-08-05 12:37:32,083 [INFO] IntegrityCheckThread:103 - End integrity checks thread
2025-08-05 12:37:32,178 [INFO] Mcu:2029 - Initializing MCU STM32F767ZITx STM32F767ZITx STM32F767ZIT6
2025-08-05 12:37:36,595 [INFO] Context:786 - Trying to add GPIOservice into a context  which must be forbidden
2025-08-05 12:37:37,716 [INFO] ImportTextPane:234 - (OptionalMessage_ERROR) Unable to find key (Mcu.ThirdPartyNb) in loaded IOC file
2025-08-05 12:37:37,716 [INFO] ImportTextPane:234 - (OptionalMessage_ERROR) Unable to find key (Mcu.PinsNb) in loaded IOC file
2025-08-05 12:37:37,718 [INFO] ImportTextPane:234 - (OptionalMessage_ERROR) Pin0 (VP_RIF_VS_RIF1) cannot be retrieved for this MCU
2025-08-05 12:37:37,718 [INFO] ImportTextPane:234 - (OptionalMessage_ERROR) Unable to find key (Mcu.IPNb) in loaded IOC file
2025-08-05 12:37:37,876 [INFO] RtosManager:558 - Registered RTOS mode: class=CMSIS, group=RTOS, mode=CMSIS_V1, owner=FREERTOS
2025-08-05 12:37:37,876 [INFO] RtosManager:558 - Registered RTOS mode: class=CMSIS, group=RTOS2, mode=CMSIS_V2, owner=FREERTOS
2025-08-05 12:37:37,876 [INFO] RtosManager:558 - Registered RTOS mode: class=RTOS, group=Core, mode=CMSIS_V1, owner=FREERTOS
2025-08-05 12:37:37,876 [INFO] RtosManager:558 - Registered RTOS mode: class=RTOS, group=Core, mode=CMSIS_V2, owner=FREERTOS
2025-08-05 12:37:37,876 [WARN] ModelIntegratedComponent:184 - Missing modes for component STMicroelectronics:FreeRTOS:0.0.1:STMicroelectronics:RTOS:FreeRTOS:Core:::10.2.0:
2025-08-05 12:37:37,910 [WARN] ModelIntegratedComponent:63 - No mode defined for component null
2025-08-05 12:37:37,910 [WARN] ModelIntegratedComponent:63 - No mode defined for component null
2025-08-05 12:37:37,910 [WARN] ModelIntegratedComponent:63 - No mode defined for component null
2025-08-05 12:37:37,911 [WARN] ModelIntegratedComponent:63 - No mode defined for component null
2025-08-05 12:37:37,911 [WARN] ModelIntegratedComponent:63 - No mode defined for component null
2025-08-05 12:37:37,911 [WARN] ModelIntegratedComponent:63 - No mode defined for component null
2025-08-05 12:37:37,911 [WARN] ModelIntegratedComponent:63 - No mode defined for component null
2025-08-05 12:37:37,911 [WARN] ModelIntegratedComponent:63 - No mode defined for component null
2025-08-05 12:37:37,911 [WARN] ModelIntegratedComponent:63 - No mode defined for component null
2025-08-05 12:37:37,911 [WARN] ModelIntegratedComponent:63 - No mode defined for component null
2025-08-05 12:37:37,911 [WARN] ModelIntegratedComponent:63 - No mode defined for component null
2025-08-05 12:37:37,911 [WARN] ModelIntegratedComponent:63 - No mode defined for component null
2025-08-05 12:37:37,911 [WARN] ModelIntegratedComponent:63 - No mode defined for component null
2025-08-05 12:37:37,912 [WARN] ModelIntegratedComponent:63 - No mode defined for component null
2025-08-05 12:37:37,912 [WARN] ModelIntegratedComponent:63 - No mode defined for component null
2025-08-05 12:37:37,912 [WARN] ModelIntegratedComponent:63 - No mode defined for component null
2025-08-05 12:37:37,912 [WARN] ModelIntegratedComponent:63 - No mode defined for component null
2025-08-05 12:37:37,912 [WARN] ModelIntegratedComponent:63 - No mode defined for component null
2025-08-05 12:37:37,912 [WARN] ModelIntegratedComponent:63 - No mode defined for component null
2025-08-05 12:37:37,912 [WARN] ModelIntegratedComponent:63 - No mode defined for component null
2025-08-05 12:37:37,912 [WARN] ModelIntegratedComponent:63 - No mode defined for component null
2025-08-05 12:37:37,912 [WARN] ModelIntegratedComponent:63 - No mode defined for component null
2025-08-05 12:37:37,912 [WARN] ModelIntegratedComponent:63 - No mode defined for component null
2025-08-05 12:37:37,912 [WARN] ModelIntegratedComponent:63 - No mode defined for component null
2025-08-05 12:37:37,913 [WARN] ModelIntegratedComponent:63 - No mode defined for component null
2025-08-05 12:37:37,913 [WARN] ModelIntegratedComponent:63 - No mode defined for component null
2025-08-05 12:37:37,913 [WARN] ModelIntegratedComponent:63 - No mode defined for component null
2025-08-05 12:37:37,913 [WARN] ModelIntegratedComponent:63 - No mode defined for component null
2025-08-05 12:37:37,913 [WARN] ModelIntegratedComponent:63 - No mode defined for component null
2025-08-05 12:37:37,913 [WARN] ModelIntegratedComponent:63 - No mode defined for component null
2025-08-05 12:37:37,913 [WARN] ModelIntegratedComponent:63 - No mode defined for component null
2025-08-05 12:37:37,913 [WARN] ModelIntegratedComponent:63 - No mode defined for component null
2025-08-05 12:37:37,913 [WARN] ModelIntegratedComponent:63 - No mode defined for component null
2025-08-05 12:37:37,914 [WARN] ModelIntegratedComponent:63 - No mode defined for component null
2025-08-05 12:37:37,914 [WARN] ModelIntegratedComponent:63 - No mode defined for component null
2025-08-05 12:37:37,914 [WARN] ModelPack:524 - Component already loaded: STMicroelectronics:HAL Drivers:0.0.0:STMicroelectronics:Device:STMicro_Driver:XSPI:HAL::0.0.1:HAL_XSPI
2025-08-05 12:37:38,094 [INFO] ThirdPartyModel:298 - Start build external matchings
2025-08-05 12:37:38,826 [INFO] ThirdPartyModel:316 - End build external matchings
2025-08-05 12:37:39,640 [INFO] UtilMem:75 - End LoadConfig() Used Memory: 323934664 Bytes (1073741824)
2025-08-05 12:37:39,740 [WARN] ThirdParty:833 - waiting for thirdparty lock release [change project]
2025-08-05 12:37:39,741 [INFO] ThirdParty:835 - entering critical section [change project]
2025-08-05 12:37:39,741 [INFO] ThirdParty:1030 - CMSIS Pack Vendor :STMicroelectronics X-CUBE-PM33A1 1.0.0
2025-08-05 12:37:39,741 [INFO] ThirdParty:1030 - CMSIS Pack Vendor :STMicroelectronics USBPD 4.1
2025-08-05 12:37:39,742 [INFO] ThirdParty:1030 - CMSIS Pack Vendor :STMicroelectronics X-CUBE-NFC9 1.0.0
2025-08-05 12:37:39,742 [INFO] ThirdParty:1030 - CMSIS Pack Vendor :STMicroelectronics USB_HOST 2.0.0
2025-08-05 12:37:39,742 [INFO] ThirdParty:1030 - CMSIS Pack Vendor :STMicroelectronics FP-SNS-MOTENVWB1 1.4.0
2025-08-05 12:37:39,742 [INFO] ThirdParty:1030 - CMSIS Pack Vendor :STMicroelectronics X-CUBE-AZRTOS-F4 1.1.0
2025-08-05 12:37:39,742 [INFO] ThirdParty:1030 - CMSIS Pack Vendor :STMicroelectronics LIBJPEG 8.0.0
2025-08-05 12:37:39,742 [INFO] ThirdParty:1030 - CMSIS Pack Vendor :STMicroelectronics FP-ATR-ASTRA1 2.0.2
2025-08-05 12:37:39,742 [INFO] ThirdParty:1030 - CMSIS Pack Vendor :STMicroelectronics X-CUBE-BLE1 7.1.0
2025-08-05 12:37:39,742 [INFO] ThirdParty:1030 - CMSIS Pack Vendor :STMicroelectronics X-CUBE-SMBUS 2.1.0
2025-08-05 12:37:39,742 [INFO] ThirdParty:1030 - CMSIS Pack Vendor :wolfSSL I-CUBE-wolfMQTT 1.19.2
2025-08-05 12:37:39,742 [INFO] ThirdParty:1030 - CMSIS Pack Vendor :STMicroelectronics USB_DEVICE 3.0.0
2025-08-05 12:37:39,742 [INFO] ThirdParty:1030 - CMSIS Pack Vendor :STMicroelectronics X-CUBE-ISPU 2.1.0
2025-08-05 12:37:39,742 [INFO] ThirdParty:1030 - CMSIS Pack Vendor :STMicroelectronics X-CUBE-AZRTOS-WB 2.0.0
2025-08-05 12:37:39,743 [INFO] ThirdParty:1030 - CMSIS Pack Vendor :STMicroelectronics X-CUBE-ST60 1.0.0
2025-08-05 12:37:39,743 [INFO] ThirdParty:1030 - CMSIS Pack Vendor :STMicroelectronics X-CUBE-GNSS1 7.0.1
2025-08-05 12:37:39,743 [INFO] ThirdParty:1030 - CMSIS Pack Vendor :STMicroelectronics X-CUBE-AZRTOS-F7 1.1.0
2025-08-05 12:37:39,743 [INFO] ThirdParty:1030 - CMSIS Pack Vendor :STMicroelectronics X-CUBE-AZRTOS-L5 2.0.0
2025-08-05 12:37:39,743 [INFO] ThirdParty:1030 - CMSIS Pack Vendor :STMicroelectronics X-CUBE-TOUCHGFX 4.25.0
2025-08-05 12:37:39,743 [INFO] ThirdParty:1030 - CMSIS Pack Vendor :STMicroelectronics USB_DEVICE 2.0.0
2025-08-05 12:37:39,743 [INFO] ThirdParty:1030 - CMSIS Pack Vendor :STMicroelectronics X-CUBE-NFC6 3.1.0
2025-08-05 12:37:39,743 [INFO] ThirdParty:1030 - CMSIS Pack Vendor :STMicroelectronics X-CUBE-AI 10.1.0
2025-08-05 12:37:39,743 [INFO] ThirdParty:1030 - CMSIS Pack Vendor :STMicroelectronics FP-SNS-STBOX1 2.0.0
2025-08-05 12:37:39,743 [INFO] ThirdParty:1030 - CMSIS Pack Vendor :quantropi X-CUBE-qispace-sdk-base 2.1.0
2025-08-05 12:37:39,743 [INFO] ThirdParty:1030 - CMSIS Pack Vendor :STMicroelectronics FreeRTOS 0.0.1
2025-08-05 12:37:39,744 [INFO] ThirdParty:1030 - CMSIS Pack Vendor :STMicroelectronics X-CUBE-AZRTOS-G0 1.1.0
2025-08-05 12:37:39,744 [INFO] ThirdParty:1030 - CMSIS Pack Vendor :STMicroelectronics X-CUBE-SAFEA1 1.2.2
2025-08-05 12:37:39,744 [INFO] ThirdParty:1030 - CMSIS Pack Vendor :STMicroelectronics X-CUBE-NFC4 3.0.0
2025-08-05 12:37:39,744 [INFO] ThirdParty:1030 - CMSIS Pack Vendor :STMicroelectronics X-CUBE-SUBG2 5.0.0
2025-08-05 12:37:39,744 [INFO] ThirdParty:1030 - CMSIS Pack Vendor :STMicroelectronics X-CUBE-AZRTOS-H7RS 1.1.0
2025-08-05 12:37:39,744 [INFO] ThirdParty:1030 - CMSIS Pack Vendor :STMicroelectronics STM32_WPAN 1.0.0
2025-08-05 12:37:39,744 [INFO] ThirdParty:1030 - CMSIS Pack Vendor :EmbeddedOffice I-CUBE-FS-RTOS 1.0.1
2025-08-05 12:37:39,744 [INFO] ThirdParty:1030 - CMSIS Pack Vendor :STMicroelectronics lwIP 2.0.3
2025-08-05 12:37:39,744 [INFO] ThirdParty:1030 - CMSIS Pack Vendor :Cesanta I-CUBE-Mongoose 7.13.0
2025-08-05 12:37:39,744 [INFO] ThirdParty:1030 - CMSIS Pack Vendor :STMicroelectronics USB_HOST 1.0.0
2025-08-05 12:37:39,744 [INFO] ThirdParty:1030 - CMSIS Pack Vendor :Infineon AIROC-Wi-Fi-Bluetooth-STM32 1.7.1
2025-08-05 12:37:39,745 [INFO] ThirdParty:1030 - CMSIS Pack Vendor :STMicroelectronics X-CUBE-AZRTOS-G4 2.0.0
2025-08-05 12:37:39,745 [INFO] ThirdParty:1030 - CMSIS Pack Vendor :STMicroelectronics X-CUBE-WB05N 2.0.0
2025-08-05 12:37:39,745 [INFO] ThirdParty:1030 - CMSIS Pack Vendor :STMicroelectronics PDM2PCM 3.1.0
2025-08-05 12:37:39,745 [INFO] ThirdParty:1030 - CMSIS Pack Vendor :STMicroelectronics PDM2PCM 3.3.0
2025-08-05 12:37:39,745 [INFO] ThirdParty:1030 - CMSIS Pack Vendor :wolfSSL I-CUBE-wolfTPM 3.8.0
2025-08-05 12:37:39,745 [INFO] ThirdParty:1030 - CMSIS Pack Vendor :STMicroelectronics X-CUBE-DISPLAY 3.0.0
2025-08-05 12:37:39,745 [INFO] ThirdParty:1030 - CMSIS Pack Vendor :wolfSSL I-CUBE-wolfSSH 1.4.20
2025-08-05 12:37:39,804 [INFO] ThirdParty:1030 - CMSIS Pack Vendor :STMicroelectronics X-CUBE-NFC7 2.0.0
2025-08-05 12:37:39,804 [INFO] ThirdParty:1030 - CMSIS Pack Vendor :STMicroelectronics X-CUBE-TCPP 4.2.0
2025-08-05 12:37:39,805 [INFO] ThirdParty:1030 - CMSIS Pack Vendor :RealThread X-CUBE-RT-Thread_Nano 4.1.1
2025-08-05 12:37:39,805 [INFO] ThirdParty:1030 - CMSIS Pack Vendor :STMicroelectronics FP-ATR-SIGFOX1 3.2.0
2025-08-05 12:37:39,805 [INFO] ThirdParty:1030 - CMSIS Pack Vendor :STMicroelectronics X-CUBE-NFC10 1.0.0
2025-08-05 12:37:39,805 [INFO] ThirdParty:1030 - CMSIS Pack Vendor :STMicroelectronics X-CUBE-FREERTOS 1.3.1
2025-08-05 12:37:39,805 [INFO] ThirdParty:1030 - CMSIS Pack Vendor :STMicroelectronics HAL Drivers 0.0.0
2025-08-05 12:37:39,805 [INFO] ThirdParty:1030 - CMSIS Pack Vendor :STMicroelectronics MBEDTLS 2.16.2
2025-08-05 12:37:39,805 [INFO] ThirdParty:1030 - CMSIS Pack Vendor :STMicroelectronics X-CUBE-IPS 3.1.0
2025-08-05 12:37:39,805 [INFO] ThirdParty:1030 - CMSIS Pack Vendor :STMicroelectronics X-CUBE-ALS 1.0.2
2025-08-05 12:37:39,805 [INFO] ThirdParty:1030 - CMSIS Pack Vendor :emotas I-CUBE-CANOPEN 1.3.0
2025-08-05 12:37:39,805 [INFO] ThirdParty:1030 - CMSIS Pack Vendor :STMicroelectronics MBEDTLS 2.14.1
2025-08-05 12:37:39,805 [INFO] ThirdParty:1030 - CMSIS Pack Vendor :ITTIA_DB I-CUBE-ITTIADB 8.9.0
2025-08-05 12:37:39,805 [INFO] ThirdParty:1030 - CMSIS Pack Vendor :portGmbH I-Cube-SoM-uGOAL 1.1.0
2025-08-05 12:37:39,805 [INFO] ThirdParty:1030 - CMSIS Pack Vendor :STMicroelectronics X-CUBE-ST67W61 1.0.0
2025-08-05 12:37:39,806 [INFO] ThirdParty:1030 - CMSIS Pack Vendor :STMicroelectronics FP-SNS-STBOX1 2.1.0
2025-08-05 12:37:39,806 [INFO] ThirdParty:1030 - CMSIS Pack Vendor :STMicroelectronics X-CUBE-AI 10.2.0
2025-08-05 12:37:39,806 [INFO] ThirdParty:1030 - CMSIS Pack Vendor :STMicroelectronics ThreadX 1.0.0
2025-08-05 12:37:39,806 [INFO] ThirdParty:1030 - CMSIS Pack Vendor :STMicroelectronics FP-SNS-SMARTAG2 1.2.0
2025-08-05 12:37:39,806 [INFO] ThirdParty:1030 - CMSIS Pack Vendor :STMicroelectronics FP-SNS-FLIGHT1 5.1.0
2025-08-05 12:37:39,806 [INFO] ThirdParty:1030 - CMSIS Pack Vendor :STMicroelectronics X-CUBE-AZRTOS-WL 2.0.0
2025-08-05 12:37:39,806 [INFO] ThirdParty:1030 - CMSIS Pack Vendor :SEGGER I-CUBE-embOS 1.3.1
2025-08-05 12:37:39,806 [INFO] ThirdParty:1030 - CMSIS Pack Vendor :STMicroelectronics X-CUBE-ALGOBUILD 1.4.0
2025-08-05 12:37:39,806 [INFO] ThirdParty:1030 - CMSIS Pack Vendor :STMicroelectronics X-CUBE-DPower 1.3.0
2025-08-05 12:37:39,806 [INFO] ThirdParty:1030 - CMSIS Pack Vendor :STMicroelectronics X-CUBE-MEMS1 11.3.0
2025-08-05 12:37:39,806 [INFO] ThirdParty:1030 - CMSIS Pack Vendor :STMicroelectronics FP-SNS-MOTENV1 5.0.0
2025-08-05 12:37:39,806 [INFO] ThirdParty:1030 - CMSIS Pack Vendor :STMicroelectronics USB_DEVICE 1.0.0
2025-08-05 12:37:39,806 [INFO] ThirdParty:1030 - CMSIS Pack Vendor :STMicroelectronics X-CUBE-AZRTOS-L4 2.0.0
2025-08-05 12:37:39,806 [INFO] ThirdParty:1030 - CMSIS Pack Vendor :STMicroelectronics ThreadX 0.0.2
2025-08-05 12:37:39,807 [INFO] ThirdParty:1030 - CMSIS Pack Vendor :WES I-CUBE-Cesium 1.3.0
2025-08-05 12:37:39,807 [INFO] ThirdParty:1030 - CMSIS Pack Vendor :STMicroelectronics lwIP 2.1.2
2025-08-05 12:37:39,807 [INFO] ThirdParty:1030 - CMSIS Pack Vendor :STMicroelectronics X-CUBE-SFXS2LP1 4.0.0
2025-08-05 12:37:39,807 [INFO] ThirdParty:1030 - CMSIS Pack Vendor :STMicroelectronics X-CUBE-BLE2 3.3.0
2025-08-05 12:37:39,807 [INFO] ThirdParty:1030 - CMSIS Pack Vendor :STMicroelectronics X-CUBE-TOF1 3.4.3
2025-08-05 12:37:39,807 [INFO] ThirdParty:1030 - CMSIS Pack Vendor :STMicroelectronics PDM2PCM 3.2.0
2025-08-05 12:37:39,808 [INFO] ThirdParty:841 - exiting critical section [change project]
2025-08-05 12:37:40,838 [INFO] PinOutPanel:1589 - setPackage(No Configuration,No Configuration)
2025-08-05 12:37:40,840 [INFO] PinOutPanel:1589 - setPackage(STM32F767ZITx,LQFP144)
2025-08-05 12:37:41,890 [INFO] UtilMem:75 - Before build in PCC Used Memory: 705079896 Bytes (1073741824)
2025-08-05 12:37:43,228 [INFO] UtilMem:75 - After build in PCC Used Memory: 782674520 Bytes (1073741824)
2025-08-05 12:37:43,294 [INFO] IPUIPlugin:80 - create IPUIPlugin
2025-08-05 12:37:43,295 [INFO] IPUIPlugin:80 - create IPUIPlugin
2025-08-05 12:37:43,295 [INFO] IPUIPlugin:80 - create IPUIPlugin
2025-08-05 12:37:43,295 [INFO] IPUIPlugin:80 - create IPUIPlugin
2025-08-05 12:37:43,295 [INFO] IPUIPlugin:80 - create IPUIPlugin
2025-08-05 12:37:43,296 [INFO] IPUIPlugin:80 - create IPUIPlugin
2025-08-05 12:37:43,296 [INFO] IPUIPlugin:80 - create IPUIPlugin
2025-08-05 12:37:43,296 [INFO] IPUIPlugin:80 - create IPUIPlugin
2025-08-05 12:37:43,297 [INFO] IPUIPlugin:80 - create IPUIPlugin
2025-08-05 12:37:43,297 [INFO] IPUIPlugin:80 - create IPUIPlugin
2025-08-05 12:37:43,297 [INFO] IPUIPlugin:80 - create IPUIPlugin
2025-08-05 12:37:43,297 [INFO] IPUIPlugin:80 - create IPUIPlugin
2025-08-05 12:37:43,298 [INFO] IPUIPlugin:80 - create IPUIPlugin
2025-08-05 12:37:43,298 [INFO] IPUIPlugin:80 - create IPUIPlugin
2025-08-05 12:37:43,298 [INFO] IPUIPlugin:80 - create IPUIPlugin
2025-08-05 12:37:43,299 [INFO] IPUIPlugin:80 - create IPUIPlugin
2025-08-05 12:37:43,299 [INFO] IPUIPlugin:80 - create IPUIPlugin
2025-08-05 12:37:43,299 [INFO] IPUIPlugin:80 - create IPUIPlugin
2025-08-05 12:37:43,299 [INFO] IPUIPlugin:80 - create IPUIPlugin
2025-08-05 12:37:43,300 [INFO] IPUIPlugin:80 - create IPUIPlugin
2025-08-05 12:37:43,300 [INFO] IPUIPlugin:80 - create IPUIPlugin
2025-08-05 12:37:43,300 [INFO] IPUIPlugin:80 - create IPUIPlugin
2025-08-05 12:37:43,301 [INFO] IPUIPlugin:80 - create IPUIPlugin
2025-08-05 12:37:43,301 [INFO] IPUIPlugin:80 - create IPUIPlugin
2025-08-05 12:37:43,302 [INFO] IPUIPlugin:80 - create IPUIPlugin
2025-08-05 12:37:43,302 [INFO] IPUIPlugin:80 - create IPUIPlugin
2025-08-05 12:37:43,303 [INFO] IPUIPlugin:80 - create IPUIPlugin
2025-08-05 12:37:43,303 [INFO] IPUIPlugin:80 - create IPUIPlugin
2025-08-05 12:37:43,304 [INFO] IPUIPlugin:80 - create IPUIPlugin
2025-08-05 12:37:43,304 [INFO] IPUIPlugin:80 - create IPUIPlugin
2025-08-05 12:37:43,304 [INFO] IPUIPlugin:80 - create IPUIPlugin
2025-08-05 12:37:43,305 [INFO] IPUIPlugin:80 - create IPUIPlugin
2025-08-05 12:37:43,305 [INFO] IPUIPlugin:80 - create IPUIPlugin
2025-08-05 12:37:43,305 [INFO] IPUIPlugin:80 - create IPUIPlugin
2025-08-05 12:37:43,306 [INFO] IPUIPlugin:80 - create IPUIPlugin
2025-08-05 12:37:43,306 [INFO] IPUIPlugin:80 - create IPUIPlugin
2025-08-05 12:37:43,306 [INFO] IPUIPlugin:80 - create IPUIPlugin
2025-08-05 12:37:43,307 [INFO] IPUIPlugin:80 - create IPUIPlugin
2025-08-05 12:37:43,307 [INFO] IPUIPlugin:80 - create IPUIPlugin
2025-08-05 12:37:43,309 [INFO] IPUIPlugin:80 - create IPUIPlugin
2025-08-05 12:37:43,310 [INFO] IPUIPlugin:80 - create IPUIPlugin
2025-08-05 12:37:43,310 [INFO] IPUIPlugin:80 - create IPUIPlugin
2025-08-05 12:37:43,310 [INFO] IPUIPlugin:80 - create IPUIPlugin
2025-08-05 12:37:43,311 [INFO] IPUIPlugin:80 - create IPUIPlugin
2025-08-05 12:37:43,311 [INFO] IPUIPlugin:80 - create IPUIPlugin
2025-08-05 12:37:43,312 [INFO] IPUIPlugin:80 - create IPUIPlugin
2025-08-05 12:37:43,312 [INFO] IPUIPlugin:80 - create IPUIPlugin
2025-08-05 12:37:43,313 [INFO] IPUIPlugin:80 - create IPUIPlugin
2025-08-05 12:37:43,313 [INFO] IPUIPlugin:80 - create IPUIPlugin
2025-08-05 12:37:43,313 [INFO] IPUIPlugin:80 - create IPUIPlugin
2025-08-05 12:37:43,314 [INFO] IPUIPlugin:80 - create IPUIPlugin
2025-08-05 12:37:43,314 [INFO] IPUIPlugin:80 - create IPUIPlugin
2025-08-05 12:37:43,315 [INFO] IPUIPlugin:80 - create IPUIPlugin
2025-08-05 12:37:43,316 [INFO] IPUIPlugin:80 - create IPUIPlugin
2025-08-05 12:37:43,316 [INFO] IPUIPlugin:80 - create IPUIPlugin
2025-08-05 12:37:43,317 [INFO] IPUIPlugin:80 - create IPUIPlugin
2025-08-05 12:37:43,317 [INFO] IPUIPlugin:80 - create IPUIPlugin
2025-08-05 12:37:43,318 [INFO] IPUIPlugin:80 - create IPUIPlugin
2025-08-05 12:37:43,318 [INFO] IPUIPlugin:80 - create IPUIPlugin
2025-08-05 12:37:43,318 [INFO] IPUIPlugin:80 - create IPUIPlugin
2025-08-05 12:37:43,319 [INFO] IPUIPlugin:80 - create IPUIPlugin
2025-08-05 12:37:43,319 [INFO] IPUIPlugin:80 - create IPUIPlugin
2025-08-05 12:37:43,320 [INFO] IPUIPlugin:80 - create IPUIPlugin
2025-08-05 12:37:43,320 [INFO] IPUIPlugin:80 - create IPUIPlugin
2025-08-05 12:37:43,321 [INFO] IPUIPlugin:80 - create IPUIPlugin
2025-08-05 12:37:43,321 [INFO] IPUIPlugin:80 - create IPUIPlugin
2025-08-05 12:37:43,322 [INFO] IPUIPlugin:80 - create IPUIPlugin
2025-08-05 12:37:43,323 [INFO] IPUIPlugin:80 - create IPUIPlugin
2025-08-05 12:37:43,324 [INFO] IPUIPlugin:80 - create IPUIPlugin
2025-08-05 12:37:43,325 [INFO] IPUIPlugin:80 - create IPUIPlugin
2025-08-05 12:37:43,326 [INFO] IPUIPlugin:80 - create IPUIPlugin
2025-08-05 12:37:43,326 [INFO] IPUIPlugin:80 - create IPUIPlugin
2025-08-05 12:37:43,327 [INFO] IPUIPlugin:80 - create IPUIPlugin
2025-08-05 12:37:43,328 [INFO] IPUIPlugin:80 - create IPUIPlugin
2025-08-05 12:37:43,328 [INFO] IPUIPlugin:80 - create IPUIPlugin
2025-08-05 12:37:43,330 [INFO] IPUIPlugin:80 - create IPUIPlugin
2025-08-05 12:37:43,331 [INFO] IPUIPlugin:80 - create IPUIPlugin
2025-08-05 12:37:43,332 [INFO] IPUIPlugin:80 - create IPUIPlugin
2025-08-05 12:37:43,333 [INFO] IPUIPlugin:80 - create IPUIPlugin
2025-08-05 12:37:43,482 [INFO] ApiDbMcu:532 - Load IP Config File for PDM2PCM
2025-08-05 12:37:43,755 [INFO] CADModel:165 - CPN selected for project levelSTM32F767ZIT6
2025-08-05 12:37:43,755 [INFO] CADModel:114 - Register for checkConnection events
2025-08-05 12:37:43,815 [INFO] OpenFileManager:386 - Restore cursor
2025-08-05 12:37:47,707 [INFO] UtilMem:75 - End SaveConfig() Used Memory: 416199256 Bytes (1073741824)
2025-08-05 12:37:47,839 [INFO] UtilMem:75 - End SaveConfig() Used Memory: 448178776 Bytes (1073741824)
2025-08-05 12:37:48,498 [INFO] BlockDiagram:2775 - set Specific Code input for plugin: RCC
2025-08-05 12:37:48,499 [INFO] BlockDiagram:2775 - set Specific Code input for plugin: NVIC
2025-08-05 12:37:48,499 [INFO] BlockDiagram:2775 - set Specific Code input for plugin: CORTEX_M7
2025-08-05 12:37:48,502 [INFO] CodeGenerator:892 - code generatio: config db path: C:\ST\STM32CubeIDE_1.19.0\STM32CubeIDE\plugins\com.st.stm32cube.common.mx_6.15.0.202507011659\\db\
2025-08-05 12:37:48,758 [INFO] CodeEngine:265 - oldGeneratedFile, C:\Users\USERIT\STM32CubeIDE\MAD_Lab\Lab_03\MXTmpFiles\license.tmp_save
2025-08-05 12:37:49,467 [INFO] CodeEngine:289 - Generated code: C:\Users\USERIT\STM32CubeIDE\MAD_Lab\Lab_03\MXTmpFiles\license.tmp
2025-08-05 12:37:49,627 [INFO] CodeEngine:265 - oldGeneratedFile, C:\Users\USERIT\STM32CubeIDE\MAD_Lab\Lab_03\MXTmpFiles\cortex.tmp_save
2025-08-05 12:37:49,918 [INFO] CodeEngine:289 - Generated code: C:\Users\USERIT\STM32CubeIDE\MAD_Lab\Lab_03\MXTmpFiles\cortex.tmp
2025-08-05 12:37:49,959 [INFO] CodeEngine:265 - oldGeneratedFile, C:\Users\USERIT\STM32CubeIDE\MAD_Lab\Lab_03\Core\Src\stm32f7xx_it.c_save
2025-08-05 12:37:50,292 [INFO] CodeEngine:289 - Generated code: C:\Users\USERIT\STM32CubeIDE\MAD_Lab\Lab_03\Core\Src\stm32f7xx_it.c
2025-08-05 12:37:50,323 [INFO] CodeEngine:265 - oldGeneratedFile, C:\Users\USERIT\STM32CubeIDE\MAD_Lab\Lab_03\Core\Inc\stm32f7xx_it.h_save
2025-08-05 12:37:50,485 [INFO] CodeEngine:289 - Generated code: C:\Users\USERIT\STM32CubeIDE\MAD_Lab\Lab_03\Core\Inc\stm32f7xx_it.h
2025-08-05 12:37:50,551 [INFO] CodeEngine:265 - oldGeneratedFile, C:\Users\USERIT\STM32CubeIDE\MAD_Lab\Lab_03\Core\Src\stm32f7xx_hal_msp.c_save
2025-08-05 12:37:50,901 [INFO] CodeEngine:289 - Generated code: C:\Users\USERIT\STM32CubeIDE\MAD_Lab\Lab_03\Core\Src\stm32f7xx_hal_msp.c
2025-08-05 12:37:50,930 [INFO] CodeEngine:265 - oldGeneratedFile, C:\Users\USERIT\STM32CubeIDE\MAD_Lab\Lab_03\MXTmpFiles\system.tmp_save
2025-08-05 12:37:51,081 [INFO] CodeEngine:289 - Generated code: C:\Users\USERIT\STM32CubeIDE\MAD_Lab\Lab_03\MXTmpFiles\system.tmp
2025-08-05 12:37:51,116 [INFO] CodeEngine:321 - oldGeneratedFile, C:\Users\USERIT\STM32CubeIDE\MAD_Lab\Lab_03\Core\Inc\stm32f7xx_hal_conf.h_save
2025-08-05 12:37:51,359 [INFO] CodeEngine:345 - Generated code: C:\Users\USERIT\STM32CubeIDE\MAD_Lab\Lab_03\Core\Inc\stm32f7xx_hal_conf.h
2025-08-05 12:37:51,462 [INFO] ApiDbMcu:532 - Load IP Config File for RCC
2025-08-05 12:37:51,486 [INFO] CodeEngine:265 - oldGeneratedFile, C:\Users\USERIT\STM32CubeIDE\MAD_Lab\Lab_03\Core\Inc\main.h_save
2025-08-05 12:37:51,748 [INFO] CodeEngine:289 - Generated code: C:\Users\USERIT\STM32CubeIDE\MAD_Lab\Lab_03\Core\Inc\main.h
2025-08-05 12:37:51,771 [INFO] CodeEngine:265 - oldGeneratedFile, C:\Users\USERIT\STM32CubeIDE\MAD_Lab\Lab_03\Core\Src\main.c_save
2025-08-05 12:37:52,005 [INFO] CodeEngine:289 - Generated code: C:\Users\USERIT\STM32CubeIDE\MAD_Lab\Lab_03\Core\Src\main.c
2025-08-05 12:37:52,561 [INFO] ProjectBuilder:3606 - Time for Copy HAL[1] : 267mS.
2025-08-05 12:37:52,573 [INFO] ProjectBuilder:5216 - Project Generator version: 4.7.0-B52
2025-08-05 12:37:52,751 [INFO] ConfigFileManager:1595 - The Die is : DIE451
2025-08-05 12:37:52,779 [INFO] ApiDbMcu:532 - Load IP Config File for FATFS
2025-08-05 12:37:52,807 [INFO] ApiDbMcu:532 - Load IP Config File for FREERTOS
2025-08-05 12:37:52,828 [INFO] ApiDbMcu:532 - Load IP Config File for LIBJPEG
2025-08-05 12:37:52,855 [INFO] ApiDbMcu:532 - Load IP Config File for LWIP
2025-08-05 12:37:52,876 [INFO] ApiDbMcu:532 - Load IP Config File for MBEDTLS
2025-08-05 12:37:52,903 [INFO] ApiDbMcu:532 - Load IP Config File for USB_DEVICE
2025-08-05 12:37:52,918 [INFO] ApiDbMcu:532 - Load IP Config File for USB_HOST
2025-08-05 12:37:54,182 [INFO] LogOutputStream:77 - [STDOUT_REDIRECT] 
2025-08-05 12:38:00,425 [INFO] ProjectBuilder:5496 - Time for Generating toolchain IDE Files: 7851mS.
2025-08-05 12:38:00,427 [INFO] ProjectBuilder:3463 - Time for Copy CMSIS : 1mS.
2025-08-05 12:38:00,430 [INFO] ProjectBuilder:3463 - Time for Copy CMSIS : 0mS.
2025-08-05 12:38:02,775 [INFO] McuFinderGlobals:76 - Set McuFinderConnectedMode to true
2025-08-05 12:38:02,780 [INFO] ApiDb:448 - Save user favorites file C:\Users\USERIT/.stm32cubeide/favorites.mcus.txt: 1 item(s)
2025-08-05 12:38:02,781 [INFO] ApiDb:452 - User favorites MCUs=[STM32F767ZIT6]
2025-08-05 12:39:25,571 [INFO] UtilMem:75 - End SaveConfig() Used Memory: 325449080 Bytes (1003487232)
2025-08-05 12:39:25,720 [INFO] UtilMem:75 - End SaveConfig() Used Memory: 354809208 Bytes (1003487232)
2025-08-05 12:39:36,696 [INFO] UtilMem:75 - End SaveConfig() Used Memory: 441324952 Bytes (1003487232)
2025-08-05 12:39:37,330 [INFO] BlockDiagram:2775 - set Specific Code input for plugin: RCC
2025-08-05 12:39:37,330 [INFO] BlockDiagram:2775 - set Specific Code input for plugin: NVIC
2025-08-05 12:39:37,331 [INFO] BlockDiagram:2775 - set Specific Code input for plugin: CORTEX_M7
2025-08-05 12:39:37,334 [INFO] CodeGenerator:892 - code generatio: config db path: C:\ST\STM32CubeIDE_1.19.0\STM32CubeIDE\plugins\com.st.stm32cube.common.mx_6.15.0.202507011659\\db\
2025-08-05 12:39:37,476 [INFO] CodeEngine:265 - oldGeneratedFile, C:\Users\USERIT\STM32CubeIDE\MAD_Lab\Lab_03\MXTmpFiles\license.tmp_save
2025-08-05 12:39:37,692 [INFO] CodeEngine:289 - Generated code: C:\Users\USERIT\STM32CubeIDE\MAD_Lab\Lab_03\MXTmpFiles\license.tmp
2025-08-05 12:39:37,714 [INFO] CodeEngine:265 - oldGeneratedFile, C:\Users\USERIT\STM32CubeIDE\MAD_Lab\Lab_03\MXTmpFiles\cortex.tmp_save
2025-08-05 12:39:37,859 [INFO] CodeEngine:289 - Generated code: C:\Users\USERIT\STM32CubeIDE\MAD_Lab\Lab_03\MXTmpFiles\cortex.tmp
2025-08-05 12:39:37,878 [INFO] CodeEngine:265 - oldGeneratedFile, C:\Users\USERIT\STM32CubeIDE\MAD_Lab\Lab_03\Core\Src\stm32f7xx_it.c_save
2025-08-05 12:39:38,034 [INFO] CodeEngine:289 - Generated code: C:\Users\USERIT\STM32CubeIDE\MAD_Lab\Lab_03\Core\Src\stm32f7xx_it.c
2025-08-05 12:39:38,044 [INFO] CodeEngine:265 - oldGeneratedFile, C:\Users\USERIT\STM32CubeIDE\MAD_Lab\Lab_03\Core\Inc\stm32f7xx_it.h_save
2025-08-05 12:39:38,124 [INFO] CodeEngine:289 - Generated code: C:\Users\USERIT\STM32CubeIDE\MAD_Lab\Lab_03\Core\Inc\stm32f7xx_it.h
2025-08-05 12:39:38,144 [INFO] CodeEngine:265 - oldGeneratedFile, C:\Users\USERIT\STM32CubeIDE\MAD_Lab\Lab_03\Core\Src\stm32f7xx_hal_msp.c_save
2025-08-05 12:39:38,321 [INFO] CodeEngine:289 - Generated code: C:\Users\USERIT\STM32CubeIDE\MAD_Lab\Lab_03\Core\Src\stm32f7xx_hal_msp.c
2025-08-05 12:39:38,330 [INFO] CodeEngine:265 - oldGeneratedFile, C:\Users\USERIT\STM32CubeIDE\MAD_Lab\Lab_03\MXTmpFiles\system.tmp_save
2025-08-05 12:39:38,404 [INFO] CodeEngine:289 - Generated code: C:\Users\USERIT\STM32CubeIDE\MAD_Lab\Lab_03\MXTmpFiles\system.tmp
2025-08-05 12:39:38,422 [INFO] CodeEngine:321 - oldGeneratedFile, C:\Users\USERIT\STM32CubeIDE\MAD_Lab\Lab_03\Core\Inc\stm32f7xx_hal_conf.h_save
2025-08-05 12:39:38,598 [INFO] CodeEngine:345 - Generated code: C:\Users\USERIT\STM32CubeIDE\MAD_Lab\Lab_03\Core\Inc\stm32f7xx_hal_conf.h
2025-08-05 12:39:38,648 [INFO] CodeEngine:265 - oldGeneratedFile, C:\Users\USERIT\STM32CubeIDE\MAD_Lab\Lab_03\Core\Inc\main.h_save
2025-08-05 12:39:38,798 [INFO] CodeEngine:289 - Generated code: C:\Users\USERIT\STM32CubeIDE\MAD_Lab\Lab_03\Core\Inc\main.h
2025-08-05 12:39:38,806 [INFO] CodeEngine:265 - oldGeneratedFile, C:\Users\USERIT\STM32CubeIDE\MAD_Lab\Lab_03\Core\Src\main.c_save
2025-08-05 12:39:38,957 [INFO] CodeEngine:289 - Generated code: C:\Users\USERIT\STM32CubeIDE\MAD_Lab\Lab_03\Core\Src\main.c
2025-08-05 12:39:39,345 [INFO] ProjectBuilder:3606 - Time for Copy HAL[1] : 184mS.
2025-08-05 12:39:39,352 [INFO] ProjectBuilder:5216 - Project Generator version: 4.7.0-B52
2025-08-05 12:39:39,448 [INFO] ConfigFileManager:1595 - The Die is : DIE451
2025-08-05 12:39:41,051 [INFO] ProjectBuilder:5496 - Time for Generating toolchain IDE Files: 1699mS.
2025-08-05 12:39:41,052 [INFO] ProjectBuilder:3463 - Time for Copy CMSIS : 0mS.
2025-08-05 12:39:41,054 [INFO] ProjectBuilder:3463 - Time for Copy CMSIS : 0mS.
2025-08-05 12:39:49,316 [ERROR] LogOutputStream:75 - [STDERR_REDIRECT] 
2025-08-05 12:40:42,399 [INFO] Activator:176 - 


2025-08-05 12:40:42,401 [INFO] Activator:177 - !SESSION log4j initialized
2025-08-05 12:40:48,076 [INFO] LogOutputStream:77 - [STDOUT_REDIRECT] 
2025-08-05 12:40:50,544 [INFO] ApplicationProperties:184 - Using Application install path: C:\ST\STM32CubeIDE_1.19.0\STM32CubeIDE\plugins\com.st.stm32cube.common.mx_6.15.0.202507011659
2025-08-05 12:40:50,560 [INFO] DbMcusXml:78 - Set database path to: C:\ST\STM32CubeIDE_1.19.0\STM32CubeIDE\plugins\com.st.stm32cube.common.mx_6.15.0.202507011659\\db\/mcu/
2025-08-05 12:40:50,560 [INFO] ApiDb:274 - Set plugin database path to: C:\ST\STM32CubeIDE_1.19.0\STM32CubeIDE\plugins\com.st.stm32cube.common.mx_6.15.0.202507011659\\db\/plugins/boardmanager/
2025-08-05 12:40:50,560 [WARN] ApiDb:259 - Overriding images path with different value:  => C:\ST\STM32CubeIDE_1.19.0\STM32CubeIDE\plugins\com.st.stm32cube.common.mx_6.15.0.202507011659\\db\/plugins/mcufinder/images/
2025-08-05 12:40:50,565 [INFO] ApiDb:250 - Set database path to: C:\Users\USERIT\.stmcufinder\plugins\mcufinder//mcu/
2025-08-05 12:40:50,566 [INFO] DbMcusAds:125 - Set database path to: C:\Users\USERIT\.stmcufinder\plugins\mcufinder//mcu/
2025-08-05 12:40:50,568 [INFO] CrossReferenceDbSqlite:203 - Set database path to: C:\Users\USERIT\.stmcufinder\plugins\mcufinder//mcu/cs/
2025-08-05 12:40:50,684 [INFO] RulesReader:64 - Compatibility file has been processed (317 Rules)
2025-08-05 12:40:50,837 [INFO] DbMcusXml:78 - Set database path to: C:\ST\STM32CubeIDE_1.19.0\STM32CubeIDE\plugins\com.st.stm32cube.common.mx_6.15.0.202507011659\\db\/mcu/
2025-08-05 12:40:50,838 [INFO] ApiDb:274 - Set plugin database path to: C:\ST\STM32CubeIDE_1.19.0\STM32CubeIDE\plugins\com.st.stm32cube.common.mx_6.15.0.202507011659\\db\/plugins/boardmanager/
2025-08-05 12:40:50,838 [INFO] ApiDb:261 - Set plugin images path to: C:\ST\STM32CubeIDE_1.19.0\STM32CubeIDE\plugins\com.st.stm32cube.common.mx_6.15.0.202507011659\\db\/plugins/mcufinder/images/
2025-08-05 12:40:50,838 [WARN] DbFile:41 - Overriding database path with different value: C:\Users\USERIT\.stmcufinder\plugins\mcufinder/ => C:\Users\USERIT\.stmcufinder\plugins\mcufinder
2025-08-05 12:40:50,838 [INFO] ApiDb:250 - Set database path to: C:\Users\USERIT\.stmcufinder\plugins\mcufinder//mcu/
2025-08-05 12:40:50,838 [WARN] DbFile:41 - Overriding database path with different value: C:\Users\USERIT\.stmcufinder\plugins\mcufinder/ => C:\Users\USERIT\.stmcufinder\plugins\mcufinder
2025-08-05 12:40:50,838 [INFO] DbMcusAds:125 - Set database path to: C:\Users\USERIT\.stmcufinder\plugins\mcufinder//mcu/
2025-08-05 12:40:50,838 [WARN] DbFile:41 - Overriding database path with different value: C:\Users\USERIT\.stmcufinder\plugins\mcufinder/ => C:\Users\USERIT\.stmcufinder\plugins\mcufinder
2025-08-05 12:40:50,838 [WARN] DbFile:41 - Overriding database path with different value: C:\Users\USERIT\.stmcufinder\plugins\mcufinder/ => C:\Users\USERIT\.stmcufinder\plugins\mcufinder
2025-08-05 12:40:50,839 [INFO] CrossReferenceDbSqlite:203 - Set database path to: C:\Users\USERIT\.stmcufinder\plugins\mcufinder//mcu/cs/
2025-08-05 12:40:50,929 [INFO] MainPanel:274 - HeapMemory: 268435456
2025-08-05 12:40:51,021 [INFO] DbMcusXml:78 - Set database path to: C:\ST\STM32CubeIDE_1.19.0\STM32CubeIDE\plugins\com.st.stm32cube.common.mx_6.15.0.202507011659\\db\/mcu/
2025-08-05 12:40:51,021 [INFO] ApiDb:274 - Set plugin database path to: C:\ST\STM32CubeIDE_1.19.0\STM32CubeIDE\plugins\com.st.stm32cube.common.mx_6.15.0.202507011659\\db\/plugins/boardmanager/
2025-08-05 12:40:51,021 [INFO] ApiDb:261 - Set plugin images path to: C:\ST\STM32CubeIDE_1.19.0\STM32CubeIDE\plugins\com.st.stm32cube.common.mx_6.15.0.202507011659\\db\/plugins/mcufinder/images/
2025-08-05 12:40:51,021 [WARN] DbFile:41 - Overriding database path with different value: C:\Users\USERIT\.stmcufinder\plugins\mcufinder/ => C:\Users\USERIT\.stmcufinder\plugins\mcufinder
2025-08-05 12:40:51,021 [INFO] ApiDb:250 - Set database path to: C:\Users\USERIT\.stmcufinder\plugins\mcufinder//mcu/
2025-08-05 12:40:51,021 [WARN] DbFile:41 - Overriding database path with different value: C:\Users\USERIT\.stmcufinder\plugins\mcufinder/ => C:\Users\USERIT\.stmcufinder\plugins\mcufinder
2025-08-05 12:40:51,021 [INFO] DbMcusAds:125 - Set database path to: C:\Users\USERIT\.stmcufinder\plugins\mcufinder//mcu/
2025-08-05 12:40:51,021 [WARN] DbFile:41 - Overriding database path with different value: C:\Users\USERIT\.stmcufinder\plugins\mcufinder/ => C:\Users\USERIT\.stmcufinder\plugins\mcufinder
2025-08-05 12:40:51,022 [WARN] DbFile:41 - Overriding database path with different value: C:\Users\USERIT\.stmcufinder\plugins\mcufinder/ => C:\Users\USERIT\.stmcufinder\plugins\mcufinder
2025-08-05 12:40:51,022 [INFO] CrossReferenceDbSqlite:203 - Set database path to: C:\Users\USERIT\.stmcufinder\plugins\mcufinder//mcu/cs/
2025-08-05 12:40:51,037 [INFO] ApplicationProperties:184 - Using Application install path: C:\ST\STM32CubeIDE_1.19.0\STM32CubeIDE\plugins\com.st.stm32cube.common.mx_6.15.0.202507011659
2025-08-05 12:40:51,038 [INFO] PluginManage:196 - Search for loadable plugins [exclusion list=, ]
2025-08-05 12:40:51,039 [INFO] PluginManage:310 - Check plugin analytics
2025-08-05 12:40:51,217 [INFO] AnalyticsPlugin:253 - Accepted Software Licenses: 
2025-08-05 12:40:51,218 [INFO] AnalyticsPlugin:255 - Accepted CMSIS Pack Licenses: 
2025-08-05 12:40:51,218 [INFO] AnalyticsPlugin:257 - Accepted Firmware Licenses: FW.F7.1.17.0
2025-08-05 12:40:51,221 [INFO] PluginManage:359 - Loaded plugin analytics (category:tool,tabindex:-1)
2025-08-05 12:40:51,221 [INFO] PluginManage:310 - Check plugin cadmodel
2025-08-05 12:40:51,240 [INFO] CADModel:105 - Init CAD model plugin
2025-08-05 12:40:51,240 [INFO] PluginManage:359 - Loaded plugin cadmodel (category:power,tabindex:5)
2025-08-05 12:40:51,240 [INFO] PluginManage:310 - Check plugin clock
2025-08-05 12:40:51,260 [INFO] PluginManage:359 - Loaded plugin clock (category:base,tabindex:2)
2025-08-05 12:40:51,261 [INFO] PluginManage:310 - Check plugin ddr
2025-08-05 12:40:51,262 [INFO] PluginManage:359 - Loaded plugin ddr (category:tool,tabindex:6)
2025-08-05 12:40:51,263 [INFO] PluginManage:310 - Check plugin filemanager
2025-08-05 12:40:51,388 [INFO] PluginManage:359 - Loaded plugin filemanager (category:base,tabindex:10)
2025-08-05 12:40:51,388 [INFO] PluginManage:310 - Check plugin ipmanager
2025-08-05 12:40:51,395 [INFO] PluginManage:359 - Loaded plugin ipmanager (category:base,tabindex:5)
2025-08-05 12:40:51,395 [INFO] PluginManage:310 - Check plugin lpbam
2025-08-05 12:40:51,411 [INFO] PluginManage:359 - Loaded plugin lpbam (category:base,tabindex:0)
2025-08-05 12:40:51,411 [INFO] PluginManage:310 - Check plugin memorymap
2025-08-05 12:40:51,434 [INFO] PluginManage:359 - Loaded plugin memorymap (category:base,tabindex:4)
2025-08-05 12:40:51,434 [INFO] PluginManage:310 - Check plugin pinoutandconfiguration
2025-08-05 12:40:51,451 [INFO] PluginManage:359 - Loaded plugin pinoutandconfiguration (category:base,tabindex:1)
2025-08-05 12:40:51,451 [INFO] PluginManage:310 - Check plugin pinoutconfig
2025-08-05 12:40:51,544 [WARN] SupportedApi:132 - Cannot load RTOS API schema: s4s-elt-must-match.1: The content of 'definitions' must match (annotation?, (simpleType | complexType)?, (unique | key | keyref)*)). A problem was found starting at: attribute.
2025-08-05 12:40:51,667 [INFO] PluginManage:359 - Loaded plugin pinoutconfig (category:base,tabindex:0)
2025-08-05 12:40:51,668 [INFO] PluginManage:310 - Check plugin power
2025-08-05 12:40:51,686 [INFO] PluginManage:359 - Loaded plugin power (category:power,tabindex:4)
2025-08-05 12:40:51,686 [INFO] PluginManage:310 - Check plugin projectmanager
2025-08-05 12:40:51,699 [INFO] PluginManage:359 - Loaded plugin projectmanager (category:projectmanager,tabindex:4)
2025-08-05 12:40:51,699 [INFO] PluginManage:310 - Check plugin rif
2025-08-05 12:40:51,716 [INFO] PluginManage:359 - Loaded plugin rif (category:base,tabindex:3)
2025-08-05 12:40:51,717 [INFO] PluginManage:310 - Check plugin thirdparty
2025-08-05 12:40:52,007 [INFO] PluginManage:359 - Loaded plugin thirdparty (category:base,tabindex:-1)
2025-08-05 12:40:52,007 [INFO] PluginManage:310 - Check plugin tools
2025-08-05 12:40:52,007 [WARN] IntegrityCheckThread:84 - waiting for thirdparty lock release [integrity check]
2025-08-05 12:40:52,007 [INFO] IntegrityCheckThread:86 - entering critical section [integrity check]
2025-08-05 12:40:52,007 [INFO] ThirdPartyUpdaterWithRetryManager:70 - Updater plugin not ready yet. [1/15]
2025-08-05 12:40:52,049 [INFO] PluginManage:359 - Loaded plugin tools (category:base,tabindex:7)
2025-08-05 12:40:52,049 [INFO] PluginManage:310 - Check plugin tutovideos
2025-08-05 12:40:52,263 [INFO] PluginManage:359 - Loaded plugin tutovideos (category:base,tabindex:-1)
2025-08-05 12:40:52,263 [INFO] PluginManage:310 - Check plugin updater
2025-08-05 12:40:52,281 [INFO] PluginManage:359 - Loaded plugin updater (category:base,tabindex:12)
2025-08-05 12:40:52,282 [INFO] PluginManage:310 - Check plugin userauth
2025-08-05 12:40:52,286 [INFO] UserAuth:118 - Init User Auth plugin
2025-08-05 12:40:52,287 [INFO] PluginManage:359 - Loaded plugin userauth (category:base,tabindex:14)
2025-08-05 12:40:52,287 [INFO] PluginManage:283 - PluginManage : Loaded plugins [18]
2025-08-05 12:40:52,491 [INFO] PinOutPanel:1589 - setPackage(No Configuration,No Configuration)
2025-08-05 12:40:52,575 [INFO] CADModel:165 - CPN selected for project level
2025-08-05 12:40:52,575 [INFO] CADModel:114 - Register for checkConnection events
2025-08-05 12:40:52,599 [INFO] IPUIPlugin:80 - create IPUIPlugin
2025-08-05 12:40:52,599 [INFO] PluginManager:220 - loadIPPluginJar : add adc
2025-08-05 12:40:52,638 [INFO] IPUIPlugin:80 - create IPUIPlugin
2025-08-05 12:40:52,638 [INFO] PluginManager:220 - loadIPPluginJar : add aes
2025-08-05 12:40:52,682 [INFO] IPUIPlugin:80 - create IPUIPlugin
2025-08-05 12:40:52,683 [INFO] PluginManager:220 - loadIPPluginJar : add can
2025-08-05 12:40:52,709 [INFO] IPUIPlugin:80 - create IPUIPlugin
2025-08-05 12:40:52,710 [INFO] PluginManager:220 - loadIPPluginJar : add comp
2025-08-05 12:40:52,749 [INFO] IPUIPlugin:80 - create IPUIPlugin
2025-08-05 12:40:52,749 [INFO] PluginManager:220 - loadIPPluginJar : add cryp
2025-08-05 12:40:52,761 [INFO] IPUIPlugin:80 - create IPUIPlugin
2025-08-05 12:40:52,762 [INFO] PluginManager:220 - loadIPPluginJar : add ddr_ctrl_phy
2025-08-05 12:40:52,795 [INFO] IPUIPlugin:80 - create IPUIPlugin
2025-08-05 12:40:52,796 [INFO] PluginManager:220 - loadIPPluginJar : add dfsdm
2025-08-05 12:40:52,810 [INFO] IPUIPlugin:80 - create IPUIPlugin
2025-08-05 12:40:52,811 [INFO] PluginManager:220 - loadIPPluginJar : add dma
2025-08-05 12:40:52,854 [INFO] IPUIPlugin:80 - create IPUIPlugin
2025-08-05 12:40:52,854 [INFO] PluginManager:220 - loadIPPluginJar : add dma3
2025-08-05 12:40:52,905 [INFO] IPUIPlugin:80 - create IPUIPlugin
2025-08-05 12:40:52,905 [INFO] PluginManager:220 - loadIPPluginJar : add extmemmanager
2025-08-05 12:40:52,927 [INFO] IPUIPlugin:80 - create IPUIPlugin
2025-08-05 12:40:52,928 [INFO] PluginManager:220 - loadIPPluginJar : add fatfs
2025-08-05 12:40:52,982 [INFO] IPUIPlugin:80 - create IPUIPlugin
2025-08-05 12:40:52,983 [INFO] PluginManager:220 - loadIPPluginJar : add fmc
2025-08-05 12:40:52,999 [INFO] IPUIPlugin:80 - create IPUIPlugin
2025-08-05 12:40:52,999 [INFO] PluginManager:220 - loadIPPluginJar : add freertos
2025-08-05 12:40:53,024 [INFO] IPUIPlugin:80 - create IPUIPlugin
2025-08-05 12:40:53,025 [INFO] PluginManager:220 - loadIPPluginJar : add genericplugin
2025-08-05 12:40:53,140 [INFO] IPUIPlugin:80 - create IPUIPlugin
2025-08-05 12:40:53,140 [INFO] PluginManager:220 - loadIPPluginJar : add gfxmmu
2025-08-05 12:40:53,293 [INFO] IPUIPlugin:80 - create IPUIPlugin
2025-08-05 12:40:53,293 [INFO] PluginManager:220 - loadIPPluginJar : add gic
2025-08-05 12:40:53,307 [INFO] IPUIPlugin:80 - create IPUIPlugin
2025-08-05 12:40:53,307 [INFO] PluginManager:220 - loadIPPluginJar : add gpio
2025-08-05 12:40:53,410 [INFO] IPUIPlugin:80 - create IPUIPlugin
2025-08-05 12:40:53,410 [INFO] PluginManager:220 - loadIPPluginJar : add gtzc
2025-08-05 12:40:53,445 [INFO] IPUIPlugin:80 - create IPUIPlugin
2025-08-05 12:40:53,445 [INFO] PluginManager:220 - loadIPPluginJar : add hash
2025-08-05 12:40:53,506 [INFO] IPUIPlugin:80 - create IPUIPlugin
2025-08-05 12:40:53,506 [INFO] PluginManager:220 - loadIPPluginJar : add i2c
2025-08-05 12:40:53,551 [INFO] IPUIPlugin:80 - create IPUIPlugin
2025-08-05 12:40:53,551 [INFO] PluginManager:220 - loadIPPluginJar : add i2s
2025-08-05 12:40:53,595 [INFO] IPUIPlugin:80 - create IPUIPlugin
2025-08-05 12:40:53,595 [INFO] PluginManager:220 - loadIPPluginJar : add i3c
2025-08-05 12:40:53,698 [INFO] IPUIPlugin:80 - create IPUIPlugin
2025-08-05 12:40:53,698 [INFO] PluginManager:220 - loadIPPluginJar : add ipddr
2025-08-05 12:40:53,823 [INFO] IPUIPlugin:80 - create IPUIPlugin
2025-08-05 12:40:53,823 [INFO] PluginManager:220 - loadIPPluginJar : add linkedlist
2025-08-05 12:40:53,866 [INFO] IPUIPlugin:80 - create IPUIPlugin
2025-08-05 12:40:53,866 [INFO] PluginManager:220 - loadIPPluginJar : add lorawan
2025-08-05 12:40:53,908 [INFO] IPUIPlugin:80 - create IPUIPlugin
2025-08-05 12:40:53,908 [INFO] PluginManager:220 - loadIPPluginJar : add ltdc
2025-08-05 12:40:53,923 [INFO] IPUIPlugin:80 - create IPUIPlugin
2025-08-05 12:40:53,923 [INFO] PluginManager:220 - loadIPPluginJar : add mdma
2025-08-05 12:40:53,936 [INFO] IPUIPlugin:80 - create IPUIPlugin
2025-08-05 12:40:53,936 [INFO] PluginManager:220 - loadIPPluginJar : add nvic
2025-08-05 12:40:53,978 [INFO] IPUIPlugin:80 - create IPUIPlugin
2025-08-05 12:40:53,978 [INFO] PluginManager:220 - loadIPPluginJar : add opamp
2025-08-05 12:40:54,052 [INFO] IPUIPlugin:80 - create IPUIPlugin
2025-08-05 12:40:54,052 [INFO] PluginManager:220 - loadIPPluginJar : add openamp
2025-08-05 12:40:54,106 [INFO] IPUIPlugin:80 - create IPUIPlugin
2025-08-05 12:40:54,106 [INFO] PluginManager:220 - loadIPPluginJar : add pdm2pcm
2025-08-05 12:40:54,120 [INFO] IPUIPlugin:80 - create IPUIPlugin
2025-08-05 12:40:54,121 [INFO] PluginManager:220 - loadIPPluginJar : add plateformsettings
2025-08-05 12:40:54,146 [INFO] IPUIPlugin:80 - create IPUIPlugin
2025-08-05 12:40:54,146 [INFO] PluginManager:220 - loadIPPluginJar : add quadspi
2025-08-05 12:40:54,174 [INFO] IPUIPlugin:80 - create IPUIPlugin
2025-08-05 12:40:54,175 [INFO] PluginManager:220 - loadIPPluginJar : add radio
2025-08-05 12:40:54,188 [INFO] IPUIPlugin:80 - create IPUIPlugin
2025-08-05 12:40:54,188 [INFO] PluginManager:220 - loadIPPluginJar : add resmgrutility
2025-08-05 12:40:54,240 [INFO] IPUIPlugin:80 - create IPUIPlugin
2025-08-05 12:40:54,240 [INFO] PluginManager:220 - loadIPPluginJar : add sai
2025-08-05 12:40:54,280 [INFO] IPUIPlugin:80 - create IPUIPlugin
2025-08-05 12:40:54,280 [INFO] PluginManager:220 - loadIPPluginJar : add spi
2025-08-05 12:40:54,375 [INFO] IPUIPlugin:80 - create IPUIPlugin
2025-08-05 12:40:54,375 [INFO] PluginManager:220 - loadIPPluginJar : add stm32_wpan
2025-08-05 12:40:54,424 [INFO] IPUIPlugin:80 - create IPUIPlugin
2025-08-05 12:40:54,424 [INFO] PluginManager:220 - loadIPPluginJar : add tim
2025-08-05 12:40:54,528 [INFO] IPUIPlugin:80 - create IPUIPlugin
2025-08-05 12:40:54,529 [INFO] PluginManager:220 - loadIPPluginJar : add touchsensing
2025-08-05 12:40:54,569 [INFO] IPUIPlugin:80 - create IPUIPlugin
2025-08-05 12:40:54,569 [INFO] PluginManager:220 - loadIPPluginJar : add tracer_emb
2025-08-05 12:40:54,607 [INFO] IPUIPlugin:80 - create IPUIPlugin
2025-08-05 12:40:54,607 [INFO] PluginManager:220 - loadIPPluginJar : add ts
2025-08-05 12:40:54,644 [INFO] IPUIPlugin:80 - create IPUIPlugin
2025-08-05 12:40:54,644 [INFO] PluginManager:220 - loadIPPluginJar : add tsc
2025-08-05 12:40:54,680 [INFO] IPUIPlugin:80 - create IPUIPlugin
2025-08-05 12:40:54,680 [INFO] PluginManager:220 - loadIPPluginJar : add ucpd
2025-08-05 12:40:54,748 [INFO] IPUIPlugin:80 - create IPUIPlugin
2025-08-05 12:40:54,749 [INFO] PluginManager:220 - loadIPPluginJar : add usart
2025-08-05 12:40:54,796 [INFO] IPUIPlugin:80 - create IPUIPlugin
2025-08-05 12:40:54,796 [INFO] PluginManager:220 - loadIPPluginJar : add usbx
2025-08-05 12:40:54,913 [FATAL] Updater:351 - Updater called before beeing initialized
2025-08-05 12:40:54,946 [INFO] RulesReader:64 - Compatibility file has been processed (317 Rules)
2025-08-05 12:40:54,961 [INFO] RulesReader:64 - Compatibility file has been processed (317 Rules)
2025-08-05 12:40:54,972 [INFO] CADModel:165 - CPN selected for project level
2025-08-05 12:40:54,972 [INFO] CADModel:114 - Register for checkConnection events
2025-08-05 12:40:54,972 [FATAL] Updater:351 - Updater called before beeing initialized
2025-08-05 12:40:54,972 [ERROR] CADModel:125 - Updater not yet initialized, retry later 
2025-08-05 12:40:55,010 [INFO] ThirdPartyUpdaterWithRetryManager:70 - Updater plugin not ready yet. [2/15]
2025-08-05 12:40:55,108 [FATAL] Updater:351 - Updater called before beeing initialized
2025-08-05 12:40:55,109 [INFO] CADModel:165 - CPN selected for project level
2025-08-05 12:40:55,109 [INFO] CADModel:114 - Register for checkConnection events
2025-08-05 12:40:55,109 [FATAL] Updater:351 - Updater called before beeing initialized
2025-08-05 12:40:55,109 [ERROR] CADModel:125 - Updater not yet initialized, retry later 
2025-08-05 12:40:55,112 [FATAL] Updater:351 - Updater called before beeing initialized
2025-08-05 12:40:55,204 [FATAL] Updater:351 - Updater called before beeing initialized
2025-08-05 12:40:55,208 [INFO] DbMcusAds:53 - JSON generation date=Tue Jul 08 15:14:23 ICT 2025 (1751962463582)
2025-08-05 12:40:55,208 [FATAL] Updater:351 - Updater called before beeing initialized
2025-08-05 12:40:55,240 [WARN] DetailPanel:346 - Failed to get advertising image, set to default
2025-08-05 12:40:55,316 [FATAL] Updater:351 - Updater called before beeing initialized
2025-08-05 12:40:55,318 [FATAL] Updater:351 - Updater called before beeing initialized
2025-08-05 12:40:55,318 [FATAL] Updater:351 - Updater called before beeing initialized
2025-08-05 12:40:55,318 [WARN] DetailPanel:346 - Failed to get advertising image, set to default
2025-08-05 12:40:55,319 [FATAL] Updater:351 - Updater called before beeing initialized
2025-08-05 12:40:55,370 [ERROR] Updater:1198 - MainUpdater not yet initialized. External WinMGr cannot be set.
2025-08-05 12:40:55,380 [INFO] Updater:1134 - Updater Version found : 6.15.0
2025-08-05 12:40:55,393 [INFO] ApplicationProperties:184 - Using Application install path: C:\ST\STM32CubeIDE_1.19.0\STM32CubeIDE\plugins\com.st.stm32cube.common.mx_6.15.0.202507011659
2025-08-05 12:40:56,985 [ERROR] LogOutputStream:75 - [STDERR_REDIRECT] Aug 05, 2025 12:40:56 PM java.util.prefs.WindowsPreferences <init>
2025-08-05 12:40:56,988 [ERROR] LogOutputStream:75 - [STDERR_REDIRECT] WARNING: Could not open/create prefs root node Software\JavaSoft\Prefs at root 0xffffffff80000002. Windows RegCreateKeyEx(...) returned error code 5.
2025-08-05 12:40:56,989 [ERROR] LogOutputStream:75 - [STDERR_REDIRECT] 
2025-08-05 12:40:57,282 [INFO] MainUpdater:2872 - connection check result : 10
2025-08-05 12:40:57,283 [INFO] MainUpdater:289 - Updater Check For Update Now.
2025-08-05 12:40:57,284 [INFO] MicroXplorer:498 - Change Database Version : DB.6.0.150
2025-08-05 12:40:57,308 [INFO] McuFinderGlobals:63 - Set McuFinder mode to 2 (CubeIDE integrated)
2025-08-05 12:40:57,317 [INFO] UserAuth:487 - Internet connection configuration mode: 1
2025-08-05 12:40:57,344 [INFO] JxBrowserEngine:152 - Initiate JxBrowser Engine with user profile folder
2025-08-05 12:40:57,509 [INFO] CheckServerUpdateThread:120 - End of CheckServer Thread
2025-08-05 12:40:58,015 [INFO] WebApp:169 - Instantiating new browser for Auth
2025-08-05 12:40:58,289 [WARN] PackLoader:240 - Cannot read IP mode file for STMicroelectronics.FP-SNS-MOTENVWB1.1.4.0
2025-08-05 12:40:58,301 [WARN] PackLoader:240 - Cannot read IP mode file for STMicroelectronics.FP-ATR-ASTRA1.2.0.2
2025-08-05 12:40:58,309 [WARN] PackLoader:240 - Cannot read IP mode file for STMicroelectronics.X-CUBE-SMBUS.2.1.0
2025-08-05 12:40:58,314 [WARN] PackLoader:240 - Cannot read IP mode file for STMicroelectronics.X-CUBE-ST60.1.0.0
2025-08-05 12:40:58,348 [WARN] PackLoader:240 - Cannot read IP mode file for STMicroelectronics.X-CUBE-AZRTOS-F7.1.1.0
2025-08-05 12:40:58,379 [WARN] PackLoader:240 - Cannot read IP mode file for Infineon.AIROC-Wi-Fi-Bluetooth-STM32.1.7.1
2025-08-05 12:40:58,394 [WARN] PackLoader:240 - Cannot read IP mode file for STMicroelectronics.X-CUBE-DISPLAY.3.0.0
2025-08-05 12:40:58,408 [WARN] PackLoader:240 - Cannot read IP mode file for STMicroelectronics.X-CUBE-NFC10.1.0.0
2025-08-05 12:40:58,416 [WARN] PackLoader:240 - Cannot read IP mode file for emotas.I-CUBE-CANOPEN.1.3.0
2025-08-05 12:40:58,426 [WARN] PackLoader:240 - Cannot read IP mode file for STMicroelectronics.FP-SNS-STBOX1.2.1.0
2025-08-05 12:40:58,437 [WARN] PackLoader:240 - Cannot read IP mode file for STMicroelectronics.FP-SNS-SMARTAG2.1.2.0
2025-08-05 12:40:58,443 [WARN] PackLoader:240 - Cannot read IP mode file for STMicroelectronics.FP-SNS-FLIGHT1.5.1.0
2025-08-05 12:40:58,453 [INFO] LogOutputStream:77 - [STDOUT_REDIRECT] 1 : Invalid condition id : UX_CORESTACK_Condition cause : null
2025-08-05 12:40:58,454 [INFO] LogOutputStream:77 - [STDOUT_REDIRECT] 1 : Invalid condition id : UX_CORESTACK_Condition cause : null
2025-08-05 12:40:58,454 [INFO] LogOutputStream:77 - [STDOUT_REDIRECT] 1 : Invalid condition id : UX_CORESTACK_Condition cause : null
2025-08-05 12:40:58,456 [INFO] LogOutputStream:77 - [STDOUT_REDIRECT] 1 : Invalid condition id : UX_CORESTACK_Condition cause : null
2025-08-05 12:40:58,457 [INFO] LogOutputStream:77 - [STDOUT_REDIRECT] 1 : Invalid condition id : UX_CORESTACK_Condition cause : null
2025-08-05 12:40:58,463 [WARN] PackLoader:240 - Cannot read IP mode file for STMicroelectronics.X-CUBE-AZRTOS-WL.2.0.0
2025-08-05 12:40:58,470 [WARN] PackLoader:240 - Cannot read IP mode file for STMicroelectronics.FP-SNS-MOTENV1.5.0.0
2025-08-05 12:40:58,481 [WARN] PackLoader:240 - Cannot read IP mode file for WES.I-CUBE-Cesium.1.3.0
2025-08-05 12:40:58,489 [WARN] PackLoader:240 - Cannot read IP mode file for STMicroelectronics.X-CUBE-BLE2.3.3.0
2025-08-05 12:40:58,515 [WARN] PackLoader:240 - Cannot read IP mode file for STMicroelectronics.X-CUBE-NFC9.1.0.0
2025-08-05 12:40:58,547 [WARN] PackLoader:240 - Cannot read IP mode file for STMicroelectronics.X-CUBE-BLE1.7.1.0
2025-08-05 12:40:58,557 [WARN] PackLoader:240 - Cannot read IP mode file for wolfSSL.I-CUBE-wolfMQTT.1.19.2
2025-08-05 12:40:58,564 [WARN] PackLoader:240 - Cannot read IP mode file for STMicroelectronics.X-CUBE-AI.10.1.0
2025-08-05 12:40:58,595 [WARN] PackLoader:240 - Cannot read IP mode file for STMicroelectronics.X-CUBE-AZRTOS-G0.1.1.0
2025-08-05 12:40:58,616 [WARN] PackLoader:240 - Cannot read IP mode file for STMicroelectronics.X-CUBE-SAFEA1.1.2.2
2025-08-05 12:40:58,648 [WARN] PackLoader:240 - Cannot read IP mode file for STMicroelectronics.X-CUBE-NFC4.3.0.0
2025-08-05 12:40:58,671 [WARN] PackLoader:240 - Cannot read IP mode file for EmbeddedOffice.I-CUBE-FS-RTOS.1.0.1
2025-08-05 12:40:58,687 [WARN] PackLoader:240 - Cannot read IP mode file for STMicroelectronics.X-CUBE-WB05N.2.0.0
2025-08-05 12:40:58,697 [WARN] PackLoader:240 - Cannot read IP mode file for wolfSSL.I-CUBE-wolfTPM.3.8.0
2025-08-05 12:40:58,709 [WARN] PackLoader:240 - Cannot read IP mode file for STMicroelectronics.X-CUBE-TCPP.4.2.0
2025-08-05 12:40:58,718 [WARN] PackLoader:240 - Cannot read IP mode file for RealThread.X-CUBE-RT-Thread_Nano.4.1.1
2025-08-05 12:40:58,722 [WARN] PackLoader:240 - Cannot read IP mode file for STMicroelectronics.FP-ATR-SIGFOX1.3.2.0
2025-08-05 12:40:58,728 [WARN] PackLoader:240 - Cannot read IP mode file for ITTIA_DB.I-CUBE-ITTIADB.8.9.0
2025-08-05 12:40:58,736 [WARN] PackLoader:240 - Cannot read IP mode file for STMicroelectronics.X-CUBE-ST67W61.1.0.0
2025-08-05 12:40:58,741 [WARN] PackLoader:240 - Cannot read IP mode file for STMicroelectronics.X-CUBE-AI.10.2.0
2025-08-05 12:40:58,766 [WARN] PackLoader:240 - Cannot read IP mode file for SEGGER.I-CUBE-embOS.1.3.1
2025-08-05 12:40:58,818 [WARN] PackLoader:240 - Cannot read IP mode file for STMicroelectronics.X-CUBE-ALGOBUILD.1.4.0
2025-08-05 12:40:58,873 [WARN] PackLoader:240 - Cannot read IP mode file for STMicroelectronics.X-CUBE-MEMS1.11.3.0
2025-08-05 12:40:58,987 [WARN] PackLoader:240 - Cannot read IP mode file for STMicroelectronics.X-CUBE-PM33A1.1.0.0
2025-08-05 12:40:59,015 [WARN] PackLoader:240 - Cannot read IP mode file for STMicroelectronics.X-CUBE-AZRTOS-F4.1.1.0
2025-08-05 12:40:59,024 [WARN] PackLoader:240 - Cannot read IP mode file for STMicroelectronics.X-CUBE-ISPU.2.1.0
2025-08-05 12:40:59,042 [WARN] PackLoader:240 - Cannot read IP mode file for STMicroelectronics.X-CUBE-AZRTOS-L5.2.0.0
2025-08-05 12:40:59,055 [WARN] PackLoader:240 - Cannot read IP mode file for STMicroelectronics.X-CUBE-NFC6.3.1.0
2025-08-05 12:40:59,063 [WARN] PackLoader:240 - Cannot read IP mode file for STMicroelectronics.X-CUBE-FREERTOS.1.3.1
2025-08-05 12:40:59,070 [WARN] PackLoader:240 - Cannot read IP mode file for STMicroelectronics.X-CUBE-DPower.1.3.0
2025-08-05 12:40:59,086 [WARN] ConditionMgr:438 - getConditionDescription Invalid condition id : LAN8742 Phy interface Condition cause : null
2025-08-05 12:40:59,087 [WARN] PackLoader:240 - Cannot read IP mode file for STMicroelectronics.X-CUBE-AZRTOS-L4.2.0.0
2025-08-05 12:40:59,088 [WARN] ConditionMgr:1044 - genDependencies : Invalid condition id : LAN8742 Phy interface Condition cause : null
2025-08-05 12:40:59,088 [WARN] ConditionMgr:1044 - genDependencies : Invalid condition id : LAN8742 Phy interface Condition cause : null
2025-08-05 12:40:59,089 [WARN] ConditionMgr:1044 - genDependencies : Invalid condition id : LAN8742 Phy interface Condition cause : null
2025-08-05 12:40:59,097 [WARN] PackLoader:240 - Cannot read IP mode file for STMicroelectronics.X-CUBE-SFXS2LP1.4.0.0
2025-08-05 12:40:59,110 [WARN] ConditionMgr:438 - getConditionDescription Invalid condition id : UX DEVICE CLASS RTOS Condition cause : null
2025-08-05 12:40:59,110 [WARN] ConditionMgr:438 - getConditionDescription Invalid condition id : UX DEVICE CLASS RTOS Condition cause : null
2025-08-05 12:40:59,112 [WARN] PackLoader:240 - Cannot read IP mode file for STMicroelectronics.X-CUBE-AZRTOS-WB.2.0.0
2025-08-05 12:40:59,113 [WARN] ConditionMgr:1044 - genDependencies : Invalid condition id : UX DEVICE CLASS RTOS Condition cause : null
2025-08-05 12:40:59,113 [WARN] ConditionMgr:1044 - genDependencies : Invalid condition id : UX DEVICE CLASS RTOS Condition cause : null
2025-08-05 12:40:59,114 [WARN] ConditionMgr:1044 - genDependencies : Invalid condition id : UX DEVICE CLASS RTOS Condition cause : null
2025-08-05 12:40:59,114 [WARN] ConditionMgr:1044 - genDependencies : Invalid condition id : UX DEVICE CLASS RTOS Condition cause : null
2025-08-05 12:40:59,114 [WARN] ConditionMgr:1044 - genDependencies : Invalid condition id : UX DEVICE CLASS RTOS Condition cause : null
2025-08-05 12:40:59,122 [WARN] PackLoader:240 - Cannot read IP mode file for STMicroelectronics.X-CUBE-GNSS1.7.0.1
2025-08-05 12:40:59,129 [WARN] PackLoader:240 - Cannot read IP mode file for STMicroelectronics.X-CUBE-TOUCHGFX.4.25.0
2025-08-05 12:40:59,135 [WARN] PackLoader:240 - Cannot read IP mode file for STMicroelectronics.FP-SNS-STBOX1.2.0.0
2025-08-05 12:40:59,143 [WARN] ConditionMgr:438 - getConditionDescription Invalid condition id : Cortex-A Device cause : null
2025-08-05 12:40:59,184 [WARN] ConditionMgr:1044 - genDependencies : Invalid condition id : Cortex-A Device cause : null
2025-08-05 12:40:59,185 [WARN] ConditionMgr:1044 - genDependencies : Invalid condition id : Cortex-A Device cause : null
2025-08-05 12:40:59,185 [WARN] ConditionMgr:1044 - genDependencies : Invalid condition id : Cortex-A Device cause : null
2025-08-05 12:40:59,198 [WARN] PackLoader:240 - Cannot read IP mode file for STMicroelectronics.X-CUBE-SUBG2.5.0.0
2025-08-05 12:40:59,236 [WARN] PackLoader:240 - Cannot read IP mode file for STMicroelectronics.X-CUBE-AZRTOS-H7RS.1.1.0
2025-08-05 12:40:59,251 [WARN] PackLoader:240 - Cannot read IP mode file for Cesanta.I-CUBE-Mongoose.7.13.0
2025-08-05 12:40:59,272 [WARN] PackLoader:240 - Cannot read IP mode file for STMicroelectronics.X-CUBE-AZRTOS-G4.2.0.0
2025-08-05 12:40:59,285 [WARN] PackLoader:240 - Cannot read IP mode file for wolfSSL.I-CUBE-wolfSSH.1.4.20
2025-08-05 12:40:59,294 [WARN] PackLoader:240 - Cannot read IP mode file for STMicroelectronics.X-CUBE-NFC7.2.0.0
2025-08-05 12:40:59,328 [WARN] PackLoader:240 - Cannot read IP mode file for STMicroelectronics.X-CUBE-IPS.3.1.0
2025-08-05 12:40:59,342 [WARN] PackLoader:240 - Cannot read IP mode file for STMicroelectronics.X-CUBE-ALS.1.0.2
2025-08-05 12:40:59,349 [WARN] PackLoader:240 - Cannot read IP mode file for portGmbH.I-Cube-SoM-uGOAL.1.1.0
2025-08-05 12:40:59,368 [WARN] PackLoader:240 - Cannot read IP mode file for STMicroelectronics.X-CUBE-TOF1.3.4.3
2025-08-05 12:40:59,384 [INFO] ThirdParty:978 - Integrity check success = true
2025-08-05 12:40:59,384 [INFO] IntegrityCheckThread:100 - exiting critical section [integrity check]
2025-08-05 12:40:59,385 [INFO] IntegrityCheckThread:103 - End integrity checks thread
2025-08-05 12:40:59,512 [INFO] WebApp:463 - Apply proxy settings
2025-08-05 12:40:59,513 [INFO] WebApp:548 - Chromium requires no authentication
2025-08-05 12:40:59,528 [INFO] WebApp:491 - Direct internet connection detected
2025-08-05 12:40:59,577 [INFO] WebApp:900 - Register for checkConnection events
2025-08-05 12:40:59,578 [INFO] WebApp:463 - Apply proxy settings
2025-08-05 12:40:59,578 [INFO] WebApp:548 - Chromium requires no authentication
2025-08-05 12:40:59,579 [INFO] WebApp:491 - Direct internet connection detected
2025-08-05 12:40:59,758 [INFO] WebApp:225 - Starting web application
2025-08-05 12:40:59,758 [INFO] WebApp:593 - Web application path used C:\ST\STM32CubeIDE_1.19.0\STM32CubeIDE\plugins\com.st.stm32cube.common.mx_6.15.0.202507011659\db\plugins\mcufinder\reactClient1\index.html
2025-08-05 12:40:59,928 [INFO] UserAuth:487 - Internet connection configuration mode: 1
2025-08-05 12:41:00,212 [INFO] WebApp:191 - Connection restablished
2025-08-05 12:41:54,212 [INFO] McuFinderGlobals:63 - Set McuFinder mode to 2 (CubeIDE integrated)
2025-08-05 12:41:54,217 [INFO] MainUpdater:2872 - connection check result : 10
2025-08-05 12:41:54,218 [INFO] MainUpdater:2872 - connection check result : 10
2025-08-05 12:41:54,255 [INFO] MicroXplorer:468 - Change Database Path : 
2025-08-05 12:41:54,255 [INFO] MicroXplorer:498 - Change Database Version : DB.6.0.150
2025-08-05 12:41:54,265 [WARN] ThirdParty:871 - waiting for thirdparty lock release [close project]
2025-08-05 12:41:54,266 [INFO] ThirdParty:873 - entering critical section [close project]
2025-08-05 12:41:54,267 [INFO] ThirdParty:883 - exiting critical section [close project]
2025-08-05 12:41:54,270 [INFO] PinOutPanel:1589 - setPackage(No Configuration,No Configuration)
2025-08-05 12:41:54,272 [INFO] UtilMem:75 - Begin LoadConfig() Used Memory: 526286520 Bytes (599785472)
2025-08-05 12:41:54,276 [INFO] MicroXplorer:468 - Change Database Path : 
2025-08-05 12:41:54,276 [INFO] MicroXplorer:498 - Change Database Version : DB.6.0.150
2025-08-05 12:41:54,276 [INFO] OpenFileManager:355 - Change cursor
2025-08-05 12:41:54,315 [INFO] Mcu:2029 - Initializing MCU STM32F767ZITx STM32F767ZITx STM32F767ZIT6
2025-08-05 12:41:56,985 [INFO] Context:786 - Trying to add GPIOservice into a context  which must be forbidden
2025-08-05 12:41:57,717 [INFO] ImportTextPane:234 - (OptionalMessage_ERROR) Pin0 (VP_RIF_VS_RIF1) cannot be retrieved for this MCU
2025-08-05 12:41:57,838 [INFO] RtosManager:558 - Registered RTOS mode: class=CMSIS, group=RTOS, mode=CMSIS_V1, owner=FREERTOS
2025-08-05 12:41:57,838 [INFO] RtosManager:558 - Registered RTOS mode: class=CMSIS, group=RTOS2, mode=CMSIS_V2, owner=FREERTOS
2025-08-05 12:41:57,838 [INFO] RtosManager:558 - Registered RTOS mode: class=RTOS, group=Core, mode=CMSIS_V1, owner=FREERTOS
2025-08-05 12:41:57,839 [INFO] RtosManager:558 - Registered RTOS mode: class=RTOS, group=Core, mode=CMSIS_V2, owner=FREERTOS
2025-08-05 12:41:57,839 [WARN] ModelIntegratedComponent:184 - Missing modes for component STMicroelectronics:FreeRTOS:0.0.1:STMicroelectronics:RTOS:FreeRTOS:Core:::10.2.0:
2025-08-05 12:41:57,863 [WARN] ModelIntegratedComponent:63 - No mode defined for component null
2025-08-05 12:41:57,863 [WARN] ModelIntegratedComponent:63 - No mode defined for component null
2025-08-05 12:41:57,864 [WARN] ModelIntegratedComponent:63 - No mode defined for component null
2025-08-05 12:41:57,864 [WARN] ModelIntegratedComponent:63 - No mode defined for component null
2025-08-05 12:41:57,864 [WARN] ModelIntegratedComponent:63 - No mode defined for component null
2025-08-05 12:41:57,864 [WARN] ModelIntegratedComponent:63 - No mode defined for component null
2025-08-05 12:41:57,864 [WARN] ModelIntegratedComponent:63 - No mode defined for component null
2025-08-05 12:41:57,864 [WARN] ModelIntegratedComponent:63 - No mode defined for component null
2025-08-05 12:41:57,864 [WARN] ModelIntegratedComponent:63 - No mode defined for component null
2025-08-05 12:41:57,864 [WARN] ModelIntegratedComponent:63 - No mode defined for component null
2025-08-05 12:41:57,864 [WARN] ModelIntegratedComponent:63 - No mode defined for component null
2025-08-05 12:41:57,864 [WARN] ModelIntegratedComponent:63 - No mode defined for component null
2025-08-05 12:41:57,864 [WARN] ModelIntegratedComponent:63 - No mode defined for component null
2025-08-05 12:41:57,865 [WARN] ModelIntegratedComponent:63 - No mode defined for component null
2025-08-05 12:41:57,865 [WARN] ModelIntegratedComponent:63 - No mode defined for component null
2025-08-05 12:41:57,865 [WARN] ModelIntegratedComponent:63 - No mode defined for component null
2025-08-05 12:41:57,865 [WARN] ModelIntegratedComponent:63 - No mode defined for component null
2025-08-05 12:41:57,865 [WARN] ModelIntegratedComponent:63 - No mode defined for component null
2025-08-05 12:41:57,865 [WARN] ModelIntegratedComponent:63 - No mode defined for component null
2025-08-05 12:41:57,865 [WARN] ModelIntegratedComponent:63 - No mode defined for component null
2025-08-05 12:41:57,865 [WARN] ModelIntegratedComponent:63 - No mode defined for component null
2025-08-05 12:41:57,865 [WARN] ModelIntegratedComponent:63 - No mode defined for component null
2025-08-05 12:41:57,865 [WARN] ModelIntegratedComponent:63 - No mode defined for component null
2025-08-05 12:41:57,865 [WARN] ModelIntegratedComponent:63 - No mode defined for component null
2025-08-05 12:41:57,865 [WARN] ModelIntegratedComponent:63 - No mode defined for component null
2025-08-05 12:41:57,865 [WARN] ModelIntegratedComponent:63 - No mode defined for component null
2025-08-05 12:41:57,865 [WARN] ModelIntegratedComponent:63 - No mode defined for component null
2025-08-05 12:41:57,866 [WARN] ModelIntegratedComponent:63 - No mode defined for component null
2025-08-05 12:41:57,866 [WARN] ModelIntegratedComponent:63 - No mode defined for component null
2025-08-05 12:41:57,866 [WARN] ModelIntegratedComponent:63 - No mode defined for component null
2025-08-05 12:41:57,866 [WARN] ModelIntegratedComponent:63 - No mode defined for component null
2025-08-05 12:41:57,866 [WARN] ModelIntegratedComponent:63 - No mode defined for component null
2025-08-05 12:41:57,866 [WARN] ModelIntegratedComponent:63 - No mode defined for component null
2025-08-05 12:41:57,866 [WARN] ModelIntegratedComponent:63 - No mode defined for component null
2025-08-05 12:41:57,866 [WARN] ModelIntegratedComponent:63 - No mode defined for component null
2025-08-05 12:41:57,866 [WARN] ModelPack:524 - Component already loaded: STMicroelectronics:HAL Drivers:0.0.0:STMicroelectronics:Device:STMicro_Driver:XSPI:HAL::0.0.1:HAL_XSPI
2025-08-05 12:41:57,963 [INFO] ThirdPartyModel:298 - Start build external matchings
2025-08-05 12:41:58,331 [INFO] ThirdPartyModel:316 - End build external matchings
2025-08-05 12:41:58,934 [INFO] ApiDb:581 - Connected to CubeFinder SQLite database (C:\Users\USERIT\.stmcufinder\plugins\mcufinder\mcu\cube-finder-db.db)
2025-08-05 12:41:59,022 [INFO] ApiDb:668 - CubeFinder database Data Model version=2.1
2025-08-05 12:41:59,023 [INFO] ApiDb:669 - CubeFinder database Configuration version=3.0.39
2025-08-05 12:41:59,023 [INFO] ApiDb:670 - CubeFinder database generation date=2025-07-24 (1753349077)
2025-08-05 12:41:59,023 [INFO] ApiDb:671 - CubeFinder database FW Pack versions=[FP-ATR-ASTRA1_V2.0.0, FP-SNS-FLIGHT1_V5.1.0, FP-SNS-MOTENV1_V5.0.0, FP-SNS-MOTENVWB1_V1.4.0, FP-SNS-SMARTAG2_V1.2.0, FP-SNS-STBOX1_V2.0.0, STM32Cube_FW_C0_V1.4.0, STM32Cube_FW_F4_V1.28.2, STM32Cube_FW_F7_V1.17.3, STM32Cube_FW_G0_V1.6.2, STM32Cube_FW_G4_V1.6.1, STM32Cube_FW_H5_V1.5.0, STM32Cube_FW_H7RS_V1.2.0, STM32Cube_FW_H7_V1.12.1, STM32Cube_FW_L0_V1.12.2, STM32Cube_FW_L4_V1.18.1, STM32Cube_FW_L5_V1.5.1, STM32Cube_FW_N6_V1.2.0, STM32Cube_FW_U0_V1.3.0, STM32Cube_FW_U3_V1.2.0, STM32Cube_FW_U5_V1.8.0, STM32Cube_FW_WB0_V1.3.0, STM32Cube_FW_WBA_V1.7.0, STM32Cube_FW_WB_V1.23.0, STM32Cube_FW_WL3_V1.2.0, STM32Cube_FW_WL_V1.3.1, X-CUBE-ALGOBUILD_V1.4.0, X-CUBE-ALS_V1.0.2, X-CUBE-AZRTOS-F4_V1.1.0, X-CUBE-AZRTOS-F7_V1.1.0, X-CUBE-AZRTOS-G0_V1.1.0, X-CUBE-AZRTOS-G4_V2.0.0, X-CUBE-AZRTOS-H7RS_V1.1.0, X-CUBE-AZRTOS-H7_V3.4.0, X-CUBE-AZRTOS-L4_V2.0.0, X-CUBE-AZRTOS-L5_V2.0.0, X-CUBE-AZRTOS-WB_V2.0.0, X-CUBE-AZRTOS-WL_V2.0.0, X-CUBE-BLE1_V7.1.0, X-CUBE-BLE2_V3.3.0, X-CUBE-BLEMGR_V4.1.0, X-CUBE-EEPRMA1_V5.2.0, X-CUBE-FREERTOS_V1.3.1, X-CUBE-GNSS1_V6.0.0, X-CUBE-MEMS1_V11.3.0, X-CUBE-NFC4_V3.0.0, X-CUBE-NFC7_V2.0.0, X-CUBE-SFXS2LP1_V4.0.0, X-CUBE-ST67W61_V1.0.0, X-CUBE-SUBG2_V5.0.0, X-CUBE-TOF1_V3.4.3]
2025-08-05 12:41:59,135 [INFO] DbBoardsSqlite:226 - include board P-NUCLEO-WB55-NUCLEO as a kit item of type 'Nucleo-64'
2025-08-05 12:41:59,136 [INFO] DbBoardsSqlite:226 - include board P-NUCLEO-WB55-USBDONGLE as a kit item of type 'Nucleo USB Dongle'
2025-08-05 12:41:59,136 [INFO] DbBoardsSqlite:226 - include board STEVAL-IDP005V1 as a kit item of type 'Evaluation Board'
2025-08-05 12:41:59,137 [INFO] DbBoardsSqlite:226 - include board STEVAL-IDP005V2 as a kit item of type 'Evaluation Board'
2025-08-05 12:41:59,440 [INFO] ApiDb:240 - Found 880 in-development CPN: [B-G473E-ZEST1S, B-WB1M-WPAN1, B-WBA5M-WPAN, B-WL5M-SUBG1, NUCLEO-C031C6, NUCLEO-C051C8, NUCLEO-C071RB, NUCLEO-C092RC, NUCLEO-H503RB, NUCLEO-H533RE, NUCLEO-H563ZI, NUCLEO-H7S3L8, NUCLEO-N657X0-Q, NUCLEO-U031R8, NUCLEO-U083RC, NUCLEO-U385RG-Q, NUCLEO-U545RE-Q, NUCLEO-U5A5ZJ-Q, NUCLEO-WB05KZ, NUCLEO-WB07CC, NUCLEO-WB09KE, NUCLEO-WBA52CG, NUCLEO-WBA55CG, NUCLEO-WL33CC1, NUCLEO-WL33CC2, STEVAL-PROTEUS1, STEVAL-SMARTAG2, STEVAL-STWINBX1, STM320518-EVAL, STM32C0116-DK, STM32C011D6Y3TR, STM32C011D6Y6TR, STM32C011F4P3, STM32C011F4P6, STM32C011F4U3, STM32C011F4U6TR, STM32C011F6P3, STM32C011F6P6, STM32C011F6U3, STM32C011F6U6TR, STM32C011J4M3, STM32C011J4M6, STM32C011J6M3, STM32C011J6M6, STM32C0316-DK, STM32C031C4T3, STM32C031C4T6, STM32C031C4U3, STM32C031C4U6, STM32C031C6T3, STM32C031C6T6, STM32C031C6U3, STM32C031C6U6, STM32C031F4P3, STM32C031F4P6, STM32C031F6P3, STM32C031F6P6, STM32C031G4U3, STM32C031G4U6, STM32C031G6U3, STM32C031G6U6, STM32C031K4T3, STM32C031K4T6, STM32C031K4U3, STM32C031K4U6, STM32C031K6T3, STM32C031K6T6, STM32C031K6U3, STM32C031K6U6, STM32C051C6T6, STM32C051C6U6, STM32C051C8T6, STM32C051C8U6, STM32C051D8Y6TR, STM32C051F6P6, STM32C051F8P6, STM32C051G6U6, STM32C051G8U6, STM32C051K6T6, STM32C051K6U6, STM32C051K8T6, STM32C071C8T6, STM32C071C8T6N, STM32C071C8U6, STM32C071C8U6N, STM32C071CBT6, STM32C071CBT6N, STM32C071CBU6, STM32C071CBU6N, STM32C071F8P6, STM32C071F8P6N, STM32C071FBP6, STM32C071FBP6N, STM32C071FBY6TR, STM32C071G8U6, STM32C071G8U6N, STM32C071GBU6, STM32C071GBU6N, STM32C071K8T6, STM32C071K8T6N, STM32C071K8U6, STM32C071K8U6N, STM32C071KBT6, STM32C071KBT6N, STM32C071KBU6, STM32C071KBU6N, STM32C071R8T6, STM32C071R8T6N, STM32C071RBI6N, STM32C071RBT6, STM32C071RBT6N, STM32C091CBT6, STM32C091CBU6, STM32C091CCT6, STM32C091CCU6, STM32C091ECY6TR, STM32C091FBP6, STM32C091FCP6, STM32C091GBU6, STM32C091GCU6, STM32C091KBT6, STM32C091KBU6, STM32C091KCT6, STM32C091KCU6, STM32C091RBT6, STM32C091RCI6, STM32C091RCT6, STM32C092CBT6, STM32C092CBU6, STM32C092CCT6, STM32C092CCU6, STM32C092ECY6TR, STM32C092FBP6, STM32C092FCP6, STM32C092GBU6, STM32C092GCU6, STM32C092KBT6, STM32C092KBU6, STM32C092KCT6, STM32C092KCU6, STM32C092RBT6, STM32C092RCI6, STM32C092RCT6, STM32G071K8TXN, STM32G071K8UXN, STM32G081GBU6N, STM32G081KBT6N, STM32G081KBUXN, STM32G0B1CCT6N, STM32G0B1KCT6, STM32G0B1NEY6TR, STM32G0B1RCT6N, STM32G0C1CCT6, STM32G0C1CCT6N, STM32G0C1CCU6N, STM32G0C1CET6N, STM32G0C1CEU6N, STM32G0C1KCT6, STM32G0C1NEY6TR, STM32G0C1RCI6N, STM32G0C1RCT6N, STM32G0C1REI6N, STM32G0C1RET6N, STM32G0C1VCI6, STM32G0C1VEI6, STM32G411C6T3, STM32G411C6T6, STM32G411C6U3, STM32G411C6U6, STM32G411C8T3, STM32G411C8T6, STM32G411C8U3, STM32G411C8U6, STM32G411CBT3, STM32G411CBT6, STM32G411CBU3, STM32G411CBU6, STM32G411K6T3, STM32G411K6T6, STM32G411K6U3, STM32G411K6U6, STM32G411K8T3, STM32G411K8T6, STM32G411K8U3, STM32G411K8U6, STM32G411KBT3, STM32G411KBT6, STM32G411KBU3, STM32G411KBU6, STM32G411M6T3, STM32G411M6T6, STM32G411M8T3, STM32G411M8T6, STM32G411MBT3, STM32G411MBT6, STM32G411R6T3, STM32G411R6T6, STM32G411R8T3, STM32G411R8T6, STM32G411RBT3, STM32G411RBT6, STM32G414CBT3, STM32G414CBT6, STM32G414CBU3, STM32G414CBU6, STM32G414CCT3, STM32G414CCT6, STM32G414CCU3, STM32G414CCU6, STM32G414MBT3, STM32G414MBT6, STM32G414MCT3, STM32G414MCT6, STM32G414RBT3, STM32G414RBT6, STM32G414RCT3, STM32G414RCT6, STM32G414VBT3, STM32G414VBT6, STM32G414VCT3, STM32G414VCT6, STM32G431CBT3Z, STM32G431RBT3Z, STM32G471CCT6, STM32G471CCU6, STM32G471CET3, STM32G471CET6, STM32G471CEU3, STM32G471CEU6, STM32G471MCT6, STM32G471MET3, STM32G471MET6, STM32G471MEY6TR, STM32G471QCT6, STM32G471QET3, STM32G471RCT6, STM32G471RET3, STM32G471RET6, STM32G471VCH6, STM32G471VCI6, STM32G471VCT6, STM32G471VEH3, STM32G471VEH6, STM32G471VEI3, STM32G471VEI6, STM32G471VET3, STM32G471VET6, STM32G473QET3Z, STM32G473RET3Z, STM32G474CCT6, STM32G491RET3Z, STM32H503CBT6, STM32H503CBU6, STM32H503EBY6TR, STM32H503KBU6, STM32H503RBT6, STM32H523CCT6, STM32H523CCU6, STM32H523CET6, STM32H523CEU6, STM32H523HEY6TR, STM32H523RCT6, STM32H523RET6, STM32H523VCI6, STM32H523VCT6, STM32H523VEI6, STM32H523VET6, STM32H523ZCJ6, STM32H523ZCT6, STM32H523ZEJ6, STM32H523ZET6, STM32H533CET6, STM32H533CEU6, STM32H533HEY6TR, STM32H533RET6, STM32H533VEI6, STM32H533VET6, STM32H533ZEJ6, STM32H533ZET6, STM32H562AGI6, STM32H562AII6, STM32H562IGK6, STM32H562IGT6, STM32H562IIK6, STM32H562IIT6, STM32H562RGT6, STM32H562RGV6, STM32H562RIT6, STM32H562RIV6, STM32H562VGT6, STM32H562VIT6, STM32H562ZGT6, STM32H562ZIT6, STM32H563AGI6, STM32H563AII3Q, STM32H563AII6, STM32H563IGK6, STM32H563IGT6, STM32H563IIK3Q, STM32H563IIK6, STM32H563IIT3Q, STM32H563IIT6, STM32H563MIY3QTR, STM32H563RGT6, STM32H563RGV6, STM32H563RIT6, STM32H563RIV6, STM32H563VGT6, STM32H563VIT3Q, STM32H563VIT6, STM32H563ZGT6, STM32H563ZIT3Q, STM32H563ZIT6, STM32H573AII3Q, STM32H573AII6, STM32H573I-DK, STM32H573IIK3Q, STM32H573IIK6, STM32H573IIT3Q, STM32H573IIT6, STM32H573MIY3QTR, STM32H573RIT6, STM32H573RIV6, STM32H573VIT3Q, STM32H573VIT6, STM32H573ZIT3Q, STM32H573ZIT6, STM32H7R3A8I6, STM32H7R3I8K6, STM32H7R3I8T6, STM32H7R3L8H6, STM32H7R3L8H6H, STM32H7R3R8V6, STM32H7R3V8H6, STM32H7R3V8T6, STM32H7R3V8Y6TR, STM32H7R3Z8J6, STM32H7R3Z8T6, STM32H7R7A8I6, STM32H7R7I8K6, STM32H7R7I8T6, STM32H7R7L8H6, STM32H7R7L8H6H, STM32H7R7Z8J6, STM32H7S3A8I6, STM32H7S3I8K6, STM32H7S3I8T6, STM32H7S3L8H6, STM32H7S3L8H6H, STM32H7S3R8V6, STM32H7S3V8H6, STM32H7S3V8T6, STM32H7S3V8Y6TR, STM32H7S3Z8J6, STM32H7S3Z8T6, STM32H7S78-DK, STM32H7S7A8I6, STM32H7S7I8K6, STM32H7S7I8T6, STM32H7S7L8H6, STM32H7S7L8H6H, STM32H7S7Z8J6, STM32L4R5QGI6STR, STM32MP131AAE3, STM32MP131AAF3, STM32MP131AAG3, STM32MP131CAE3, STM32MP131CAF3, STM32MP131CAG3, STM32MP131DAE7, STM32MP131DAF7, STM32MP131DAG7, STM32MP131FAE7, STM32MP131FAF7, STM32MP131FAG7, STM32MP133AAE3, STM32MP133AAF3, STM32MP133AAG3, STM32MP133CAE3, STM32MP133CAF3, STM32MP133CAG3, STM32MP133DAE7, STM32MP133DAF7, STM32MP133DAG7, STM32MP133FAE7, STM32MP133FAF7, STM32MP133FAG7, STM32MP135AAE3, STM32MP135AAF3, STM32MP135AAG3, STM32MP135CAE3, STM32MP135CAF3, STM32MP135CAG3, STM32MP135DAE7, STM32MP135DAF7, STM32MP135DAG7, STM32MP135F-DK, STM32MP135FAE7, STM32MP135FAF7, STM32MP135FAF7T, STM32MP135FAF7U, STM32MP135FAG7, STM32MP211AAL3, STM32MP211AAM3, STM32MP211AAN3, STM32MP211AAO3, STM32MP211CAL3, STM32MP211CAM3, STM32MP211CAN3, STM32MP211CAO3, STM32MP211DAL3, STM32MP211DAM3, STM32MP211DAN3, STM32MP211DAO3, STM32MP211FAL3, STM32MP211FAM3, STM32MP211FAN3, STM32MP211FAO3, STM32MP213AAL3, STM32MP213AAM3, STM32MP213AAN3, STM32MP213AAO3, STM32MP213CAL3, STM32MP213CAM3, STM32MP213CAN3, STM32MP213CAO3, STM32MP213DAL3, STM32MP213DAM3, STM32MP213DAN3, STM32MP213DAO3, STM32MP213FAL3, STM32MP213FAM3, STM32MP213FAN3, STM32MP213FAO3, STM32MP215AAL3, STM32MP215AAM3, STM32MP215AAN3, STM32MP215AAO3, STM32MP215CAL3, STM32MP215CAM3, STM32MP215CAN3, STM32MP215CAO3, STM32MP215DAL3, STM32MP215DAM3, STM32MP215DAN3, STM32MP215DAO3, STM32MP215F-DK, STM32MP215FAL3, STM32MP215FAM3, STM32MP215FAN3, STM32MP215FAO3, STM32MP231AAJ3, STM32MP231AAK3, STM32MP231AAL3, STM32MP231CAJ3, STM32MP231CAK3, STM32MP231CAL3, STM32MP231DAJ3, STM32MP231DAK3, STM32MP231DAL3, STM32MP231FAJ3, STM32MP231FAK3, STM32MP231FAL3, STM32MP233AAJ3, STM32MP233AAK3, STM32MP233AAL3, STM32MP233CAJ3, STM32MP233CAK3, STM32MP233CAL3, STM32MP233DAJ3, STM32MP233DAK3, STM32MP233DAL3, STM32MP233FAJ3, STM32MP233FAK3, STM32MP233FAL3, STM32MP235AAJ3, STM32MP235AAK3, STM32MP235AAL3, STM32MP235CAJ3, STM32MP235CAK3, STM32MP235CAL3, STM32MP235DAJ3, STM32MP235DAK3, STM32MP235DAL3, STM32MP235FAJ3, STM32MP235FAK3, STM32MP235FAL3, STM32MP251AAI3, STM32MP251AAK3, STM32MP251AAL3, STM32MP251CAI3, STM32MP251CAK3, STM32MP251CAL3, STM32MP251DAI3, STM32MP251DAK3, STM32MP251DAL3, STM32MP251FAI3, STM32MP251FAK3, STM32MP251FAL3, STM32MP253AAI3, STM32MP253AAK3, STM32MP253AAL3, STM32MP253CAI3, STM32MP253CAK3, STM32MP253CAL3, STM32MP253DAI3, STM32MP253DAK3, STM32MP253DAL3, STM32MP253FAI3, STM32MP253FAK3, STM32MP253FAL3, STM32MP255AAI3, STM32MP255AAK3, STM32MP255AAL3, STM32MP255CAI3, STM32MP255CAK3, STM32MP255CAL3, STM32MP255DAI3, STM32MP255DAK3, STM32MP255DAL3, STM32MP255FAI3, STM32MP255FAK3, STM32MP255FAL3, STM32MP257AAI3, STM32MP257AAK3, STM32MP257AAL3, STM32MP257CAI3, STM32MP257CAK3, STM32MP257CAL3, STM32MP257DAI3, STM32MP257DAK3, STM32MP257DAL3, STM32MP257F-DK, STM32MP257F-EV1, STM32MP257FAI3, STM32MP257FAK3, STM32MP257FAL3, STM32N645A0H3Q, STM32N645B0H3Q, STM32N645I0H3Q, STM32N645L0H3Q, STM32N645X0H3Q, STM32N645Z0H3Q, STM32N647A0H3Q, STM32N647B0H3Q, STM32N647I0H3Q, STM32N647L0H3Q, STM32N647X0H3Q, STM32N647Z0H3Q, STM32N655A0H3Q, STM32N655B0H3Q, STM32N655I0H3Q, STM32N655L0H3Q, STM32N655X0H3Q, STM32N655Z0H3Q, STM32N6570-DK, STM32N657A0H3Q, STM32N657B0H3Q, STM32N657I0H3Q, STM32N657L0H3Q, STM32N657X0H3Q, STM32N657Z0H3Q, STM32U031C6T6, STM32U031C6U6, STM32U031C8T6, STM32U031C8U6, STM32U031F4P6, STM32U031F6P6, STM32U031F8P6, STM32U031G6Y6TR, STM32U031G8Y6TR, STM32U031K4U6, STM32U031K6U6, STM32U031K8U6, STM32U031R6I6, STM32U031R6T6, STM32U031R8I6, STM32U031R8T6, STM32U073C8T6, STM32U073C8U6, STM32U073CBT6, STM32U073CBU6, STM32U073CCT6, STM32U073CCU6, STM32U073H8Y6TR, STM32U073HBY6TR, STM32U073HCY6TR, STM32U073K8U6, STM32U073KBU6, STM32U073KCU6, STM32U073M8I6, STM32U073M8T6, STM32U073MBI6, STM32U073MBT6, STM32U073MCI6, STM32U073MCT6, STM32U073R8I6, STM32U073R8T6, STM32U073RBI6, STM32U073RBT6, STM32U073RCI6, STM32U073RCT6, STM32U083C-DK, STM32U083CCT6, STM32U083CCU6, STM32U083HCY6TR, STM32U083KCU6, STM32U083MCI6, STM32U083MCT6, STM32U083RCI6, STM32U083RCT6, STM32U375CET6, STM32U375CET6Q, STM32U375CEU6, STM32U375CEU6Q, STM32U375CEY6QTR, STM32U375CGT6, STM32U375CGT6Q, STM32U375CGU6, STM32U375CGU6Q, STM32U375CGY6QTR, STM32U375KEU6, STM32U375KGU6, STM32U375REI6, STM32U375REI6Q, STM32U375RET6, STM32U375RET6Q, STM32U375REY6GTR, STM32U375REY6QTR, STM32U375RGI6, STM32U375RGI6Q, STM32U375RGT6, STM32U375RGT6Q, STM32U375RGY6GTR, STM32U375RGY6QTR, STM32U375VEI6, STM32U375VEI6Q, STM32U375VET6, STM32U375VET6Q, STM32U375VGI6, STM32U375VGI6Q, STM32U375VGT6, STM32U375VGT6Q, STM32U385CGT6, STM32U385CGT6Q, STM32U385CGU6, STM32U385CGU6Q, STM32U385CGY6QTR, STM32U385KGU6, STM32U385RGI6, STM32U385RGI6Q, STM32U385RGT6, STM32U385RGT6Q, STM32U385RGY6GTR, STM32U385RGY6QTR, STM32U385VGI6, STM32U385VGI6Q, STM32U385VGT6, STM32U385VGT6Q, STM32U535CBT6, STM32U535CBT6Q, STM32U535CBU6, STM32U535CBU6Q, STM32U535CCT6, STM32U535CCT6Q, STM32U535CCU6, STM32U535CCU6Q, STM32U535CET6, STM32U535CET6Q, STM32U535CEU6, STM32U535CEU6Q, STM32U535JEY6QTR, STM32U535NCY6QTR, STM32U535NEY6QTR, STM32U535RBI6, STM32U535RBI6Q, STM32U535RBT6, STM32U535RBT6Q, STM32U535RCI6, STM32U535RCI6Q, STM32U535RCT6, STM32U535RCT6Q, STM32U535REI6, STM32U535REI6Q, STM32U535RET6, STM32U535RET6Q, STM32U535VCI6, STM32U535VCI6Q, STM32U535VCT6, STM32U535VCT6Q, STM32U535VEI6, STM32U535VEI6Q, STM32U535VET6, STM32U535VET6Q, STM32U545CET6, STM32U545CET6Q, STM32U545CEU6, STM32U545CEU6Q, STM32U545JEY6QTR, STM32U545NEY6QTR, STM32U545REI6, STM32U545REI6Q, STM32U545RET6, STM32U545RET6Q, STM32U545VEI6, STM32U545VEI6Q, STM32U545VET6, STM32U545VET6Q, STM32U595AIH6, STM32U595AIH6Q, STM32U595AJH6, STM32U595AJH6Q, STM32U595QII6, STM32U595QII6Q, STM32U595QJI6, STM32U595QJI6Q, STM32U595RIT6, STM32U595RIT6Q, STM32U595RJT6, STM32U595RJT6Q, STM32U595VIT6, STM32U595VIT6Q, STM32U595VJT6, STM32U595VJT6Q, STM32U595ZIT6, STM32U595ZIT6Q, STM32U595ZIY6QTR, STM32U595ZJT6, STM32U595ZJT6Q, STM32U595ZJY6QTR, STM32U599BJY6QTR, STM32U599NIH6Q, STM32U599NJH6Q, STM32U599VIT6Q, STM32U599VJT6, STM32U599VJT6Q, STM32U599ZIT6Q, STM32U599ZIY6QTR, STM32U599ZJT6Q, STM32U599ZJY6QTR, STM32U5A5AJH6, STM32U5A5AJH6Q, STM32U5A5QII3Q , STM32U5A5QJI6, STM32U5A5QJI6Q, STM32U5A5RJT6, STM32U5A5RJT6Q, STM32U5A5VJT6, STM32U5A5VJT6Q, STM32U5A5ZJT6, STM32U5A5ZJT6Q, STM32U5A5ZJY6QTR, STM32U5A9BJY6QTR, STM32U5A9J-DK, STM32U5A9NJH6Q, STM32U5A9VJT6Q, STM32U5A9ZJT6Q, STM32U5A9ZJY6QTR, STM32U5F7VIT6, STM32U5F7VIT6Q, STM32U5F7VJT6, STM32U5F7VJT6Q, STM32U5F9BJY6QTR, STM32U5F9NJH6Q, STM32U5F9VIT6Q, STM32U5F9VJT6Q, STM32U5F9ZIJ6QTR, STM32U5F9ZIT6Q, STM32U5F9ZJJ6QTR, STM32U5F9ZJT6Q, STM32U5G7VJT6, STM32U5G7VJT6Q, STM32U5G9BJY6QTR, STM32U5G9J-DK1, STM32U5G9J-DK2, STM32U5G9NJH6Q, STM32U5G9VJT6Q, STM32U5G9ZJJ6QTR, STM32U5G9ZJT6Q, STM32WB05KZV6TR, STM32WB05KZV7TR, STM32WB05TZF6TR, STM32WB05TZF7TR, STM32WB06CCF6TR, STM32WB06CCF7TR, STM32WB06CCV6TR, STM32WB06CCV7TR, STM32WB06KCV6TR, STM32WB06KCV7TR, STM32WB07CCF6TR, STM32WB07CCF7TR, STM32WB07CCV6TR, STM32WB07CCV7TR, STM32WB07KCV6TR, STM32WB07KCV7TR, STM32WB09KEV6TR, STM32WB09KEV7TR, STM32WB09TEF6TR, STM32WB09TEF7TR, STM32WB1MMCH6, STM32WBA50KGU6, STM32WBA50KGU6TR, STM32WBA52CEU6, STM32WBA52CEU6TR, STM32WBA52CEU7, STM32WBA52CEU7TR, STM32WBA52CGU6, STM32WBA52CGU6TR, STM32WBA52CGU6U, STM32WBA52CGU7, STM32WBA52CGU7TR, STM32WBA52KEU6, STM32WBA52KEU6TR, STM32WBA52KGU6, STM32WBA52KGU6TR, STM32WBA54CEU6, STM32WBA54CEU6TR, STM32WBA54CEU7, STM32WBA54CEU7TR, STM32WBA54CGU6, STM32WBA54CGU6TR, STM32WBA54CGU7, STM32WBA54CGU7TR, STM32WBA54KEU6, STM32WBA54KEU6TR, STM32WBA54KEU7, STM32WBA54KEU7TR, STM32WBA54KGU6, STM32WBA54KGU6TR, STM32WBA54KGU7, STM32WBA54KGU7TR, STM32WBA55CEU6, STM32WBA55CEU6TR, STM32WBA55CEU7, STM32WBA55CEU7TR, STM32WBA55CGU6, STM32WBA55CGU6TR, STM32WBA55CGU6U, STM32WBA55CGU7, STM32WBA55CGU7TR, STM32WBA55G-DK1, STM32WBA55HEF6, STM32WBA55HEF7, STM32WBA55HGF6, STM32WBA55HGF7, STM32WBA55UEI6, STM32WBA55UEI6TR, STM32WBA55UEI7, STM32WBA55UEI7TR, STM32WBA55UGI6, STM32WBA55UGI6TR, STM32WBA55UGI7, STM32WBA55UGI7TR, STM32WBA5MMGH6TR, STM32WBA62MGF6, STM32WBA62MIF6, STM32WBA65MGF7, STM32WBA65MIF6, STM32WBA65MIF7, STM32WL30K8V6, STM32WL30KBV6, STM32WL31C8V6, STM32WL31CBV6, STM32WL31K8V6, STM32WL31KBV6, STM32WL33C8V6, STM32WL33C8V6X, STM32WL33CBV6, STM32WL33CBV6X, STM32WL33CCV6, STM32WL33CCV6A, STM32WL33CCV6X, STM32WL33K8V7, STM32WL33K8V7X, STM32WL33KBV7 , STM32WL33KBV7X, STM32WL33KCV7, STM32WL33KCV7X, STM32WL5MOCH6, STM32WL5MOCH6TR]
2025-08-05 12:41:59,682 [INFO] BoardInfo:889 - No configuration file found for board P-NUCLEO-WB55
2025-08-05 12:41:59,683 [INFO] DbBoards:161 - Kit is not supported: P-NUCLEO-WB55
2025-08-05 12:41:59,691 [INFO] BoardInfo:889 - No configuration file found for board STEVAL-BFA001V1B
2025-08-05 12:41:59,692 [INFO] DbBoards:161 - Kit is not supported: STEVAL-BFA001V1B
2025-08-05 12:41:59,694 [INFO] BoardInfo:889 - No configuration file found for board STEVAL-BFA001V2B
2025-08-05 12:41:59,695 [INFO] DbBoards:161 - Kit is not supported: STEVAL-BFA001V2B
2025-08-05 12:41:59,943 [INFO] DbBoards:168 - Found 212 boards, 209 are supported
2025-08-05 12:41:59,943 [INFO] DbBoards:169 - Found 212 boards, 43 of them is supported for  Bsp
2025-08-05 12:41:59,947 [INFO] ApiDb:668 - CubeFinder database Data Model version=2.1
2025-08-05 12:41:59,947 [INFO] ApiDb:669 - CubeFinder database Configuration version=3.0.39
2025-08-05 12:41:59,948 [INFO] ApiDb:670 - CubeFinder database generation date=2025-07-24 (1753349077)
2025-08-05 12:41:59,948 [INFO] ApiDb:671 - CubeFinder database FW Pack versions=[FP-ATR-ASTRA1_V2.0.0, FP-SNS-FLIGHT1_V5.1.0, FP-SNS-MOTENV1_V5.0.0, FP-SNS-MOTENVWB1_V1.4.0, FP-SNS-SMARTAG2_V1.2.0, FP-SNS-STBOX1_V2.0.0, STM32Cube_FW_C0_V1.4.0, STM32Cube_FW_F4_V1.28.2, STM32Cube_FW_F7_V1.17.3, STM32Cube_FW_G0_V1.6.2, STM32Cube_FW_G4_V1.6.1, STM32Cube_FW_H5_V1.5.0, STM32Cube_FW_H7RS_V1.2.0, STM32Cube_FW_H7_V1.12.1, STM32Cube_FW_L0_V1.12.2, STM32Cube_FW_L4_V1.18.1, STM32Cube_FW_L5_V1.5.1, STM32Cube_FW_N6_V1.2.0, STM32Cube_FW_U0_V1.3.0, STM32Cube_FW_U3_V1.2.0, STM32Cube_FW_U5_V1.8.0, STM32Cube_FW_WB0_V1.3.0, STM32Cube_FW_WBA_V1.7.0, STM32Cube_FW_WB_V1.23.0, STM32Cube_FW_WL3_V1.2.0, STM32Cube_FW_WL_V1.3.1, X-CUBE-ALGOBUILD_V1.4.0, X-CUBE-ALS_V1.0.2, X-CUBE-AZRTOS-F4_V1.1.0, X-CUBE-AZRTOS-F7_V1.1.0, X-CUBE-AZRTOS-G0_V1.1.0, X-CUBE-AZRTOS-G4_V2.0.0, X-CUBE-AZRTOS-H7RS_V1.1.0, X-CUBE-AZRTOS-H7_V3.4.0, X-CUBE-AZRTOS-L4_V2.0.0, X-CUBE-AZRTOS-L5_V2.0.0, X-CUBE-AZRTOS-WB_V2.0.0, X-CUBE-AZRTOS-WL_V2.0.0, X-CUBE-BLE1_V7.1.0, X-CUBE-BLE2_V3.3.0, X-CUBE-BLEMGR_V4.1.0, X-CUBE-EEPRMA1_V5.2.0, X-CUBE-FREERTOS_V1.3.1, X-CUBE-GNSS1_V6.0.0, X-CUBE-MEMS1_V11.3.0, X-CUBE-NFC4_V3.0.0, X-CUBE-NFC7_V2.0.0, X-CUBE-SFXS2LP1_V4.0.0, X-CUBE-ST67W61_V1.0.0, X-CUBE-SUBG2_V5.0.0, X-CUBE-TOF1_V3.4.3]
2025-08-05 12:42:02,045 [INFO] ApiDb:240 - Found 880 in-development CPN: [B-G473E-ZEST1S, B-WB1M-WPAN1, B-WBA5M-WPAN, B-WL5M-SUBG1, NUCLEO-C031C6, NUCLEO-C051C8, NUCLEO-C071RB, NUCLEO-C092RC, NUCLEO-H503RB, NUCLEO-H533RE, NUCLEO-H563ZI, NUCLEO-H7S3L8, NUCLEO-N657X0-Q, NUCLEO-U031R8, NUCLEO-U083RC, NUCLEO-U385RG-Q, NUCLEO-U545RE-Q, NUCLEO-U5A5ZJ-Q, NUCLEO-WB05KZ, NUCLEO-WB07CC, NUCLEO-WB09KE, NUCLEO-WBA52CG, NUCLEO-WBA55CG, NUCLEO-WL33CC1, NUCLEO-WL33CC2, STEVAL-PROTEUS1, STEVAL-SMARTAG2, STEVAL-STWINBX1, STM320518-EVAL, STM32C0116-DK, STM32C011D6Y3TR, STM32C011D6Y6TR, STM32C011F4P3, STM32C011F4P6, STM32C011F4U3, STM32C011F4U6TR, STM32C011F6P3, STM32C011F6P6, STM32C011F6U3, STM32C011F6U6TR, STM32C011J4M3, STM32C011J4M6, STM32C011J6M3, STM32C011J6M6, STM32C0316-DK, STM32C031C4T3, STM32C031C4T6, STM32C031C4U3, STM32C031C4U6, STM32C031C6T3, STM32C031C6T6, STM32C031C6U3, STM32C031C6U6, STM32C031F4P3, STM32C031F4P6, STM32C031F6P3, STM32C031F6P6, STM32C031G4U3, STM32C031G4U6, STM32C031G6U3, STM32C031G6U6, STM32C031K4T3, STM32C031K4T6, STM32C031K4U3, STM32C031K4U6, STM32C031K6T3, STM32C031K6T6, STM32C031K6U3, STM32C031K6U6, STM32C051C6T6, STM32C051C6U6, STM32C051C8T6, STM32C051C8U6, STM32C051D8Y6TR, STM32C051F6P6, STM32C051F8P6, STM32C051G6U6, STM32C051G8U6, STM32C051K6T6, STM32C051K6U6, STM32C051K8T6, STM32C071C8T6, STM32C071C8T6N, STM32C071C8U6, STM32C071C8U6N, STM32C071CBT6, STM32C071CBT6N, STM32C071CBU6, STM32C071CBU6N, STM32C071F8P6, STM32C071F8P6N, STM32C071FBP6, STM32C071FBP6N, STM32C071FBY6TR, STM32C071G8U6, STM32C071G8U6N, STM32C071GBU6, STM32C071GBU6N, STM32C071K8T6, STM32C071K8T6N, STM32C071K8U6, STM32C071K8U6N, STM32C071KBT6, STM32C071KBT6N, STM32C071KBU6, STM32C071KBU6N, STM32C071R8T6, STM32C071R8T6N, STM32C071RBI6N, STM32C071RBT6, STM32C071RBT6N, STM32C091CBT6, STM32C091CBU6, STM32C091CCT6, STM32C091CCU6, STM32C091ECY6TR, STM32C091FBP6, STM32C091FCP6, STM32C091GBU6, STM32C091GCU6, STM32C091KBT6, STM32C091KBU6, STM32C091KCT6, STM32C091KCU6, STM32C091RBT6, STM32C091RCI6, STM32C091RCT6, STM32C092CBT6, STM32C092CBU6, STM32C092CCT6, STM32C092CCU6, STM32C092ECY6TR, STM32C092FBP6, STM32C092FCP6, STM32C092GBU6, STM32C092GCU6, STM32C092KBT6, STM32C092KBU6, STM32C092KCT6, STM32C092KCU6, STM32C092RBT6, STM32C092RCI6, STM32C092RCT6, STM32G071K8TXN, STM32G071K8UXN, STM32G081GBU6N, STM32G081KBT6N, STM32G081KBUXN, STM32G0B1CCT6N, STM32G0B1KCT6, STM32G0B1NEY6TR, STM32G0B1RCT6N, STM32G0C1CCT6, STM32G0C1CCT6N, STM32G0C1CCU6N, STM32G0C1CET6N, STM32G0C1CEU6N, STM32G0C1KCT6, STM32G0C1NEY6TR, STM32G0C1RCI6N, STM32G0C1RCT6N, STM32G0C1REI6N, STM32G0C1RET6N, STM32G0C1VCI6, STM32G0C1VEI6, STM32G411C6T3, STM32G411C6T6, STM32G411C6U3, STM32G411C6U6, STM32G411C8T3, STM32G411C8T6, STM32G411C8U3, STM32G411C8U6, STM32G411CBT3, STM32G411CBT6, STM32G411CBU3, STM32G411CBU6, STM32G411K6T3, STM32G411K6T6, STM32G411K6U3, STM32G411K6U6, STM32G411K8T3, STM32G411K8T6, STM32G411K8U3, STM32G411K8U6, STM32G411KBT3, STM32G411KBT6, STM32G411KBU3, STM32G411KBU6, STM32G411M6T3, STM32G411M6T6, STM32G411M8T3, STM32G411M8T6, STM32G411MBT3, STM32G411MBT6, STM32G411R6T3, STM32G411R6T6, STM32G411R8T3, STM32G411R8T6, STM32G411RBT3, STM32G411RBT6, STM32G414CBT3, STM32G414CBT6, STM32G414CBU3, STM32G414CBU6, STM32G414CCT3, STM32G414CCT6, STM32G414CCU3, STM32G414CCU6, STM32G414MBT3, STM32G414MBT6, STM32G414MCT3, STM32G414MCT6, STM32G414RBT3, STM32G414RBT6, STM32G414RCT3, STM32G414RCT6, STM32G414VBT3, STM32G414VBT6, STM32G414VCT3, STM32G414VCT6, STM32G431CBT3Z, STM32G431RBT3Z, STM32G471CCT6, STM32G471CCU6, STM32G471CET3, STM32G471CET6, STM32G471CEU3, STM32G471CEU6, STM32G471MCT6, STM32G471MET3, STM32G471MET6, STM32G471MEY6TR, STM32G471QCT6, STM32G471QET3, STM32G471RCT6, STM32G471RET3, STM32G471RET6, STM32G471VCH6, STM32G471VCI6, STM32G471VCT6, STM32G471VEH3, STM32G471VEH6, STM32G471VEI3, STM32G471VEI6, STM32G471VET3, STM32G471VET6, STM32G473QET3Z, STM32G473RET3Z, STM32G474CCT6, STM32G491RET3Z, STM32H503CBT6, STM32H503CBU6, STM32H503EBY6TR, STM32H503KBU6, STM32H503RBT6, STM32H523CCT6, STM32H523CCU6, STM32H523CET6, STM32H523CEU6, STM32H523HEY6TR, STM32H523RCT6, STM32H523RET6, STM32H523VCI6, STM32H523VCT6, STM32H523VEI6, STM32H523VET6, STM32H523ZCJ6, STM32H523ZCT6, STM32H523ZEJ6, STM32H523ZET6, STM32H533CET6, STM32H533CEU6, STM32H533HEY6TR, STM32H533RET6, STM32H533VEI6, STM32H533VET6, STM32H533ZEJ6, STM32H533ZET6, STM32H562AGI6, STM32H562AII6, STM32H562IGK6, STM32H562IGT6, STM32H562IIK6, STM32H562IIT6, STM32H562RGT6, STM32H562RGV6, STM32H562RIT6, STM32H562RIV6, STM32H562VGT6, STM32H562VIT6, STM32H562ZGT6, STM32H562ZIT6, STM32H563AGI6, STM32H563AII3Q, STM32H563AII6, STM32H563IGK6, STM32H563IGT6, STM32H563IIK3Q, STM32H563IIK6, STM32H563IIT3Q, STM32H563IIT6, STM32H563MIY3QTR, STM32H563RGT6, STM32H563RGV6, STM32H563RIT6, STM32H563RIV6, STM32H563VGT6, STM32H563VIT3Q, STM32H563VIT6, STM32H563ZGT6, STM32H563ZIT3Q, STM32H563ZIT6, STM32H573AII3Q, STM32H573AII6, STM32H573I-DK, STM32H573IIK3Q, STM32H573IIK6, STM32H573IIT3Q, STM32H573IIT6, STM32H573MIY3QTR, STM32H573RIT6, STM32H573RIV6, STM32H573VIT3Q, STM32H573VIT6, STM32H573ZIT3Q, STM32H573ZIT6, STM32H7R3A8I6, STM32H7R3I8K6, STM32H7R3I8T6, STM32H7R3L8H6, STM32H7R3L8H6H, STM32H7R3R8V6, STM32H7R3V8H6, STM32H7R3V8T6, STM32H7R3V8Y6TR, STM32H7R3Z8J6, STM32H7R3Z8T6, STM32H7R7A8I6, STM32H7R7I8K6, STM32H7R7I8T6, STM32H7R7L8H6, STM32H7R7L8H6H, STM32H7R7Z8J6, STM32H7S3A8I6, STM32H7S3I8K6, STM32H7S3I8T6, STM32H7S3L8H6, STM32H7S3L8H6H, STM32H7S3R8V6, STM32H7S3V8H6, STM32H7S3V8T6, STM32H7S3V8Y6TR, STM32H7S3Z8J6, STM32H7S3Z8T6, STM32H7S78-DK, STM32H7S7A8I6, STM32H7S7I8K6, STM32H7S7I8T6, STM32H7S7L8H6, STM32H7S7L8H6H, STM32H7S7Z8J6, STM32L4R5QGI6STR, STM32MP131AAE3, STM32MP131AAF3, STM32MP131AAG3, STM32MP131CAE3, STM32MP131CAF3, STM32MP131CAG3, STM32MP131DAE7, STM32MP131DAF7, STM32MP131DAG7, STM32MP131FAE7, STM32MP131FAF7, STM32MP131FAG7, STM32MP133AAE3, STM32MP133AAF3, STM32MP133AAG3, STM32MP133CAE3, STM32MP133CAF3, STM32MP133CAG3, STM32MP133DAE7, STM32MP133DAF7, STM32MP133DAG7, STM32MP133FAE7, STM32MP133FAF7, STM32MP133FAG7, STM32MP135AAE3, STM32MP135AAF3, STM32MP135AAG3, STM32MP135CAE3, STM32MP135CAF3, STM32MP135CAG3, STM32MP135DAE7, STM32MP135DAF7, STM32MP135DAG7, STM32MP135F-DK, STM32MP135FAE7, STM32MP135FAF7, STM32MP135FAF7T, STM32MP135FAF7U, STM32MP135FAG7, STM32MP211AAL3, STM32MP211AAM3, STM32MP211AAN3, STM32MP211AAO3, STM32MP211CAL3, STM32MP211CAM3, STM32MP211CAN3, STM32MP211CAO3, STM32MP211DAL3, STM32MP211DAM3, STM32MP211DAN3, STM32MP211DAO3, STM32MP211FAL3, STM32MP211FAM3, STM32MP211FAN3, STM32MP211FAO3, STM32MP213AAL3, STM32MP213AAM3, STM32MP213AAN3, STM32MP213AAO3, STM32MP213CAL3, STM32MP213CAM3, STM32MP213CAN3, STM32MP213CAO3, STM32MP213DAL3, STM32MP213DAM3, STM32MP213DAN3, STM32MP213DAO3, STM32MP213FAL3, STM32MP213FAM3, STM32MP213FAN3, STM32MP213FAO3, STM32MP215AAL3, STM32MP215AAM3, STM32MP215AAN3, STM32MP215AAO3, STM32MP215CAL3, STM32MP215CAM3, STM32MP215CAN3, STM32MP215CAO3, STM32MP215DAL3, STM32MP215DAM3, STM32MP215DAN3, STM32MP215DAO3, STM32MP215F-DK, STM32MP215FAL3, STM32MP215FAM3, STM32MP215FAN3, STM32MP215FAO3, STM32MP231AAJ3, STM32MP231AAK3, STM32MP231AAL3, STM32MP231CAJ3, STM32MP231CAK3, STM32MP231CAL3, STM32MP231DAJ3, STM32MP231DAK3, STM32MP231DAL3, STM32MP231FAJ3, STM32MP231FAK3, STM32MP231FAL3, STM32MP233AAJ3, STM32MP233AAK3, STM32MP233AAL3, STM32MP233CAJ3, STM32MP233CAK3, STM32MP233CAL3, STM32MP233DAJ3, STM32MP233DAK3, STM32MP233DAL3, STM32MP233FAJ3, STM32MP233FAK3, STM32MP233FAL3, STM32MP235AAJ3, STM32MP235AAK3, STM32MP235AAL3, STM32MP235CAJ3, STM32MP235CAK3, STM32MP235CAL3, STM32MP235DAJ3, STM32MP235DAK3, STM32MP235DAL3, STM32MP235FAJ3, STM32MP235FAK3, STM32MP235FAL3, STM32MP251AAI3, STM32MP251AAK3, STM32MP251AAL3, STM32MP251CAI3, STM32MP251CAK3, STM32MP251CAL3, STM32MP251DAI3, STM32MP251DAK3, STM32MP251DAL3, STM32MP251FAI3, STM32MP251FAK3, STM32MP251FAL3, STM32MP253AAI3, STM32MP253AAK3, STM32MP253AAL3, STM32MP253CAI3, STM32MP253CAK3, STM32MP253CAL3, STM32MP253DAI3, STM32MP253DAK3, STM32MP253DAL3, STM32MP253FAI3, STM32MP253FAK3, STM32MP253FAL3, STM32MP255AAI3, STM32MP255AAK3, STM32MP255AAL3, STM32MP255CAI3, STM32MP255CAK3, STM32MP255CAL3, STM32MP255DAI3, STM32MP255DAK3, STM32MP255DAL3, STM32MP255FAI3, STM32MP255FAK3, STM32MP255FAL3, STM32MP257AAI3, STM32MP257AAK3, STM32MP257AAL3, STM32MP257CAI3, STM32MP257CAK3, STM32MP257CAL3, STM32MP257DAI3, STM32MP257DAK3, STM32MP257DAL3, STM32MP257F-DK, STM32MP257F-EV1, STM32MP257FAI3, STM32MP257FAK3, STM32MP257FAL3, STM32N645A0H3Q, STM32N645B0H3Q, STM32N645I0H3Q, STM32N645L0H3Q, STM32N645X0H3Q, STM32N645Z0H3Q, STM32N647A0H3Q, STM32N647B0H3Q, STM32N647I0H3Q, STM32N647L0H3Q, STM32N647X0H3Q, STM32N647Z0H3Q, STM32N655A0H3Q, STM32N655B0H3Q, STM32N655I0H3Q, STM32N655L0H3Q, STM32N655X0H3Q, STM32N655Z0H3Q, STM32N6570-DK, STM32N657A0H3Q, STM32N657B0H3Q, STM32N657I0H3Q, STM32N657L0H3Q, STM32N657X0H3Q, STM32N657Z0H3Q, STM32U031C6T6, STM32U031C6U6, STM32U031C8T6, STM32U031C8U6, STM32U031F4P6, STM32U031F6P6, STM32U031F8P6, STM32U031G6Y6TR, STM32U031G8Y6TR, STM32U031K4U6, STM32U031K6U6, STM32U031K8U6, STM32U031R6I6, STM32U031R6T6, STM32U031R8I6, STM32U031R8T6, STM32U073C8T6, STM32U073C8U6, STM32U073CBT6, STM32U073CBU6, STM32U073CCT6, STM32U073CCU6, STM32U073H8Y6TR, STM32U073HBY6TR, STM32U073HCY6TR, STM32U073K8U6, STM32U073KBU6, STM32U073KCU6, STM32U073M8I6, STM32U073M8T6, STM32U073MBI6, STM32U073MBT6, STM32U073MCI6, STM32U073MCT6, STM32U073R8I6, STM32U073R8T6, STM32U073RBI6, STM32U073RBT6, STM32U073RCI6, STM32U073RCT6, STM32U083C-DK, STM32U083CCT6, STM32U083CCU6, STM32U083HCY6TR, STM32U083KCU6, STM32U083MCI6, STM32U083MCT6, STM32U083RCI6, STM32U083RCT6, STM32U375CET6, STM32U375CET6Q, STM32U375CEU6, STM32U375CEU6Q, STM32U375CEY6QTR, STM32U375CGT6, STM32U375CGT6Q, STM32U375CGU6, STM32U375CGU6Q, STM32U375CGY6QTR, STM32U375KEU6, STM32U375KGU6, STM32U375REI6, STM32U375REI6Q, STM32U375RET6, STM32U375RET6Q, STM32U375REY6GTR, STM32U375REY6QTR, STM32U375RGI6, STM32U375RGI6Q, STM32U375RGT6, STM32U375RGT6Q, STM32U375RGY6GTR, STM32U375RGY6QTR, STM32U375VEI6, STM32U375VEI6Q, STM32U375VET6, STM32U375VET6Q, STM32U375VGI6, STM32U375VGI6Q, STM32U375VGT6, STM32U375VGT6Q, STM32U385CGT6, STM32U385CGT6Q, STM32U385CGU6, STM32U385CGU6Q, STM32U385CGY6QTR, STM32U385KGU6, STM32U385RGI6, STM32U385RGI6Q, STM32U385RGT6, STM32U385RGT6Q, STM32U385RGY6GTR, STM32U385RGY6QTR, STM32U385VGI6, STM32U385VGI6Q, STM32U385VGT6, STM32U385VGT6Q, STM32U535CBT6, STM32U535CBT6Q, STM32U535CBU6, STM32U535CBU6Q, STM32U535CCT6, STM32U535CCT6Q, STM32U535CCU6, STM32U535CCU6Q, STM32U535CET6, STM32U535CET6Q, STM32U535CEU6, STM32U535CEU6Q, STM32U535JEY6QTR, STM32U535NCY6QTR, STM32U535NEY6QTR, STM32U535RBI6, STM32U535RBI6Q, STM32U535RBT6, STM32U535RBT6Q, STM32U535RCI6, STM32U535RCI6Q, STM32U535RCT6, STM32U535RCT6Q, STM32U535REI6, STM32U535REI6Q, STM32U535RET6, STM32U535RET6Q, STM32U535VCI6, STM32U535VCI6Q, STM32U535VCT6, STM32U535VCT6Q, STM32U535VEI6, STM32U535VEI6Q, STM32U535VET6, STM32U535VET6Q, STM32U545CET6, STM32U545CET6Q, STM32U545CEU6, STM32U545CEU6Q, STM32U545JEY6QTR, STM32U545NEY6QTR, STM32U545REI6, STM32U545REI6Q, STM32U545RET6, STM32U545RET6Q, STM32U545VEI6, STM32U545VEI6Q, STM32U545VET6, STM32U545VET6Q, STM32U595AIH6, STM32U595AIH6Q, STM32U595AJH6, STM32U595AJH6Q, STM32U595QII6, STM32U595QII6Q, STM32U595QJI6, STM32U595QJI6Q, STM32U595RIT6, STM32U595RIT6Q, STM32U595RJT6, STM32U595RJT6Q, STM32U595VIT6, STM32U595VIT6Q, STM32U595VJT6, STM32U595VJT6Q, STM32U595ZIT6, STM32U595ZIT6Q, STM32U595ZIY6QTR, STM32U595ZJT6, STM32U595ZJT6Q, STM32U595ZJY6QTR, STM32U599BJY6QTR, STM32U599NIH6Q, STM32U599NJH6Q, STM32U599VIT6Q, STM32U599VJT6, STM32U599VJT6Q, STM32U599ZIT6Q, STM32U599ZIY6QTR, STM32U599ZJT6Q, STM32U599ZJY6QTR, STM32U5A5AJH6, STM32U5A5AJH6Q, STM32U5A5QII3Q , STM32U5A5QJI6, STM32U5A5QJI6Q, STM32U5A5RJT6, STM32U5A5RJT6Q, STM32U5A5VJT6, STM32U5A5VJT6Q, STM32U5A5ZJT6, STM32U5A5ZJT6Q, STM32U5A5ZJY6QTR, STM32U5A9BJY6QTR, STM32U5A9J-DK, STM32U5A9NJH6Q, STM32U5A9VJT6Q, STM32U5A9ZJT6Q, STM32U5A9ZJY6QTR, STM32U5F7VIT6, STM32U5F7VIT6Q, STM32U5F7VJT6, STM32U5F7VJT6Q, STM32U5F9BJY6QTR, STM32U5F9NJH6Q, STM32U5F9VIT6Q, STM32U5F9VJT6Q, STM32U5F9ZIJ6QTR, STM32U5F9ZIT6Q, STM32U5F9ZJJ6QTR, STM32U5F9ZJT6Q, STM32U5G7VJT6, STM32U5G7VJT6Q, STM32U5G9BJY6QTR, STM32U5G9J-DK1, STM32U5G9J-DK2, STM32U5G9NJH6Q, STM32U5G9VJT6Q, STM32U5G9ZJJ6QTR, STM32U5G9ZJT6Q, STM32WB05KZV6TR, STM32WB05KZV7TR, STM32WB05TZF6TR, STM32WB05TZF7TR, STM32WB06CCF6TR, STM32WB06CCF7TR, STM32WB06CCV6TR, STM32WB06CCV7TR, STM32WB06KCV6TR, STM32WB06KCV7TR, STM32WB07CCF6TR, STM32WB07CCF7TR, STM32WB07CCV6TR, STM32WB07CCV7TR, STM32WB07KCV6TR, STM32WB07KCV7TR, STM32WB09KEV6TR, STM32WB09KEV7TR, STM32WB09TEF6TR, STM32WB09TEF7TR, STM32WB1MMCH6, STM32WBA50KGU6, STM32WBA50KGU6TR, STM32WBA52CEU6, STM32WBA52CEU6TR, STM32WBA52CEU7, STM32WBA52CEU7TR, STM32WBA52CGU6, STM32WBA52CGU6TR, STM32WBA52CGU6U, STM32WBA52CGU7, STM32WBA52CGU7TR, STM32WBA52KEU6, STM32WBA52KEU6TR, STM32WBA52KGU6, STM32WBA52KGU6TR, STM32WBA54CEU6, STM32WBA54CEU6TR, STM32WBA54CEU7, STM32WBA54CEU7TR, STM32WBA54CGU6, STM32WBA54CGU6TR, STM32WBA54CGU7, STM32WBA54CGU7TR, STM32WBA54KEU6, STM32WBA54KEU6TR, STM32WBA54KEU7, STM32WBA54KEU7TR, STM32WBA54KGU6, STM32WBA54KGU6TR, STM32WBA54KGU7, STM32WBA54KGU7TR, STM32WBA55CEU6, STM32WBA55CEU6TR, STM32WBA55CEU7, STM32WBA55CEU7TR, STM32WBA55CGU6, STM32WBA55CGU6TR, STM32WBA55CGU6U, STM32WBA55CGU7, STM32WBA55CGU7TR, STM32WBA55G-DK1, STM32WBA55HEF6, STM32WBA55HEF7, STM32WBA55HGF6, STM32WBA55HGF7, STM32WBA55UEI6, STM32WBA55UEI6TR, STM32WBA55UEI7, STM32WBA55UEI7TR, STM32WBA55UGI6, STM32WBA55UGI6TR, STM32WBA55UGI7, STM32WBA55UGI7TR, STM32WBA5MMGH6TR, STM32WBA62MGF6, STM32WBA62MIF6, STM32WBA65MGF7, STM32WBA65MIF6, STM32WBA65MIF7, STM32WL30K8V6, STM32WL30KBV6, STM32WL31C8V6, STM32WL31CBV6, STM32WL31K8V6, STM32WL31KBV6, STM32WL33C8V6, STM32WL33C8V6X, STM32WL33CBV6, STM32WL33CBV6X, STM32WL33CCV6, STM32WL33CCV6A, STM32WL33CCV6X, STM32WL33K8V7, STM32WL33K8V7X, STM32WL33KBV7 , STM32WL33KBV7X, STM32WL33KCV7, STM32WL33KCV7X, STM32WL5MOCH6, STM32WL5MOCH6TR]
2025-08-05 12:42:02,053 [INFO] DbMcus:218 - Found 4801 MCUs, 4801 are supported
2025-08-05 12:42:02,054 [INFO] ApiDb:423 - Load user favorites file C:\Users\USERIT/.stm32cubeide/favorites.mcus.txt: 1 item(s)
2025-08-05 12:42:02,054 [INFO] ApiDb:427 - User favorites MCUs=[STM32F767ZIT6]
2025-08-05 12:42:02,054 [INFO] DbMcus:224 - Set 1 / 1 favorites MCUs
2025-08-05 12:42:02,560 [INFO] ApiDb:423 - Load user favorites file C:\Users\USERIT/.stm32cubeide/favorites.boards.txt: 0 item(s)
2025-08-05 12:42:02,560 [INFO] ApiDb:427 - User favorites Boards=[]
2025-08-05 12:42:02,561 [INFO] DbBoards:198 - Set 0 / 0 favorites Boards
2025-08-05 12:42:02,622 [INFO] UtilMem:75 - End LoadConfig() Used Memory: 558393032 Bytes (1034944512)
2025-08-05 12:42:02,747 [WARN] ThirdParty:833 - waiting for thirdparty lock release [change project]
2025-08-05 12:42:02,747 [INFO] ThirdParty:835 - entering critical section [change project]
2025-08-05 12:42:02,747 [INFO] ThirdParty:1030 - CMSIS Pack Vendor :STMicroelectronics X-CUBE-PM33A1 1.0.0
2025-08-05 12:42:02,748 [INFO] ThirdParty:1030 - CMSIS Pack Vendor :STMicroelectronics USBPD 4.1
2025-08-05 12:42:02,748 [INFO] ThirdParty:1030 - CMSIS Pack Vendor :STMicroelectronics X-CUBE-NFC9 1.0.0
2025-08-05 12:42:02,748 [INFO] ThirdParty:1030 - CMSIS Pack Vendor :STMicroelectronics USB_HOST 2.0.0
2025-08-05 12:42:02,748 [INFO] ThirdParty:1030 - CMSIS Pack Vendor :STMicroelectronics FP-SNS-MOTENVWB1 1.4.0
2025-08-05 12:42:02,748 [INFO] ThirdParty:1030 - CMSIS Pack Vendor :STMicroelectronics X-CUBE-AZRTOS-F4 1.1.0
2025-08-05 12:42:02,748 [INFO] ThirdParty:1030 - CMSIS Pack Vendor :STMicroelectronics LIBJPEG 8.0.0
2025-08-05 12:42:02,748 [INFO] ThirdParty:1030 - CMSIS Pack Vendor :STMicroelectronics FP-ATR-ASTRA1 2.0.2
2025-08-05 12:42:02,748 [INFO] ThirdParty:1030 - CMSIS Pack Vendor :STMicroelectronics X-CUBE-BLE1 7.1.0
2025-08-05 12:42:02,748 [INFO] ThirdParty:1030 - CMSIS Pack Vendor :STMicroelectronics X-CUBE-SMBUS 2.1.0
2025-08-05 12:42:02,748 [INFO] ThirdParty:1030 - CMSIS Pack Vendor :wolfSSL I-CUBE-wolfMQTT 1.19.2
2025-08-05 12:42:02,748 [INFO] ThirdParty:1030 - CMSIS Pack Vendor :STMicroelectronics USB_DEVICE 3.0.0
2025-08-05 12:42:02,748 [INFO] ThirdParty:1030 - CMSIS Pack Vendor :STMicroelectronics X-CUBE-ISPU 2.1.0
2025-08-05 12:42:02,748 [INFO] ThirdParty:1030 - CMSIS Pack Vendor :STMicroelectronics X-CUBE-AZRTOS-WB 2.0.0
2025-08-05 12:42:02,748 [INFO] ThirdParty:1030 - CMSIS Pack Vendor :STMicroelectronics X-CUBE-ST60 1.0.0
2025-08-05 12:42:02,748 [INFO] ThirdParty:1030 - CMSIS Pack Vendor :STMicroelectronics X-CUBE-GNSS1 7.0.1
2025-08-05 12:42:02,748 [INFO] ThirdParty:1030 - CMSIS Pack Vendor :STMicroelectronics X-CUBE-AZRTOS-F7 1.1.0
2025-08-05 12:42:02,748 [INFO] ThirdParty:1030 - CMSIS Pack Vendor :STMicroelectronics X-CUBE-AZRTOS-L5 2.0.0
2025-08-05 12:42:02,748 [INFO] ThirdParty:1030 - CMSIS Pack Vendor :STMicroelectronics X-CUBE-TOUCHGFX 4.25.0
2025-08-05 12:42:02,748 [INFO] ThirdParty:1030 - CMSIS Pack Vendor :STMicroelectronics USB_DEVICE 2.0.0
2025-08-05 12:42:02,748 [INFO] ThirdParty:1030 - CMSIS Pack Vendor :STMicroelectronics X-CUBE-NFC6 3.1.0
2025-08-05 12:42:02,748 [INFO] ThirdParty:1030 - CMSIS Pack Vendor :STMicroelectronics X-CUBE-AI 10.1.0
2025-08-05 12:42:02,748 [INFO] ThirdParty:1030 - CMSIS Pack Vendor :STMicroelectronics FP-SNS-STBOX1 2.0.0
2025-08-05 12:42:02,748 [INFO] ThirdParty:1030 - CMSIS Pack Vendor :quantropi X-CUBE-qispace-sdk-base 2.1.0
2025-08-05 12:42:02,748 [INFO] ThirdParty:1030 - CMSIS Pack Vendor :STMicroelectronics FreeRTOS 0.0.1
2025-08-05 12:42:02,749 [INFO] ThirdParty:1030 - CMSIS Pack Vendor :STMicroelectronics X-CUBE-AZRTOS-G0 1.1.0
2025-08-05 12:42:02,749 [INFO] ThirdParty:1030 - CMSIS Pack Vendor :STMicroelectronics X-CUBE-SAFEA1 1.2.2
2025-08-05 12:42:02,749 [INFO] ThirdParty:1030 - CMSIS Pack Vendor :STMicroelectronics X-CUBE-NFC4 3.0.0
2025-08-05 12:42:02,749 [INFO] ThirdParty:1030 - CMSIS Pack Vendor :STMicroelectronics X-CUBE-SUBG2 5.0.0
2025-08-05 12:42:02,749 [INFO] ThirdParty:1030 - CMSIS Pack Vendor :STMicroelectronics X-CUBE-AZRTOS-H7RS 1.1.0
2025-08-05 12:42:02,749 [INFO] ThirdParty:1030 - CMSIS Pack Vendor :STMicroelectronics STM32_WPAN 1.0.0
2025-08-05 12:42:02,749 [INFO] ThirdParty:1030 - CMSIS Pack Vendor :EmbeddedOffice I-CUBE-FS-RTOS 1.0.1
2025-08-05 12:42:02,749 [INFO] ThirdParty:1030 - CMSIS Pack Vendor :STMicroelectronics lwIP 2.0.3
2025-08-05 12:42:02,749 [INFO] ThirdParty:1030 - CMSIS Pack Vendor :Cesanta I-CUBE-Mongoose 7.13.0
2025-08-05 12:42:02,749 [INFO] ThirdParty:1030 - CMSIS Pack Vendor :STMicroelectronics USB_HOST 1.0.0
2025-08-05 12:42:02,749 [INFO] ThirdParty:1030 - CMSIS Pack Vendor :Infineon AIROC-Wi-Fi-Bluetooth-STM32 1.7.1
2025-08-05 12:42:02,749 [INFO] ThirdParty:1030 - CMSIS Pack Vendor :STMicroelectronics X-CUBE-AZRTOS-G4 2.0.0
2025-08-05 12:42:02,749 [INFO] ThirdParty:1030 - CMSIS Pack Vendor :STMicroelectronics X-CUBE-WB05N 2.0.0
2025-08-05 12:42:02,749 [INFO] ThirdParty:1030 - CMSIS Pack Vendor :STMicroelectronics PDM2PCM 3.1.0
2025-08-05 12:42:02,749 [INFO] ThirdParty:1030 - CMSIS Pack Vendor :STMicroelectronics PDM2PCM 3.3.0
2025-08-05 12:42:02,749 [INFO] ThirdParty:1030 - CMSIS Pack Vendor :wolfSSL I-CUBE-wolfTPM 3.8.0
2025-08-05 12:42:02,749 [INFO] ThirdParty:1030 - CMSIS Pack Vendor :STMicroelectronics X-CUBE-DISPLAY 3.0.0
2025-08-05 12:42:02,749 [INFO] ThirdParty:1030 - CMSIS Pack Vendor :wolfSSL I-CUBE-wolfSSH 1.4.20
2025-08-05 12:42:02,749 [INFO] ThirdParty:1030 - CMSIS Pack Vendor :STMicroelectronics X-CUBE-NFC7 2.0.0
2025-08-05 12:42:02,749 [INFO] ThirdParty:1030 - CMSIS Pack Vendor :STMicroelectronics X-CUBE-TCPP 4.2.0
2025-08-05 12:42:02,749 [INFO] ThirdParty:1030 - CMSIS Pack Vendor :RealThread X-CUBE-RT-Thread_Nano 4.1.1
2025-08-05 12:42:02,749 [INFO] ThirdParty:1030 - CMSIS Pack Vendor :STMicroelectronics FP-ATR-SIGFOX1 3.2.0
2025-08-05 12:42:02,749 [INFO] ThirdParty:1030 - CMSIS Pack Vendor :STMicroelectronics X-CUBE-NFC10 1.0.0
2025-08-05 12:42:02,749 [INFO] ThirdParty:1030 - CMSIS Pack Vendor :STMicroelectronics X-CUBE-FREERTOS 1.3.1
2025-08-05 12:42:02,750 [INFO] ThirdParty:1030 - CMSIS Pack Vendor :STMicroelectronics HAL Drivers 0.0.0
2025-08-05 12:42:02,750 [INFO] ThirdParty:1030 - CMSIS Pack Vendor :STMicroelectronics MBEDTLS 2.16.2
2025-08-05 12:42:02,750 [INFO] ThirdParty:1030 - CMSIS Pack Vendor :STMicroelectronics X-CUBE-IPS 3.1.0
2025-08-05 12:42:02,750 [INFO] ThirdParty:1030 - CMSIS Pack Vendor :STMicroelectronics X-CUBE-ALS 1.0.2
2025-08-05 12:42:02,750 [INFO] ThirdParty:1030 - CMSIS Pack Vendor :emotas I-CUBE-CANOPEN 1.3.0
2025-08-05 12:42:02,750 [INFO] ThirdParty:1030 - CMSIS Pack Vendor :STMicroelectronics MBEDTLS 2.14.1
2025-08-05 12:42:02,750 [INFO] ThirdParty:1030 - CMSIS Pack Vendor :ITTIA_DB I-CUBE-ITTIADB 8.9.0
2025-08-05 12:42:02,750 [INFO] ThirdParty:1030 - CMSIS Pack Vendor :portGmbH I-Cube-SoM-uGOAL 1.1.0
2025-08-05 12:42:02,750 [INFO] ThirdParty:1030 - CMSIS Pack Vendor :STMicroelectronics X-CUBE-ST67W61 1.0.0
2025-08-05 12:42:02,750 [INFO] ThirdParty:1030 - CMSIS Pack Vendor :STMicroelectronics FP-SNS-STBOX1 2.1.0
2025-08-05 12:42:02,750 [INFO] ThirdParty:1030 - CMSIS Pack Vendor :STMicroelectronics X-CUBE-AI 10.2.0
2025-08-05 12:42:02,750 [INFO] ThirdParty:1030 - CMSIS Pack Vendor :STMicroelectronics ThreadX 1.0.0
2025-08-05 12:42:02,750 [INFO] ThirdParty:1030 - CMSIS Pack Vendor :STMicroelectronics FP-SNS-SMARTAG2 1.2.0
2025-08-05 12:42:02,750 [INFO] ThirdParty:1030 - CMSIS Pack Vendor :STMicroelectronics FP-SNS-FLIGHT1 5.1.0
2025-08-05 12:42:02,750 [INFO] ThirdParty:1030 - CMSIS Pack Vendor :STMicroelectronics X-CUBE-AZRTOS-WL 2.0.0
2025-08-05 12:42:02,750 [INFO] ThirdParty:1030 - CMSIS Pack Vendor :SEGGER I-CUBE-embOS 1.3.1
2025-08-05 12:42:02,750 [INFO] ThirdParty:1030 - CMSIS Pack Vendor :STMicroelectronics X-CUBE-ALGOBUILD 1.4.0
2025-08-05 12:42:02,750 [INFO] ThirdParty:1030 - CMSIS Pack Vendor :STMicroelectronics X-CUBE-DPower 1.3.0
2025-08-05 12:42:02,750 [INFO] ThirdParty:1030 - CMSIS Pack Vendor :STMicroelectronics X-CUBE-MEMS1 11.3.0
2025-08-05 12:42:02,750 [INFO] ThirdParty:1030 - CMSIS Pack Vendor :STMicroelectronics FP-SNS-MOTENV1 5.0.0
2025-08-05 12:42:02,751 [INFO] ThirdParty:1030 - CMSIS Pack Vendor :STMicroelectronics USB_DEVICE 1.0.0
2025-08-05 12:42:02,751 [INFO] ThirdParty:1030 - CMSIS Pack Vendor :STMicroelectronics X-CUBE-AZRTOS-L4 2.0.0
2025-08-05 12:42:02,751 [INFO] ThirdParty:1030 - CMSIS Pack Vendor :STMicroelectronics ThreadX 0.0.2
2025-08-05 12:42:02,751 [INFO] ThirdParty:1030 - CMSIS Pack Vendor :WES I-CUBE-Cesium 1.3.0
2025-08-05 12:42:02,751 [INFO] ThirdParty:1030 - CMSIS Pack Vendor :STMicroelectronics lwIP 2.1.2
2025-08-05 12:42:02,751 [INFO] ThirdParty:1030 - CMSIS Pack Vendor :STMicroelectronics X-CUBE-SFXS2LP1 4.0.0
2025-08-05 12:42:02,751 [INFO] ThirdParty:1030 - CMSIS Pack Vendor :STMicroelectronics X-CUBE-BLE2 3.3.0
2025-08-05 12:42:02,751 [INFO] ThirdParty:1030 - CMSIS Pack Vendor :STMicroelectronics X-CUBE-TOF1 3.4.3
2025-08-05 12:42:02,751 [INFO] ThirdParty:1030 - CMSIS Pack Vendor :STMicroelectronics PDM2PCM 3.2.0
2025-08-05 12:42:02,752 [INFO] ThirdParty:841 - exiting critical section [change project]
2025-08-05 12:42:03,427 [INFO] PinOutPanel:1589 - setPackage(No Configuration,No Configuration)
2025-08-05 12:42:03,428 [INFO] PinOutPanel:1589 - setPackage(STM32F767ZITx,LQFP144)
2025-08-05 12:42:04,148 [INFO] UtilMem:75 - Before build in PCC Used Memory: 579058176 Bytes (1034944512)
2025-08-05 12:42:05,032 [INFO] UtilMem:75 - After build in PCC Used Memory: 816157504 Bytes (1034944512)
2025-08-05 12:42:05,072 [INFO] IPUIPlugin:80 - create IPUIPlugin
2025-08-05 12:42:05,073 [INFO] IPUIPlugin:80 - create IPUIPlugin
2025-08-05 12:42:05,073 [INFO] IPUIPlugin:80 - create IPUIPlugin
2025-08-05 12:42:05,073 [INFO] IPUIPlugin:80 - create IPUIPlugin
2025-08-05 12:42:05,073 [INFO] IPUIPlugin:80 - create IPUIPlugin
2025-08-05 12:42:05,073 [INFO] IPUIPlugin:80 - create IPUIPlugin
2025-08-05 12:42:05,073 [INFO] IPUIPlugin:80 - create IPUIPlugin
2025-08-05 12:42:05,074 [INFO] IPUIPlugin:80 - create IPUIPlugin
2025-08-05 12:42:05,074 [INFO] IPUIPlugin:80 - create IPUIPlugin
2025-08-05 12:42:05,074 [INFO] IPUIPlugin:80 - create IPUIPlugin
2025-08-05 12:42:05,074 [INFO] IPUIPlugin:80 - create IPUIPlugin
2025-08-05 12:42:05,074 [INFO] IPUIPlugin:80 - create IPUIPlugin
2025-08-05 12:42:05,074 [INFO] IPUIPlugin:80 - create IPUIPlugin
2025-08-05 12:42:05,075 [INFO] IPUIPlugin:80 - create IPUIPlugin
2025-08-05 12:42:05,075 [INFO] IPUIPlugin:80 - create IPUIPlugin
2025-08-05 12:42:05,075 [INFO] IPUIPlugin:80 - create IPUIPlugin
2025-08-05 12:42:05,075 [INFO] IPUIPlugin:80 - create IPUIPlugin
2025-08-05 12:42:05,075 [INFO] IPUIPlugin:80 - create IPUIPlugin
2025-08-05 12:42:05,075 [INFO] IPUIPlugin:80 - create IPUIPlugin
2025-08-05 12:42:05,075 [INFO] IPUIPlugin:80 - create IPUIPlugin
2025-08-05 12:42:05,075 [INFO] IPUIPlugin:80 - create IPUIPlugin
2025-08-05 12:42:05,075 [INFO] IPUIPlugin:80 - create IPUIPlugin
2025-08-05 12:42:05,075 [INFO] IPUIPlugin:80 - create IPUIPlugin
2025-08-05 12:42:05,076 [INFO] IPUIPlugin:80 - create IPUIPlugin
2025-08-05 12:42:05,076 [INFO] IPUIPlugin:80 - create IPUIPlugin
2025-08-05 12:42:05,076 [INFO] IPUIPlugin:80 - create IPUIPlugin
2025-08-05 12:42:05,076 [INFO] IPUIPlugin:80 - create IPUIPlugin
2025-08-05 12:42:05,076 [INFO] IPUIPlugin:80 - create IPUIPlugin
2025-08-05 12:42:05,076 [INFO] IPUIPlugin:80 - create IPUIPlugin
2025-08-05 12:42:05,076 [INFO] IPUIPlugin:80 - create IPUIPlugin
2025-08-05 12:42:05,076 [INFO] IPUIPlugin:80 - create IPUIPlugin
2025-08-05 12:42:05,078 [INFO] IPUIPlugin:80 - create IPUIPlugin
2025-08-05 12:42:05,078 [INFO] IPUIPlugin:80 - create IPUIPlugin
2025-08-05 12:42:05,079 [INFO] IPUIPlugin:80 - create IPUIPlugin
2025-08-05 12:42:05,079 [INFO] IPUIPlugin:80 - create IPUIPlugin
2025-08-05 12:42:05,079 [INFO] IPUIPlugin:80 - create IPUIPlugin
2025-08-05 12:42:05,079 [INFO] IPUIPlugin:80 - create IPUIPlugin
2025-08-05 12:42:05,079 [INFO] IPUIPlugin:80 - create IPUIPlugin
2025-08-05 12:42:05,079 [INFO] IPUIPlugin:80 - create IPUIPlugin
2025-08-05 12:42:05,080 [INFO] IPUIPlugin:80 - create IPUIPlugin
2025-08-05 12:42:05,080 [INFO] IPUIPlugin:80 - create IPUIPlugin
2025-08-05 12:42:05,080 [INFO] IPUIPlugin:80 - create IPUIPlugin
2025-08-05 12:42:05,080 [INFO] IPUIPlugin:80 - create IPUIPlugin
2025-08-05 12:42:05,080 [INFO] IPUIPlugin:80 - create IPUIPlugin
2025-08-05 12:42:05,081 [INFO] IPUIPlugin:80 - create IPUIPlugin
2025-08-05 12:42:05,081 [INFO] IPUIPlugin:80 - create IPUIPlugin
2025-08-05 12:42:05,081 [INFO] IPUIPlugin:80 - create IPUIPlugin
2025-08-05 12:42:05,081 [INFO] IPUIPlugin:80 - create IPUIPlugin
2025-08-05 12:42:05,081 [INFO] IPUIPlugin:80 - create IPUIPlugin
2025-08-05 12:42:05,082 [INFO] IPUIPlugin:80 - create IPUIPlugin
2025-08-05 12:42:05,082 [INFO] IPUIPlugin:80 - create IPUIPlugin
2025-08-05 12:42:05,082 [INFO] IPUIPlugin:80 - create IPUIPlugin
2025-08-05 12:42:05,082 [INFO] IPUIPlugin:80 - create IPUIPlugin
2025-08-05 12:42:05,082 [INFO] IPUIPlugin:80 - create IPUIPlugin
2025-08-05 12:42:05,083 [INFO] IPUIPlugin:80 - create IPUIPlugin
2025-08-05 12:42:05,083 [INFO] IPUIPlugin:80 - create IPUIPlugin
2025-08-05 12:42:05,083 [INFO] IPUIPlugin:80 - create IPUIPlugin
2025-08-05 12:42:05,084 [INFO] IPUIPlugin:80 - create IPUIPlugin
2025-08-05 12:42:05,084 [INFO] IPUIPlugin:80 - create IPUIPlugin
2025-08-05 12:42:05,085 [INFO] IPUIPlugin:80 - create IPUIPlugin
2025-08-05 12:42:05,085 [INFO] IPUIPlugin:80 - create IPUIPlugin
2025-08-05 12:42:05,085 [INFO] IPUIPlugin:80 - create IPUIPlugin
2025-08-05 12:42:05,086 [INFO] IPUIPlugin:80 - create IPUIPlugin
2025-08-05 12:42:05,086 [INFO] IPUIPlugin:80 - create IPUIPlugin
2025-08-05 12:42:05,086 [INFO] IPUIPlugin:80 - create IPUIPlugin
2025-08-05 12:42:05,087 [INFO] IPUIPlugin:80 - create IPUIPlugin
2025-08-05 12:42:05,087 [INFO] IPUIPlugin:80 - create IPUIPlugin
2025-08-05 12:42:05,087 [INFO] IPUIPlugin:80 - create IPUIPlugin
2025-08-05 12:42:05,087 [INFO] IPUIPlugin:80 - create IPUIPlugin
2025-08-05 12:42:05,088 [INFO] IPUIPlugin:80 - create IPUIPlugin
2025-08-05 12:42:05,088 [INFO] IPUIPlugin:80 - create IPUIPlugin
2025-08-05 12:42:05,089 [INFO] IPUIPlugin:80 - create IPUIPlugin
2025-08-05 12:42:05,089 [INFO] IPUIPlugin:80 - create IPUIPlugin
2025-08-05 12:42:05,089 [INFO] IPUIPlugin:80 - create IPUIPlugin
2025-08-05 12:42:05,089 [INFO] IPUIPlugin:80 - create IPUIPlugin
2025-08-05 12:42:05,090 [INFO] IPUIPlugin:80 - create IPUIPlugin
2025-08-05 12:42:05,090 [INFO] IPUIPlugin:80 - create IPUIPlugin
2025-08-05 12:42:05,091 [INFO] IPUIPlugin:80 - create IPUIPlugin
2025-08-05 12:42:05,092 [INFO] IPUIPlugin:80 - create IPUIPlugin
2025-08-05 12:42:05,168 [INFO] ApiDbMcu:532 - Load IP Config File for PDM2PCM
2025-08-05 12:42:05,356 [INFO] CADModel:165 - CPN selected for project levelSTM32F767ZIT6
2025-08-05 12:42:05,356 [INFO] CADModel:114 - Register for checkConnection events
2025-08-05 12:42:05,410 [INFO] OpenFileManager:386 - Restore cursor
2025-08-05 12:45:35,641 [INFO] UtilMem:75 - End SaveConfig() Used Memory: 868677848 Bytes (1073741824)
2025-08-05 12:45:36,327 [INFO] UtilMem:75 - End SaveConfig() Used Memory: 932620176 Bytes (1073741824)
2025-08-05 12:45:36,895 [INFO] BlockDiagram:2775 - set Specific Code input for plugin: SYS
2025-08-05 12:45:36,895 [INFO] BlockDiagram:2775 - set Specific Code input for plugin: RCC
2025-08-05 12:45:36,895 [INFO] BlockDiagram:2775 - set Specific Code input for plugin: NVIC
2025-08-05 12:45:36,895 [INFO] BlockDiagram:2775 - set Specific Code input for plugin: USART
2025-08-05 12:45:36,895 [INFO] BlockDiagram:2775 - set Specific Code input for plugin: CORTEX_M7
2025-08-05 12:45:36,895 [INFO] BlockDiagram:2775 - set Specific Code input for plugin: GPIO
2025-08-05 12:45:36,897 [INFO] CodeGenerator:892 - code generatio: config db path: C:\ST\STM32CubeIDE_1.19.0\STM32CubeIDE\plugins\com.st.stm32cube.common.mx_6.15.0.202507011659\\db\
2025-08-05 12:45:37,083 [INFO] CodeEngine:265 - oldGeneratedFile, C:\Users\USERIT\STM32CubeIDE\MAD_Lab\Lab_03\MXTmpFiles\license.tmp_save
2025-08-05 12:45:37,553 [INFO] CodeEngine:289 - Generated code: C:\Users\USERIT\STM32CubeIDE\MAD_Lab\Lab_03\MXTmpFiles\license.tmp
2025-08-05 12:45:37,642 [INFO] CodeEngine:265 - oldGeneratedFile, C:\Users\USERIT\STM32CubeIDE\MAD_Lab\Lab_03\Core\Src\gpio.c_save
2025-08-05 12:45:37,838 [INFO] CodeEngine:289 - Generated code: C:\Users\USERIT\STM32CubeIDE\MAD_Lab\Lab_03\Core\Src\gpio.c
2025-08-05 12:45:37,857 [INFO] CodeEngine:265 - oldGeneratedFile, C:\Users\USERIT\STM32CubeIDE\MAD_Lab\Lab_03\Core\Inc\gpio.h_save
2025-08-05 12:45:37,982 [INFO] CodeEngine:289 - Generated code: C:\Users\USERIT\STM32CubeIDE\MAD_Lab\Lab_03\Core\Inc\gpio.h
2025-08-05 12:45:38,118 [INFO] CodeEngine:265 - oldGeneratedFile, C:\Users\USERIT\STM32CubeIDE\MAD_Lab\Lab_03\MXTmpFiles\cortex.tmp_save
2025-08-05 12:45:38,247 [INFO] CodeEngine:289 - Generated code: C:\Users\USERIT\STM32CubeIDE\MAD_Lab\Lab_03\MXTmpFiles\cortex.tmp
2025-08-05 12:45:38,260 [INFO] CodeEngine:265 - oldGeneratedFile, C:\Users\USERIT\STM32CubeIDE\MAD_Lab\Lab_03\Core\Src\usart.c_save
2025-08-05 12:45:38,442 [INFO] CodeEngine:289 - Generated code: C:\Users\USERIT\STM32CubeIDE\MAD_Lab\Lab_03\Core\Src\usart.c
2025-08-05 12:45:38,456 [INFO] CodeEngine:265 - oldGeneratedFile, C:\Users\USERIT\STM32CubeIDE\MAD_Lab\Lab_03\Core\Inc\usart.h_save
2025-08-05 12:45:38,537 [INFO] CodeEngine:289 - Generated code: C:\Users\USERIT\STM32CubeIDE\MAD_Lab\Lab_03\Core\Inc\usart.h
2025-08-05 12:45:38,561 [INFO] CodeEngine:265 - oldGeneratedFile, C:\Users\USERIT\STM32CubeIDE\MAD_Lab\Lab_03\Core\Src\stm32f7xx_it.c_save
2025-08-05 12:45:38,697 [INFO] CodeEngine:289 - Generated code: C:\Users\USERIT\STM32CubeIDE\MAD_Lab\Lab_03\Core\Src\stm32f7xx_it.c
2025-08-05 12:45:38,706 [INFO] CodeEngine:265 - oldGeneratedFile, C:\Users\USERIT\STM32CubeIDE\MAD_Lab\Lab_03\Core\Inc\stm32f7xx_it.h_save
2025-08-05 12:45:38,772 [INFO] CodeEngine:289 - Generated code: C:\Users\USERIT\STM32CubeIDE\MAD_Lab\Lab_03\Core\Inc\stm32f7xx_it.h
2025-08-05 12:45:38,789 [INFO] CodeEngine:265 - oldGeneratedFile, C:\Users\USERIT\STM32CubeIDE\MAD_Lab\Lab_03\Core\Src\stm32f7xx_hal_msp.c_save
2025-08-05 12:45:38,931 [INFO] CodeEngine:289 - Generated code: C:\Users\USERIT\STM32CubeIDE\MAD_Lab\Lab_03\Core\Src\stm32f7xx_hal_msp.c
2025-08-05 12:45:38,937 [INFO] CodeEngine:265 - oldGeneratedFile, C:\Users\USERIT\STM32CubeIDE\MAD_Lab\Lab_03\MXTmpFiles\system.tmp_save
2025-08-05 12:45:38,991 [INFO] CodeEngine:289 - Generated code: C:\Users\USERIT\STM32CubeIDE\MAD_Lab\Lab_03\MXTmpFiles\system.tmp
2025-08-05 12:45:39,005 [INFO] CodeEngine:321 - oldGeneratedFile, C:\Users\USERIT\STM32CubeIDE\MAD_Lab\Lab_03\Core\Inc\stm32f7xx_hal_conf.h_save
2025-08-05 12:45:39,137 [INFO] CodeEngine:345 - Generated code: C:\Users\USERIT\STM32CubeIDE\MAD_Lab\Lab_03\Core\Inc\stm32f7xx_hal_conf.h
2025-08-05 12:45:39,186 [INFO] ApiDbMcu:532 - Load IP Config File for USART3
2025-08-05 12:45:39,191 [INFO] ApiDbMcu:532 - Load IP Config File for RCC
2025-08-05 12:45:39,205 [INFO] CodeEngine:265 - oldGeneratedFile, C:\Users\USERIT\STM32CubeIDE\MAD_Lab\Lab_03\Core\Inc\main.h_save
2025-08-05 12:45:39,349 [INFO] CodeEngine:289 - Generated code: C:\Users\USERIT\STM32CubeIDE\MAD_Lab\Lab_03\Core\Inc\main.h
2025-08-05 12:45:39,358 [INFO] CodeEngine:265 - oldGeneratedFile, C:\Users\USERIT\STM32CubeIDE\MAD_Lab\Lab_03\Core\Src\main.c_save
2025-08-05 12:45:39,527 [INFO] CodeEngine:289 - Generated code: C:\Users\USERIT\STM32CubeIDE\MAD_Lab\Lab_03\Core\Src\main.c
2025-08-05 12:45:39,878 [INFO] ProjectBuilder:3606 - Time for Copy HAL[1] : 158mS.
2025-08-05 12:45:39,883 [INFO] ProjectBuilder:5216 - Project Generator version: 4.7.0-B52
2025-08-05 12:45:40,088 [INFO] ConfigFileManager:1595 - The Die is : DIE451
2025-08-05 12:45:40,097 [INFO] ApiDbMcu:532 - Load IP Config File for FATFS
2025-08-05 12:45:40,103 [INFO] ApiDbMcu:532 - Load IP Config File for FREERTOS
2025-08-05 12:45:40,105 [INFO] ApiDbMcu:532 - Load IP Config File for LIBJPEG
2025-08-05 12:45:40,113 [INFO] ApiDbMcu:532 - Load IP Config File for LWIP
2025-08-05 12:45:40,119 [INFO] ApiDbMcu:532 - Load IP Config File for MBEDTLS
2025-08-05 12:45:40,126 [INFO] ApiDbMcu:532 - Load IP Config File for USB_DEVICE
2025-08-05 12:45:40,132 [INFO] ApiDbMcu:532 - Load IP Config File for USB_HOST
2025-08-05 12:45:40,653 [INFO] LogOutputStream:77 - [STDOUT_REDIRECT] 
2025-08-05 12:45:41,978 [INFO] ProjectBuilder:5496 - Time for Generating toolchain IDE Files: 2094mS.
2025-08-05 12:45:41,979 [INFO] ProjectBuilder:3463 - Time for Copy CMSIS : 1mS.
2025-08-05 12:45:41,982 [INFO] ProjectBuilder:3463 - Time for Copy CMSIS : 0mS.
2025-08-05 12:58:32,073 [INFO] WebApp:194 - Connection lost
2025-08-05 12:58:41,628 [INFO] WebApp:191 - Connection restablished
2025-08-05 12:58:43,428 [INFO] WebApp:194 - Connection lost
2025-08-05 12:58:43,624 [INFO] WebApp:191 - Connection restablished
2025-08-05 14:25:44,442 [INFO] UtilMem:75 - End SaveConfig() Used Memory: 669138312 Bytes (1010827264)
2025-08-05 14:26:37,511 [INFO] UtilMem:75 - End SaveConfig() Used Memory: 581806704 Bytes (1010827264)
2025-08-05 14:26:37,984 [INFO] BlockDiagram:2775 - set Specific Code input for plugin: SYS
2025-08-05 14:26:37,984 [INFO] BlockDiagram:2775 - set Specific Code input for plugin: RCC
2025-08-05 14:26:37,985 [INFO] BlockDiagram:2775 - set Specific Code input for plugin: NVIC
2025-08-05 14:26:37,985 [INFO] BlockDiagram:2775 - set Specific Code input for plugin: USART
2025-08-05 14:26:37,985 [INFO] BlockDiagram:2775 - set Specific Code input for plugin: CORTEX_M7
2025-08-05 14:26:37,986 [INFO] BlockDiagram:2775 - set Specific Code input for plugin: GPIO
2025-08-05 14:26:37,987 [INFO] CodeGenerator:892 - code generatio: config db path: C:\ST\STM32CubeIDE_1.19.0\STM32CubeIDE\plugins\com.st.stm32cube.common.mx_6.15.0.202507011659\\db\
2025-08-05 14:26:38,103 [INFO] CodeEngine:265 - oldGeneratedFile, C:\Users\USERIT\STM32CubeIDE\MAD_Lab\Lab_03\MXTmpFiles\license.tmp_save
2025-08-05 14:26:38,439 [INFO] CodeEngine:289 - Generated code: C:\Users\USERIT\STM32CubeIDE\MAD_Lab\Lab_03\MXTmpFiles\license.tmp
2025-08-05 14:26:38,487 [INFO] CodeEngine:265 - oldGeneratedFile, C:\Users\USERIT\STM32CubeIDE\MAD_Lab\Lab_03\Core\Src\gpio.c_save
2025-08-05 14:26:38,706 [INFO] CodeEngine:289 - Generated code: C:\Users\USERIT\STM32CubeIDE\MAD_Lab\Lab_03\Core\Src\gpio.c
2025-08-05 14:26:38,717 [INFO] CodeEngine:265 - oldGeneratedFile, C:\Users\USERIT\STM32CubeIDE\MAD_Lab\Lab_03\Core\Inc\gpio.h_save
2025-08-05 14:26:38,867 [INFO] CodeEngine:289 - Generated code: C:\Users\USERIT\STM32CubeIDE\MAD_Lab\Lab_03\Core\Inc\gpio.h
2025-08-05 14:26:38,944 [INFO] CodeEngine:265 - oldGeneratedFile, C:\Users\USERIT\STM32CubeIDE\MAD_Lab\Lab_03\MXTmpFiles\cortex.tmp_save
2025-08-05 14:26:39,106 [INFO] CodeEngine:289 - Generated code: C:\Users\USERIT\STM32CubeIDE\MAD_Lab\Lab_03\MXTmpFiles\cortex.tmp
2025-08-05 14:26:39,138 [INFO] CodeEngine:265 - oldGeneratedFile, C:\Users\USERIT\STM32CubeIDE\MAD_Lab\Lab_03\Core\Src\usart.c_save
2025-08-05 14:26:39,343 [INFO] CodeEngine:289 - Generated code: C:\Users\USERIT\STM32CubeIDE\MAD_Lab\Lab_03\Core\Src\usart.c
2025-08-05 14:26:39,361 [INFO] CodeEngine:265 - oldGeneratedFile, C:\Users\USERIT\STM32CubeIDE\MAD_Lab\Lab_03\Core\Inc\usart.h_save
2025-08-05 14:26:39,472 [INFO] CodeEngine:289 - Generated code: C:\Users\USERIT\STM32CubeIDE\MAD_Lab\Lab_03\Core\Inc\usart.h
2025-08-05 14:26:39,491 [INFO] CodeEngine:265 - oldGeneratedFile, C:\Users\USERIT\STM32CubeIDE\MAD_Lab\Lab_03\Core\Src\stm32f7xx_it.c_save
2025-08-05 14:26:39,759 [INFO] CodeEngine:289 - Generated code: C:\Users\USERIT\STM32CubeIDE\MAD_Lab\Lab_03\Core\Src\stm32f7xx_it.c
2025-08-05 14:26:39,767 [INFO] CodeEngine:265 - oldGeneratedFile, C:\Users\USERIT\STM32CubeIDE\MAD_Lab\Lab_03\Core\Inc\stm32f7xx_it.h_save
2025-08-05 14:26:39,856 [INFO] CodeEngine:289 - Generated code: C:\Users\USERIT\STM32CubeIDE\MAD_Lab\Lab_03\Core\Inc\stm32f7xx_it.h
2025-08-05 14:26:39,873 [INFO] CodeEngine:265 - oldGeneratedFile, C:\Users\USERIT\STM32CubeIDE\MAD_Lab\Lab_03\Core\Src\stm32f7xx_hal_msp.c_save
2025-08-05 14:26:40,013 [INFO] CodeEngine:289 - Generated code: C:\Users\USERIT\STM32CubeIDE\MAD_Lab\Lab_03\Core\Src\stm32f7xx_hal_msp.c
2025-08-05 14:26:40,020 [INFO] CodeEngine:265 - oldGeneratedFile, C:\Users\USERIT\STM32CubeIDE\MAD_Lab\Lab_03\MXTmpFiles\system.tmp_save
2025-08-05 14:26:40,082 [INFO] CodeEngine:289 - Generated code: C:\Users\USERIT\STM32CubeIDE\MAD_Lab\Lab_03\MXTmpFiles\system.tmp
2025-08-05 14:26:40,107 [INFO] CodeEngine:321 - oldGeneratedFile, C:\Users\USERIT\STM32CubeIDE\MAD_Lab\Lab_03\Core\Inc\stm32f7xx_hal_conf.h_save
2025-08-05 14:26:40,246 [INFO] CodeEngine:345 - Generated code: C:\Users\USERIT\STM32CubeIDE\MAD_Lab\Lab_03\Core\Inc\stm32f7xx_hal_conf.h
2025-08-05 14:26:40,282 [INFO] CodeEngine:265 - oldGeneratedFile, C:\Users\USERIT\STM32CubeIDE\MAD_Lab\Lab_03\Core\Inc\main.h_save
2025-08-05 14:26:40,421 [INFO] CodeEngine:289 - Generated code: C:\Users\USERIT\STM32CubeIDE\MAD_Lab\Lab_03\Core\Inc\main.h
2025-08-05 14:26:40,429 [INFO] CodeEngine:265 - oldGeneratedFile, C:\Users\USERIT\STM32CubeIDE\MAD_Lab\Lab_03\Core\Src\main.c_save
2025-08-05 14:26:40,532 [INFO] CodeEngine:289 - Generated code: C:\Users\USERIT\STM32CubeIDE\MAD_Lab\Lab_03\Core\Src\main.c
2025-08-05 14:26:40,943 [INFO] ProjectBuilder:3606 - Time for Copy HAL[1] : 219mS.
2025-08-05 14:26:40,947 [INFO] ProjectBuilder:5216 - Project Generator version: 4.7.0-B52
2025-08-05 14:26:41,029 [INFO] ConfigFileManager:1595 - The Die is : DIE451
2025-08-05 14:26:42,195 [INFO] ProjectBuilder:5496 - Time for Generating toolchain IDE Files: 1248mS.
2025-08-05 14:26:42,196 [INFO] ProjectBuilder:3463 - Time for Copy CMSIS : 0mS.
2025-08-05 14:26:42,202 [INFO] ProjectBuilder:3463 - Time for Copy CMSIS : 0mS.
2025-08-05 15:19:09,763 [INFO] WebApp:194 - Connection lost
2025-08-05 15:19:14,202 [INFO] WebApp:191 - Connection restablished
2025-08-05 15:19:15,524 [INFO] WebApp:194 - Connection lost
2025-08-05 15:19:15,710 [INFO] WebApp:191 - Connection restablished
2025-08-05 15:20:08,013 [ERROR] LogOutputStream:75 - [STDERR_REDIRECT] 
