2025-09-02 12:15:06,887 [INFO] Activator:176 - 


2025-09-02 12:15:06,892 [INFO] Activator:177 - !SESSION log4j initialized
2025-09-02 12:15:14,706 [INFO] LogOutputStream:77 - [STDOUT_REDIRECT] 
2025-09-02 12:15:19,173 [INFO] ApplicationProperties:184 - Using Application install path: C:\ST\STM32CubeIDE_1.19.0\STM32CubeIDE\plugins\com.st.stm32cube.common.mx_6.15.0.202507011659
2025-09-02 12:15:19,190 [INFO] DbMcusXml:78 - Set database path to: C:\ST\STM32CubeIDE_1.19.0\STM32CubeIDE\plugins\com.st.stm32cube.common.mx_6.15.0.202507011659\\db\/mcu/
2025-09-02 12:15:19,191 [INFO] ApiDb:274 - Set plugin database path to: C:\ST\STM32CubeIDE_1.19.0\STM32CubeIDE\plugins\com.st.stm32cube.common.mx_6.15.0.202507011659\\db\/plugins/boardmanager/
2025-09-02 12:15:19,191 [WARN] ApiDb:259 - Overriding images path with different value:  => C:\ST\STM32CubeIDE_1.19.0\STM32CubeIDE\plugins\com.st.stm32cube.common.mx_6.15.0.202507011659\\db\/plugins/mcufinder/images/
2025-09-02 12:15:19,201 [INFO] ApiDb:250 - Set database path to: C:\Users\USERIT\.stmcufinder\plugins\mcufinder//mcu/
2025-09-02 12:15:19,202 [INFO] DbMcusAds:125 - Set database path to: C:\Users\USERIT\.stmcufinder\plugins\mcufinder//mcu/
2025-09-02 12:15:19,205 [INFO] CrossReferenceDbSqlite:203 - Set database path to: C:\Users\USERIT\.stmcufinder\plugins\mcufinder//mcu/cs/
2025-09-02 12:15:19,336 [INFO] RulesReader:64 - Compatibility file has been processed (317 Rules)
2025-09-02 12:15:19,420 [INFO] DbMcusXml:78 - Set database path to: C:\ST\STM32CubeIDE_1.19.0\STM32CubeIDE\plugins\com.st.stm32cube.common.mx_6.15.0.202507011659\\db\/mcu/
2025-09-02 12:15:19,420 [INFO] ApiDb:274 - Set plugin database path to: C:\ST\STM32CubeIDE_1.19.0\STM32CubeIDE\plugins\com.st.stm32cube.common.mx_6.15.0.202507011659\\db\/plugins/boardmanager/
2025-09-02 12:15:19,420 [INFO] ApiDb:261 - Set plugin images path to: C:\ST\STM32CubeIDE_1.19.0\STM32CubeIDE\plugins\com.st.stm32cube.common.mx_6.15.0.202507011659\\db\/plugins/mcufinder/images/
2025-09-02 12:15:19,421 [WARN] DbFile:41 - Overriding database path with different value: C:\Users\USERIT\.stmcufinder\plugins\mcufinder/ => C:\Users\USERIT\.stmcufinder\plugins\mcufinder
2025-09-02 12:15:19,421 [INFO] ApiDb:250 - Set database path to: C:\Users\USERIT\.stmcufinder\plugins\mcufinder//mcu/
2025-09-02 12:15:19,421 [WARN] DbFile:41 - Overriding database path with different value: C:\Users\USERIT\.stmcufinder\plugins\mcufinder/ => C:\Users\USERIT\.stmcufinder\plugins\mcufinder
2025-09-02 12:15:19,421 [INFO] DbMcusAds:125 - Set database path to: C:\Users\USERIT\.stmcufinder\plugins\mcufinder//mcu/
2025-09-02 12:15:19,421 [WARN] DbFile:41 - Overriding database path with different value: C:\Users\USERIT\.stmcufinder\plugins\mcufinder/ => C:\Users\USERIT\.stmcufinder\plugins\mcufinder
2025-09-02 12:15:19,421 [WARN] DbFile:41 - Overriding database path with different value: C:\Users\USERIT\.stmcufinder\plugins\mcufinder/ => C:\Users\USERIT\.stmcufinder\plugins\mcufinder
2025-09-02 12:15:19,421 [INFO] CrossReferenceDbSqlite:203 - Set database path to: C:\Users\USERIT\.stmcufinder\plugins\mcufinder//mcu/cs/
2025-09-02 12:15:19,496 [INFO] MainPanel:274 - HeapMemory: 268435456
2025-09-02 12:15:19,600 [INFO] DbMcusXml:78 - Set database path to: C:\ST\STM32CubeIDE_1.19.0\STM32CubeIDE\plugins\com.st.stm32cube.common.mx_6.15.0.202507011659\\db\/mcu/
2025-09-02 12:15:19,600 [INFO] ApiDb:274 - Set plugin database path to: C:\ST\STM32CubeIDE_1.19.0\STM32CubeIDE\plugins\com.st.stm32cube.common.mx_6.15.0.202507011659\\db\/plugins/boardmanager/
2025-09-02 12:15:19,600 [INFO] ApiDb:261 - Set plugin images path to: C:\ST\STM32CubeIDE_1.19.0\STM32CubeIDE\plugins\com.st.stm32cube.common.mx_6.15.0.202507011659\\db\/plugins/mcufinder/images/
2025-09-02 12:15:19,600 [WARN] DbFile:41 - Overriding database path with different value: C:\Users\USERIT\.stmcufinder\plugins\mcufinder/ => C:\Users\USERIT\.stmcufinder\plugins\mcufinder
2025-09-02 12:15:19,600 [INFO] ApiDb:250 - Set database path to: C:\Users\USERIT\.stmcufinder\plugins\mcufinder//mcu/
2025-09-02 12:15:19,600 [WARN] DbFile:41 - Overriding database path with different value: C:\Users\USERIT\.stmcufinder\plugins\mcufinder/ => C:\Users\USERIT\.stmcufinder\plugins\mcufinder
2025-09-02 12:15:19,600 [INFO] DbMcusAds:125 - Set database path to: C:\Users\USERIT\.stmcufinder\plugins\mcufinder//mcu/
2025-09-02 12:15:19,601 [WARN] DbFile:41 - Overriding database path with different value: C:\Users\USERIT\.stmcufinder\plugins\mcufinder/ => C:\Users\USERIT\.stmcufinder\plugins\mcufinder
2025-09-02 12:15:19,601 [WARN] DbFile:41 - Overriding database path with different value: C:\Users\USERIT\.stmcufinder\plugins\mcufinder/ => C:\Users\USERIT\.stmcufinder\plugins\mcufinder
2025-09-02 12:15:19,601 [INFO] CrossReferenceDbSqlite:203 - Set database path to: C:\Users\USERIT\.stmcufinder\plugins\mcufinder//mcu/cs/
2025-09-02 12:15:19,619 [INFO] ApplicationProperties:184 - Using Application install path: C:\ST\STM32CubeIDE_1.19.0\STM32CubeIDE\plugins\com.st.stm32cube.common.mx_6.15.0.202507011659
2025-09-02 12:15:19,620 [INFO] PluginManage:196 - Search for loadable plugins [exclusion list=, ]
2025-09-02 12:15:19,621 [INFO] PluginManage:310 - Check plugin analytics
2025-09-02 12:15:19,790 [INFO] AnalyticsPlugin:253 - Accepted Software Licenses: 
2025-09-02 12:15:19,790 [INFO] AnalyticsPlugin:255 - Accepted CMSIS Pack Licenses: 
2025-09-02 12:15:19,790 [INFO] AnalyticsPlugin:257 - Accepted Firmware Licenses: FW.F7.1.17.0
2025-09-02 12:15:19,792 [INFO] PluginManage:359 - Loaded plugin analytics (category:tool,tabindex:-1)
2025-09-02 12:15:19,792 [INFO] PluginManage:310 - Check plugin cadmodel
2025-09-02 12:15:19,809 [INFO] CADModel:105 - Init CAD model plugin
2025-09-02 12:15:19,809 [INFO] PluginManage:359 - Loaded plugin cadmodel (category:power,tabindex:5)
2025-09-02 12:15:19,809 [INFO] PluginManage:310 - Check plugin clock
2025-09-02 12:15:19,829 [INFO] PluginManage:359 - Loaded plugin clock (category:base,tabindex:2)
2025-09-02 12:15:19,830 [INFO] PluginManage:310 - Check plugin ddr
2025-09-02 12:15:19,832 [INFO] PluginManage:359 - Loaded plugin ddr (category:tool,tabindex:6)
2025-09-02 12:15:19,832 [INFO] PluginManage:310 - Check plugin filemanager
2025-09-02 12:15:19,974 [INFO] PluginManage:359 - Loaded plugin filemanager (category:base,tabindex:10)
2025-09-02 12:15:19,974 [INFO] PluginManage:310 - Check plugin ipmanager
2025-09-02 12:15:19,980 [INFO] PluginManage:359 - Loaded plugin ipmanager (category:base,tabindex:5)
2025-09-02 12:15:19,981 [INFO] PluginManage:310 - Check plugin lpbam
2025-09-02 12:15:19,999 [INFO] PluginManage:359 - Loaded plugin lpbam (category:base,tabindex:0)
2025-09-02 12:15:19,999 [INFO] PluginManage:310 - Check plugin memorymap
2025-09-02 12:15:20,023 [INFO] PluginManage:359 - Loaded plugin memorymap (category:base,tabindex:4)
2025-09-02 12:15:20,023 [INFO] PluginManage:310 - Check plugin pinoutandconfiguration
2025-09-02 12:15:20,042 [INFO] PluginManage:359 - Loaded plugin pinoutandconfiguration (category:base,tabindex:1)
2025-09-02 12:15:20,043 [INFO] PluginManage:310 - Check plugin pinoutconfig
2025-09-02 12:15:20,129 [WARN] SupportedApi:132 - Cannot load RTOS API schema: s4s-elt-must-match.1: The content of 'definitions' must match (annotation?, (simpleType | complexType)?, (unique | key | keyref)*)). A problem was found starting at: attribute.
2025-09-02 12:15:20,257 [INFO] PluginManage:359 - Loaded plugin pinoutconfig (category:base,tabindex:0)
2025-09-02 12:15:20,258 [INFO] PluginManage:310 - Check plugin power
2025-09-02 12:15:20,277 [INFO] PluginManage:359 - Loaded plugin power (category:power,tabindex:4)
2025-09-02 12:15:20,277 [INFO] PluginManage:310 - Check plugin projectmanager
2025-09-02 12:15:20,292 [INFO] PluginManage:359 - Loaded plugin projectmanager (category:projectmanager,tabindex:4)
2025-09-02 12:15:20,293 [INFO] PluginManage:310 - Check plugin rif
2025-09-02 12:15:20,312 [INFO] PluginManage:359 - Loaded plugin rif (category:base,tabindex:3)
2025-09-02 12:15:20,313 [INFO] PluginManage:310 - Check plugin thirdparty
2025-09-02 12:15:20,619 [INFO] PluginManage:359 - Loaded plugin thirdparty (category:base,tabindex:-1)
2025-09-02 12:15:20,619 [WARN] IntegrityCheckThread:84 - waiting for thirdparty lock release [integrity check]
2025-09-02 12:15:20,620 [INFO] PluginManage:310 - Check plugin tools
2025-09-02 12:15:20,620 [INFO] IntegrityCheckThread:86 - entering critical section [integrity check]
2025-09-02 12:15:20,620 [INFO] ThirdPartyUpdaterWithRetryManager:70 - Updater plugin not ready yet. [1/15]
2025-09-02 12:15:20,663 [INFO] PluginManage:359 - Loaded plugin tools (category:base,tabindex:7)
2025-09-02 12:15:20,663 [INFO] PluginManage:310 - Check plugin tutovideos
2025-09-02 12:15:20,886 [INFO] PluginManage:359 - Loaded plugin tutovideos (category:base,tabindex:-1)
2025-09-02 12:15:20,886 [INFO] PluginManage:310 - Check plugin updater
2025-09-02 12:15:20,910 [INFO] PluginManage:359 - Loaded plugin updater (category:base,tabindex:12)
2025-09-02 12:15:20,911 [INFO] PluginManage:310 - Check plugin userauth
2025-09-02 12:15:20,916 [INFO] UserAuth:118 - Init User Auth plugin
2025-09-02 12:15:20,917 [INFO] PluginManage:359 - Loaded plugin userauth (category:base,tabindex:14)
2025-09-02 12:15:20,918 [INFO] PluginManage:283 - PluginManage : Loaded plugins [18]
2025-09-02 12:15:21,145 [INFO] PinOutPanel:1589 - setPackage(No Configuration,No Configuration)
2025-09-02 12:15:21,224 [INFO] CADModel:165 - CPN selected for project level
2025-09-02 12:15:21,224 [INFO] CADModel:114 - Register for checkConnection events
2025-09-02 12:15:21,253 [INFO] IPUIPlugin:80 - create IPUIPlugin
2025-09-02 12:15:21,254 [INFO] PluginManager:220 - loadIPPluginJar : add adc
2025-09-02 12:15:21,303 [INFO] IPUIPlugin:80 - create IPUIPlugin
2025-09-02 12:15:21,303 [INFO] PluginManager:220 - loadIPPluginJar : add aes
2025-09-02 12:15:21,359 [INFO] IPUIPlugin:80 - create IPUIPlugin
2025-09-02 12:15:21,360 [INFO] PluginManager:220 - loadIPPluginJar : add can
2025-09-02 12:15:21,393 [INFO] IPUIPlugin:80 - create IPUIPlugin
2025-09-02 12:15:21,393 [INFO] PluginManager:220 - loadIPPluginJar : add comp
2025-09-02 12:15:21,437 [INFO] IPUIPlugin:80 - create IPUIPlugin
2025-09-02 12:15:21,437 [INFO] PluginManager:220 - loadIPPluginJar : add cryp
2025-09-02 12:15:21,450 [INFO] IPUIPlugin:80 - create IPUIPlugin
2025-09-02 12:15:21,451 [INFO] PluginManager:220 - loadIPPluginJar : add ddr_ctrl_phy
2025-09-02 12:15:21,489 [INFO] IPUIPlugin:80 - create IPUIPlugin
2025-09-02 12:15:21,489 [INFO] PluginManager:220 - loadIPPluginJar : add dfsdm
2025-09-02 12:15:21,504 [INFO] IPUIPlugin:80 - create IPUIPlugin
2025-09-02 12:15:21,504 [INFO] PluginManager:220 - loadIPPluginJar : add dma
2025-09-02 12:15:21,557 [INFO] IPUIPlugin:80 - create IPUIPlugin
2025-09-02 12:15:21,557 [INFO] PluginManager:220 - loadIPPluginJar : add dma3
2025-09-02 12:15:21,616 [INFO] IPUIPlugin:80 - create IPUIPlugin
2025-09-02 12:15:21,616 [INFO] PluginManager:220 - loadIPPluginJar : add extmemmanager
2025-09-02 12:15:21,645 [INFO] IPUIPlugin:80 - create IPUIPlugin
2025-09-02 12:15:21,645 [INFO] PluginManager:220 - loadIPPluginJar : add fatfs
2025-09-02 12:15:21,701 [INFO] IPUIPlugin:80 - create IPUIPlugin
2025-09-02 12:15:21,702 [INFO] PluginManager:220 - loadIPPluginJar : add fmc
2025-09-02 12:15:21,719 [INFO] IPUIPlugin:80 - create IPUIPlugin
2025-09-02 12:15:21,720 [INFO] PluginManager:220 - loadIPPluginJar : add freertos
2025-09-02 12:15:21,745 [INFO] IPUIPlugin:80 - create IPUIPlugin
2025-09-02 12:15:21,745 [INFO] PluginManager:220 - loadIPPluginJar : add genericplugin
2025-09-02 12:15:21,872 [INFO] IPUIPlugin:80 - create IPUIPlugin
2025-09-02 12:15:21,872 [INFO] PluginManager:220 - loadIPPluginJar : add gfxmmu
2025-09-02 12:15:22,042 [INFO] IPUIPlugin:80 - create IPUIPlugin
2025-09-02 12:15:22,042 [INFO] PluginManager:220 - loadIPPluginJar : add gic
2025-09-02 12:15:22,055 [INFO] IPUIPlugin:80 - create IPUIPlugin
2025-09-02 12:15:22,055 [INFO] PluginManager:220 - loadIPPluginJar : add gpio
2025-09-02 12:15:22,159 [INFO] IPUIPlugin:80 - create IPUIPlugin
2025-09-02 12:15:22,159 [INFO] PluginManager:220 - loadIPPluginJar : add gtzc
2025-09-02 12:15:22,203 [INFO] IPUIPlugin:80 - create IPUIPlugin
2025-09-02 12:15:22,203 [INFO] PluginManager:220 - loadIPPluginJar : add hash
2025-09-02 12:15:22,279 [INFO] IPUIPlugin:80 - create IPUIPlugin
2025-09-02 12:15:22,279 [INFO] PluginManager:220 - loadIPPluginJar : add i2c
2025-09-02 12:15:22,327 [INFO] IPUIPlugin:80 - create IPUIPlugin
2025-09-02 12:15:22,327 [INFO] PluginManager:220 - loadIPPluginJar : add i2s
2025-09-02 12:15:22,375 [INFO] IPUIPlugin:80 - create IPUIPlugin
2025-09-02 12:15:22,375 [INFO] PluginManager:220 - loadIPPluginJar : add i3c
2025-09-02 12:15:22,492 [INFO] IPUIPlugin:80 - create IPUIPlugin
2025-09-02 12:15:22,492 [INFO] PluginManager:220 - loadIPPluginJar : add ipddr
2025-09-02 12:15:22,600 [INFO] IPUIPlugin:80 - create IPUIPlugin
2025-09-02 12:15:22,600 [INFO] PluginManager:220 - loadIPPluginJar : add linkedlist
2025-09-02 12:15:22,646 [INFO] IPUIPlugin:80 - create IPUIPlugin
2025-09-02 12:15:22,646 [INFO] PluginManager:220 - loadIPPluginJar : add lorawan
2025-09-02 12:15:22,693 [INFO] IPUIPlugin:80 - create IPUIPlugin
2025-09-02 12:15:22,693 [INFO] PluginManager:220 - loadIPPluginJar : add ltdc
2025-09-02 12:15:22,707 [INFO] IPUIPlugin:80 - create IPUIPlugin
2025-09-02 12:15:22,707 [INFO] PluginManager:220 - loadIPPluginJar : add mdma
2025-09-02 12:15:22,722 [INFO] IPUIPlugin:80 - create IPUIPlugin
2025-09-02 12:15:22,722 [INFO] PluginManager:220 - loadIPPluginJar : add nvic
2025-09-02 12:15:22,768 [INFO] IPUIPlugin:80 - create IPUIPlugin
2025-09-02 12:15:22,769 [INFO] PluginManager:220 - loadIPPluginJar : add opamp
2025-09-02 12:15:22,846 [INFO] IPUIPlugin:80 - create IPUIPlugin
2025-09-02 12:15:22,846 [INFO] PluginManager:220 - loadIPPluginJar : add openamp
2025-09-02 12:15:22,904 [INFO] IPUIPlugin:80 - create IPUIPlugin
2025-09-02 12:15:22,904 [INFO] PluginManager:220 - loadIPPluginJar : add pdm2pcm
2025-09-02 12:15:22,918 [INFO] IPUIPlugin:80 - create IPUIPlugin
2025-09-02 12:15:22,920 [INFO] PluginManager:220 - loadIPPluginJar : add plateformsettings
2025-09-02 12:15:22,947 [INFO] IPUIPlugin:80 - create IPUIPlugin
2025-09-02 12:15:22,947 [INFO] PluginManager:220 - loadIPPluginJar : add quadspi
2025-09-02 12:15:22,980 [INFO] IPUIPlugin:80 - create IPUIPlugin
2025-09-02 12:15:22,980 [INFO] PluginManager:220 - loadIPPluginJar : add radio
2025-09-02 12:15:22,994 [INFO] IPUIPlugin:80 - create IPUIPlugin
2025-09-02 12:15:22,994 [INFO] PluginManager:220 - loadIPPluginJar : add resmgrutility
2025-09-02 12:15:23,048 [INFO] IPUIPlugin:80 - create IPUIPlugin
2025-09-02 12:15:23,048 [INFO] PluginManager:220 - loadIPPluginJar : add sai
2025-09-02 12:15:23,093 [INFO] IPUIPlugin:80 - create IPUIPlugin
2025-09-02 12:15:23,093 [INFO] PluginManager:220 - loadIPPluginJar : add spi
2025-09-02 12:15:23,181 [INFO] IPUIPlugin:80 - create IPUIPlugin
2025-09-02 12:15:23,181 [INFO] PluginManager:220 - loadIPPluginJar : add stm32_wpan
2025-09-02 12:15:23,208 [INFO] IPUIPlugin:80 - create IPUIPlugin
2025-09-02 12:15:23,208 [INFO] PluginManager:220 - loadIPPluginJar : add tim
2025-09-02 12:15:23,307 [INFO] IPUIPlugin:80 - create IPUIPlugin
2025-09-02 12:15:23,307 [INFO] PluginManager:220 - loadIPPluginJar : add touchsensing
2025-09-02 12:15:23,360 [INFO] IPUIPlugin:80 - create IPUIPlugin
2025-09-02 12:15:23,360 [INFO] PluginManager:220 - loadIPPluginJar : add tracer_emb
2025-09-02 12:15:23,403 [INFO] IPUIPlugin:80 - create IPUIPlugin
2025-09-02 12:15:23,403 [INFO] PluginManager:220 - loadIPPluginJar : add ts
2025-09-02 12:15:23,444 [INFO] IPUIPlugin:80 - create IPUIPlugin
2025-09-02 12:15:23,444 [INFO] PluginManager:220 - loadIPPluginJar : add tsc
2025-09-02 12:15:23,478 [INFO] IPUIPlugin:80 - create IPUIPlugin
2025-09-02 12:15:23,478 [INFO] PluginManager:220 - loadIPPluginJar : add ucpd
2025-09-02 12:15:23,533 [INFO] IPUIPlugin:80 - create IPUIPlugin
2025-09-02 12:15:23,533 [INFO] PluginManager:220 - loadIPPluginJar : add usart
2025-09-02 12:15:23,583 [INFO] IPUIPlugin:80 - create IPUIPlugin
2025-09-02 12:15:23,584 [INFO] PluginManager:220 - loadIPPluginJar : add usbx
2025-09-02 12:15:23,621 [INFO] ThirdPartyUpdaterWithRetryManager:70 - Updater plugin not ready yet. [2/15]
2025-09-02 12:15:23,705 [FATAL] Updater:351 - Updater called before beeing initialized
2025-09-02 12:15:23,735 [INFO] RulesReader:64 - Compatibility file has been processed (317 Rules)
2025-09-02 12:15:23,755 [INFO] RulesReader:64 - Compatibility file has been processed (317 Rules)
2025-09-02 12:15:23,763 [INFO] CADModel:165 - CPN selected for project level
2025-09-02 12:15:23,764 [INFO] CADModel:114 - Register for checkConnection events
2025-09-02 12:15:23,764 [FATAL] Updater:351 - Updater called before beeing initialized
2025-09-02 12:15:23,764 [ERROR] CADModel:125 - Updater not yet initialized, retry later 
2025-09-02 12:15:23,922 [FATAL] Updater:351 - Updater called before beeing initialized
2025-09-02 12:15:23,924 [INFO] CADModel:165 - CPN selected for project level
2025-09-02 12:15:23,924 [INFO] CADModel:114 - Register for checkConnection events
2025-09-02 12:15:23,924 [FATAL] Updater:351 - Updater called before beeing initialized
2025-09-02 12:15:23,924 [ERROR] CADModel:125 - Updater not yet initialized, retry later 
2025-09-02 12:15:23,927 [FATAL] Updater:351 - Updater called before beeing initialized
2025-09-02 12:15:24,065 [FATAL] Updater:351 - Updater called before beeing initialized
2025-09-02 12:15:24,075 [INFO] DbMcusAds:53 - JSON generation date=Tue Jul 08 15:14:23 ICT 2025 (1751962463582)
2025-09-02 12:15:24,076 [FATAL] Updater:351 - Updater called before beeing initialized
2025-09-02 12:15:24,111 [WARN] DetailPanel:346 - Failed to get advertising image, set to default
2025-09-02 12:15:24,182 [FATAL] Updater:351 - Updater called before beeing initialized
2025-09-02 12:15:24,183 [FATAL] Updater:351 - Updater called before beeing initialized
2025-09-02 12:15:24,183 [FATAL] Updater:351 - Updater called before beeing initialized
2025-09-02 12:15:24,183 [WARN] DetailPanel:346 - Failed to get advertising image, set to default
2025-09-02 12:15:24,184 [FATAL] Updater:351 - Updater called before beeing initialized
2025-09-02 12:15:24,242 [ERROR] Updater:1198 - MainUpdater not yet initialized. External WinMGr cannot be set.
2025-09-02 12:15:24,252 [INFO] Updater:1134 - Updater Version found : 6.15.0
2025-09-02 12:15:24,267 [INFO] ApplicationProperties:184 - Using Application install path: C:\ST\STM32CubeIDE_1.19.0\STM32CubeIDE\plugins\com.st.stm32cube.common.mx_6.15.0.202507011659
2025-09-02 12:15:25,841 [ERROR] LogOutputStream:75 - [STDERR_REDIRECT] Sep 02, 2025 12:15:25 PM java.util.prefs.WindowsPreferences <init>
2025-09-02 12:15:25,843 [ERROR] LogOutputStream:75 - [STDERR_REDIRECT] WARNING: Could not open/create prefs root node Software\JavaSoft\Prefs at root 0xffffffff80000002. Windows RegCreateKeyEx(...) returned error code 5.
2025-09-02 12:15:25,843 [ERROR] LogOutputStream:75 - [STDERR_REDIRECT] 
2025-09-02 12:15:26,211 [INFO] MainUpdater:2872 - connection check result : 10
2025-09-02 12:15:26,212 [INFO] MainUpdater:3604 - Updater definition file requires update
2025-09-02 12:15:26,213 [INFO] MainUpdater:289 - Updater Check For Update Now.
2025-09-02 12:15:26,214 [INFO] MicroXplorer:498 - Change Database Version : DB.6.0.150
2025-09-02 12:15:26,286 [INFO] McuFinderGlobals:63 - Set McuFinder mode to 2 (CubeIDE integrated)
2025-09-02 12:15:26,327 [INFO] ServerAccessManage:452 - Complete download http(s) 200
2025-09-02 12:15:26,329 [INFO] ServerAccessManage:509 - Download File updaters.zip
2025-09-02 12:15:26,352 [INFO] UserAuth:487 - Internet connection configuration mode: 1
2025-09-02 12:15:26,416 [INFO] JxBrowserEngine:152 - Initiate JxBrowser Engine with user profile folder
2025-09-02 12:15:26,537 [INFO] FileExtend:248 - Unzip File : updaters.zip
2025-09-02 12:15:26,538 [INFO] FileExtend:263 - Standard Zip Deflate
2025-09-02 12:15:26,698 [WARN] MainUpdater:1193 - Updater busy. Cannot search thirdparties
2025-09-02 12:15:26,698 [INFO] ThirdPartyUpdaterWithRetryManager:96 - Updater plugin is busy. [1/15]
2025-09-02 12:15:27,469 [INFO] ServerAccessManage:452 - Complete download http(s) 200
2025-09-02 12:15:27,470 [INFO] ServerAccessManage:509 - Download File PacksControlFlags.xml
2025-09-02 12:15:27,747 [INFO] ServerAccessManage:452 - Complete download http(s) 200
2025-09-02 12:15:27,748 [INFO] ServerAccessManage:509 - Download File cubemx.pidx
2025-09-02 12:15:28,156 [INFO] LoadServerUpdatesThread:375 - End of LoadServerUpdate Thread
2025-09-02 12:15:28,810 [INFO] CheckServerUpdateThread:120 - End of CheckServer Thread
2025-09-02 12:15:29,332 [INFO] WebApp:169 - Instantiating new browser for Auth
2025-09-02 12:15:30,351 [WARN] PackLoader:240 - Cannot read IP mode file for STMicroelectronics.FP-SNS-MOTENVWB1.1.4.0
2025-09-02 12:15:30,396 [WARN] PackLoader:240 - Cannot read IP mode file for STMicroelectronics.FP-ATR-ASTRA1.2.0.2
2025-09-02 12:15:30,436 [WARN] PackLoader:240 - Cannot read IP mode file for STMicroelectronics.X-CUBE-SMBUS.2.1.0
2025-09-02 12:15:30,491 [WARN] PackLoader:240 - Cannot read IP mode file for STMicroelectronics.X-CUBE-ST60.1.0.0
2025-09-02 12:15:30,700 [WARN] PackLoader:240 - Cannot read IP mode file for STMicroelectronics.X-CUBE-AZRTOS-F7.1.1.0
2025-09-02 12:15:30,822 [WARN] PackLoader:240 - Cannot read IP mode file for Infineon.AIROC-Wi-Fi-Bluetooth-STM32.1.7.1
2025-09-02 12:15:30,841 [INFO] WebApp:463 - Apply proxy settings
2025-09-02 12:15:30,842 [INFO] WebApp:548 - Chromium requires no authentication
2025-09-02 12:15:30,862 [INFO] WebApp:491 - Direct internet connection detected
2025-09-02 12:15:30,886 [WARN] PackLoader:240 - Cannot read IP mode file for STMicroelectronics.X-CUBE-DISPLAY.3.0.0
2025-09-02 12:15:30,967 [WARN] PackLoader:240 - Cannot read IP mode file for STMicroelectronics.X-CUBE-NFC10.1.0.0
2025-09-02 12:15:30,981 [INFO] WebApp:900 - Register for checkConnection events
2025-09-02 12:15:30,983 [INFO] WebApp:463 - Apply proxy settings
2025-09-02 12:15:30,983 [INFO] WebApp:548 - Chromium requires no authentication
2025-09-02 12:15:30,983 [INFO] WebApp:491 - Direct internet connection detected
2025-09-02 12:15:31,011 [WARN] PackLoader:240 - Cannot read IP mode file for emotas.I-CUBE-CANOPEN.1.3.0
2025-09-02 12:15:31,051 [WARN] PackLoader:240 - Cannot read IP mode file for STMicroelectronics.FP-SNS-STBOX1.2.1.0
2025-09-02 12:15:31,080 [WARN] PackLoader:240 - Cannot read IP mode file for STMicroelectronics.FP-SNS-SMARTAG2.1.2.0
2025-09-02 12:15:31,108 [WARN] PackLoader:240 - Cannot read IP mode file for STMicroelectronics.FP-SNS-FLIGHT1.5.1.0
2025-09-02 12:15:31,146 [INFO] LogOutputStream:77 - [STDOUT_REDIRECT] 1 : Invalid condition id : UX_CORESTACK_Condition cause : null
2025-09-02 12:15:31,146 [INFO] LogOutputStream:77 - [STDOUT_REDIRECT] 1 : Invalid condition id : UX_CORESTACK_Condition cause : null
2025-09-02 12:15:31,147 [INFO] LogOutputStream:77 - [STDOUT_REDIRECT] 1 : Invalid condition id : UX_CORESTACK_Condition cause : null
2025-09-02 12:15:31,149 [INFO] LogOutputStream:77 - [STDOUT_REDIRECT] 1 : Invalid condition id : UX_CORESTACK_Condition cause : null
2025-09-02 12:15:31,151 [INFO] LogOutputStream:77 - [STDOUT_REDIRECT] 1 : Invalid condition id : UX_CORESTACK_Condition cause : null
2025-09-02 12:15:31,155 [WARN] PackLoader:240 - Cannot read IP mode file for STMicroelectronics.X-CUBE-AZRTOS-WL.2.0.0
2025-09-02 12:15:31,185 [WARN] PackLoader:240 - Cannot read IP mode file for STMicroelectronics.FP-SNS-MOTENV1.5.0.0
2025-09-02 12:15:31,217 [WARN] PackLoader:240 - Cannot read IP mode file for WES.I-CUBE-Cesium.1.3.0
2025-09-02 12:15:31,245 [WARN] PackLoader:240 - Cannot read IP mode file for STMicroelectronics.X-CUBE-BLE2.3.3.0
2025-09-02 12:15:31,276 [WARN] PackLoader:240 - Cannot read IP mode file for STMicroelectronics.X-CUBE-NFC9.1.0.0
2025-09-02 12:15:31,310 [WARN] PackLoader:240 - Cannot read IP mode file for STMicroelectronics.X-CUBE-BLE1.7.1.0
2025-09-02 12:15:31,334 [WARN] PackLoader:240 - Cannot read IP mode file for wolfSSL.I-CUBE-wolfMQTT.1.19.2
2025-09-02 12:15:31,340 [INFO] WebApp:225 - Starting web application
2025-09-02 12:15:31,342 [INFO] WebApp:593 - Web application path used C:\ST\STM32CubeIDE_1.19.0\STM32CubeIDE\plugins\com.st.stm32cube.common.mx_6.15.0.202507011659\db\plugins\mcufinder\reactClient1\index.html
2025-09-02 12:15:31,361 [WARN] PackLoader:240 - Cannot read IP mode file for STMicroelectronics.X-CUBE-AI.10.1.0
2025-09-02 12:15:31,437 [WARN] PackLoader:240 - Cannot read IP mode file for STMicroelectronics.X-CUBE-AZRTOS-G0.1.1.0
2025-09-02 12:15:31,475 [WARN] PackLoader:240 - Cannot read IP mode file for STMicroelectronics.X-CUBE-SAFEA1.1.2.2
2025-09-02 12:15:31,516 [WARN] PackLoader:240 - Cannot read IP mode file for STMicroelectronics.X-CUBE-NFC4.3.0.0
2025-09-02 12:15:31,557 [WARN] PackLoader:240 - Cannot read IP mode file for EmbeddedOffice.I-CUBE-FS-RTOS.1.0.1
2025-09-02 12:15:31,598 [WARN] PackLoader:240 - Cannot read IP mode file for STMicroelectronics.X-CUBE-WB05N.2.0.0
2025-09-02 12:15:31,633 [WARN] PackLoader:240 - Cannot read IP mode file for wolfSSL.I-CUBE-wolfTPM.3.8.0
2025-09-02 12:15:31,661 [WARN] PackLoader:240 - Cannot read IP mode file for STMicroelectronics.X-CUBE-TCPP.4.2.0
2025-09-02 12:15:31,693 [WARN] PackLoader:240 - Cannot read IP mode file for RealThread.X-CUBE-RT-Thread_Nano.4.1.1
2025-09-02 12:15:31,723 [WARN] PackLoader:240 - Cannot read IP mode file for STMicroelectronics.FP-ATR-SIGFOX1.3.2.0
2025-09-02 12:15:31,726 [INFO] UserAuth:487 - Internet connection configuration mode: 1
2025-09-02 12:15:31,761 [WARN] PackLoader:240 - Cannot read IP mode file for ITTIA_DB.I-CUBE-ITTIADB.8.9.0
2025-09-02 12:15:31,796 [WARN] PackLoader:240 - Cannot read IP mode file for STMicroelectronics.X-CUBE-ST67W61.1.0.0
2025-09-02 12:15:31,824 [WARN] PackLoader:240 - Cannot read IP mode file for STMicroelectronics.X-CUBE-AI.10.2.0
2025-09-02 12:15:31,858 [INFO] WebApp:191 - Connection restablished
2025-09-02 12:15:31,888 [WARN] PackLoader:240 - Cannot read IP mode file for SEGGER.I-CUBE-embOS.1.3.1
2025-09-02 12:15:31,959 [WARN] PackLoader:240 - Cannot read IP mode file for STMicroelectronics.X-CUBE-ALGOBUILD.1.4.0
2025-09-02 12:15:32,057 [WARN] PackLoader:240 - Cannot read IP mode file for STMicroelectronics.X-CUBE-MEMS1.11.3.0
2025-09-02 12:15:32,271 [WARN] PackLoader:240 - Cannot read IP mode file for STMicroelectronics.X-CUBE-PM33A1.1.0.0
2025-09-02 12:15:32,338 [WARN] PackLoader:240 - Cannot read IP mode file for STMicroelectronics.X-CUBE-AZRTOS-F4.1.1.0
2025-09-02 12:15:32,368 [WARN] PackLoader:240 - Cannot read IP mode file for STMicroelectronics.X-CUBE-ISPU.2.1.0
2025-09-02 12:15:32,419 [WARN] PackLoader:240 - Cannot read IP mode file for STMicroelectronics.X-CUBE-AZRTOS-L5.2.0.0
2025-09-02 12:15:32,456 [WARN] PackLoader:240 - Cannot read IP mode file for STMicroelectronics.X-CUBE-NFC6.3.1.0
2025-09-02 12:15:32,488 [WARN] PackLoader:240 - Cannot read IP mode file for STMicroelectronics.X-CUBE-FREERTOS.1.3.1
2025-09-02 12:15:32,515 [WARN] PackLoader:240 - Cannot read IP mode file for STMicroelectronics.X-CUBE-DPower.1.3.0
2025-09-02 12:15:32,567 [WARN] ConditionMgr:438 - getConditionDescription Invalid condition id : LAN8742 Phy interface Condition cause : null
2025-09-02 12:15:32,569 [WARN] PackLoader:240 - Cannot read IP mode file for STMicroelectronics.X-CUBE-AZRTOS-L4.2.0.0
2025-09-02 12:15:32,571 [WARN] ConditionMgr:1044 - genDependencies : Invalid condition id : LAN8742 Phy interface Condition cause : null
2025-09-02 12:15:32,571 [WARN] ConditionMgr:1044 - genDependencies : Invalid condition id : LAN8742 Phy interface Condition cause : null
2025-09-02 12:15:32,571 [WARN] ConditionMgr:1044 - genDependencies : Invalid condition id : LAN8742 Phy interface Condition cause : null
2025-09-02 12:15:32,603 [WARN] PackLoader:240 - Cannot read IP mode file for STMicroelectronics.X-CUBE-SFXS2LP1.4.0.0
2025-09-02 12:15:32,645 [WARN] ConditionMgr:438 - getConditionDescription Invalid condition id : UX DEVICE CLASS RTOS Condition cause : null
2025-09-02 12:15:32,645 [WARN] ConditionMgr:438 - getConditionDescription Invalid condition id : UX DEVICE CLASS RTOS Condition cause : null
2025-09-02 12:15:32,647 [WARN] PackLoader:240 - Cannot read IP mode file for STMicroelectronics.X-CUBE-AZRTOS-WB.2.0.0
2025-09-02 12:15:32,649 [WARN] ConditionMgr:1044 - genDependencies : Invalid condition id : UX DEVICE CLASS RTOS Condition cause : null
2025-09-02 12:15:32,649 [WARN] ConditionMgr:1044 - genDependencies : Invalid condition id : UX DEVICE CLASS RTOS Condition cause : null
2025-09-02 12:15:32,649 [WARN] ConditionMgr:1044 - genDependencies : Invalid condition id : UX DEVICE CLASS RTOS Condition cause : null
2025-09-02 12:15:32,651 [WARN] ConditionMgr:1044 - genDependencies : Invalid condition id : UX DEVICE CLASS RTOS Condition cause : null
2025-09-02 12:15:32,651 [WARN] ConditionMgr:1044 - genDependencies : Invalid condition id : UX DEVICE CLASS RTOS Condition cause : null
2025-09-02 12:15:32,678 [WARN] PackLoader:240 - Cannot read IP mode file for STMicroelectronics.X-CUBE-GNSS1.7.0.1
2025-09-02 12:15:32,704 [WARN] PackLoader:240 - Cannot read IP mode file for STMicroelectronics.X-CUBE-TOUCHGFX.4.25.0
2025-09-02 12:15:32,721 [WARN] PackLoader:240 - Cannot read IP mode file for STMicroelectronics.FP-SNS-STBOX1.2.0.0
2025-09-02 12:15:32,744 [WARN] ConditionMgr:438 - getConditionDescription Invalid condition id : Cortex-A Device cause : null
2025-09-02 12:15:32,779 [WARN] ConditionMgr:1044 - genDependencies : Invalid condition id : Cortex-A Device cause : null
2025-09-02 12:15:32,779 [WARN] ConditionMgr:1044 - genDependencies : Invalid condition id : Cortex-A Device cause : null
2025-09-02 12:15:32,779 [WARN] ConditionMgr:1044 - genDependencies : Invalid condition id : Cortex-A Device cause : null
2025-09-02 12:15:32,811 [WARN] PackLoader:240 - Cannot read IP mode file for STMicroelectronics.X-CUBE-SUBG2.5.0.0
2025-09-02 12:15:32,865 [WARN] PackLoader:240 - Cannot read IP mode file for STMicroelectronics.X-CUBE-AZRTOS-H7RS.1.1.0
2025-09-02 12:15:32,896 [WARN] PackLoader:240 - Cannot read IP mode file for Cesanta.I-CUBE-Mongoose.7.13.0
2025-09-02 12:15:32,937 [WARN] PackLoader:240 - Cannot read IP mode file for STMicroelectronics.X-CUBE-AZRTOS-G4.2.0.0
2025-09-02 12:15:32,960 [WARN] PackLoader:240 - Cannot read IP mode file for wolfSSL.I-CUBE-wolfSSH.1.4.20
2025-09-02 12:15:32,991 [WARN] PackLoader:240 - Cannot read IP mode file for STMicroelectronics.X-CUBE-NFC7.2.0.0
2025-09-02 12:15:33,029 [WARN] PackLoader:240 - Cannot read IP mode file for STMicroelectronics.X-CUBE-IPS.3.1.0
2025-09-02 12:15:33,054 [WARN] PackLoader:240 - Cannot read IP mode file for STMicroelectronics.X-CUBE-ALS.1.0.2
2025-09-02 12:15:33,080 [WARN] PackLoader:240 - Cannot read IP mode file for portGmbH.I-Cube-SoM-uGOAL.1.1.0
2025-09-02 12:15:33,110 [WARN] PackLoader:240 - Cannot read IP mode file for STMicroelectronics.X-CUBE-TOF1.3.4.3
2025-09-02 12:15:33,123 [INFO] ThirdParty:978 - Integrity check success = true
2025-09-02 12:15:33,123 [INFO] IntegrityCheckThread:100 - exiting critical section [integrity check]
2025-09-02 12:15:33,123 [INFO] IntegrityCheckThread:103 - End integrity checks thread
2025-09-02 12:16:46,414 [INFO] McuFinderGlobals:63 - Set McuFinder mode to 2 (CubeIDE integrated)
2025-09-02 12:16:46,445 [INFO] MainUpdater:2872 - connection check result : 10
2025-09-02 12:16:46,452 [INFO] MainUpdater:2872 - connection check result : 10
2025-09-02 12:16:46,627 [INFO] MicroXplorer:468 - Change Database Path : 
2025-09-02 12:16:46,627 [INFO] MicroXplorer:498 - Change Database Version : DB.6.0.150
2025-09-02 12:16:46,634 [WARN] ThirdParty:871 - waiting for thirdparty lock release [close project]
2025-09-02 12:16:46,634 [INFO] ThirdParty:873 - entering critical section [close project]
2025-09-02 12:16:46,636 [INFO] ThirdParty:883 - exiting critical section [close project]
2025-09-02 12:16:46,637 [INFO] PinOutPanel:1589 - setPackage(No Configuration,No Configuration)
2025-09-02 12:16:46,638 [INFO] UtilMem:75 - Begin LoadConfig() Used Memory: 874824944 Bytes (903872512)
2025-09-02 12:16:46,639 [INFO] MicroXplorer:468 - Change Database Path : 
2025-09-02 12:16:46,639 [INFO] MicroXplorer:498 - Change Database Version : DB.6.0.150
2025-09-02 12:16:46,640 [INFO] OpenFileManager:355 - Change cursor
2025-09-02 12:16:46,682 [INFO] Mcu:2029 - Initializing MCU STM32F767ZITx STM32F767ZITx STM32F767ZIT6
2025-09-02 12:16:49,587 [INFO] Context:786 - Trying to add GPIOservice into a context  which must be forbidden
2025-09-02 12:16:50,250 [INFO] ImportTextPane:234 - (OptionalMessage_ERROR) Pin8 (VP_RIF_VS_RIF1) cannot be retrieved for this MCU
2025-09-02 12:16:50,361 [INFO] RtosManager:558 - Registered RTOS mode: class=CMSIS, group=RTOS, mode=CMSIS_V1, owner=FREERTOS
2025-09-02 12:16:50,361 [INFO] RtosManager:558 - Registered RTOS mode: class=CMSIS, group=RTOS2, mode=CMSIS_V2, owner=FREERTOS
2025-09-02 12:16:50,361 [INFO] RtosManager:558 - Registered RTOS mode: class=RTOS, group=Core, mode=CMSIS_V1, owner=FREERTOS
2025-09-02 12:16:50,361 [INFO] RtosManager:558 - Registered RTOS mode: class=RTOS, group=Core, mode=CMSIS_V2, owner=FREERTOS
2025-09-02 12:16:50,361 [WARN] ModelIntegratedComponent:184 - Missing modes for component STMicroelectronics:FreeRTOS:0.0.1:STMicroelectronics:RTOS:FreeRTOS:Core:::10.2.0:
2025-09-02 12:16:50,381 [WARN] ModelIntegratedComponent:63 - No mode defined for component null
2025-09-02 12:16:50,381 [WARN] ModelIntegratedComponent:63 - No mode defined for component null
2025-09-02 12:16:50,381 [WARN] ModelIntegratedComponent:63 - No mode defined for component null
2025-09-02 12:16:50,381 [WARN] ModelIntegratedComponent:63 - No mode defined for component null
2025-09-02 12:16:50,382 [WARN] ModelIntegratedComponent:63 - No mode defined for component null
2025-09-02 12:16:50,382 [WARN] ModelIntegratedComponent:63 - No mode defined for component null
2025-09-02 12:16:50,382 [WARN] ModelIntegratedComponent:63 - No mode defined for component null
2025-09-02 12:16:50,382 [WARN] ModelIntegratedComponent:63 - No mode defined for component null
2025-09-02 12:16:50,382 [WARN] ModelIntegratedComponent:63 - No mode defined for component null
2025-09-02 12:16:50,382 [WARN] ModelIntegratedComponent:63 - No mode defined for component null
2025-09-02 12:16:50,382 [WARN] ModelIntegratedComponent:63 - No mode defined for component null
2025-09-02 12:16:50,382 [WARN] ModelIntegratedComponent:63 - No mode defined for component null
2025-09-02 12:16:50,382 [WARN] ModelIntegratedComponent:63 - No mode defined for component null
2025-09-02 12:16:50,382 [WARN] ModelIntegratedComponent:63 - No mode defined for component null
2025-09-02 12:16:50,382 [WARN] ModelIntegratedComponent:63 - No mode defined for component null
2025-09-02 12:16:50,382 [WARN] ModelIntegratedComponent:63 - No mode defined for component null
2025-09-02 12:16:50,382 [WARN] ModelIntegratedComponent:63 - No mode defined for component null
2025-09-02 12:16:50,382 [WARN] ModelIntegratedComponent:63 - No mode defined for component null
2025-09-02 12:16:50,382 [WARN] ModelIntegratedComponent:63 - No mode defined for component null
2025-09-02 12:16:50,382 [WARN] ModelIntegratedComponent:63 - No mode defined for component null
2025-09-02 12:16:50,382 [WARN] ModelIntegratedComponent:63 - No mode defined for component null
2025-09-02 12:16:50,382 [WARN] ModelIntegratedComponent:63 - No mode defined for component null
2025-09-02 12:16:50,382 [WARN] ModelIntegratedComponent:63 - No mode defined for component null
2025-09-02 12:16:50,382 [WARN] ModelIntegratedComponent:63 - No mode defined for component null
2025-09-02 12:16:50,383 [WARN] ModelIntegratedComponent:63 - No mode defined for component null
2025-09-02 12:16:50,383 [WARN] ModelIntegratedComponent:63 - No mode defined for component null
2025-09-02 12:16:50,383 [WARN] ModelIntegratedComponent:63 - No mode defined for component null
2025-09-02 12:16:50,383 [WARN] ModelIntegratedComponent:63 - No mode defined for component null
2025-09-02 12:16:50,383 [WARN] ModelIntegratedComponent:63 - No mode defined for component null
2025-09-02 12:16:50,383 [WARN] ModelIntegratedComponent:63 - No mode defined for component null
2025-09-02 12:16:50,383 [WARN] ModelIntegratedComponent:63 - No mode defined for component null
2025-09-02 12:16:50,383 [WARN] ModelIntegratedComponent:63 - No mode defined for component null
2025-09-02 12:16:50,383 [WARN] ModelIntegratedComponent:63 - No mode defined for component null
2025-09-02 12:16:50,383 [WARN] ModelIntegratedComponent:63 - No mode defined for component null
2025-09-02 12:16:50,383 [WARN] ModelIntegratedComponent:63 - No mode defined for component null
2025-09-02 12:16:50,383 [WARN] ModelPack:524 - Component already loaded: STMicroelectronics:HAL Drivers:0.0.0:STMicroelectronics:Device:STMicro_Driver:XSPI:HAL::0.0.1:HAL_XSPI
2025-09-02 12:16:50,551 [INFO] ThirdPartyModel:298 - Start build external matchings
2025-09-02 12:16:51,016 [INFO] ThirdPartyModel:316 - End build external matchings
2025-09-02 12:16:51,690 [INFO] ApiDb:581 - Connected to CubeFinder SQLite database (C:\Users\USERIT\.stmcufinder\plugins\mcufinder\mcu\cube-finder-db.db)
2025-09-02 12:16:51,785 [INFO] ApiDb:668 - CubeFinder database Data Model version=2.1
2025-09-02 12:16:51,785 [INFO] ApiDb:669 - CubeFinder database Configuration version=3.0.39
2025-09-02 12:16:51,785 [INFO] ApiDb:670 - CubeFinder database generation date=2025-07-24 (1753349077)
2025-09-02 12:16:51,785 [INFO] ApiDb:671 - CubeFinder database FW Pack versions=[FP-ATR-ASTRA1_V2.0.0, FP-SNS-FLIGHT1_V5.1.0, FP-SNS-MOTENV1_V5.0.0, FP-SNS-MOTENVWB1_V1.4.0, FP-SNS-SMARTAG2_V1.2.0, FP-SNS-STBOX1_V2.0.0, STM32Cube_FW_C0_V1.4.0, STM32Cube_FW_F4_V1.28.2, STM32Cube_FW_F7_V1.17.3, STM32Cube_FW_G0_V1.6.2, STM32Cube_FW_G4_V1.6.1, STM32Cube_FW_H5_V1.5.0, STM32Cube_FW_H7RS_V1.2.0, STM32Cube_FW_H7_V1.12.1, STM32Cube_FW_L0_V1.12.2, STM32Cube_FW_L4_V1.18.1, STM32Cube_FW_L5_V1.5.1, STM32Cube_FW_N6_V1.2.0, STM32Cube_FW_U0_V1.3.0, STM32Cube_FW_U3_V1.2.0, STM32Cube_FW_U5_V1.8.0, STM32Cube_FW_WB0_V1.3.0, STM32Cube_FW_WBA_V1.7.0, STM32Cube_FW_WB_V1.23.0, STM32Cube_FW_WL3_V1.2.0, STM32Cube_FW_WL_V1.3.1, X-CUBE-ALGOBUILD_V1.4.0, X-CUBE-ALS_V1.0.2, X-CUBE-AZRTOS-F4_V1.1.0, X-CUBE-AZRTOS-F7_V1.1.0, X-CUBE-AZRTOS-G0_V1.1.0, X-CUBE-AZRTOS-G4_V2.0.0, X-CUBE-AZRTOS-H7RS_V1.1.0, X-CUBE-AZRTOS-H7_V3.4.0, X-CUBE-AZRTOS-L4_V2.0.0, X-CUBE-AZRTOS-L5_V2.0.0, X-CUBE-AZRTOS-WB_V2.0.0, X-CUBE-AZRTOS-WL_V2.0.0, X-CUBE-BLE1_V7.1.0, X-CUBE-BLE2_V3.3.0, X-CUBE-BLEMGR_V4.1.0, X-CUBE-EEPRMA1_V5.2.0, X-CUBE-FREERTOS_V1.3.1, X-CUBE-GNSS1_V6.0.0, X-CUBE-MEMS1_V11.3.0, X-CUBE-NFC4_V3.0.0, X-CUBE-NFC7_V2.0.0, X-CUBE-SFXS2LP1_V4.0.0, X-CUBE-ST67W61_V1.0.0, X-CUBE-SUBG2_V5.0.0, X-CUBE-TOF1_V3.4.3]
2025-09-02 12:16:51,933 [INFO] DbBoardsSqlite:226 - include board P-NUCLEO-WB55-NUCLEO as a kit item of type 'Nucleo-64'
2025-09-02 12:16:51,934 [INFO] DbBoardsSqlite:226 - include board P-NUCLEO-WB55-USBDONGLE as a kit item of type 'Nucleo USB Dongle'
2025-09-02 12:16:51,936 [INFO] DbBoardsSqlite:226 - include board STEVAL-IDP005V1 as a kit item of type 'Evaluation Board'
2025-09-02 12:16:51,937 [INFO] DbBoardsSqlite:226 - include board STEVAL-IDP005V2 as a kit item of type 'Evaluation Board'
2025-09-02 12:16:52,541 [INFO] ApiDb:240 - Found 880 in-development CPN: [B-G473E-ZEST1S, B-WB1M-WPAN1, B-WBA5M-WPAN, B-WL5M-SUBG1, NUCLEO-C031C6, NUCLEO-C051C8, NUCLEO-C071RB, NUCLEO-C092RC, NUCLEO-H503RB, NUCLEO-H533RE, NUCLEO-H563ZI, NUCLEO-H7S3L8, NUCLEO-N657X0-Q, NUCLEO-U031R8, NUCLEO-U083RC, NUCLEO-U385RG-Q, NUCLEO-U545RE-Q, NUCLEO-U5A5ZJ-Q, NUCLEO-WB05KZ, NUCLEO-WB07CC, NUCLEO-WB09KE, NUCLEO-WBA52CG, NUCLEO-WBA55CG, NUCLEO-WL33CC1, NUCLEO-WL33CC2, STEVAL-PROTEUS1, STEVAL-SMARTAG2, STEVAL-STWINBX1, STM320518-EVAL, STM32C0116-DK, STM32C011D6Y3TR, STM32C011D6Y6TR, STM32C011F4P3, STM32C011F4P6, STM32C011F4U3, STM32C011F4U6TR, STM32C011F6P3, STM32C011F6P6, STM32C011F6U3, STM32C011F6U6TR, STM32C011J4M3, STM32C011J4M6, STM32C011J6M3, STM32C011J6M6, STM32C0316-DK, STM32C031C4T3, STM32C031C4T6, STM32C031C4U3, STM32C031C4U6, STM32C031C6T3, STM32C031C6T6, STM32C031C6U3, STM32C031C6U6, STM32C031F4P3, STM32C031F4P6, STM32C031F6P3, STM32C031F6P6, STM32C031G4U3, STM32C031G4U6, STM32C031G6U3, STM32C031G6U6, STM32C031K4T3, STM32C031K4T6, STM32C031K4U3, STM32C031K4U6, STM32C031K6T3, STM32C031K6T6, STM32C031K6U3, STM32C031K6U6, STM32C051C6T6, STM32C051C6U6, STM32C051C8T6, STM32C051C8U6, STM32C051D8Y6TR, STM32C051F6P6, STM32C051F8P6, STM32C051G6U6, STM32C051G8U6, STM32C051K6T6, STM32C051K6U6, STM32C051K8T6, STM32C071C8T6, STM32C071C8T6N, STM32C071C8U6, STM32C071C8U6N, STM32C071CBT6, STM32C071CBT6N, STM32C071CBU6, STM32C071CBU6N, STM32C071F8P6, STM32C071F8P6N, STM32C071FBP6, STM32C071FBP6N, STM32C071FBY6TR, STM32C071G8U6, STM32C071G8U6N, STM32C071GBU6, STM32C071GBU6N, STM32C071K8T6, STM32C071K8T6N, STM32C071K8U6, STM32C071K8U6N, STM32C071KBT6, STM32C071KBT6N, STM32C071KBU6, STM32C071KBU6N, STM32C071R8T6, STM32C071R8T6N, STM32C071RBI6N, STM32C071RBT6, STM32C071RBT6N, STM32C091CBT6, STM32C091CBU6, STM32C091CCT6, STM32C091CCU6, STM32C091ECY6TR, STM32C091FBP6, STM32C091FCP6, STM32C091GBU6, STM32C091GCU6, STM32C091KBT6, STM32C091KBU6, STM32C091KCT6, STM32C091KCU6, STM32C091RBT6, STM32C091RCI6, STM32C091RCT6, STM32C092CBT6, STM32C092CBU6, STM32C092CCT6, STM32C092CCU6, STM32C092ECY6TR, STM32C092FBP6, STM32C092FCP6, STM32C092GBU6, STM32C092GCU6, STM32C092KBT6, STM32C092KBU6, STM32C092KCT6, STM32C092KCU6, STM32C092RBT6, STM32C092RCI6, STM32C092RCT6, STM32G071K8TXN, STM32G071K8UXN, STM32G081GBU6N, STM32G081KBT6N, STM32G081KBUXN, STM32G0B1CCT6N, STM32G0B1KCT6, STM32G0B1NEY6TR, STM32G0B1RCT6N, STM32G0C1CCT6, STM32G0C1CCT6N, STM32G0C1CCU6N, STM32G0C1CET6N, STM32G0C1CEU6N, STM32G0C1KCT6, STM32G0C1NEY6TR, STM32G0C1RCI6N, STM32G0C1RCT6N, STM32G0C1REI6N, STM32G0C1RET6N, STM32G0C1VCI6, STM32G0C1VEI6, STM32G411C6T3, STM32G411C6T6, STM32G411C6U3, STM32G411C6U6, STM32G411C8T3, STM32G411C8T6, STM32G411C8U3, STM32G411C8U6, STM32G411CBT3, STM32G411CBT6, STM32G411CBU3, STM32G411CBU6, STM32G411K6T3, STM32G411K6T6, STM32G411K6U3, STM32G411K6U6, STM32G411K8T3, STM32G411K8T6, STM32G411K8U3, STM32G411K8U6, STM32G411KBT3, STM32G411KBT6, STM32G411KBU3, STM32G411KBU6, STM32G411M6T3, STM32G411M6T6, STM32G411M8T3, STM32G411M8T6, STM32G411MBT3, STM32G411MBT6, STM32G411R6T3, STM32G411R6T6, STM32G411R8T3, STM32G411R8T6, STM32G411RBT3, STM32G411RBT6, STM32G414CBT3, STM32G414CBT6, STM32G414CBU3, STM32G414CBU6, STM32G414CCT3, STM32G414CCT6, STM32G414CCU3, STM32G414CCU6, STM32G414MBT3, STM32G414MBT6, STM32G414MCT3, STM32G414MCT6, STM32G414RBT3, STM32G414RBT6, STM32G414RCT3, STM32G414RCT6, STM32G414VBT3, STM32G414VBT6, STM32G414VCT3, STM32G414VCT6, STM32G431CBT3Z, STM32G431RBT3Z, STM32G471CCT6, STM32G471CCU6, STM32G471CET3, STM32G471CET6, STM32G471CEU3, STM32G471CEU6, STM32G471MCT6, STM32G471MET3, STM32G471MET6, STM32G471MEY6TR, STM32G471QCT6, STM32G471QET3, STM32G471RCT6, STM32G471RET3, STM32G471RET6, STM32G471VCH6, STM32G471VCI6, STM32G471VCT6, STM32G471VEH3, STM32G471VEH6, STM32G471VEI3, STM32G471VEI6, STM32G471VET3, STM32G471VET6, STM32G473QET3Z, STM32G473RET3Z, STM32G474CCT6, STM32G491RET3Z, STM32H503CBT6, STM32H503CBU6, STM32H503EBY6TR, STM32H503KBU6, STM32H503RBT6, STM32H523CCT6, STM32H523CCU6, STM32H523CET6, STM32H523CEU6, STM32H523HEY6TR, STM32H523RCT6, STM32H523RET6, STM32H523VCI6, STM32H523VCT6, STM32H523VEI6, STM32H523VET6, STM32H523ZCJ6, STM32H523ZCT6, STM32H523ZEJ6, STM32H523ZET6, STM32H533CET6, STM32H533CEU6, STM32H533HEY6TR, STM32H533RET6, STM32H533VEI6, STM32H533VET6, STM32H533ZEJ6, STM32H533ZET6, STM32H562AGI6, STM32H562AII6, STM32H562IGK6, STM32H562IGT6, STM32H562IIK6, STM32H562IIT6, STM32H562RGT6, STM32H562RGV6, STM32H562RIT6, STM32H562RIV6, STM32H562VGT6, STM32H562VIT6, STM32H562ZGT6, STM32H562ZIT6, STM32H563AGI6, STM32H563AII3Q, STM32H563AII6, STM32H563IGK6, STM32H563IGT6, STM32H563IIK3Q, STM32H563IIK6, STM32H563IIT3Q, STM32H563IIT6, STM32H563MIY3QTR, STM32H563RGT6, STM32H563RGV6, STM32H563RIT6, STM32H563RIV6, STM32H563VGT6, STM32H563VIT3Q, STM32H563VIT6, STM32H563ZGT6, STM32H563ZIT3Q, STM32H563ZIT6, STM32H573AII3Q, STM32H573AII6, STM32H573I-DK, STM32H573IIK3Q, STM32H573IIK6, STM32H573IIT3Q, STM32H573IIT6, STM32H573MIY3QTR, STM32H573RIT6, STM32H573RIV6, STM32H573VIT3Q, STM32H573VIT6, STM32H573ZIT3Q, STM32H573ZIT6, STM32H7R3A8I6, STM32H7R3I8K6, STM32H7R3I8T6, STM32H7R3L8H6, STM32H7R3L8H6H, STM32H7R3R8V6, STM32H7R3V8H6, STM32H7R3V8T6, STM32H7R3V8Y6TR, STM32H7R3Z8J6, STM32H7R3Z8T6, STM32H7R7A8I6, STM32H7R7I8K6, STM32H7R7I8T6, STM32H7R7L8H6, STM32H7R7L8H6H, STM32H7R7Z8J6, STM32H7S3A8I6, STM32H7S3I8K6, STM32H7S3I8T6, STM32H7S3L8H6, STM32H7S3L8H6H, STM32H7S3R8V6, STM32H7S3V8H6, STM32H7S3V8T6, STM32H7S3V8Y6TR, STM32H7S3Z8J6, STM32H7S3Z8T6, STM32H7S78-DK, STM32H7S7A8I6, STM32H7S7I8K6, STM32H7S7I8T6, STM32H7S7L8H6, STM32H7S7L8H6H, STM32H7S7Z8J6, STM32L4R5QGI6STR, STM32MP131AAE3, STM32MP131AAF3, STM32MP131AAG3, STM32MP131CAE3, STM32MP131CAF3, STM32MP131CAG3, STM32MP131DAE7, STM32MP131DAF7, STM32MP131DAG7, STM32MP131FAE7, STM32MP131FAF7, STM32MP131FAG7, STM32MP133AAE3, STM32MP133AAF3, STM32MP133AAG3, STM32MP133CAE3, STM32MP133CAF3, STM32MP133CAG3, STM32MP133DAE7, STM32MP133DAF7, STM32MP133DAG7, STM32MP133FAE7, STM32MP133FAF7, STM32MP133FAG7, STM32MP135AAE3, STM32MP135AAF3, STM32MP135AAG3, STM32MP135CAE3, STM32MP135CAF3, STM32MP135CAG3, STM32MP135DAE7, STM32MP135DAF7, STM32MP135DAG7, STM32MP135F-DK, STM32MP135FAE7, STM32MP135FAF7, STM32MP135FAF7T, STM32MP135FAF7U, STM32MP135FAG7, STM32MP211AAL3, STM32MP211AAM3, STM32MP211AAN3, STM32MP211AAO3, STM32MP211CAL3, STM32MP211CAM3, STM32MP211CAN3, STM32MP211CAO3, STM32MP211DAL3, STM32MP211DAM3, STM32MP211DAN3, STM32MP211DAO3, STM32MP211FAL3, STM32MP211FAM3, STM32MP211FAN3, STM32MP211FAO3, STM32MP213AAL3, STM32MP213AAM3, STM32MP213AAN3, STM32MP213AAO3, STM32MP213CAL3, STM32MP213CAM3, STM32MP213CAN3, STM32MP213CAO3, STM32MP213DAL3, STM32MP213DAM3, STM32MP213DAN3, STM32MP213DAO3, STM32MP213FAL3, STM32MP213FAM3, STM32MP213FAN3, STM32MP213FAO3, STM32MP215AAL3, STM32MP215AAM3, STM32MP215AAN3, STM32MP215AAO3, STM32MP215CAL3, STM32MP215CAM3, STM32MP215CAN3, STM32MP215CAO3, STM32MP215DAL3, STM32MP215DAM3, STM32MP215DAN3, STM32MP215DAO3, STM32MP215F-DK, STM32MP215FAL3, STM32MP215FAM3, STM32MP215FAN3, STM32MP215FAO3, STM32MP231AAJ3, STM32MP231AAK3, STM32MP231AAL3, STM32MP231CAJ3, STM32MP231CAK3, STM32MP231CAL3, STM32MP231DAJ3, STM32MP231DAK3, STM32MP231DAL3, STM32MP231FAJ3, STM32MP231FAK3, STM32MP231FAL3, STM32MP233AAJ3, STM32MP233AAK3, STM32MP233AAL3, STM32MP233CAJ3, STM32MP233CAK3, STM32MP233CAL3, STM32MP233DAJ3, STM32MP233DAK3, STM32MP233DAL3, STM32MP233FAJ3, STM32MP233FAK3, STM32MP233FAL3, STM32MP235AAJ3, STM32MP235AAK3, STM32MP235AAL3, STM32MP235CAJ3, STM32MP235CAK3, STM32MP235CAL3, STM32MP235DAJ3, STM32MP235DAK3, STM32MP235DAL3, STM32MP235FAJ3, STM32MP235FAK3, STM32MP235FAL3, STM32MP251AAI3, STM32MP251AAK3, STM32MP251AAL3, STM32MP251CAI3, STM32MP251CAK3, STM32MP251CAL3, STM32MP251DAI3, STM32MP251DAK3, STM32MP251DAL3, STM32MP251FAI3, STM32MP251FAK3, STM32MP251FAL3, STM32MP253AAI3, STM32MP253AAK3, STM32MP253AAL3, STM32MP253CAI3, STM32MP253CAK3, STM32MP253CAL3, STM32MP253DAI3, STM32MP253DAK3, STM32MP253DAL3, STM32MP253FAI3, STM32MP253FAK3, STM32MP253FAL3, STM32MP255AAI3, STM32MP255AAK3, STM32MP255AAL3, STM32MP255CAI3, STM32MP255CAK3, STM32MP255CAL3, STM32MP255DAI3, STM32MP255DAK3, STM32MP255DAL3, STM32MP255FAI3, STM32MP255FAK3, STM32MP255FAL3, STM32MP257AAI3, STM32MP257AAK3, STM32MP257AAL3, STM32MP257CAI3, STM32MP257CAK3, STM32MP257CAL3, STM32MP257DAI3, STM32MP257DAK3, STM32MP257DAL3, STM32MP257F-DK, STM32MP257F-EV1, STM32MP257FAI3, STM32MP257FAK3, STM32MP257FAL3, STM32N645A0H3Q, STM32N645B0H3Q, STM32N645I0H3Q, STM32N645L0H3Q, STM32N645X0H3Q, STM32N645Z0H3Q, STM32N647A0H3Q, STM32N647B0H3Q, STM32N647I0H3Q, STM32N647L0H3Q, STM32N647X0H3Q, STM32N647Z0H3Q, STM32N655A0H3Q, STM32N655B0H3Q, STM32N655I0H3Q, STM32N655L0H3Q, STM32N655X0H3Q, STM32N655Z0H3Q, STM32N6570-DK, STM32N657A0H3Q, STM32N657B0H3Q, STM32N657I0H3Q, STM32N657L0H3Q, STM32N657X0H3Q, STM32N657Z0H3Q, STM32U031C6T6, STM32U031C6U6, STM32U031C8T6, STM32U031C8U6, STM32U031F4P6, STM32U031F6P6, STM32U031F8P6, STM32U031G6Y6TR, STM32U031G8Y6TR, STM32U031K4U6, STM32U031K6U6, STM32U031K8U6, STM32U031R6I6, STM32U031R6T6, STM32U031R8I6, STM32U031R8T6, STM32U073C8T6, STM32U073C8U6, STM32U073CBT6, STM32U073CBU6, STM32U073CCT6, STM32U073CCU6, STM32U073H8Y6TR, STM32U073HBY6TR, STM32U073HCY6TR, STM32U073K8U6, STM32U073KBU6, STM32U073KCU6, STM32U073M8I6, STM32U073M8T6, STM32U073MBI6, STM32U073MBT6, STM32U073MCI6, STM32U073MCT6, STM32U073R8I6, STM32U073R8T6, STM32U073RBI6, STM32U073RBT6, STM32U073RCI6, STM32U073RCT6, STM32U083C-DK, STM32U083CCT6, STM32U083CCU6, STM32U083HCY6TR, STM32U083KCU6, STM32U083MCI6, STM32U083MCT6, STM32U083RCI6, STM32U083RCT6, STM32U375CET6, STM32U375CET6Q, STM32U375CEU6, STM32U375CEU6Q, STM32U375CEY6QTR, STM32U375CGT6, STM32U375CGT6Q, STM32U375CGU6, STM32U375CGU6Q, STM32U375CGY6QTR, STM32U375KEU6, STM32U375KGU6, STM32U375REI6, STM32U375REI6Q, STM32U375RET6, STM32U375RET6Q, STM32U375REY6GTR, STM32U375REY6QTR, STM32U375RGI6, STM32U375RGI6Q, STM32U375RGT6, STM32U375RGT6Q, STM32U375RGY6GTR, STM32U375RGY6QTR, STM32U375VEI6, STM32U375VEI6Q, STM32U375VET6, STM32U375VET6Q, STM32U375VGI6, STM32U375VGI6Q, STM32U375VGT6, STM32U375VGT6Q, STM32U385CGT6, STM32U385CGT6Q, STM32U385CGU6, STM32U385CGU6Q, STM32U385CGY6QTR, STM32U385KGU6, STM32U385RGI6, STM32U385RGI6Q, STM32U385RGT6, STM32U385RGT6Q, STM32U385RGY6GTR, STM32U385RGY6QTR, STM32U385VGI6, STM32U385VGI6Q, STM32U385VGT6, STM32U385VGT6Q, STM32U535CBT6, STM32U535CBT6Q, STM32U535CBU6, STM32U535CBU6Q, STM32U535CCT6, STM32U535CCT6Q, STM32U535CCU6, STM32U535CCU6Q, STM32U535CET6, STM32U535CET6Q, STM32U535CEU6, STM32U535CEU6Q, STM32U535JEY6QTR, STM32U535NCY6QTR, STM32U535NEY6QTR, STM32U535RBI6, STM32U535RBI6Q, STM32U535RBT6, STM32U535RBT6Q, STM32U535RCI6, STM32U535RCI6Q, STM32U535RCT6, STM32U535RCT6Q, STM32U535REI6, STM32U535REI6Q, STM32U535RET6, STM32U535RET6Q, STM32U535VCI6, STM32U535VCI6Q, STM32U535VCT6, STM32U535VCT6Q, STM32U535VEI6, STM32U535VEI6Q, STM32U535VET6, STM32U535VET6Q, STM32U545CET6, STM32U545CET6Q, STM32U545CEU6, STM32U545CEU6Q, STM32U545JEY6QTR, STM32U545NEY6QTR, STM32U545REI6, STM32U545REI6Q, STM32U545RET6, STM32U545RET6Q, STM32U545VEI6, STM32U545VEI6Q, STM32U545VET6, STM32U545VET6Q, STM32U595AIH6, STM32U595AIH6Q, STM32U595AJH6, STM32U595AJH6Q, STM32U595QII6, STM32U595QII6Q, STM32U595QJI6, STM32U595QJI6Q, STM32U595RIT6, STM32U595RIT6Q, STM32U595RJT6, STM32U595RJT6Q, STM32U595VIT6, STM32U595VIT6Q, STM32U595VJT6, STM32U595VJT6Q, STM32U595ZIT6, STM32U595ZIT6Q, STM32U595ZIY6QTR, STM32U595ZJT6, STM32U595ZJT6Q, STM32U595ZJY6QTR, STM32U599BJY6QTR, STM32U599NIH6Q, STM32U599NJH6Q, STM32U599VIT6Q, STM32U599VJT6, STM32U599VJT6Q, STM32U599ZIT6Q, STM32U599ZIY6QTR, STM32U599ZJT6Q, STM32U599ZJY6QTR, STM32U5A5AJH6, STM32U5A5AJH6Q, STM32U5A5QII3Q , STM32U5A5QJI6, STM32U5A5QJI6Q, STM32U5A5RJT6, STM32U5A5RJT6Q, STM32U5A5VJT6, STM32U5A5VJT6Q, STM32U5A5ZJT6, STM32U5A5ZJT6Q, STM32U5A5ZJY6QTR, STM32U5A9BJY6QTR, STM32U5A9J-DK, STM32U5A9NJH6Q, STM32U5A9VJT6Q, STM32U5A9ZJT6Q, STM32U5A9ZJY6QTR, STM32U5F7VIT6, STM32U5F7VIT6Q, STM32U5F7VJT6, STM32U5F7VJT6Q, STM32U5F9BJY6QTR, STM32U5F9NJH6Q, STM32U5F9VIT6Q, STM32U5F9VJT6Q, STM32U5F9ZIJ6QTR, STM32U5F9ZIT6Q, STM32U5F9ZJJ6QTR, STM32U5F9ZJT6Q, STM32U5G7VJT6, STM32U5G7VJT6Q, STM32U5G9BJY6QTR, STM32U5G9J-DK1, STM32U5G9J-DK2, STM32U5G9NJH6Q, STM32U5G9VJT6Q, STM32U5G9ZJJ6QTR, STM32U5G9ZJT6Q, STM32WB05KZV6TR, STM32WB05KZV7TR, STM32WB05TZF6TR, STM32WB05TZF7TR, STM32WB06CCF6TR, STM32WB06CCF7TR, STM32WB06CCV6TR, STM32WB06CCV7TR, STM32WB06KCV6TR, STM32WB06KCV7TR, STM32WB07CCF6TR, STM32WB07CCF7TR, STM32WB07CCV6TR, STM32WB07CCV7TR, STM32WB07KCV6TR, STM32WB07KCV7TR, STM32WB09KEV6TR, STM32WB09KEV7TR, STM32WB09TEF6TR, STM32WB09TEF7TR, STM32WB1MMCH6, STM32WBA50KGU6, STM32WBA50KGU6TR, STM32WBA52CEU6, STM32WBA52CEU6TR, STM32WBA52CEU7, STM32WBA52CEU7TR, STM32WBA52CGU6, STM32WBA52CGU6TR, STM32WBA52CGU6U, STM32WBA52CGU7, STM32WBA52CGU7TR, STM32WBA52KEU6, STM32WBA52KEU6TR, STM32WBA52KGU6, STM32WBA52KGU6TR, STM32WBA54CEU6, STM32WBA54CEU6TR, STM32WBA54CEU7, STM32WBA54CEU7TR, STM32WBA54CGU6, STM32WBA54CGU6TR, STM32WBA54CGU7, STM32WBA54CGU7TR, STM32WBA54KEU6, STM32WBA54KEU6TR, STM32WBA54KEU7, STM32WBA54KEU7TR, STM32WBA54KGU6, STM32WBA54KGU6TR, STM32WBA54KGU7, STM32WBA54KGU7TR, STM32WBA55CEU6, STM32WBA55CEU6TR, STM32WBA55CEU7, STM32WBA55CEU7TR, STM32WBA55CGU6, STM32WBA55CGU6TR, STM32WBA55CGU6U, STM32WBA55CGU7, STM32WBA55CGU7TR, STM32WBA55G-DK1, STM32WBA55HEF6, STM32WBA55HEF7, STM32WBA55HGF6, STM32WBA55HGF7, STM32WBA55UEI6, STM32WBA55UEI6TR, STM32WBA55UEI7, STM32WBA55UEI7TR, STM32WBA55UGI6, STM32WBA55UGI6TR, STM32WBA55UGI7, STM32WBA55UGI7TR, STM32WBA5MMGH6TR, STM32WBA62MGF6, STM32WBA62MIF6, STM32WBA65MGF7, STM32WBA65MIF6, STM32WBA65MIF7, STM32WL30K8V6, STM32WL30KBV6, STM32WL31C8V6, STM32WL31CBV6, STM32WL31K8V6, STM32WL31KBV6, STM32WL33C8V6, STM32WL33C8V6X, STM32WL33CBV6, STM32WL33CBV6X, STM32WL33CCV6, STM32WL33CCV6A, STM32WL33CCV6X, STM32WL33K8V7, STM32WL33K8V7X, STM32WL33KBV7 , STM32WL33KBV7X, STM32WL33KCV7, STM32WL33KCV7X, STM32WL5MOCH6, STM32WL5MOCH6TR]
2025-09-02 12:16:52,795 [INFO] BoardInfo:889 - No configuration file found for board P-NUCLEO-WB55
2025-09-02 12:16:52,797 [INFO] DbBoards:161 - Kit is not supported: P-NUCLEO-WB55
2025-09-02 12:16:52,804 [INFO] BoardInfo:889 - No configuration file found for board STEVAL-BFA001V1B
2025-09-02 12:16:52,805 [INFO] DbBoards:161 - Kit is not supported: STEVAL-BFA001V1B
2025-09-02 12:16:52,806 [INFO] BoardInfo:889 - No configuration file found for board STEVAL-BFA001V2B
2025-09-02 12:16:52,808 [INFO] DbBoards:161 - Kit is not supported: STEVAL-BFA001V2B
2025-09-02 12:16:53,048 [INFO] DbBoards:168 - Found 212 boards, 209 are supported
2025-09-02 12:16:53,048 [INFO] DbBoards:169 - Found 212 boards, 43 of them is supported for  Bsp
2025-09-02 12:16:53,051 [INFO] ApiDb:668 - CubeFinder database Data Model version=2.1
2025-09-02 12:16:53,051 [INFO] ApiDb:669 - CubeFinder database Configuration version=3.0.39
2025-09-02 12:16:53,051 [INFO] ApiDb:670 - CubeFinder database generation date=2025-07-24 (1753349077)
2025-09-02 12:16:53,051 [INFO] ApiDb:671 - CubeFinder database FW Pack versions=[FP-ATR-ASTRA1_V2.0.0, FP-SNS-FLIGHT1_V5.1.0, FP-SNS-MOTENV1_V5.0.0, FP-SNS-MOTENVWB1_V1.4.0, FP-SNS-SMARTAG2_V1.2.0, FP-SNS-STBOX1_V2.0.0, STM32Cube_FW_C0_V1.4.0, STM32Cube_FW_F4_V1.28.2, STM32Cube_FW_F7_V1.17.3, STM32Cube_FW_G0_V1.6.2, STM32Cube_FW_G4_V1.6.1, STM32Cube_FW_H5_V1.5.0, STM32Cube_FW_H7RS_V1.2.0, STM32Cube_FW_H7_V1.12.1, STM32Cube_FW_L0_V1.12.2, STM32Cube_FW_L4_V1.18.1, STM32Cube_FW_L5_V1.5.1, STM32Cube_FW_N6_V1.2.0, STM32Cube_FW_U0_V1.3.0, STM32Cube_FW_U3_V1.2.0, STM32Cube_FW_U5_V1.8.0, STM32Cube_FW_WB0_V1.3.0, STM32Cube_FW_WBA_V1.7.0, STM32Cube_FW_WB_V1.23.0, STM32Cube_FW_WL3_V1.2.0, STM32Cube_FW_WL_V1.3.1, X-CUBE-ALGOBUILD_V1.4.0, X-CUBE-ALS_V1.0.2, X-CUBE-AZRTOS-F4_V1.1.0, X-CUBE-AZRTOS-F7_V1.1.0, X-CUBE-AZRTOS-G0_V1.1.0, X-CUBE-AZRTOS-G4_V2.0.0, X-CUBE-AZRTOS-H7RS_V1.1.0, X-CUBE-AZRTOS-H7_V3.4.0, X-CUBE-AZRTOS-L4_V2.0.0, X-CUBE-AZRTOS-L5_V2.0.0, X-CUBE-AZRTOS-WB_V2.0.0, X-CUBE-AZRTOS-WL_V2.0.0, X-CUBE-BLE1_V7.1.0, X-CUBE-BLE2_V3.3.0, X-CUBE-BLEMGR_V4.1.0, X-CUBE-EEPRMA1_V5.2.0, X-CUBE-FREERTOS_V1.3.1, X-CUBE-GNSS1_V6.0.0, X-CUBE-MEMS1_V11.3.0, X-CUBE-NFC4_V3.0.0, X-CUBE-NFC7_V2.0.0, X-CUBE-SFXS2LP1_V4.0.0, X-CUBE-ST67W61_V1.0.0, X-CUBE-SUBG2_V5.0.0, X-CUBE-TOF1_V3.4.3]
2025-09-02 12:16:55,170 [INFO] ApiDb:240 - Found 880 in-development CPN: [B-G473E-ZEST1S, B-WB1M-WPAN1, B-WBA5M-WPAN, B-WL5M-SUBG1, NUCLEO-C031C6, NUCLEO-C051C8, NUCLEO-C071RB, NUCLEO-C092RC, NUCLEO-H503RB, NUCLEO-H533RE, NUCLEO-H563ZI, NUCLEO-H7S3L8, NUCLEO-N657X0-Q, NUCLEO-U031R8, NUCLEO-U083RC, NUCLEO-U385RG-Q, NUCLEO-U545RE-Q, NUCLEO-U5A5ZJ-Q, NUCLEO-WB05KZ, NUCLEO-WB07CC, NUCLEO-WB09KE, NUCLEO-WBA52CG, NUCLEO-WBA55CG, NUCLEO-WL33CC1, NUCLEO-WL33CC2, STEVAL-PROTEUS1, STEVAL-SMARTAG2, STEVAL-STWINBX1, STM320518-EVAL, STM32C0116-DK, STM32C011D6Y3TR, STM32C011D6Y6TR, STM32C011F4P3, STM32C011F4P6, STM32C011F4U3, STM32C011F4U6TR, STM32C011F6P3, STM32C011F6P6, STM32C011F6U3, STM32C011F6U6TR, STM32C011J4M3, STM32C011J4M6, STM32C011J6M3, STM32C011J6M6, STM32C0316-DK, STM32C031C4T3, STM32C031C4T6, STM32C031C4U3, STM32C031C4U6, STM32C031C6T3, STM32C031C6T6, STM32C031C6U3, STM32C031C6U6, STM32C031F4P3, STM32C031F4P6, STM32C031F6P3, STM32C031F6P6, STM32C031G4U3, STM32C031G4U6, STM32C031G6U3, STM32C031G6U6, STM32C031K4T3, STM32C031K4T6, STM32C031K4U3, STM32C031K4U6, STM32C031K6T3, STM32C031K6T6, STM32C031K6U3, STM32C031K6U6, STM32C051C6T6, STM32C051C6U6, STM32C051C8T6, STM32C051C8U6, STM32C051D8Y6TR, STM32C051F6P6, STM32C051F8P6, STM32C051G6U6, STM32C051G8U6, STM32C051K6T6, STM32C051K6U6, STM32C051K8T6, STM32C071C8T6, STM32C071C8T6N, STM32C071C8U6, STM32C071C8U6N, STM32C071CBT6, STM32C071CBT6N, STM32C071CBU6, STM32C071CBU6N, STM32C071F8P6, STM32C071F8P6N, STM32C071FBP6, STM32C071FBP6N, STM32C071FBY6TR, STM32C071G8U6, STM32C071G8U6N, STM32C071GBU6, STM32C071GBU6N, STM32C071K8T6, STM32C071K8T6N, STM32C071K8U6, STM32C071K8U6N, STM32C071KBT6, STM32C071KBT6N, STM32C071KBU6, STM32C071KBU6N, STM32C071R8T6, STM32C071R8T6N, STM32C071RBI6N, STM32C071RBT6, STM32C071RBT6N, STM32C091CBT6, STM32C091CBU6, STM32C091CCT6, STM32C091CCU6, STM32C091ECY6TR, STM32C091FBP6, STM32C091FCP6, STM32C091GBU6, STM32C091GCU6, STM32C091KBT6, STM32C091KBU6, STM32C091KCT6, STM32C091KCU6, STM32C091RBT6, STM32C091RCI6, STM32C091RCT6, STM32C092CBT6, STM32C092CBU6, STM32C092CCT6, STM32C092CCU6, STM32C092ECY6TR, STM32C092FBP6, STM32C092FCP6, STM32C092GBU6, STM32C092GCU6, STM32C092KBT6, STM32C092KBU6, STM32C092KCT6, STM32C092KCU6, STM32C092RBT6, STM32C092RCI6, STM32C092RCT6, STM32G071K8TXN, STM32G071K8UXN, STM32G081GBU6N, STM32G081KBT6N, STM32G081KBUXN, STM32G0B1CCT6N, STM32G0B1KCT6, STM32G0B1NEY6TR, STM32G0B1RCT6N, STM32G0C1CCT6, STM32G0C1CCT6N, STM32G0C1CCU6N, STM32G0C1CET6N, STM32G0C1CEU6N, STM32G0C1KCT6, STM32G0C1NEY6TR, STM32G0C1RCI6N, STM32G0C1RCT6N, STM32G0C1REI6N, STM32G0C1RET6N, STM32G0C1VCI6, STM32G0C1VEI6, STM32G411C6T3, STM32G411C6T6, STM32G411C6U3, STM32G411C6U6, STM32G411C8T3, STM32G411C8T6, STM32G411C8U3, STM32G411C8U6, STM32G411CBT3, STM32G411CBT6, STM32G411CBU3, STM32G411CBU6, STM32G411K6T3, STM32G411K6T6, STM32G411K6U3, STM32G411K6U6, STM32G411K8T3, STM32G411K8T6, STM32G411K8U3, STM32G411K8U6, STM32G411KBT3, STM32G411KBT6, STM32G411KBU3, STM32G411KBU6, STM32G411M6T3, STM32G411M6T6, STM32G411M8T3, STM32G411M8T6, STM32G411MBT3, STM32G411MBT6, STM32G411R6T3, STM32G411R6T6, STM32G411R8T3, STM32G411R8T6, STM32G411RBT3, STM32G411RBT6, STM32G414CBT3, STM32G414CBT6, STM32G414CBU3, STM32G414CBU6, STM32G414CCT3, STM32G414CCT6, STM32G414CCU3, STM32G414CCU6, STM32G414MBT3, STM32G414MBT6, STM32G414MCT3, STM32G414MCT6, STM32G414RBT3, STM32G414RBT6, STM32G414RCT3, STM32G414RCT6, STM32G414VBT3, STM32G414VBT6, STM32G414VCT3, STM32G414VCT6, STM32G431CBT3Z, STM32G431RBT3Z, STM32G471CCT6, STM32G471CCU6, STM32G471CET3, STM32G471CET6, STM32G471CEU3, STM32G471CEU6, STM32G471MCT6, STM32G471MET3, STM32G471MET6, STM32G471MEY6TR, STM32G471QCT6, STM32G471QET3, STM32G471RCT6, STM32G471RET3, STM32G471RET6, STM32G471VCH6, STM32G471VCI6, STM32G471VCT6, STM32G471VEH3, STM32G471VEH6, STM32G471VEI3, STM32G471VEI6, STM32G471VET3, STM32G471VET6, STM32G473QET3Z, STM32G473RET3Z, STM32G474CCT6, STM32G491RET3Z, STM32H503CBT6, STM32H503CBU6, STM32H503EBY6TR, STM32H503KBU6, STM32H503RBT6, STM32H523CCT6, STM32H523CCU6, STM32H523CET6, STM32H523CEU6, STM32H523HEY6TR, STM32H523RCT6, STM32H523RET6, STM32H523VCI6, STM32H523VCT6, STM32H523VEI6, STM32H523VET6, STM32H523ZCJ6, STM32H523ZCT6, STM32H523ZEJ6, STM32H523ZET6, STM32H533CET6, STM32H533CEU6, STM32H533HEY6TR, STM32H533RET6, STM32H533VEI6, STM32H533VET6, STM32H533ZEJ6, STM32H533ZET6, STM32H562AGI6, STM32H562AII6, STM32H562IGK6, STM32H562IGT6, STM32H562IIK6, STM32H562IIT6, STM32H562RGT6, STM32H562RGV6, STM32H562RIT6, STM32H562RIV6, STM32H562VGT6, STM32H562VIT6, STM32H562ZGT6, STM32H562ZIT6, STM32H563AGI6, STM32H563AII3Q, STM32H563AII6, STM32H563IGK6, STM32H563IGT6, STM32H563IIK3Q, STM32H563IIK6, STM32H563IIT3Q, STM32H563IIT6, STM32H563MIY3QTR, STM32H563RGT6, STM32H563RGV6, STM32H563RIT6, STM32H563RIV6, STM32H563VGT6, STM32H563VIT3Q, STM32H563VIT6, STM32H563ZGT6, STM32H563ZIT3Q, STM32H563ZIT6, STM32H573AII3Q, STM32H573AII6, STM32H573I-DK, STM32H573IIK3Q, STM32H573IIK6, STM32H573IIT3Q, STM32H573IIT6, STM32H573MIY3QTR, STM32H573RIT6, STM32H573RIV6, STM32H573VIT3Q, STM32H573VIT6, STM32H573ZIT3Q, STM32H573ZIT6, STM32H7R3A8I6, STM32H7R3I8K6, STM32H7R3I8T6, STM32H7R3L8H6, STM32H7R3L8H6H, STM32H7R3R8V6, STM32H7R3V8H6, STM32H7R3V8T6, STM32H7R3V8Y6TR, STM32H7R3Z8J6, STM32H7R3Z8T6, STM32H7R7A8I6, STM32H7R7I8K6, STM32H7R7I8T6, STM32H7R7L8H6, STM32H7R7L8H6H, STM32H7R7Z8J6, STM32H7S3A8I6, STM32H7S3I8K6, STM32H7S3I8T6, STM32H7S3L8H6, STM32H7S3L8H6H, STM32H7S3R8V6, STM32H7S3V8H6, STM32H7S3V8T6, STM32H7S3V8Y6TR, STM32H7S3Z8J6, STM32H7S3Z8T6, STM32H7S78-DK, STM32H7S7A8I6, STM32H7S7I8K6, STM32H7S7I8T6, STM32H7S7L8H6, STM32H7S7L8H6H, STM32H7S7Z8J6, STM32L4R5QGI6STR, STM32MP131AAE3, STM32MP131AAF3, STM32MP131AAG3, STM32MP131CAE3, STM32MP131CAF3, STM32MP131CAG3, STM32MP131DAE7, STM32MP131DAF7, STM32MP131DAG7, STM32MP131FAE7, STM32MP131FAF7, STM32MP131FAG7, STM32MP133AAE3, STM32MP133AAF3, STM32MP133AAG3, STM32MP133CAE3, STM32MP133CAF3, STM32MP133CAG3, STM32MP133DAE7, STM32MP133DAF7, STM32MP133DAG7, STM32MP133FAE7, STM32MP133FAF7, STM32MP133FAG7, STM32MP135AAE3, STM32MP135AAF3, STM32MP135AAG3, STM32MP135CAE3, STM32MP135CAF3, STM32MP135CAG3, STM32MP135DAE7, STM32MP135DAF7, STM32MP135DAG7, STM32MP135F-DK, STM32MP135FAE7, STM32MP135FAF7, STM32MP135FAF7T, STM32MP135FAF7U, STM32MP135FAG7, STM32MP211AAL3, STM32MP211AAM3, STM32MP211AAN3, STM32MP211AAO3, STM32MP211CAL3, STM32MP211CAM3, STM32MP211CAN3, STM32MP211CAO3, STM32MP211DAL3, STM32MP211DAM3, STM32MP211DAN3, STM32MP211DAO3, STM32MP211FAL3, STM32MP211FAM3, STM32MP211FAN3, STM32MP211FAO3, STM32MP213AAL3, STM32MP213AAM3, STM32MP213AAN3, STM32MP213AAO3, STM32MP213CAL3, STM32MP213CAM3, STM32MP213CAN3, STM32MP213CAO3, STM32MP213DAL3, STM32MP213DAM3, STM32MP213DAN3, STM32MP213DAO3, STM32MP213FAL3, STM32MP213FAM3, STM32MP213FAN3, STM32MP213FAO3, STM32MP215AAL3, STM32MP215AAM3, STM32MP215AAN3, STM32MP215AAO3, STM32MP215CAL3, STM32MP215CAM3, STM32MP215CAN3, STM32MP215CAO3, STM32MP215DAL3, STM32MP215DAM3, STM32MP215DAN3, STM32MP215DAO3, STM32MP215F-DK, STM32MP215FAL3, STM32MP215FAM3, STM32MP215FAN3, STM32MP215FAO3, STM32MP231AAJ3, STM32MP231AAK3, STM32MP231AAL3, STM32MP231CAJ3, STM32MP231CAK3, STM32MP231CAL3, STM32MP231DAJ3, STM32MP231DAK3, STM32MP231DAL3, STM32MP231FAJ3, STM32MP231FAK3, STM32MP231FAL3, STM32MP233AAJ3, STM32MP233AAK3, STM32MP233AAL3, STM32MP233CAJ3, STM32MP233CAK3, STM32MP233CAL3, STM32MP233DAJ3, STM32MP233DAK3, STM32MP233DAL3, STM32MP233FAJ3, STM32MP233FAK3, STM32MP233FAL3, STM32MP235AAJ3, STM32MP235AAK3, STM32MP235AAL3, STM32MP235CAJ3, STM32MP235CAK3, STM32MP235CAL3, STM32MP235DAJ3, STM32MP235DAK3, STM32MP235DAL3, STM32MP235FAJ3, STM32MP235FAK3, STM32MP235FAL3, STM32MP251AAI3, STM32MP251AAK3, STM32MP251AAL3, STM32MP251CAI3, STM32MP251CAK3, STM32MP251CAL3, STM32MP251DAI3, STM32MP251DAK3, STM32MP251DAL3, STM32MP251FAI3, STM32MP251FAK3, STM32MP251FAL3, STM32MP253AAI3, STM32MP253AAK3, STM32MP253AAL3, STM32MP253CAI3, STM32MP253CAK3, STM32MP253CAL3, STM32MP253DAI3, STM32MP253DAK3, STM32MP253DAL3, STM32MP253FAI3, STM32MP253FAK3, STM32MP253FAL3, STM32MP255AAI3, STM32MP255AAK3, STM32MP255AAL3, STM32MP255CAI3, STM32MP255CAK3, STM32MP255CAL3, STM32MP255DAI3, STM32MP255DAK3, STM32MP255DAL3, STM32MP255FAI3, STM32MP255FAK3, STM32MP255FAL3, STM32MP257AAI3, STM32MP257AAK3, STM32MP257AAL3, STM32MP257CAI3, STM32MP257CAK3, STM32MP257CAL3, STM32MP257DAI3, STM32MP257DAK3, STM32MP257DAL3, STM32MP257F-DK, STM32MP257F-EV1, STM32MP257FAI3, STM32MP257FAK3, STM32MP257FAL3, STM32N645A0H3Q, STM32N645B0H3Q, STM32N645I0H3Q, STM32N645L0H3Q, STM32N645X0H3Q, STM32N645Z0H3Q, STM32N647A0H3Q, STM32N647B0H3Q, STM32N647I0H3Q, STM32N647L0H3Q, STM32N647X0H3Q, STM32N647Z0H3Q, STM32N655A0H3Q, STM32N655B0H3Q, STM32N655I0H3Q, STM32N655L0H3Q, STM32N655X0H3Q, STM32N655Z0H3Q, STM32N6570-DK, STM32N657A0H3Q, STM32N657B0H3Q, STM32N657I0H3Q, STM32N657L0H3Q, STM32N657X0H3Q, STM32N657Z0H3Q, STM32U031C6T6, STM32U031C6U6, STM32U031C8T6, STM32U031C8U6, STM32U031F4P6, STM32U031F6P6, STM32U031F8P6, STM32U031G6Y6TR, STM32U031G8Y6TR, STM32U031K4U6, STM32U031K6U6, STM32U031K8U6, STM32U031R6I6, STM32U031R6T6, STM32U031R8I6, STM32U031R8T6, STM32U073C8T6, STM32U073C8U6, STM32U073CBT6, STM32U073CBU6, STM32U073CCT6, STM32U073CCU6, STM32U073H8Y6TR, STM32U073HBY6TR, STM32U073HCY6TR, STM32U073K8U6, STM32U073KBU6, STM32U073KCU6, STM32U073M8I6, STM32U073M8T6, STM32U073MBI6, STM32U073MBT6, STM32U073MCI6, STM32U073MCT6, STM32U073R8I6, STM32U073R8T6, STM32U073RBI6, STM32U073RBT6, STM32U073RCI6, STM32U073RCT6, STM32U083C-DK, STM32U083CCT6, STM32U083CCU6, STM32U083HCY6TR, STM32U083KCU6, STM32U083MCI6, STM32U083MCT6, STM32U083RCI6, STM32U083RCT6, STM32U375CET6, STM32U375CET6Q, STM32U375CEU6, STM32U375CEU6Q, STM32U375CEY6QTR, STM32U375CGT6, STM32U375CGT6Q, STM32U375CGU6, STM32U375CGU6Q, STM32U375CGY6QTR, STM32U375KEU6, STM32U375KGU6, STM32U375REI6, STM32U375REI6Q, STM32U375RET6, STM32U375RET6Q, STM32U375REY6GTR, STM32U375REY6QTR, STM32U375RGI6, STM32U375RGI6Q, STM32U375RGT6, STM32U375RGT6Q, STM32U375RGY6GTR, STM32U375RGY6QTR, STM32U375VEI6, STM32U375VEI6Q, STM32U375VET6, STM32U375VET6Q, STM32U375VGI6, STM32U375VGI6Q, STM32U375VGT6, STM32U375VGT6Q, STM32U385CGT6, STM32U385CGT6Q, STM32U385CGU6, STM32U385CGU6Q, STM32U385CGY6QTR, STM32U385KGU6, STM32U385RGI6, STM32U385RGI6Q, STM32U385RGT6, STM32U385RGT6Q, STM32U385RGY6GTR, STM32U385RGY6QTR, STM32U385VGI6, STM32U385VGI6Q, STM32U385VGT6, STM32U385VGT6Q, STM32U535CBT6, STM32U535CBT6Q, STM32U535CBU6, STM32U535CBU6Q, STM32U535CCT6, STM32U535CCT6Q, STM32U535CCU6, STM32U535CCU6Q, STM32U535CET6, STM32U535CET6Q, STM32U535CEU6, STM32U535CEU6Q, STM32U535JEY6QTR, STM32U535NCY6QTR, STM32U535NEY6QTR, STM32U535RBI6, STM32U535RBI6Q, STM32U535RBT6, STM32U535RBT6Q, STM32U535RCI6, STM32U535RCI6Q, STM32U535RCT6, STM32U535RCT6Q, STM32U535REI6, STM32U535REI6Q, STM32U535RET6, STM32U535RET6Q, STM32U535VCI6, STM32U535VCI6Q, STM32U535VCT6, STM32U535VCT6Q, STM32U535VEI6, STM32U535VEI6Q, STM32U535VET6, STM32U535VET6Q, STM32U545CET6, STM32U545CET6Q, STM32U545CEU6, STM32U545CEU6Q, STM32U545JEY6QTR, STM32U545NEY6QTR, STM32U545REI6, STM32U545REI6Q, STM32U545RET6, STM32U545RET6Q, STM32U545VEI6, STM32U545VEI6Q, STM32U545VET6, STM32U545VET6Q, STM32U595AIH6, STM32U595AIH6Q, STM32U595AJH6, STM32U595AJH6Q, STM32U595QII6, STM32U595QII6Q, STM32U595QJI6, STM32U595QJI6Q, STM32U595RIT6, STM32U595RIT6Q, STM32U595RJT6, STM32U595RJT6Q, STM32U595VIT6, STM32U595VIT6Q, STM32U595VJT6, STM32U595VJT6Q, STM32U595ZIT6, STM32U595ZIT6Q, STM32U595ZIY6QTR, STM32U595ZJT6, STM32U595ZJT6Q, STM32U595ZJY6QTR, STM32U599BJY6QTR, STM32U599NIH6Q, STM32U599NJH6Q, STM32U599VIT6Q, STM32U599VJT6, STM32U599VJT6Q, STM32U599ZIT6Q, STM32U599ZIY6QTR, STM32U599ZJT6Q, STM32U599ZJY6QTR, STM32U5A5AJH6, STM32U5A5AJH6Q, STM32U5A5QII3Q , STM32U5A5QJI6, STM32U5A5QJI6Q, STM32U5A5RJT6, STM32U5A5RJT6Q, STM32U5A5VJT6, STM32U5A5VJT6Q, STM32U5A5ZJT6, STM32U5A5ZJT6Q, STM32U5A5ZJY6QTR, STM32U5A9BJY6QTR, STM32U5A9J-DK, STM32U5A9NJH6Q, STM32U5A9VJT6Q, STM32U5A9ZJT6Q, STM32U5A9ZJY6QTR, STM32U5F7VIT6, STM32U5F7VIT6Q, STM32U5F7VJT6, STM32U5F7VJT6Q, STM32U5F9BJY6QTR, STM32U5F9NJH6Q, STM32U5F9VIT6Q, STM32U5F9VJT6Q, STM32U5F9ZIJ6QTR, STM32U5F9ZIT6Q, STM32U5F9ZJJ6QTR, STM32U5F9ZJT6Q, STM32U5G7VJT6, STM32U5G7VJT6Q, STM32U5G9BJY6QTR, STM32U5G9J-DK1, STM32U5G9J-DK2, STM32U5G9NJH6Q, STM32U5G9VJT6Q, STM32U5G9ZJJ6QTR, STM32U5G9ZJT6Q, STM32WB05KZV6TR, STM32WB05KZV7TR, STM32WB05TZF6TR, STM32WB05TZF7TR, STM32WB06CCF6TR, STM32WB06CCF7TR, STM32WB06CCV6TR, STM32WB06CCV7TR, STM32WB06KCV6TR, STM32WB06KCV7TR, STM32WB07CCF6TR, STM32WB07CCF7TR, STM32WB07CCV6TR, STM32WB07CCV7TR, STM32WB07KCV6TR, STM32WB07KCV7TR, STM32WB09KEV6TR, STM32WB09KEV7TR, STM32WB09TEF6TR, STM32WB09TEF7TR, STM32WB1MMCH6, STM32WBA50KGU6, STM32WBA50KGU6TR, STM32WBA52CEU6, STM32WBA52CEU6TR, STM32WBA52CEU7, STM32WBA52CEU7TR, STM32WBA52CGU6, STM32WBA52CGU6TR, STM32WBA52CGU6U, STM32WBA52CGU7, STM32WBA52CGU7TR, STM32WBA52KEU6, STM32WBA52KEU6TR, STM32WBA52KGU6, STM32WBA52KGU6TR, STM32WBA54CEU6, STM32WBA54CEU6TR, STM32WBA54CEU7, STM32WBA54CEU7TR, STM32WBA54CGU6, STM32WBA54CGU6TR, STM32WBA54CGU7, STM32WBA54CGU7TR, STM32WBA54KEU6, STM32WBA54KEU6TR, STM32WBA54KEU7, STM32WBA54KEU7TR, STM32WBA54KGU6, STM32WBA54KGU6TR, STM32WBA54KGU7, STM32WBA54KGU7TR, STM32WBA55CEU6, STM32WBA55CEU6TR, STM32WBA55CEU7, STM32WBA55CEU7TR, STM32WBA55CGU6, STM32WBA55CGU6TR, STM32WBA55CGU6U, STM32WBA55CGU7, STM32WBA55CGU7TR, STM32WBA55G-DK1, STM32WBA55HEF6, STM32WBA55HEF7, STM32WBA55HGF6, STM32WBA55HGF7, STM32WBA55UEI6, STM32WBA55UEI6TR, STM32WBA55UEI7, STM32WBA55UEI7TR, STM32WBA55UGI6, STM32WBA55UGI6TR, STM32WBA55UGI7, STM32WBA55UGI7TR, STM32WBA5MMGH6TR, STM32WBA62MGF6, STM32WBA62MIF6, STM32WBA65MGF7, STM32WBA65MIF6, STM32WBA65MIF7, STM32WL30K8V6, STM32WL30KBV6, STM32WL31C8V6, STM32WL31CBV6, STM32WL31K8V6, STM32WL31KBV6, STM32WL33C8V6, STM32WL33C8V6X, STM32WL33CBV6, STM32WL33CBV6X, STM32WL33CCV6, STM32WL33CCV6A, STM32WL33CCV6X, STM32WL33K8V7, STM32WL33K8V7X, STM32WL33KBV7 , STM32WL33KBV7X, STM32WL33KCV7, STM32WL33KCV7X, STM32WL5MOCH6, STM32WL5MOCH6TR]
2025-09-02 12:16:55,176 [INFO] DbMcus:218 - Found 4801 MCUs, 4801 are supported
2025-09-02 12:16:55,185 [INFO] ApiDb:423 - Load user favorites file C:\Users\USERIT/.stm32cubeide/favorites.mcus.txt: 1 item(s)
2025-09-02 12:16:55,185 [INFO] ApiDb:427 - User favorites MCUs=[STM32F767ZIT6]
2025-09-02 12:16:55,186 [INFO] DbMcus:224 - Set 1 / 1 favorites MCUs
2025-09-02 12:16:55,699 [INFO] ApiDb:423 - Load user favorites file C:\Users\USERIT/.stm32cubeide/favorites.boards.txt: 0 item(s)
2025-09-02 12:16:55,699 [INFO] ApiDb:427 - User favorites Boards=[]
2025-09-02 12:16:55,700 [INFO] DbBoards:198 - Set 0 / 0 favorites Boards
2025-09-02 12:16:55,768 [INFO] UtilMem:75 - End LoadConfig() Used Memory: 769055472 Bytes (1073741824)
2025-09-02 12:16:55,930 [WARN] ThirdParty:833 - waiting for thirdparty lock release [change project]
2025-09-02 12:16:55,930 [INFO] ThirdParty:835 - entering critical section [change project]
2025-09-02 12:16:55,930 [INFO] ThirdParty:1030 - CMSIS Pack Vendor :STMicroelectronics X-CUBE-PM33A1 1.0.0
2025-09-02 12:16:55,930 [INFO] ThirdParty:1030 - CMSIS Pack Vendor :STMicroelectronics USBPD 4.1
2025-09-02 12:16:55,930 [INFO] ThirdParty:1030 - CMSIS Pack Vendor :STMicroelectronics X-CUBE-NFC9 1.0.0
2025-09-02 12:16:55,930 [INFO] ThirdParty:1030 - CMSIS Pack Vendor :STMicroelectronics USB_HOST 2.0.0
2025-09-02 12:16:55,930 [INFO] ThirdParty:1030 - CMSIS Pack Vendor :STMicroelectronics FP-SNS-MOTENVWB1 1.4.0
2025-09-02 12:16:55,931 [INFO] ThirdParty:1030 - CMSIS Pack Vendor :STMicroelectronics X-CUBE-AZRTOS-F4 1.1.0
2025-09-02 12:16:55,931 [INFO] ThirdParty:1030 - CMSIS Pack Vendor :STMicroelectronics LIBJPEG 8.0.0
2025-09-02 12:16:55,931 [INFO] ThirdParty:1030 - CMSIS Pack Vendor :STMicroelectronics FP-ATR-ASTRA1 2.0.2
2025-09-02 12:16:55,931 [INFO] ThirdParty:1030 - CMSIS Pack Vendor :STMicroelectronics X-CUBE-BLE1 7.1.0
2025-09-02 12:16:55,931 [INFO] ThirdParty:1030 - CMSIS Pack Vendor :STMicroelectronics X-CUBE-SMBUS 2.1.0
2025-09-02 12:16:55,931 [INFO] ThirdParty:1030 - CMSIS Pack Vendor :wolfSSL I-CUBE-wolfMQTT 1.19.2
2025-09-02 12:16:55,931 [INFO] ThirdParty:1030 - CMSIS Pack Vendor :STMicroelectronics USB_DEVICE 3.0.0
2025-09-02 12:16:55,931 [INFO] ThirdParty:1030 - CMSIS Pack Vendor :STMicroelectronics X-CUBE-ISPU 2.1.0
2025-09-02 12:16:55,931 [INFO] ThirdParty:1030 - CMSIS Pack Vendor :STMicroelectronics X-CUBE-AZRTOS-WB 2.0.0
2025-09-02 12:16:55,931 [INFO] ThirdParty:1030 - CMSIS Pack Vendor :STMicroelectronics X-CUBE-ST60 1.0.0
2025-09-02 12:16:55,931 [INFO] ThirdParty:1030 - CMSIS Pack Vendor :STMicroelectronics X-CUBE-GNSS1 7.0.1
2025-09-02 12:16:55,931 [INFO] ThirdParty:1030 - CMSIS Pack Vendor :STMicroelectronics X-CUBE-AZRTOS-F7 1.1.0
2025-09-02 12:16:55,931 [INFO] ThirdParty:1030 - CMSIS Pack Vendor :STMicroelectronics X-CUBE-AZRTOS-L5 2.0.0
2025-09-02 12:16:55,931 [INFO] ThirdParty:1030 - CMSIS Pack Vendor :STMicroelectronics X-CUBE-TOUCHGFX 4.25.0
2025-09-02 12:16:55,931 [INFO] ThirdParty:1030 - CMSIS Pack Vendor :STMicroelectronics USB_DEVICE 2.0.0
2025-09-02 12:16:55,931 [INFO] ThirdParty:1030 - CMSIS Pack Vendor :STMicroelectronics X-CUBE-NFC6 3.1.0
2025-09-02 12:16:55,931 [INFO] ThirdParty:1030 - CMSIS Pack Vendor :STMicroelectronics X-CUBE-AI 10.1.0
2025-09-02 12:16:55,931 [INFO] ThirdParty:1030 - CMSIS Pack Vendor :STMicroelectronics FP-SNS-STBOX1 2.0.0
2025-09-02 12:16:55,931 [INFO] ThirdParty:1030 - CMSIS Pack Vendor :quantropi X-CUBE-qispace-sdk-base 2.1.0
2025-09-02 12:16:55,931 [INFO] ThirdParty:1030 - CMSIS Pack Vendor :STMicroelectronics FreeRTOS 0.0.1
2025-09-02 12:16:55,931 [INFO] ThirdParty:1030 - CMSIS Pack Vendor :STMicroelectronics X-CUBE-AZRTOS-G0 1.1.0
2025-09-02 12:16:55,931 [INFO] ThirdParty:1030 - CMSIS Pack Vendor :STMicroelectronics X-CUBE-SAFEA1 1.2.2
2025-09-02 12:16:55,931 [INFO] ThirdParty:1030 - CMSIS Pack Vendor :STMicroelectronics X-CUBE-NFC4 3.0.0
2025-09-02 12:16:55,931 [INFO] ThirdParty:1030 - CMSIS Pack Vendor :STMicroelectronics X-CUBE-SUBG2 5.0.0
2025-09-02 12:16:55,931 [INFO] ThirdParty:1030 - CMSIS Pack Vendor :STMicroelectronics X-CUBE-AZRTOS-H7RS 1.1.0
2025-09-02 12:16:55,931 [INFO] ThirdParty:1030 - CMSIS Pack Vendor :STMicroelectronics STM32_WPAN 1.0.0
2025-09-02 12:16:55,932 [INFO] ThirdParty:1030 - CMSIS Pack Vendor :EmbeddedOffice I-CUBE-FS-RTOS 1.0.1
2025-09-02 12:16:55,932 [INFO] ThirdParty:1030 - CMSIS Pack Vendor :STMicroelectronics lwIP 2.0.3
2025-09-02 12:16:55,932 [INFO] ThirdParty:1030 - CMSIS Pack Vendor :Cesanta I-CUBE-Mongoose 7.13.0
2025-09-02 12:16:55,932 [INFO] ThirdParty:1030 - CMSIS Pack Vendor :STMicroelectronics USB_HOST 1.0.0
2025-09-02 12:16:55,932 [INFO] ThirdParty:1030 - CMSIS Pack Vendor :Infineon AIROC-Wi-Fi-Bluetooth-STM32 1.7.1
2025-09-02 12:16:55,932 [INFO] ThirdParty:1030 - CMSIS Pack Vendor :STMicroelectronics X-CUBE-AZRTOS-G4 2.0.0
2025-09-02 12:16:55,932 [INFO] ThirdParty:1030 - CMSIS Pack Vendor :STMicroelectronics X-CUBE-WB05N 2.0.0
2025-09-02 12:16:55,932 [INFO] ThirdParty:1030 - CMSIS Pack Vendor :STMicroelectronics PDM2PCM 3.1.0
2025-09-02 12:16:55,932 [INFO] ThirdParty:1030 - CMSIS Pack Vendor :STMicroelectronics PDM2PCM 3.3.0
2025-09-02 12:16:55,932 [INFO] ThirdParty:1030 - CMSIS Pack Vendor :wolfSSL I-CUBE-wolfTPM 3.8.0
2025-09-02 12:16:55,932 [INFO] ThirdParty:1030 - CMSIS Pack Vendor :STMicroelectronics X-CUBE-DISPLAY 3.0.0
2025-09-02 12:16:55,932 [INFO] ThirdParty:1030 - CMSIS Pack Vendor :wolfSSL I-CUBE-wolfSSH 1.4.20
2025-09-02 12:16:55,932 [INFO] ThirdParty:1030 - CMSIS Pack Vendor :STMicroelectronics X-CUBE-NFC7 2.0.0
2025-09-02 12:16:55,932 [INFO] ThirdParty:1030 - CMSIS Pack Vendor :STMicroelectronics X-CUBE-TCPP 4.2.0
2025-09-02 12:16:55,932 [INFO] ThirdParty:1030 - CMSIS Pack Vendor :RealThread X-CUBE-RT-Thread_Nano 4.1.1
2025-09-02 12:16:55,932 [INFO] ThirdParty:1030 - CMSIS Pack Vendor :STMicroelectronics FP-ATR-SIGFOX1 3.2.0
2025-09-02 12:16:55,932 [INFO] ThirdParty:1030 - CMSIS Pack Vendor :STMicroelectronics X-CUBE-NFC10 1.0.0
2025-09-02 12:16:55,932 [INFO] ThirdParty:1030 - CMSIS Pack Vendor :STMicroelectronics X-CUBE-FREERTOS 1.3.1
2025-09-02 12:16:55,932 [INFO] ThirdParty:1030 - CMSIS Pack Vendor :STMicroelectronics HAL Drivers 0.0.0
2025-09-02 12:16:55,932 [INFO] ThirdParty:1030 - CMSIS Pack Vendor :STMicroelectronics MBEDTLS 2.16.2
2025-09-02 12:16:55,932 [INFO] ThirdParty:1030 - CMSIS Pack Vendor :STMicroelectronics X-CUBE-IPS 3.1.0
2025-09-02 12:16:55,932 [INFO] ThirdParty:1030 - CMSIS Pack Vendor :STMicroelectronics X-CUBE-ALS 1.0.2
2025-09-02 12:16:55,932 [INFO] ThirdParty:1030 - CMSIS Pack Vendor :emotas I-CUBE-CANOPEN 1.3.0
2025-09-02 12:16:55,932 [INFO] ThirdParty:1030 - CMSIS Pack Vendor :STMicroelectronics MBEDTLS 2.14.1
2025-09-02 12:16:55,932 [INFO] ThirdParty:1030 - CMSIS Pack Vendor :ITTIA_DB I-CUBE-ITTIADB 8.9.0
2025-09-02 12:16:55,932 [INFO] ThirdParty:1030 - CMSIS Pack Vendor :portGmbH I-Cube-SoM-uGOAL 1.1.0
2025-09-02 12:16:55,932 [INFO] ThirdParty:1030 - CMSIS Pack Vendor :STMicroelectronics X-CUBE-ST67W61 1.0.0
2025-09-02 12:16:55,933 [INFO] ThirdParty:1030 - CMSIS Pack Vendor :STMicroelectronics FP-SNS-STBOX1 2.1.0
2025-09-02 12:16:55,933 [INFO] ThirdParty:1030 - CMSIS Pack Vendor :STMicroelectronics X-CUBE-AI 10.2.0
2025-09-02 12:16:55,933 [INFO] ThirdParty:1030 - CMSIS Pack Vendor :STMicroelectronics ThreadX 1.0.0
2025-09-02 12:16:55,933 [INFO] ThirdParty:1030 - CMSIS Pack Vendor :STMicroelectronics FP-SNS-SMARTAG2 1.2.0
2025-09-02 12:16:55,933 [INFO] ThirdParty:1030 - CMSIS Pack Vendor :STMicroelectronics FP-SNS-FLIGHT1 5.1.0
2025-09-02 12:16:55,933 [INFO] ThirdParty:1030 - CMSIS Pack Vendor :STMicroelectronics X-CUBE-AZRTOS-WL 2.0.0
2025-09-02 12:16:55,933 [INFO] ThirdParty:1030 - CMSIS Pack Vendor :SEGGER I-CUBE-embOS 1.3.1
2025-09-02 12:16:55,933 [INFO] ThirdParty:1030 - CMSIS Pack Vendor :STMicroelectronics X-CUBE-ALGOBUILD 1.4.0
2025-09-02 12:16:55,933 [INFO] ThirdParty:1030 - CMSIS Pack Vendor :STMicroelectronics X-CUBE-DPower 1.3.0
2025-09-02 12:16:55,933 [INFO] ThirdParty:1030 - CMSIS Pack Vendor :STMicroelectronics X-CUBE-MEMS1 11.3.0
2025-09-02 12:16:55,933 [INFO] ThirdParty:1030 - CMSIS Pack Vendor :STMicroelectronics FP-SNS-MOTENV1 5.0.0
2025-09-02 12:16:55,933 [INFO] ThirdParty:1030 - CMSIS Pack Vendor :STMicroelectronics USB_DEVICE 1.0.0
2025-09-02 12:16:55,933 [INFO] ThirdParty:1030 - CMSIS Pack Vendor :STMicroelectronics X-CUBE-AZRTOS-L4 2.0.0
2025-09-02 12:16:55,933 [INFO] ThirdParty:1030 - CMSIS Pack Vendor :STMicroelectronics ThreadX 0.0.2
2025-09-02 12:16:55,933 [INFO] ThirdParty:1030 - CMSIS Pack Vendor :WES I-CUBE-Cesium 1.3.0
2025-09-02 12:16:55,933 [INFO] ThirdParty:1030 - CMSIS Pack Vendor :STMicroelectronics lwIP 2.1.2
2025-09-02 12:16:55,933 [INFO] ThirdParty:1030 - CMSIS Pack Vendor :STMicroelectronics X-CUBE-SFXS2LP1 4.0.0
2025-09-02 12:16:55,933 [INFO] ThirdParty:1030 - CMSIS Pack Vendor :STMicroelectronics X-CUBE-BLE2 3.3.0
2025-09-02 12:16:55,933 [INFO] ThirdParty:1030 - CMSIS Pack Vendor :STMicroelectronics X-CUBE-TOF1 3.4.3
2025-09-02 12:16:55,934 [INFO] ThirdParty:1030 - CMSIS Pack Vendor :STMicroelectronics PDM2PCM 3.2.0
2025-09-02 12:16:55,934 [INFO] ThirdParty:841 - exiting critical section [change project]
2025-09-02 12:16:56,578 [INFO] PinOutPanel:1589 - setPackage(No Configuration,No Configuration)
2025-09-02 12:16:56,580 [INFO] PinOutPanel:1589 - setPackage(STM32F767ZITx,LQFP144)
2025-09-02 12:16:57,432 [INFO] UtilMem:75 - Before build in PCC Used Memory: 914431000 Bytes (1073741824)
2025-09-02 12:16:58,299 [INFO] UtilMem:75 - After build in PCC Used Memory: 999436336 Bytes (1073741824)
2025-09-02 12:16:58,349 [INFO] IPUIPlugin:80 - create IPUIPlugin
2025-09-02 12:16:58,349 [INFO] IPUIPlugin:80 - create IPUIPlugin
2025-09-02 12:16:58,349 [INFO] IPUIPlugin:80 - create IPUIPlugin
2025-09-02 12:16:58,349 [INFO] IPUIPlugin:80 - create IPUIPlugin
2025-09-02 12:16:58,349 [INFO] IPUIPlugin:80 - create IPUIPlugin
2025-09-02 12:16:58,350 [INFO] IPUIPlugin:80 - create IPUIPlugin
2025-09-02 12:16:58,350 [INFO] IPUIPlugin:80 - create IPUIPlugin
2025-09-02 12:16:58,351 [INFO] IPUIPlugin:80 - create IPUIPlugin
2025-09-02 12:16:58,351 [INFO] IPUIPlugin:80 - create IPUIPlugin
2025-09-02 12:16:58,351 [INFO] IPUIPlugin:80 - create IPUIPlugin
2025-09-02 12:16:58,351 [INFO] IPUIPlugin:80 - create IPUIPlugin
2025-09-02 12:16:58,352 [INFO] IPUIPlugin:80 - create IPUIPlugin
2025-09-02 12:16:58,352 [INFO] IPUIPlugin:80 - create IPUIPlugin
2025-09-02 12:16:58,352 [INFO] IPUIPlugin:80 - create IPUIPlugin
2025-09-02 12:16:58,352 [INFO] IPUIPlugin:80 - create IPUIPlugin
2025-09-02 12:16:58,352 [INFO] IPUIPlugin:80 - create IPUIPlugin
2025-09-02 12:16:58,352 [INFO] IPUIPlugin:80 - create IPUIPlugin
2025-09-02 12:16:58,352 [INFO] IPUIPlugin:80 - create IPUIPlugin
2025-09-02 12:16:58,353 [INFO] IPUIPlugin:80 - create IPUIPlugin
2025-09-02 12:16:58,353 [INFO] IPUIPlugin:80 - create IPUIPlugin
2025-09-02 12:16:58,353 [INFO] IPUIPlugin:80 - create IPUIPlugin
2025-09-02 12:16:58,353 [INFO] IPUIPlugin:80 - create IPUIPlugin
2025-09-02 12:16:58,353 [INFO] IPUIPlugin:80 - create IPUIPlugin
2025-09-02 12:16:58,353 [INFO] IPUIPlugin:80 - create IPUIPlugin
2025-09-02 12:16:58,353 [INFO] IPUIPlugin:80 - create IPUIPlugin
2025-09-02 12:16:58,353 [INFO] IPUIPlugin:80 - create IPUIPlugin
2025-09-02 12:16:58,354 [INFO] IPUIPlugin:80 - create IPUIPlugin
2025-09-02 12:16:58,354 [INFO] IPUIPlugin:80 - create IPUIPlugin
2025-09-02 12:16:58,354 [INFO] IPUIPlugin:80 - create IPUIPlugin
2025-09-02 12:16:58,354 [INFO] IPUIPlugin:80 - create IPUIPlugin
2025-09-02 12:16:58,354 [INFO] IPUIPlugin:80 - create IPUIPlugin
2025-09-02 12:16:58,355 [INFO] IPUIPlugin:80 - create IPUIPlugin
2025-09-02 12:16:58,355 [INFO] IPUIPlugin:80 - create IPUIPlugin
2025-09-02 12:16:58,355 [INFO] IPUIPlugin:80 - create IPUIPlugin
2025-09-02 12:16:58,355 [INFO] IPUIPlugin:80 - create IPUIPlugin
2025-09-02 12:16:58,355 [INFO] IPUIPlugin:80 - create IPUIPlugin
2025-09-02 12:16:58,356 [INFO] IPUIPlugin:80 - create IPUIPlugin
2025-09-02 12:16:58,356 [INFO] IPUIPlugin:80 - create IPUIPlugin
2025-09-02 12:16:58,356 [INFO] IPUIPlugin:80 - create IPUIPlugin
2025-09-02 12:16:58,357 [INFO] IPUIPlugin:80 - create IPUIPlugin
2025-09-02 12:16:58,357 [INFO] IPUIPlugin:80 - create IPUIPlugin
2025-09-02 12:16:58,358 [INFO] IPUIPlugin:80 - create IPUIPlugin
2025-09-02 12:16:58,358 [INFO] IPUIPlugin:80 - create IPUIPlugin
2025-09-02 12:16:58,359 [INFO] IPUIPlugin:80 - create IPUIPlugin
2025-09-02 12:16:58,359 [INFO] IPUIPlugin:80 - create IPUIPlugin
2025-09-02 12:16:58,359 [INFO] IPUIPlugin:80 - create IPUIPlugin
2025-09-02 12:16:58,359 [INFO] IPUIPlugin:80 - create IPUIPlugin
2025-09-02 12:16:58,360 [INFO] IPUIPlugin:80 - create IPUIPlugin
2025-09-02 12:16:58,360 [INFO] IPUIPlugin:80 - create IPUIPlugin
2025-09-02 12:16:58,360 [INFO] IPUIPlugin:80 - create IPUIPlugin
2025-09-02 12:16:58,360 [INFO] IPUIPlugin:80 - create IPUIPlugin
2025-09-02 12:16:58,360 [INFO] IPUIPlugin:80 - create IPUIPlugin
2025-09-02 12:16:58,361 [INFO] IPUIPlugin:80 - create IPUIPlugin
2025-09-02 12:16:58,361 [INFO] IPUIPlugin:80 - create IPUIPlugin
2025-09-02 12:16:58,361 [INFO] IPUIPlugin:80 - create IPUIPlugin
2025-09-02 12:16:58,361 [INFO] IPUIPlugin:80 - create IPUIPlugin
2025-09-02 12:16:58,361 [INFO] IPUIPlugin:80 - create IPUIPlugin
2025-09-02 12:16:58,362 [INFO] IPUIPlugin:80 - create IPUIPlugin
2025-09-02 12:16:58,362 [INFO] IPUIPlugin:80 - create IPUIPlugin
2025-09-02 12:16:58,362 [INFO] IPUIPlugin:80 - create IPUIPlugin
2025-09-02 12:16:58,362 [INFO] IPUIPlugin:80 - create IPUIPlugin
2025-09-02 12:16:58,362 [INFO] IPUIPlugin:80 - create IPUIPlugin
2025-09-02 12:16:58,363 [INFO] IPUIPlugin:80 - create IPUIPlugin
2025-09-02 12:16:58,363 [INFO] IPUIPlugin:80 - create IPUIPlugin
2025-09-02 12:16:58,363 [INFO] IPUIPlugin:80 - create IPUIPlugin
2025-09-02 12:16:58,364 [INFO] IPUIPlugin:80 - create IPUIPlugin
2025-09-02 12:16:58,364 [INFO] IPUIPlugin:80 - create IPUIPlugin
2025-09-02 12:16:58,365 [INFO] IPUIPlugin:80 - create IPUIPlugin
2025-09-02 12:16:58,365 [INFO] IPUIPlugin:80 - create IPUIPlugin
2025-09-02 12:16:58,366 [INFO] IPUIPlugin:80 - create IPUIPlugin
2025-09-02 12:16:58,366 [INFO] IPUIPlugin:80 - create IPUIPlugin
2025-09-02 12:16:58,366 [INFO] IPUIPlugin:80 - create IPUIPlugin
2025-09-02 12:16:58,366 [INFO] IPUIPlugin:80 - create IPUIPlugin
2025-09-02 12:16:58,367 [INFO] IPUIPlugin:80 - create IPUIPlugin
2025-09-02 12:16:58,367 [INFO] IPUIPlugin:80 - create IPUIPlugin
2025-09-02 12:16:58,367 [INFO] IPUIPlugin:80 - create IPUIPlugin
2025-09-02 12:16:58,368 [INFO] IPUIPlugin:80 - create IPUIPlugin
2025-09-02 12:16:58,368 [INFO] IPUIPlugin:80 - create IPUIPlugin
2025-09-02 12:16:58,369 [INFO] IPUIPlugin:80 - create IPUIPlugin
2025-09-02 12:16:58,444 [INFO] ApiDbMcu:532 - Load IP Config File for PDM2PCM
2025-09-02 12:16:58,687 [INFO] CADModel:165 - CPN selected for project levelSTM32F767ZIT6
2025-09-02 12:16:58,687 [INFO] CADModel:114 - Register for checkConnection events
2025-09-02 12:16:58,751 [INFO] OpenFileManager:386 - Restore cursor
2025-09-02 12:20:42,014 [ERROR] LogOutputStream:75 - [STDERR_REDIRECT] 
2025-09-02 12:20:42,015 [ERROR] LogOutputStream:75 - [STDERR_REDIRECT] 
2025-09-02 12:21:08,762 [INFO] Activator:176 - 


2025-09-02 12:21:08,764 [INFO] Activator:177 - !SESSION log4j initialized
2025-09-02 12:21:13,792 [INFO] LogOutputStream:77 - [STDOUT_REDIRECT] 
2025-09-02 12:21:15,179 [INFO] ApplicationProperties:184 - Using Application install path: C:\ST\STM32CubeIDE_1.19.0\STM32CubeIDE\plugins\com.st.stm32cube.common.mx_6.15.0.202507011659
2025-09-02 12:21:15,191 [INFO] DbMcusXml:78 - Set database path to: C:\ST\STM32CubeIDE_1.19.0\STM32CubeIDE\plugins\com.st.stm32cube.common.mx_6.15.0.202507011659\\db\/mcu/
2025-09-02 12:21:15,192 [INFO] ApiDb:274 - Set plugin database path to: C:\ST\STM32CubeIDE_1.19.0\STM32CubeIDE\plugins\com.st.stm32cube.common.mx_6.15.0.202507011659\\db\/plugins/boardmanager/
2025-09-02 12:21:15,192 [WARN] ApiDb:259 - Overriding images path with different value:  => C:\ST\STM32CubeIDE_1.19.0\STM32CubeIDE\plugins\com.st.stm32cube.common.mx_6.15.0.202507011659\\db\/plugins/mcufinder/images/
2025-09-02 12:21:15,196 [INFO] ApiDb:250 - Set database path to: C:\Users\USERIT\.stmcufinder\plugins\mcufinder//mcu/
2025-09-02 12:21:15,197 [INFO] DbMcusAds:125 - Set database path to: C:\Users\USERIT\.stmcufinder\plugins\mcufinder//mcu/
2025-09-02 12:21:15,198 [INFO] CrossReferenceDbSqlite:203 - Set database path to: C:\Users\USERIT\.stmcufinder\plugins\mcufinder//mcu/cs/
2025-09-02 12:21:15,310 [INFO] RulesReader:64 - Compatibility file has been processed (317 Rules)
2025-09-02 12:21:15,382 [INFO] DbMcusXml:78 - Set database path to: C:\ST\STM32CubeIDE_1.19.0\STM32CubeIDE\plugins\com.st.stm32cube.common.mx_6.15.0.202507011659\\db\/mcu/
2025-09-02 12:21:15,382 [INFO] ApiDb:274 - Set plugin database path to: C:\ST\STM32CubeIDE_1.19.0\STM32CubeIDE\plugins\com.st.stm32cube.common.mx_6.15.0.202507011659\\db\/plugins/boardmanager/
2025-09-02 12:21:15,382 [INFO] ApiDb:261 - Set plugin images path to: C:\ST\STM32CubeIDE_1.19.0\STM32CubeIDE\plugins\com.st.stm32cube.common.mx_6.15.0.202507011659\\db\/plugins/mcufinder/images/
2025-09-02 12:21:15,383 [WARN] DbFile:41 - Overriding database path with different value: C:\Users\USERIT\.stmcufinder\plugins\mcufinder/ => C:\Users\USERIT\.stmcufinder\plugins\mcufinder
2025-09-02 12:21:15,383 [INFO] ApiDb:250 - Set database path to: C:\Users\USERIT\.stmcufinder\plugins\mcufinder//mcu/
2025-09-02 12:21:15,383 [WARN] DbFile:41 - Overriding database path with different value: C:\Users\USERIT\.stmcufinder\plugins\mcufinder/ => C:\Users\USERIT\.stmcufinder\plugins\mcufinder
2025-09-02 12:21:15,383 [INFO] DbMcusAds:125 - Set database path to: C:\Users\USERIT\.stmcufinder\plugins\mcufinder//mcu/
2025-09-02 12:21:15,383 [WARN] DbFile:41 - Overriding database path with different value: C:\Users\USERIT\.stmcufinder\plugins\mcufinder/ => C:\Users\USERIT\.stmcufinder\plugins\mcufinder
2025-09-02 12:21:15,383 [WARN] DbFile:41 - Overriding database path with different value: C:\Users\USERIT\.stmcufinder\plugins\mcufinder/ => C:\Users\USERIT\.stmcufinder\plugins\mcufinder
2025-09-02 12:21:15,383 [INFO] CrossReferenceDbSqlite:203 - Set database path to: C:\Users\USERIT\.stmcufinder\plugins\mcufinder//mcu/cs/
2025-09-02 12:21:15,460 [INFO] MainPanel:274 - HeapMemory: 268435456
2025-09-02 12:21:15,555 [INFO] DbMcusXml:78 - Set database path to: C:\ST\STM32CubeIDE_1.19.0\STM32CubeIDE\plugins\com.st.stm32cube.common.mx_6.15.0.202507011659\\db\/mcu/
2025-09-02 12:21:15,555 [INFO] ApiDb:274 - Set plugin database path to: C:\ST\STM32CubeIDE_1.19.0\STM32CubeIDE\plugins\com.st.stm32cube.common.mx_6.15.0.202507011659\\db\/plugins/boardmanager/
2025-09-02 12:21:15,555 [INFO] ApiDb:261 - Set plugin images path to: C:\ST\STM32CubeIDE_1.19.0\STM32CubeIDE\plugins\com.st.stm32cube.common.mx_6.15.0.202507011659\\db\/plugins/mcufinder/images/
2025-09-02 12:21:15,555 [WARN] DbFile:41 - Overriding database path with different value: C:\Users\USERIT\.stmcufinder\plugins\mcufinder/ => C:\Users\USERIT\.stmcufinder\plugins\mcufinder
2025-09-02 12:21:15,556 [INFO] ApiDb:250 - Set database path to: C:\Users\USERIT\.stmcufinder\plugins\mcufinder//mcu/
2025-09-02 12:21:15,556 [WARN] DbFile:41 - Overriding database path with different value: C:\Users\USERIT\.stmcufinder\plugins\mcufinder/ => C:\Users\USERIT\.stmcufinder\plugins\mcufinder
2025-09-02 12:21:15,556 [INFO] DbMcusAds:125 - Set database path to: C:\Users\USERIT\.stmcufinder\plugins\mcufinder//mcu/
2025-09-02 12:21:15,556 [WARN] DbFile:41 - Overriding database path with different value: C:\Users\USERIT\.stmcufinder\plugins\mcufinder/ => C:\Users\USERIT\.stmcufinder\plugins\mcufinder
2025-09-02 12:21:15,556 [WARN] DbFile:41 - Overriding database path with different value: C:\Users\USERIT\.stmcufinder\plugins\mcufinder/ => C:\Users\USERIT\.stmcufinder\plugins\mcufinder
2025-09-02 12:21:15,556 [INFO] CrossReferenceDbSqlite:203 - Set database path to: C:\Users\USERIT\.stmcufinder\plugins\mcufinder//mcu/cs/
2025-09-02 12:21:15,571 [INFO] ApplicationProperties:184 - Using Application install path: C:\ST\STM32CubeIDE_1.19.0\STM32CubeIDE\plugins\com.st.stm32cube.common.mx_6.15.0.202507011659
2025-09-02 12:21:15,572 [INFO] PluginManage:196 - Search for loadable plugins [exclusion list=, ]
2025-09-02 12:21:15,573 [INFO] PluginManage:310 - Check plugin analytics
2025-09-02 12:21:15,721 [INFO] AnalyticsPlugin:253 - Accepted Software Licenses: 
2025-09-02 12:21:15,721 [INFO] AnalyticsPlugin:255 - Accepted CMSIS Pack Licenses: 
2025-09-02 12:21:15,721 [INFO] AnalyticsPlugin:257 - Accepted Firmware Licenses: FW.F7.1.17.0
2025-09-02 12:21:15,724 [INFO] PluginManage:359 - Loaded plugin analytics (category:tool,tabindex:-1)
2025-09-02 12:21:15,725 [INFO] PluginManage:310 - Check plugin cadmodel
2025-09-02 12:21:15,732 [INFO] CADModel:105 - Init CAD model plugin
2025-09-02 12:21:15,732 [INFO] PluginManage:359 - Loaded plugin cadmodel (category:power,tabindex:5)
2025-09-02 12:21:15,732 [INFO] PluginManage:310 - Check plugin clock
2025-09-02 12:21:15,739 [INFO] PluginManage:359 - Loaded plugin clock (category:base,tabindex:2)
2025-09-02 12:21:15,739 [INFO] PluginManage:310 - Check plugin ddr
2025-09-02 12:21:15,741 [INFO] PluginManage:359 - Loaded plugin ddr (category:tool,tabindex:6)
2025-09-02 12:21:15,741 [INFO] PluginManage:310 - Check plugin filemanager
2025-09-02 12:21:15,880 [INFO] PluginManage:359 - Loaded plugin filemanager (category:base,tabindex:10)
2025-09-02 12:21:15,881 [INFO] PluginManage:310 - Check plugin ipmanager
2025-09-02 12:21:15,886 [INFO] PluginManage:359 - Loaded plugin ipmanager (category:base,tabindex:5)
2025-09-02 12:21:15,887 [INFO] PluginManage:310 - Check plugin lpbam
2025-09-02 12:21:15,894 [INFO] PluginManage:359 - Loaded plugin lpbam (category:base,tabindex:0)
2025-09-02 12:21:15,894 [INFO] PluginManage:310 - Check plugin memorymap
2025-09-02 12:21:15,905 [INFO] PluginManage:359 - Loaded plugin memorymap (category:base,tabindex:4)
2025-09-02 12:21:15,906 [INFO] PluginManage:310 - Check plugin pinoutandconfiguration
2025-09-02 12:21:15,911 [INFO] PluginManage:359 - Loaded plugin pinoutandconfiguration (category:base,tabindex:1)
2025-09-02 12:21:15,911 [INFO] PluginManage:310 - Check plugin pinoutconfig
2025-09-02 12:21:15,986 [WARN] SupportedApi:132 - Cannot load RTOS API schema: s4s-elt-must-match.1: The content of 'definitions' must match (annotation?, (simpleType | complexType)?, (unique | key | keyref)*)). A problem was found starting at: attribute.
2025-09-02 12:21:16,098 [INFO] PluginManage:359 - Loaded plugin pinoutconfig (category:base,tabindex:0)
2025-09-02 12:21:16,098 [INFO] PluginManage:310 - Check plugin power
2025-09-02 12:21:16,105 [INFO] PluginManage:359 - Loaded plugin power (category:power,tabindex:4)
2025-09-02 12:21:16,105 [INFO] PluginManage:310 - Check plugin projectmanager
2025-09-02 12:21:16,124 [INFO] PluginManage:359 - Loaded plugin projectmanager (category:projectmanager,tabindex:4)
2025-09-02 12:21:16,124 [INFO] PluginManage:310 - Check plugin rif
2025-09-02 12:21:16,134 [INFO] PluginManage:359 - Loaded plugin rif (category:base,tabindex:3)
2025-09-02 12:21:16,134 [INFO] PluginManage:310 - Check plugin thirdparty
2025-09-02 12:21:16,280 [INFO] PluginManage:359 - Loaded plugin thirdparty (category:base,tabindex:-1)
2025-09-02 12:21:16,280 [WARN] IntegrityCheckThread:84 - waiting for thirdparty lock release [integrity check]
2025-09-02 12:21:16,280 [INFO] PluginManage:310 - Check plugin tools
2025-09-02 12:21:16,281 [INFO] IntegrityCheckThread:86 - entering critical section [integrity check]
2025-09-02 12:21:16,281 [INFO] ThirdPartyUpdaterWithRetryManager:70 - Updater plugin not ready yet. [1/15]
2025-09-02 12:21:16,284 [INFO] PluginManage:359 - Loaded plugin tools (category:base,tabindex:7)
2025-09-02 12:21:16,284 [INFO] PluginManage:310 - Check plugin tutovideos
2025-09-02 12:21:16,463 [INFO] PluginManage:359 - Loaded plugin tutovideos (category:base,tabindex:-1)
2025-09-02 12:21:16,463 [INFO] PluginManage:310 - Check plugin updater
2025-09-02 12:21:16,479 [INFO] PluginManage:359 - Loaded plugin updater (category:base,tabindex:12)
2025-09-02 12:21:16,479 [INFO] PluginManage:310 - Check plugin userauth
2025-09-02 12:21:16,483 [INFO] UserAuth:118 - Init User Auth plugin
2025-09-02 12:21:16,483 [INFO] PluginManage:359 - Loaded plugin userauth (category:base,tabindex:14)
2025-09-02 12:21:16,484 [INFO] PluginManage:283 - PluginManage : Loaded plugins [18]
2025-09-02 12:21:16,668 [INFO] PinOutPanel:1589 - setPackage(No Configuration,No Configuration)
2025-09-02 12:21:16,739 [INFO] CADModel:165 - CPN selected for project level
2025-09-02 12:21:16,740 [INFO] CADModel:114 - Register for checkConnection events
2025-09-02 12:21:16,751 [INFO] IPUIPlugin:80 - create IPUIPlugin
2025-09-02 12:21:16,752 [INFO] PluginManager:220 - loadIPPluginJar : add adc
2025-09-02 12:21:16,754 [INFO] IPUIPlugin:80 - create IPUIPlugin
2025-09-02 12:21:16,754 [INFO] PluginManager:220 - loadIPPluginJar : add aes
2025-09-02 12:21:16,756 [INFO] IPUIPlugin:80 - create IPUIPlugin
2025-09-02 12:21:16,756 [INFO] PluginManager:220 - loadIPPluginJar : add can
2025-09-02 12:21:16,758 [INFO] IPUIPlugin:80 - create IPUIPlugin
2025-09-02 12:21:16,758 [INFO] PluginManager:220 - loadIPPluginJar : add comp
2025-09-02 12:21:16,759 [INFO] IPUIPlugin:80 - create IPUIPlugin
2025-09-02 12:21:16,759 [INFO] PluginManager:220 - loadIPPluginJar : add cryp
2025-09-02 12:21:16,762 [INFO] IPUIPlugin:80 - create IPUIPlugin
2025-09-02 12:21:16,762 [INFO] PluginManager:220 - loadIPPluginJar : add ddr_ctrl_phy
2025-09-02 12:21:16,764 [INFO] IPUIPlugin:80 - create IPUIPlugin
2025-09-02 12:21:16,764 [INFO] PluginManager:220 - loadIPPluginJar : add dfsdm
2025-09-02 12:21:16,768 [INFO] IPUIPlugin:80 - create IPUIPlugin
2025-09-02 12:21:16,768 [INFO] PluginManager:220 - loadIPPluginJar : add dma
2025-09-02 12:21:16,770 [INFO] IPUIPlugin:80 - create IPUIPlugin
2025-09-02 12:21:16,770 [INFO] PluginManager:220 - loadIPPluginJar : add dma3
2025-09-02 12:21:16,772 [INFO] IPUIPlugin:80 - create IPUIPlugin
2025-09-02 12:21:16,772 [INFO] PluginManager:220 - loadIPPluginJar : add extmemmanager
2025-09-02 12:21:16,774 [INFO] IPUIPlugin:80 - create IPUIPlugin
2025-09-02 12:21:16,774 [INFO] PluginManager:220 - loadIPPluginJar : add fatfs
2025-09-02 12:21:16,777 [INFO] IPUIPlugin:80 - create IPUIPlugin
2025-09-02 12:21:16,777 [INFO] PluginManager:220 - loadIPPluginJar : add fmc
2025-09-02 12:21:16,781 [INFO] IPUIPlugin:80 - create IPUIPlugin
2025-09-02 12:21:16,782 [INFO] PluginManager:220 - loadIPPluginJar : add freertos
2025-09-02 12:21:16,783 [INFO] IPUIPlugin:80 - create IPUIPlugin
2025-09-02 12:21:16,783 [INFO] PluginManager:220 - loadIPPluginJar : add genericplugin
2025-09-02 12:21:16,784 [INFO] IPUIPlugin:80 - create IPUIPlugin
2025-09-02 12:21:16,785 [INFO] PluginManager:220 - loadIPPluginJar : add gfxmmu
2025-09-02 12:21:16,789 [INFO] IPUIPlugin:80 - create IPUIPlugin
2025-09-02 12:21:16,789 [INFO] PluginManager:220 - loadIPPluginJar : add gic
2025-09-02 12:21:16,793 [INFO] IPUIPlugin:80 - create IPUIPlugin
2025-09-02 12:21:16,793 [INFO] PluginManager:220 - loadIPPluginJar : add gpio
2025-09-02 12:21:16,795 [INFO] IPUIPlugin:80 - create IPUIPlugin
2025-09-02 12:21:16,795 [INFO] PluginManager:220 - loadIPPluginJar : add gtzc
2025-09-02 12:21:16,797 [INFO] IPUIPlugin:80 - create IPUIPlugin
2025-09-02 12:21:16,797 [INFO] PluginManager:220 - loadIPPluginJar : add hash
2025-09-02 12:21:16,800 [INFO] IPUIPlugin:80 - create IPUIPlugin
2025-09-02 12:21:16,800 [INFO] PluginManager:220 - loadIPPluginJar : add i2c
2025-09-02 12:21:16,802 [INFO] IPUIPlugin:80 - create IPUIPlugin
2025-09-02 12:21:16,802 [INFO] PluginManager:220 - loadIPPluginJar : add i2s
2025-09-02 12:21:16,804 [INFO] IPUIPlugin:80 - create IPUIPlugin
2025-09-02 12:21:16,804 [INFO] PluginManager:220 - loadIPPluginJar : add i3c
2025-09-02 12:21:16,808 [INFO] IPUIPlugin:80 - create IPUIPlugin
2025-09-02 12:21:16,808 [INFO] PluginManager:220 - loadIPPluginJar : add ipddr
2025-09-02 12:21:16,815 [INFO] IPUIPlugin:80 - create IPUIPlugin
2025-09-02 12:21:16,815 [INFO] PluginManager:220 - loadIPPluginJar : add linkedlist
2025-09-02 12:21:16,817 [INFO] IPUIPlugin:80 - create IPUIPlugin
2025-09-02 12:21:16,818 [INFO] PluginManager:220 - loadIPPluginJar : add lorawan
2025-09-02 12:21:16,819 [INFO] IPUIPlugin:80 - create IPUIPlugin
2025-09-02 12:21:16,819 [INFO] PluginManager:220 - loadIPPluginJar : add ltdc
2025-09-02 12:21:16,823 [INFO] IPUIPlugin:80 - create IPUIPlugin
2025-09-02 12:21:16,824 [INFO] PluginManager:220 - loadIPPluginJar : add mdma
2025-09-02 12:21:16,826 [INFO] IPUIPlugin:80 - create IPUIPlugin
2025-09-02 12:21:16,827 [INFO] PluginManager:220 - loadIPPluginJar : add nvic
2025-09-02 12:21:16,829 [INFO] IPUIPlugin:80 - create IPUIPlugin
2025-09-02 12:21:16,829 [INFO] PluginManager:220 - loadIPPluginJar : add opamp
2025-09-02 12:21:16,831 [INFO] IPUIPlugin:80 - create IPUIPlugin
2025-09-02 12:21:16,831 [INFO] PluginManager:220 - loadIPPluginJar : add openamp
2025-09-02 12:21:16,833 [INFO] IPUIPlugin:80 - create IPUIPlugin
2025-09-02 12:21:16,833 [INFO] PluginManager:220 - loadIPPluginJar : add pdm2pcm
2025-09-02 12:21:16,838 [INFO] IPUIPlugin:80 - create IPUIPlugin
2025-09-02 12:21:16,841 [INFO] PluginManager:220 - loadIPPluginJar : add plateformsettings
2025-09-02 12:21:16,842 [INFO] IPUIPlugin:80 - create IPUIPlugin
2025-09-02 12:21:16,843 [INFO] PluginManager:220 - loadIPPluginJar : add quadspi
2025-09-02 12:21:16,844 [INFO] IPUIPlugin:80 - create IPUIPlugin
2025-09-02 12:21:16,845 [INFO] PluginManager:220 - loadIPPluginJar : add radio
2025-09-02 12:21:16,847 [INFO] IPUIPlugin:80 - create IPUIPlugin
2025-09-02 12:21:16,847 [INFO] PluginManager:220 - loadIPPluginJar : add resmgrutility
2025-09-02 12:21:16,849 [INFO] IPUIPlugin:80 - create IPUIPlugin
2025-09-02 12:21:16,849 [INFO] PluginManager:220 - loadIPPluginJar : add sai
2025-09-02 12:21:16,851 [INFO] IPUIPlugin:80 - create IPUIPlugin
2025-09-02 12:21:16,851 [INFO] PluginManager:220 - loadIPPluginJar : add spi
2025-09-02 12:21:16,855 [INFO] IPUIPlugin:80 - create IPUIPlugin
2025-09-02 12:21:16,856 [INFO] PluginManager:220 - loadIPPluginJar : add stm32_wpan
2025-09-02 12:21:16,857 [INFO] IPUIPlugin:80 - create IPUIPlugin
2025-09-02 12:21:16,857 [INFO] PluginManager:220 - loadIPPluginJar : add tim
2025-09-02 12:21:16,860 [INFO] IPUIPlugin:80 - create IPUIPlugin
2025-09-02 12:21:16,860 [INFO] PluginManager:220 - loadIPPluginJar : add touchsensing
2025-09-02 12:21:16,862 [INFO] IPUIPlugin:80 - create IPUIPlugin
2025-09-02 12:21:16,862 [INFO] PluginManager:220 - loadIPPluginJar : add tracer_emb
2025-09-02 12:21:16,864 [INFO] IPUIPlugin:80 - create IPUIPlugin
2025-09-02 12:21:16,864 [INFO] PluginManager:220 - loadIPPluginJar : add ts
2025-09-02 12:21:16,865 [INFO] IPUIPlugin:80 - create IPUIPlugin
2025-09-02 12:21:16,865 [INFO] PluginManager:220 - loadIPPluginJar : add tsc
2025-09-02 12:21:16,866 [INFO] IPUIPlugin:80 - create IPUIPlugin
2025-09-02 12:21:16,866 [INFO] PluginManager:220 - loadIPPluginJar : add ucpd
2025-09-02 12:21:16,868 [INFO] IPUIPlugin:80 - create IPUIPlugin
2025-09-02 12:21:16,869 [INFO] PluginManager:220 - loadIPPluginJar : add usart
2025-09-02 12:21:16,871 [INFO] IPUIPlugin:80 - create IPUIPlugin
2025-09-02 12:21:16,871 [INFO] PluginManager:220 - loadIPPluginJar : add usbx
2025-09-02 12:21:16,994 [FATAL] Updater:351 - Updater called before beeing initialized
2025-09-02 12:21:17,040 [INFO] RulesReader:64 - Compatibility file has been processed (317 Rules)
2025-09-02 12:21:17,052 [INFO] RulesReader:64 - Compatibility file has been processed (317 Rules)
2025-09-02 12:21:17,060 [INFO] CADModel:165 - CPN selected for project level
2025-09-02 12:21:17,060 [INFO] CADModel:114 - Register for checkConnection events
2025-09-02 12:21:17,060 [FATAL] Updater:351 - Updater called before beeing initialized
2025-09-02 12:21:17,060 [ERROR] CADModel:125 - Updater not yet initialized, retry later 
2025-09-02 12:21:17,189 [FATAL] Updater:351 - Updater called before beeing initialized
2025-09-02 12:21:17,191 [INFO] CADModel:165 - CPN selected for project level
2025-09-02 12:21:17,191 [INFO] CADModel:114 - Register for checkConnection events
2025-09-02 12:21:17,191 [FATAL] Updater:351 - Updater called before beeing initialized
2025-09-02 12:21:17,191 [ERROR] CADModel:125 - Updater not yet initialized, retry later 
2025-09-02 12:21:17,194 [FATAL] Updater:351 - Updater called before beeing initialized
2025-09-02 12:21:17,282 [FATAL] Updater:351 - Updater called before beeing initialized
2025-09-02 12:21:17,285 [INFO] DbMcusAds:53 - JSON generation date=Tue Jul 08 15:14:23 ICT 2025 (1751962463582)
2025-09-02 12:21:17,285 [FATAL] Updater:351 - Updater called before beeing initialized
2025-09-02 12:21:17,317 [WARN] DetailPanel:346 - Failed to get advertising image, set to default
2025-09-02 12:21:17,387 [FATAL] Updater:351 - Updater called before beeing initialized
2025-09-02 12:21:17,389 [FATAL] Updater:351 - Updater called before beeing initialized
2025-09-02 12:21:17,389 [FATAL] Updater:351 - Updater called before beeing initialized
2025-09-02 12:21:17,389 [WARN] DetailPanel:346 - Failed to get advertising image, set to default
2025-09-02 12:21:17,390 [FATAL] Updater:351 - Updater called before beeing initialized
2025-09-02 12:21:17,433 [ERROR] Updater:1198 - MainUpdater not yet initialized. External WinMGr cannot be set.
2025-09-02 12:21:17,435 [INFO] Updater:1134 - Updater Version found : 6.15.0
2025-09-02 12:21:17,447 [INFO] ApplicationProperties:184 - Using Application install path: C:\ST\STM32CubeIDE_1.19.0\STM32CubeIDE\plugins\com.st.stm32cube.common.mx_6.15.0.202507011659
2025-09-02 12:21:19,030 [ERROR] LogOutputStream:75 - [STDERR_REDIRECT] Sep 02, 2025 12:21:19 PM java.util.prefs.WindowsPreferences <init>
2025-09-02 12:21:19,032 [ERROR] LogOutputStream:75 - [STDERR_REDIRECT] WARNING: Could not open/create prefs root node Software\JavaSoft\Prefs at root 0xffffffff80000002. Windows RegCreateKeyEx(...) returned error code 5.
2025-09-02 12:21:19,032 [ERROR] LogOutputStream:75 - [STDERR_REDIRECT] 
2025-09-02 12:21:19,282 [INFO] ThirdPartyUpdaterWithRetryManager:70 - Updater plugin not ready yet. [2/15]
2025-09-02 12:21:19,327 [INFO] MainUpdater:2872 - connection check result : 10
2025-09-02 12:21:19,328 [INFO] MainUpdater:289 - Updater Check For Update Now.
2025-09-02 12:21:19,328 [INFO] MicroXplorer:498 - Change Database Version : DB.6.0.150
2025-09-02 12:21:19,336 [INFO] McuFinderGlobals:63 - Set McuFinder mode to 2 (CubeIDE integrated)
2025-09-02 12:21:19,337 [INFO] UserAuth:487 - Internet connection configuration mode: 1
2025-09-02 12:21:19,381 [INFO] JxBrowserEngine:152 - Initiate JxBrowser Engine with user profile folder
2025-09-02 12:21:19,523 [INFO] CheckServerUpdateThread:120 - End of CheckServer Thread
2025-09-02 12:21:19,971 [INFO] WebApp:169 - Instantiating new browser for Auth
2025-09-02 12:21:20,666 [INFO] WebApp:463 - Apply proxy settings
2025-09-02 12:21:20,666 [INFO] WebApp:548 - Chromium requires no authentication
2025-09-02 12:21:20,678 [INFO] WebApp:491 - Direct internet connection detected
2025-09-02 12:21:20,707 [INFO] WebApp:900 - Register for checkConnection events
2025-09-02 12:21:20,707 [INFO] WebApp:463 - Apply proxy settings
2025-09-02 12:21:20,707 [INFO] WebApp:548 - Chromium requires no authentication
2025-09-02 12:21:20,708 [INFO] WebApp:491 - Direct internet connection detected
2025-09-02 12:21:20,878 [INFO] WebApp:225 - Starting web application
2025-09-02 12:21:20,878 [INFO] WebApp:593 - Web application path used C:\ST\STM32CubeIDE_1.19.0\STM32CubeIDE\plugins\com.st.stm32cube.common.mx_6.15.0.202507011659\db\plugins\mcufinder\reactClient1\index.html
2025-09-02 12:21:20,967 [INFO] UserAuth:487 - Internet connection configuration mode: 1
2025-09-02 12:21:21,358 [INFO] WebApp:191 - Connection restablished
2025-09-02 12:21:22,486 [WARN] PackLoader:240 - Cannot read IP mode file for STMicroelectronics.FP-SNS-MOTENVWB1.1.4.0
2025-09-02 12:21:22,497 [WARN] PackLoader:240 - Cannot read IP mode file for STMicroelectronics.FP-ATR-ASTRA1.2.0.2
2025-09-02 12:21:22,506 [WARN] PackLoader:240 - Cannot read IP mode file for STMicroelectronics.X-CUBE-SMBUS.2.1.0
2025-09-02 12:21:22,513 [WARN] PackLoader:240 - Cannot read IP mode file for STMicroelectronics.X-CUBE-ST60.1.0.0
2025-09-02 12:21:22,595 [WARN] PackLoader:240 - Cannot read IP mode file for STMicroelectronics.X-CUBE-AZRTOS-F7.1.1.0
2025-09-02 12:21:22,645 [WARN] PackLoader:240 - Cannot read IP mode file for Infineon.AIROC-Wi-Fi-Bluetooth-STM32.1.7.1
2025-09-02 12:21:22,666 [WARN] PackLoader:240 - Cannot read IP mode file for STMicroelectronics.X-CUBE-DISPLAY.3.0.0
2025-09-02 12:21:22,761 [WARN] PackLoader:240 - Cannot read IP mode file for STMicroelectronics.X-CUBE-NFC10.1.0.0
2025-09-02 12:21:22,773 [WARN] PackLoader:240 - Cannot read IP mode file for emotas.I-CUBE-CANOPEN.1.3.0
2025-09-02 12:21:22,785 [WARN] PackLoader:240 - Cannot read IP mode file for STMicroelectronics.FP-SNS-STBOX1.2.1.0
2025-09-02 12:21:22,796 [WARN] PackLoader:240 - Cannot read IP mode file for STMicroelectronics.FP-SNS-SMARTAG2.1.2.0
2025-09-02 12:21:22,803 [WARN] PackLoader:240 - Cannot read IP mode file for STMicroelectronics.FP-SNS-FLIGHT1.5.1.0
2025-09-02 12:21:22,819 [INFO] LogOutputStream:77 - [STDOUT_REDIRECT] 1 : Invalid condition id : UX_CORESTACK_Condition cause : null
2025-09-02 12:21:22,820 [INFO] LogOutputStream:77 - [STDOUT_REDIRECT] 1 : Invalid condition id : UX_CORESTACK_Condition cause : null
2025-09-02 12:21:22,821 [INFO] LogOutputStream:77 - [STDOUT_REDIRECT] 1 : Invalid condition id : UX_CORESTACK_Condition cause : null
2025-09-02 12:21:22,823 [INFO] LogOutputStream:77 - [STDOUT_REDIRECT] 1 : Invalid condition id : UX_CORESTACK_Condition cause : null
2025-09-02 12:21:22,826 [INFO] LogOutputStream:77 - [STDOUT_REDIRECT] 1 : Invalid condition id : UX_CORESTACK_Condition cause : null
2025-09-02 12:21:22,835 [WARN] PackLoader:240 - Cannot read IP mode file for STMicroelectronics.X-CUBE-AZRTOS-WL.2.0.0
2025-09-02 12:21:22,844 [WARN] PackLoader:240 - Cannot read IP mode file for STMicroelectronics.FP-SNS-MOTENV1.5.0.0
2025-09-02 12:21:22,859 [WARN] PackLoader:240 - Cannot read IP mode file for WES.I-CUBE-Cesium.1.3.0
2025-09-02 12:21:22,868 [WARN] PackLoader:240 - Cannot read IP mode file for STMicroelectronics.X-CUBE-BLE2.3.3.0
2025-09-02 12:21:22,879 [WARN] PackLoader:240 - Cannot read IP mode file for STMicroelectronics.X-CUBE-NFC9.1.0.0
2025-09-02 12:21:22,888 [WARN] PackLoader:240 - Cannot read IP mode file for STMicroelectronics.X-CUBE-BLE1.7.1.0
2025-09-02 12:21:22,895 [WARN] PackLoader:240 - Cannot read IP mode file for wolfSSL.I-CUBE-wolfMQTT.1.19.2
2025-09-02 12:21:22,903 [WARN] PackLoader:240 - Cannot read IP mode file for STMicroelectronics.X-CUBE-AI.10.1.0
2025-09-02 12:21:22,924 [WARN] PackLoader:240 - Cannot read IP mode file for STMicroelectronics.X-CUBE-AZRTOS-G0.1.1.0
2025-09-02 12:21:22,935 [WARN] PackLoader:240 - Cannot read IP mode file for STMicroelectronics.X-CUBE-SAFEA1.1.2.2
2025-09-02 12:21:22,944 [WARN] PackLoader:240 - Cannot read IP mode file for STMicroelectronics.X-CUBE-NFC4.3.0.0
2025-09-02 12:21:22,956 [WARN] PackLoader:240 - Cannot read IP mode file for EmbeddedOffice.I-CUBE-FS-RTOS.1.0.1
2025-09-02 12:21:22,967 [WARN] PackLoader:240 - Cannot read IP mode file for STMicroelectronics.X-CUBE-WB05N.2.0.0
2025-09-02 12:21:22,974 [WARN] PackLoader:240 - Cannot read IP mode file for wolfSSL.I-CUBE-wolfTPM.3.8.0
2025-09-02 12:21:22,982 [WARN] PackLoader:240 - Cannot read IP mode file for STMicroelectronics.X-CUBE-TCPP.4.2.0
2025-09-02 12:21:22,997 [WARN] PackLoader:240 - Cannot read IP mode file for RealThread.X-CUBE-RT-Thread_Nano.4.1.1
2025-09-02 12:21:23,003 [WARN] PackLoader:240 - Cannot read IP mode file for STMicroelectronics.FP-ATR-SIGFOX1.3.2.0
2025-09-02 12:21:23,013 [WARN] PackLoader:240 - Cannot read IP mode file for ITTIA_DB.I-CUBE-ITTIADB.8.9.0
2025-09-02 12:21:23,023 [WARN] PackLoader:240 - Cannot read IP mode file for STMicroelectronics.X-CUBE-ST67W61.1.0.0
2025-09-02 12:21:23,032 [WARN] PackLoader:240 - Cannot read IP mode file for STMicroelectronics.X-CUBE-AI.10.2.0
2025-09-02 12:21:23,082 [WARN] PackLoader:240 - Cannot read IP mode file for SEGGER.I-CUBE-embOS.1.3.1
2025-09-02 12:21:23,143 [WARN] PackLoader:240 - Cannot read IP mode file for STMicroelectronics.X-CUBE-ALGOBUILD.1.4.0
2025-09-02 12:21:23,197 [WARN] PackLoader:240 - Cannot read IP mode file for STMicroelectronics.X-CUBE-MEMS1.11.3.0
2025-09-02 12:21:23,321 [WARN] PackLoader:240 - Cannot read IP mode file for STMicroelectronics.X-CUBE-PM33A1.1.0.0
2025-09-02 12:21:23,340 [WARN] PackLoader:240 - Cannot read IP mode file for STMicroelectronics.X-CUBE-AZRTOS-F4.1.1.0
2025-09-02 12:21:23,348 [WARN] PackLoader:240 - Cannot read IP mode file for STMicroelectronics.X-CUBE-ISPU.2.1.0
2025-09-02 12:21:23,369 [WARN] PackLoader:240 - Cannot read IP mode file for STMicroelectronics.X-CUBE-AZRTOS-L5.2.0.0
2025-09-02 12:21:23,382 [WARN] PackLoader:240 - Cannot read IP mode file for STMicroelectronics.X-CUBE-NFC6.3.1.0
2025-09-02 12:21:23,393 [WARN] PackLoader:240 - Cannot read IP mode file for STMicroelectronics.X-CUBE-FREERTOS.1.3.1
2025-09-02 12:21:23,400 [WARN] PackLoader:240 - Cannot read IP mode file for STMicroelectronics.X-CUBE-DPower.1.3.0
2025-09-02 12:21:23,416 [WARN] ConditionMgr:438 - getConditionDescription Invalid condition id : LAN8742 Phy interface Condition cause : null
2025-09-02 12:21:23,416 [WARN] PackLoader:240 - Cannot read IP mode file for STMicroelectronics.X-CUBE-AZRTOS-L4.2.0.0
2025-09-02 12:21:23,418 [WARN] ConditionMgr:1044 - genDependencies : Invalid condition id : LAN8742 Phy interface Condition cause : null
2025-09-02 12:21:23,419 [WARN] ConditionMgr:1044 - genDependencies : Invalid condition id : LAN8742 Phy interface Condition cause : null
2025-09-02 12:21:23,419 [WARN] ConditionMgr:1044 - genDependencies : Invalid condition id : LAN8742 Phy interface Condition cause : null
2025-09-02 12:21:23,427 [WARN] PackLoader:240 - Cannot read IP mode file for STMicroelectronics.X-CUBE-SFXS2LP1.4.0.0
2025-09-02 12:21:23,438 [WARN] ConditionMgr:438 - getConditionDescription Invalid condition id : UX DEVICE CLASS RTOS Condition cause : null
2025-09-02 12:21:23,438 [WARN] ConditionMgr:438 - getConditionDescription Invalid condition id : UX DEVICE CLASS RTOS Condition cause : null
2025-09-02 12:21:23,440 [WARN] PackLoader:240 - Cannot read IP mode file for STMicroelectronics.X-CUBE-AZRTOS-WB.2.0.0
2025-09-02 12:21:23,440 [WARN] ConditionMgr:1044 - genDependencies : Invalid condition id : UX DEVICE CLASS RTOS Condition cause : null
2025-09-02 12:21:23,440 [WARN] ConditionMgr:1044 - genDependencies : Invalid condition id : UX DEVICE CLASS RTOS Condition cause : null
2025-09-02 12:21:23,441 [WARN] ConditionMgr:1044 - genDependencies : Invalid condition id : UX DEVICE CLASS RTOS Condition cause : null
2025-09-02 12:21:23,441 [WARN] ConditionMgr:1044 - genDependencies : Invalid condition id : UX DEVICE CLASS RTOS Condition cause : null
2025-09-02 12:21:23,441 [WARN] ConditionMgr:1044 - genDependencies : Invalid condition id : UX DEVICE CLASS RTOS Condition cause : null
2025-09-02 12:21:23,445 [WARN] PackLoader:240 - Cannot read IP mode file for STMicroelectronics.X-CUBE-GNSS1.7.0.1
2025-09-02 12:21:23,451 [WARN] PackLoader:240 - Cannot read IP mode file for STMicroelectronics.X-CUBE-TOUCHGFX.4.25.0
2025-09-02 12:21:23,456 [WARN] PackLoader:240 - Cannot read IP mode file for STMicroelectronics.FP-SNS-STBOX1.2.0.0
2025-09-02 12:21:23,462 [WARN] ConditionMgr:438 - getConditionDescription Invalid condition id : Cortex-A Device cause : null
2025-09-02 12:21:23,475 [WARN] ConditionMgr:1044 - genDependencies : Invalid condition id : Cortex-A Device cause : null
2025-09-02 12:21:23,475 [WARN] ConditionMgr:1044 - genDependencies : Invalid condition id : Cortex-A Device cause : null
2025-09-02 12:21:23,475 [WARN] ConditionMgr:1044 - genDependencies : Invalid condition id : Cortex-A Device cause : null
2025-09-02 12:21:23,483 [WARN] PackLoader:240 - Cannot read IP mode file for STMicroelectronics.X-CUBE-SUBG2.5.0.0
2025-09-02 12:21:23,507 [WARN] PackLoader:240 - Cannot read IP mode file for STMicroelectronics.X-CUBE-AZRTOS-H7RS.1.1.0
2025-09-02 12:21:23,519 [WARN] PackLoader:240 - Cannot read IP mode file for Cesanta.I-CUBE-Mongoose.7.13.0
2025-09-02 12:21:23,537 [WARN] PackLoader:240 - Cannot read IP mode file for STMicroelectronics.X-CUBE-AZRTOS-G4.2.0.0
2025-09-02 12:21:23,545 [WARN] PackLoader:240 - Cannot read IP mode file for wolfSSL.I-CUBE-wolfSSH.1.4.20
2025-09-02 12:21:23,552 [WARN] PackLoader:240 - Cannot read IP mode file for STMicroelectronics.X-CUBE-NFC7.2.0.0
2025-09-02 12:21:23,569 [WARN] PackLoader:240 - Cannot read IP mode file for STMicroelectronics.X-CUBE-IPS.3.1.0
2025-09-02 12:21:23,581 [WARN] PackLoader:240 - Cannot read IP mode file for STMicroelectronics.X-CUBE-ALS.1.0.2
2025-09-02 12:21:23,589 [WARN] PackLoader:240 - Cannot read IP mode file for portGmbH.I-Cube-SoM-uGOAL.1.1.0
2025-09-02 12:21:23,602 [WARN] PackLoader:240 - Cannot read IP mode file for STMicroelectronics.X-CUBE-TOF1.3.4.3
2025-09-02 12:21:23,639 [INFO] ThirdParty:978 - Integrity check success = true
2025-09-02 12:21:23,639 [INFO] IntegrityCheckThread:100 - exiting critical section [integrity check]
2025-09-02 12:21:23,639 [INFO] IntegrityCheckThread:103 - End integrity checks thread
2025-09-02 12:55:48,771 [INFO] McuFinderGlobals:63 - Set McuFinder mode to 2 (CubeIDE integrated)
2025-09-02 12:55:48,776 [INFO] MainUpdater:2872 - connection check result : 10
2025-09-02 12:55:48,778 [INFO] MainUpdater:2872 - connection check result : 10
2025-09-02 12:55:48,818 [INFO] MicroXplorer:468 - Change Database Path : 
2025-09-02 12:55:48,818 [INFO] MicroXplorer:498 - Change Database Version : DB.6.0.150
2025-09-02 12:55:48,833 [WARN] ThirdParty:871 - waiting for thirdparty lock release [close project]
2025-09-02 12:55:48,834 [INFO] ThirdParty:873 - entering critical section [close project]
2025-09-02 12:55:48,837 [INFO] ThirdParty:883 - exiting critical section [close project]
2025-09-02 12:55:48,846 [INFO] PinOutPanel:1589 - setPackage(No Configuration,No Configuration)
2025-09-02 12:55:48,850 [INFO] UtilMem:75 - Begin LoadConfig() Used Memory: 371507696 Bytes (675282944)
2025-09-02 12:55:48,855 [INFO] MicroXplorer:468 - Change Database Path : 
2025-09-02 12:55:48,856 [INFO] MicroXplorer:498 - Change Database Version : DB.6.0.150
2025-09-02 12:55:48,856 [INFO] OpenFileManager:355 - Change cursor
2025-09-02 12:55:48,947 [INFO] Mcu:2029 - Initializing MCU STM32F767ZITx STM32F767ZITx STM32F767ZIT6
2025-09-02 12:55:51,604 [INFO] Context:786 - Trying to add GPIOservice into a context  which must be forbidden
2025-09-02 12:55:52,347 [INFO] ImportTextPane:234 - (OptionalMessage_ERROR) Pin8 (VP_RIF_VS_RIF1) cannot be retrieved for this MCU
2025-09-02 12:55:52,478 [INFO] RtosManager:558 - Registered RTOS mode: class=CMSIS, group=RTOS, mode=CMSIS_V1, owner=FREERTOS
2025-09-02 12:55:52,479 [INFO] RtosManager:558 - Registered RTOS mode: class=CMSIS, group=RTOS2, mode=CMSIS_V2, owner=FREERTOS
2025-09-02 12:55:52,479 [INFO] RtosManager:558 - Registered RTOS mode: class=RTOS, group=Core, mode=CMSIS_V1, owner=FREERTOS
2025-09-02 12:55:52,479 [INFO] RtosManager:558 - Registered RTOS mode: class=RTOS, group=Core, mode=CMSIS_V2, owner=FREERTOS
2025-09-02 12:55:52,479 [WARN] ModelIntegratedComponent:184 - Missing modes for component STMicroelectronics:FreeRTOS:0.0.1:STMicroelectronics:RTOS:FreeRTOS:Core:::10.2.0:
2025-09-02 12:55:52,501 [WARN] ModelIntegratedComponent:63 - No mode defined for component null
2025-09-02 12:55:52,501 [WARN] ModelIntegratedComponent:63 - No mode defined for component null
2025-09-02 12:55:52,501 [WARN] ModelIntegratedComponent:63 - No mode defined for component null
2025-09-02 12:55:52,502 [WARN] ModelIntegratedComponent:63 - No mode defined for component null
2025-09-02 12:55:52,502 [WARN] ModelIntegratedComponent:63 - No mode defined for component null
2025-09-02 12:55:52,502 [WARN] ModelIntegratedComponent:63 - No mode defined for component null
2025-09-02 12:55:52,502 [WARN] ModelIntegratedComponent:63 - No mode defined for component null
2025-09-02 12:55:52,502 [WARN] ModelIntegratedComponent:63 - No mode defined for component null
2025-09-02 12:55:52,502 [WARN] ModelIntegratedComponent:63 - No mode defined for component null
2025-09-02 12:55:52,502 [WARN] ModelIntegratedComponent:63 - No mode defined for component null
2025-09-02 12:55:52,502 [WARN] ModelIntegratedComponent:63 - No mode defined for component null
2025-09-02 12:55:52,502 [WARN] ModelIntegratedComponent:63 - No mode defined for component null
2025-09-02 12:55:52,502 [WARN] ModelIntegratedComponent:63 - No mode defined for component null
2025-09-02 12:55:52,502 [WARN] ModelIntegratedComponent:63 - No mode defined for component null
2025-09-02 12:55:52,502 [WARN] ModelIntegratedComponent:63 - No mode defined for component null
2025-09-02 12:55:52,502 [WARN] ModelIntegratedComponent:63 - No mode defined for component null
2025-09-02 12:55:52,503 [WARN] ModelIntegratedComponent:63 - No mode defined for component null
2025-09-02 12:55:52,503 [WARN] ModelIntegratedComponent:63 - No mode defined for component null
2025-09-02 12:55:52,503 [WARN] ModelIntegratedComponent:63 - No mode defined for component null
2025-09-02 12:55:52,503 [WARN] ModelIntegratedComponent:63 - No mode defined for component null
2025-09-02 12:55:52,503 [WARN] ModelIntegratedComponent:63 - No mode defined for component null
2025-09-02 12:55:52,503 [WARN] ModelIntegratedComponent:63 - No mode defined for component null
2025-09-02 12:55:52,503 [WARN] ModelIntegratedComponent:63 - No mode defined for component null
2025-09-02 12:55:52,503 [WARN] ModelIntegratedComponent:63 - No mode defined for component null
2025-09-02 12:55:52,503 [WARN] ModelIntegratedComponent:63 - No mode defined for component null
2025-09-02 12:55:52,504 [WARN] ModelIntegratedComponent:63 - No mode defined for component null
2025-09-02 12:55:52,504 [WARN] ModelIntegratedComponent:63 - No mode defined for component null
2025-09-02 12:55:52,504 [WARN] ModelIntegratedComponent:63 - No mode defined for component null
2025-09-02 12:55:52,504 [WARN] ModelIntegratedComponent:63 - No mode defined for component null
2025-09-02 12:55:52,504 [WARN] ModelIntegratedComponent:63 - No mode defined for component null
2025-09-02 12:55:52,504 [WARN] ModelIntegratedComponent:63 - No mode defined for component null
2025-09-02 12:55:52,504 [WARN] ModelIntegratedComponent:63 - No mode defined for component null
2025-09-02 12:55:52,504 [WARN] ModelIntegratedComponent:63 - No mode defined for component null
2025-09-02 12:55:52,504 [WARN] ModelIntegratedComponent:63 - No mode defined for component null
2025-09-02 12:55:52,504 [WARN] ModelIntegratedComponent:63 - No mode defined for component null
2025-09-02 12:55:52,504 [WARN] ModelPack:524 - Component already loaded: STMicroelectronics:HAL Drivers:0.0.0:STMicroelectronics:Device:STMicro_Driver:XSPI:HAL::0.0.1:HAL_XSPI
2025-09-02 12:55:52,593 [INFO] ThirdPartyModel:298 - Start build external matchings
2025-09-02 12:55:52,918 [INFO] ThirdPartyModel:316 - End build external matchings
2025-09-02 12:55:53,708 [INFO] ApiDb:581 - Connected to CubeFinder SQLite database (C:\Users\USERIT\.stmcufinder\plugins\mcufinder\mcu\cube-finder-db.db)
2025-09-02 12:55:53,796 [INFO] ApiDb:668 - CubeFinder database Data Model version=2.1
2025-09-02 12:55:53,796 [INFO] ApiDb:669 - CubeFinder database Configuration version=3.0.39
2025-09-02 12:55:53,797 [INFO] ApiDb:670 - CubeFinder database generation date=2025-07-24 (1753349077)
2025-09-02 12:55:53,797 [INFO] ApiDb:671 - CubeFinder database FW Pack versions=[FP-ATR-ASTRA1_V2.0.0, FP-SNS-FLIGHT1_V5.1.0, FP-SNS-MOTENV1_V5.0.0, FP-SNS-MOTENVWB1_V1.4.0, FP-SNS-SMARTAG2_V1.2.0, FP-SNS-STBOX1_V2.0.0, STM32Cube_FW_C0_V1.4.0, STM32Cube_FW_F4_V1.28.2, STM32Cube_FW_F7_V1.17.3, STM32Cube_FW_G0_V1.6.2, STM32Cube_FW_G4_V1.6.1, STM32Cube_FW_H5_V1.5.0, STM32Cube_FW_H7RS_V1.2.0, STM32Cube_FW_H7_V1.12.1, STM32Cube_FW_L0_V1.12.2, STM32Cube_FW_L4_V1.18.1, STM32Cube_FW_L5_V1.5.1, STM32Cube_FW_N6_V1.2.0, STM32Cube_FW_U0_V1.3.0, STM32Cube_FW_U3_V1.2.0, STM32Cube_FW_U5_V1.8.0, STM32Cube_FW_WB0_V1.3.0, STM32Cube_FW_WBA_V1.7.0, STM32Cube_FW_WB_V1.23.0, STM32Cube_FW_WL3_V1.2.0, STM32Cube_FW_WL_V1.3.1, X-CUBE-ALGOBUILD_V1.4.0, X-CUBE-ALS_V1.0.2, X-CUBE-AZRTOS-F4_V1.1.0, X-CUBE-AZRTOS-F7_V1.1.0, X-CUBE-AZRTOS-G0_V1.1.0, X-CUBE-AZRTOS-G4_V2.0.0, X-CUBE-AZRTOS-H7RS_V1.1.0, X-CUBE-AZRTOS-H7_V3.4.0, X-CUBE-AZRTOS-L4_V2.0.0, X-CUBE-AZRTOS-L5_V2.0.0, X-CUBE-AZRTOS-WB_V2.0.0, X-CUBE-AZRTOS-WL_V2.0.0, X-CUBE-BLE1_V7.1.0, X-CUBE-BLE2_V3.3.0, X-CUBE-BLEMGR_V4.1.0, X-CUBE-EEPRMA1_V5.2.0, X-CUBE-FREERTOS_V1.3.1, X-CUBE-GNSS1_V6.0.0, X-CUBE-MEMS1_V11.3.0, X-CUBE-NFC4_V3.0.0, X-CUBE-NFC7_V2.0.0, X-CUBE-SFXS2LP1_V4.0.0, X-CUBE-ST67W61_V1.0.0, X-CUBE-SUBG2_V5.0.0, X-CUBE-TOF1_V3.4.3]
2025-09-02 12:55:53,919 [INFO] DbBoardsSqlite:226 - include board P-NUCLEO-WB55-NUCLEO as a kit item of type 'Nucleo-64'
2025-09-02 12:55:53,920 [INFO] DbBoardsSqlite:226 - include board P-NUCLEO-WB55-USBDONGLE as a kit item of type 'Nucleo USB Dongle'
2025-09-02 12:55:53,922 [INFO] DbBoardsSqlite:226 - include board STEVAL-IDP005V1 as a kit item of type 'Evaluation Board'
2025-09-02 12:55:53,922 [INFO] DbBoardsSqlite:226 - include board STEVAL-IDP005V2 as a kit item of type 'Evaluation Board'
2025-09-02 12:55:54,352 [INFO] ApiDb:240 - Found 880 in-development CPN: [B-G473E-ZEST1S, B-WB1M-WPAN1, B-WBA5M-WPAN, B-WL5M-SUBG1, NUCLEO-C031C6, NUCLEO-C051C8, NUCLEO-C071RB, NUCLEO-C092RC, NUCLEO-H503RB, NUCLEO-H533RE, NUCLEO-H563ZI, NUCLEO-H7S3L8, NUCLEO-N657X0-Q, NUCLEO-U031R8, NUCLEO-U083RC, NUCLEO-U385RG-Q, NUCLEO-U545RE-Q, NUCLEO-U5A5ZJ-Q, NUCLEO-WB05KZ, NUCLEO-WB07CC, NUCLEO-WB09KE, NUCLEO-WBA52CG, NUCLEO-WBA55CG, NUCLEO-WL33CC1, NUCLEO-WL33CC2, STEVAL-PROTEUS1, STEVAL-SMARTAG2, STEVAL-STWINBX1, STM320518-EVAL, STM32C0116-DK, STM32C011D6Y3TR, STM32C011D6Y6TR, STM32C011F4P3, STM32C011F4P6, STM32C011F4U3, STM32C011F4U6TR, STM32C011F6P3, STM32C011F6P6, STM32C011F6U3, STM32C011F6U6TR, STM32C011J4M3, STM32C011J4M6, STM32C011J6M3, STM32C011J6M6, STM32C0316-DK, STM32C031C4T3, STM32C031C4T6, STM32C031C4U3, STM32C031C4U6, STM32C031C6T3, STM32C031C6T6, STM32C031C6U3, STM32C031C6U6, STM32C031F4P3, STM32C031F4P6, STM32C031F6P3, STM32C031F6P6, STM32C031G4U3, STM32C031G4U6, STM32C031G6U3, STM32C031G6U6, STM32C031K4T3, STM32C031K4T6, STM32C031K4U3, STM32C031K4U6, STM32C031K6T3, STM32C031K6T6, STM32C031K6U3, STM32C031K6U6, STM32C051C6T6, STM32C051C6U6, STM32C051C8T6, STM32C051C8U6, STM32C051D8Y6TR, STM32C051F6P6, STM32C051F8P6, STM32C051G6U6, STM32C051G8U6, STM32C051K6T6, STM32C051K6U6, STM32C051K8T6, STM32C071C8T6, STM32C071C8T6N, STM32C071C8U6, STM32C071C8U6N, STM32C071CBT6, STM32C071CBT6N, STM32C071CBU6, STM32C071CBU6N, STM32C071F8P6, STM32C071F8P6N, STM32C071FBP6, STM32C071FBP6N, STM32C071FBY6TR, STM32C071G8U6, STM32C071G8U6N, STM32C071GBU6, STM32C071GBU6N, STM32C071K8T6, STM32C071K8T6N, STM32C071K8U6, STM32C071K8U6N, STM32C071KBT6, STM32C071KBT6N, STM32C071KBU6, STM32C071KBU6N, STM32C071R8T6, STM32C071R8T6N, STM32C071RBI6N, STM32C071RBT6, STM32C071RBT6N, STM32C091CBT6, STM32C091CBU6, STM32C091CCT6, STM32C091CCU6, STM32C091ECY6TR, STM32C091FBP6, STM32C091FCP6, STM32C091GBU6, STM32C091GCU6, STM32C091KBT6, STM32C091KBU6, STM32C091KCT6, STM32C091KCU6, STM32C091RBT6, STM32C091RCI6, STM32C091RCT6, STM32C092CBT6, STM32C092CBU6, STM32C092CCT6, STM32C092CCU6, STM32C092ECY6TR, STM32C092FBP6, STM32C092FCP6, STM32C092GBU6, STM32C092GCU6, STM32C092KBT6, STM32C092KBU6, STM32C092KCT6, STM32C092KCU6, STM32C092RBT6, STM32C092RCI6, STM32C092RCT6, STM32G071K8TXN, STM32G071K8UXN, STM32G081GBU6N, STM32G081KBT6N, STM32G081KBUXN, STM32G0B1CCT6N, STM32G0B1KCT6, STM32G0B1NEY6TR, STM32G0B1RCT6N, STM32G0C1CCT6, STM32G0C1CCT6N, STM32G0C1CCU6N, STM32G0C1CET6N, STM32G0C1CEU6N, STM32G0C1KCT6, STM32G0C1NEY6TR, STM32G0C1RCI6N, STM32G0C1RCT6N, STM32G0C1REI6N, STM32G0C1RET6N, STM32G0C1VCI6, STM32G0C1VEI6, STM32G411C6T3, STM32G411C6T6, STM32G411C6U3, STM32G411C6U6, STM32G411C8T3, STM32G411C8T6, STM32G411C8U3, STM32G411C8U6, STM32G411CBT3, STM32G411CBT6, STM32G411CBU3, STM32G411CBU6, STM32G411K6T3, STM32G411K6T6, STM32G411K6U3, STM32G411K6U6, STM32G411K8T3, STM32G411K8T6, STM32G411K8U3, STM32G411K8U6, STM32G411KBT3, STM32G411KBT6, STM32G411KBU3, STM32G411KBU6, STM32G411M6T3, STM32G411M6T6, STM32G411M8T3, STM32G411M8T6, STM32G411MBT3, STM32G411MBT6, STM32G411R6T3, STM32G411R6T6, STM32G411R8T3, STM32G411R8T6, STM32G411RBT3, STM32G411RBT6, STM32G414CBT3, STM32G414CBT6, STM32G414CBU3, STM32G414CBU6, STM32G414CCT3, STM32G414CCT6, STM32G414CCU3, STM32G414CCU6, STM32G414MBT3, STM32G414MBT6, STM32G414MCT3, STM32G414MCT6, STM32G414RBT3, STM32G414RBT6, STM32G414RCT3, STM32G414RCT6, STM32G414VBT3, STM32G414VBT6, STM32G414VCT3, STM32G414VCT6, STM32G431CBT3Z, STM32G431RBT3Z, STM32G471CCT6, STM32G471CCU6, STM32G471CET3, STM32G471CET6, STM32G471CEU3, STM32G471CEU6, STM32G471MCT6, STM32G471MET3, STM32G471MET6, STM32G471MEY6TR, STM32G471QCT6, STM32G471QET3, STM32G471RCT6, STM32G471RET3, STM32G471RET6, STM32G471VCH6, STM32G471VCI6, STM32G471VCT6, STM32G471VEH3, STM32G471VEH6, STM32G471VEI3, STM32G471VEI6, STM32G471VET3, STM32G471VET6, STM32G473QET3Z, STM32G473RET3Z, STM32G474CCT6, STM32G491RET3Z, STM32H503CBT6, STM32H503CBU6, STM32H503EBY6TR, STM32H503KBU6, STM32H503RBT6, STM32H523CCT6, STM32H523CCU6, STM32H523CET6, STM32H523CEU6, STM32H523HEY6TR, STM32H523RCT6, STM32H523RET6, STM32H523VCI6, STM32H523VCT6, STM32H523VEI6, STM32H523VET6, STM32H523ZCJ6, STM32H523ZCT6, STM32H523ZEJ6, STM32H523ZET6, STM32H533CET6, STM32H533CEU6, STM32H533HEY6TR, STM32H533RET6, STM32H533VEI6, STM32H533VET6, STM32H533ZEJ6, STM32H533ZET6, STM32H562AGI6, STM32H562AII6, STM32H562IGK6, STM32H562IGT6, STM32H562IIK6, STM32H562IIT6, STM32H562RGT6, STM32H562RGV6, STM32H562RIT6, STM32H562RIV6, STM32H562VGT6, STM32H562VIT6, STM32H562ZGT6, STM32H562ZIT6, STM32H563AGI6, STM32H563AII3Q, STM32H563AII6, STM32H563IGK6, STM32H563IGT6, STM32H563IIK3Q, STM32H563IIK6, STM32H563IIT3Q, STM32H563IIT6, STM32H563MIY3QTR, STM32H563RGT6, STM32H563RGV6, STM32H563RIT6, STM32H563RIV6, STM32H563VGT6, STM32H563VIT3Q, STM32H563VIT6, STM32H563ZGT6, STM32H563ZIT3Q, STM32H563ZIT6, STM32H573AII3Q, STM32H573AII6, STM32H573I-DK, STM32H573IIK3Q, STM32H573IIK6, STM32H573IIT3Q, STM32H573IIT6, STM32H573MIY3QTR, STM32H573RIT6, STM32H573RIV6, STM32H573VIT3Q, STM32H573VIT6, STM32H573ZIT3Q, STM32H573ZIT6, STM32H7R3A8I6, STM32H7R3I8K6, STM32H7R3I8T6, STM32H7R3L8H6, STM32H7R3L8H6H, STM32H7R3R8V6, STM32H7R3V8H6, STM32H7R3V8T6, STM32H7R3V8Y6TR, STM32H7R3Z8J6, STM32H7R3Z8T6, STM32H7R7A8I6, STM32H7R7I8K6, STM32H7R7I8T6, STM32H7R7L8H6, STM32H7R7L8H6H, STM32H7R7Z8J6, STM32H7S3A8I6, STM32H7S3I8K6, STM32H7S3I8T6, STM32H7S3L8H6, STM32H7S3L8H6H, STM32H7S3R8V6, STM32H7S3V8H6, STM32H7S3V8T6, STM32H7S3V8Y6TR, STM32H7S3Z8J6, STM32H7S3Z8T6, STM32H7S78-DK, STM32H7S7A8I6, STM32H7S7I8K6, STM32H7S7I8T6, STM32H7S7L8H6, STM32H7S7L8H6H, STM32H7S7Z8J6, STM32L4R5QGI6STR, STM32MP131AAE3, STM32MP131AAF3, STM32MP131AAG3, STM32MP131CAE3, STM32MP131CAF3, STM32MP131CAG3, STM32MP131DAE7, STM32MP131DAF7, STM32MP131DAG7, STM32MP131FAE7, STM32MP131FAF7, STM32MP131FAG7, STM32MP133AAE3, STM32MP133AAF3, STM32MP133AAG3, STM32MP133CAE3, STM32MP133CAF3, STM32MP133CAG3, STM32MP133DAE7, STM32MP133DAF7, STM32MP133DAG7, STM32MP133FAE7, STM32MP133FAF7, STM32MP133FAG7, STM32MP135AAE3, STM32MP135AAF3, STM32MP135AAG3, STM32MP135CAE3, STM32MP135CAF3, STM32MP135CAG3, STM32MP135DAE7, STM32MP135DAF7, STM32MP135DAG7, STM32MP135F-DK, STM32MP135FAE7, STM32MP135FAF7, STM32MP135FAF7T, STM32MP135FAF7U, STM32MP135FAG7, STM32MP211AAL3, STM32MP211AAM3, STM32MP211AAN3, STM32MP211AAO3, STM32MP211CAL3, STM32MP211CAM3, STM32MP211CAN3, STM32MP211CAO3, STM32MP211DAL3, STM32MP211DAM3, STM32MP211DAN3, STM32MP211DAO3, STM32MP211FAL3, STM32MP211FAM3, STM32MP211FAN3, STM32MP211FAO3, STM32MP213AAL3, STM32MP213AAM3, STM32MP213AAN3, STM32MP213AAO3, STM32MP213CAL3, STM32MP213CAM3, STM32MP213CAN3, STM32MP213CAO3, STM32MP213DAL3, STM32MP213DAM3, STM32MP213DAN3, STM32MP213DAO3, STM32MP213FAL3, STM32MP213FAM3, STM32MP213FAN3, STM32MP213FAO3, STM32MP215AAL3, STM32MP215AAM3, STM32MP215AAN3, STM32MP215AAO3, STM32MP215CAL3, STM32MP215CAM3, STM32MP215CAN3, STM32MP215CAO3, STM32MP215DAL3, STM32MP215DAM3, STM32MP215DAN3, STM32MP215DAO3, STM32MP215F-DK, STM32MP215FAL3, STM32MP215FAM3, STM32MP215FAN3, STM32MP215FAO3, STM32MP231AAJ3, STM32MP231AAK3, STM32MP231AAL3, STM32MP231CAJ3, STM32MP231CAK3, STM32MP231CAL3, STM32MP231DAJ3, STM32MP231DAK3, STM32MP231DAL3, STM32MP231FAJ3, STM32MP231FAK3, STM32MP231FAL3, STM32MP233AAJ3, STM32MP233AAK3, STM32MP233AAL3, STM32MP233CAJ3, STM32MP233CAK3, STM32MP233CAL3, STM32MP233DAJ3, STM32MP233DAK3, STM32MP233DAL3, STM32MP233FAJ3, STM32MP233FAK3, STM32MP233FAL3, STM32MP235AAJ3, STM32MP235AAK3, STM32MP235AAL3, STM32MP235CAJ3, STM32MP235CAK3, STM32MP235CAL3, STM32MP235DAJ3, STM32MP235DAK3, STM32MP235DAL3, STM32MP235FAJ3, STM32MP235FAK3, STM32MP235FAL3, STM32MP251AAI3, STM32MP251AAK3, STM32MP251AAL3, STM32MP251CAI3, STM32MP251CAK3, STM32MP251CAL3, STM32MP251DAI3, STM32MP251DAK3, STM32MP251DAL3, STM32MP251FAI3, STM32MP251FAK3, STM32MP251FAL3, STM32MP253AAI3, STM32MP253AAK3, STM32MP253AAL3, STM32MP253CAI3, STM32MP253CAK3, STM32MP253CAL3, STM32MP253DAI3, STM32MP253DAK3, STM32MP253DAL3, STM32MP253FAI3, STM32MP253FAK3, STM32MP253FAL3, STM32MP255AAI3, STM32MP255AAK3, STM32MP255AAL3, STM32MP255CAI3, STM32MP255CAK3, STM32MP255CAL3, STM32MP255DAI3, STM32MP255DAK3, STM32MP255DAL3, STM32MP255FAI3, STM32MP255FAK3, STM32MP255FAL3, STM32MP257AAI3, STM32MP257AAK3, STM32MP257AAL3, STM32MP257CAI3, STM32MP257CAK3, STM32MP257CAL3, STM32MP257DAI3, STM32MP257DAK3, STM32MP257DAL3, STM32MP257F-DK, STM32MP257F-EV1, STM32MP257FAI3, STM32MP257FAK3, STM32MP257FAL3, STM32N645A0H3Q, STM32N645B0H3Q, STM32N645I0H3Q, STM32N645L0H3Q, STM32N645X0H3Q, STM32N645Z0H3Q, STM32N647A0H3Q, STM32N647B0H3Q, STM32N647I0H3Q, STM32N647L0H3Q, STM32N647X0H3Q, STM32N647Z0H3Q, STM32N655A0H3Q, STM32N655B0H3Q, STM32N655I0H3Q, STM32N655L0H3Q, STM32N655X0H3Q, STM32N655Z0H3Q, STM32N6570-DK, STM32N657A0H3Q, STM32N657B0H3Q, STM32N657I0H3Q, STM32N657L0H3Q, STM32N657X0H3Q, STM32N657Z0H3Q, STM32U031C6T6, STM32U031C6U6, STM32U031C8T6, STM32U031C8U6, STM32U031F4P6, STM32U031F6P6, STM32U031F8P6, STM32U031G6Y6TR, STM32U031G8Y6TR, STM32U031K4U6, STM32U031K6U6, STM32U031K8U6, STM32U031R6I6, STM32U031R6T6, STM32U031R8I6, STM32U031R8T6, STM32U073C8T6, STM32U073C8U6, STM32U073CBT6, STM32U073CBU6, STM32U073CCT6, STM32U073CCU6, STM32U073H8Y6TR, STM32U073HBY6TR, STM32U073HCY6TR, STM32U073K8U6, STM32U073KBU6, STM32U073KCU6, STM32U073M8I6, STM32U073M8T6, STM32U073MBI6, STM32U073MBT6, STM32U073MCI6, STM32U073MCT6, STM32U073R8I6, STM32U073R8T6, STM32U073RBI6, STM32U073RBT6, STM32U073RCI6, STM32U073RCT6, STM32U083C-DK, STM32U083CCT6, STM32U083CCU6, STM32U083HCY6TR, STM32U083KCU6, STM32U083MCI6, STM32U083MCT6, STM32U083RCI6, STM32U083RCT6, STM32U375CET6, STM32U375CET6Q, STM32U375CEU6, STM32U375CEU6Q, STM32U375CEY6QTR, STM32U375CGT6, STM32U375CGT6Q, STM32U375CGU6, STM32U375CGU6Q, STM32U375CGY6QTR, STM32U375KEU6, STM32U375KGU6, STM32U375REI6, STM32U375REI6Q, STM32U375RET6, STM32U375RET6Q, STM32U375REY6GTR, STM32U375REY6QTR, STM32U375RGI6, STM32U375RGI6Q, STM32U375RGT6, STM32U375RGT6Q, STM32U375RGY6GTR, STM32U375RGY6QTR, STM32U375VEI6, STM32U375VEI6Q, STM32U375VET6, STM32U375VET6Q, STM32U375VGI6, STM32U375VGI6Q, STM32U375VGT6, STM32U375VGT6Q, STM32U385CGT6, STM32U385CGT6Q, STM32U385CGU6, STM32U385CGU6Q, STM32U385CGY6QTR, STM32U385KGU6, STM32U385RGI6, STM32U385RGI6Q, STM32U385RGT6, STM32U385RGT6Q, STM32U385RGY6GTR, STM32U385RGY6QTR, STM32U385VGI6, STM32U385VGI6Q, STM32U385VGT6, STM32U385VGT6Q, STM32U535CBT6, STM32U535CBT6Q, STM32U535CBU6, STM32U535CBU6Q, STM32U535CCT6, STM32U535CCT6Q, STM32U535CCU6, STM32U535CCU6Q, STM32U535CET6, STM32U535CET6Q, STM32U535CEU6, STM32U535CEU6Q, STM32U535JEY6QTR, STM32U535NCY6QTR, STM32U535NEY6QTR, STM32U535RBI6, STM32U535RBI6Q, STM32U535RBT6, STM32U535RBT6Q, STM32U535RCI6, STM32U535RCI6Q, STM32U535RCT6, STM32U535RCT6Q, STM32U535REI6, STM32U535REI6Q, STM32U535RET6, STM32U535RET6Q, STM32U535VCI6, STM32U535VCI6Q, STM32U535VCT6, STM32U535VCT6Q, STM32U535VEI6, STM32U535VEI6Q, STM32U535VET6, STM32U535VET6Q, STM32U545CET6, STM32U545CET6Q, STM32U545CEU6, STM32U545CEU6Q, STM32U545JEY6QTR, STM32U545NEY6QTR, STM32U545REI6, STM32U545REI6Q, STM32U545RET6, STM32U545RET6Q, STM32U545VEI6, STM32U545VEI6Q, STM32U545VET6, STM32U545VET6Q, STM32U595AIH6, STM32U595AIH6Q, STM32U595AJH6, STM32U595AJH6Q, STM32U595QII6, STM32U595QII6Q, STM32U595QJI6, STM32U595QJI6Q, STM32U595RIT6, STM32U595RIT6Q, STM32U595RJT6, STM32U595RJT6Q, STM32U595VIT6, STM32U595VIT6Q, STM32U595VJT6, STM32U595VJT6Q, STM32U595ZIT6, STM32U595ZIT6Q, STM32U595ZIY6QTR, STM32U595ZJT6, STM32U595ZJT6Q, STM32U595ZJY6QTR, STM32U599BJY6QTR, STM32U599NIH6Q, STM32U599NJH6Q, STM32U599VIT6Q, STM32U599VJT6, STM32U599VJT6Q, STM32U599ZIT6Q, STM32U599ZIY6QTR, STM32U599ZJT6Q, STM32U599ZJY6QTR, STM32U5A5AJH6, STM32U5A5AJH6Q, STM32U5A5QII3Q , STM32U5A5QJI6, STM32U5A5QJI6Q, STM32U5A5RJT6, STM32U5A5RJT6Q, STM32U5A5VJT6, STM32U5A5VJT6Q, STM32U5A5ZJT6, STM32U5A5ZJT6Q, STM32U5A5ZJY6QTR, STM32U5A9BJY6QTR, STM32U5A9J-DK, STM32U5A9NJH6Q, STM32U5A9VJT6Q, STM32U5A9ZJT6Q, STM32U5A9ZJY6QTR, STM32U5F7VIT6, STM32U5F7VIT6Q, STM32U5F7VJT6, STM32U5F7VJT6Q, STM32U5F9BJY6QTR, STM32U5F9NJH6Q, STM32U5F9VIT6Q, STM32U5F9VJT6Q, STM32U5F9ZIJ6QTR, STM32U5F9ZIT6Q, STM32U5F9ZJJ6QTR, STM32U5F9ZJT6Q, STM32U5G7VJT6, STM32U5G7VJT6Q, STM32U5G9BJY6QTR, STM32U5G9J-DK1, STM32U5G9J-DK2, STM32U5G9NJH6Q, STM32U5G9VJT6Q, STM32U5G9ZJJ6QTR, STM32U5G9ZJT6Q, STM32WB05KZV6TR, STM32WB05KZV7TR, STM32WB05TZF6TR, STM32WB05TZF7TR, STM32WB06CCF6TR, STM32WB06CCF7TR, STM32WB06CCV6TR, STM32WB06CCV7TR, STM32WB06KCV6TR, STM32WB06KCV7TR, STM32WB07CCF6TR, STM32WB07CCF7TR, STM32WB07CCV6TR, STM32WB07CCV7TR, STM32WB07KCV6TR, STM32WB07KCV7TR, STM32WB09KEV6TR, STM32WB09KEV7TR, STM32WB09TEF6TR, STM32WB09TEF7TR, STM32WB1MMCH6, STM32WBA50KGU6, STM32WBA50KGU6TR, STM32WBA52CEU6, STM32WBA52CEU6TR, STM32WBA52CEU7, STM32WBA52CEU7TR, STM32WBA52CGU6, STM32WBA52CGU6TR, STM32WBA52CGU6U, STM32WBA52CGU7, STM32WBA52CGU7TR, STM32WBA52KEU6, STM32WBA52KEU6TR, STM32WBA52KGU6, STM32WBA52KGU6TR, STM32WBA54CEU6, STM32WBA54CEU6TR, STM32WBA54CEU7, STM32WBA54CEU7TR, STM32WBA54CGU6, STM32WBA54CGU6TR, STM32WBA54CGU7, STM32WBA54CGU7TR, STM32WBA54KEU6, STM32WBA54KEU6TR, STM32WBA54KEU7, STM32WBA54KEU7TR, STM32WBA54KGU6, STM32WBA54KGU6TR, STM32WBA54KGU7, STM32WBA54KGU7TR, STM32WBA55CEU6, STM32WBA55CEU6TR, STM32WBA55CEU7, STM32WBA55CEU7TR, STM32WBA55CGU6, STM32WBA55CGU6TR, STM32WBA55CGU6U, STM32WBA55CGU7, STM32WBA55CGU7TR, STM32WBA55G-DK1, STM32WBA55HEF6, STM32WBA55HEF7, STM32WBA55HGF6, STM32WBA55HGF7, STM32WBA55UEI6, STM32WBA55UEI6TR, STM32WBA55UEI7, STM32WBA55UEI7TR, STM32WBA55UGI6, STM32WBA55UGI6TR, STM32WBA55UGI7, STM32WBA55UGI7TR, STM32WBA5MMGH6TR, STM32WBA62MGF6, STM32WBA62MIF6, STM32WBA65MGF7, STM32WBA65MIF6, STM32WBA65MIF7, STM32WL30K8V6, STM32WL30KBV6, STM32WL31C8V6, STM32WL31CBV6, STM32WL31K8V6, STM32WL31KBV6, STM32WL33C8V6, STM32WL33C8V6X, STM32WL33CBV6, STM32WL33CBV6X, STM32WL33CCV6, STM32WL33CCV6A, STM32WL33CCV6X, STM32WL33K8V7, STM32WL33K8V7X, STM32WL33KBV7 , STM32WL33KBV7X, STM32WL33KCV7, STM32WL33KCV7X, STM32WL5MOCH6, STM32WL5MOCH6TR]
2025-09-02 12:55:54,625 [INFO] BoardInfo:889 - No configuration file found for board P-NUCLEO-WB55
2025-09-02 12:55:54,627 [INFO] DbBoards:161 - Kit is not supported: P-NUCLEO-WB55
2025-09-02 12:55:54,639 [INFO] BoardInfo:889 - No configuration file found for board STEVAL-BFA001V1B
2025-09-02 12:55:54,640 [INFO] DbBoards:161 - Kit is not supported: STEVAL-BFA001V1B
2025-09-02 12:55:54,641 [INFO] BoardInfo:889 - No configuration file found for board STEVAL-BFA001V2B
2025-09-02 12:55:54,644 [INFO] DbBoards:161 - Kit is not supported: STEVAL-BFA001V2B
2025-09-02 12:55:54,891 [INFO] DbBoards:168 - Found 212 boards, 209 are supported
2025-09-02 12:55:54,892 [INFO] DbBoards:169 - Found 212 boards, 43 of them is supported for  Bsp
2025-09-02 12:55:54,904 [INFO] ApiDb:668 - CubeFinder database Data Model version=2.1
2025-09-02 12:55:54,904 [INFO] ApiDb:669 - CubeFinder database Configuration version=3.0.39
2025-09-02 12:55:54,904 [INFO] ApiDb:670 - CubeFinder database generation date=2025-07-24 (1753349077)
2025-09-02 12:55:54,904 [INFO] ApiDb:671 - CubeFinder database FW Pack versions=[FP-ATR-ASTRA1_V2.0.0, FP-SNS-FLIGHT1_V5.1.0, FP-SNS-MOTENV1_V5.0.0, FP-SNS-MOTENVWB1_V1.4.0, FP-SNS-SMARTAG2_V1.2.0, FP-SNS-STBOX1_V2.0.0, STM32Cube_FW_C0_V1.4.0, STM32Cube_FW_F4_V1.28.2, STM32Cube_FW_F7_V1.17.3, STM32Cube_FW_G0_V1.6.2, STM32Cube_FW_G4_V1.6.1, STM32Cube_FW_H5_V1.5.0, STM32Cube_FW_H7RS_V1.2.0, STM32Cube_FW_H7_V1.12.1, STM32Cube_FW_L0_V1.12.2, STM32Cube_FW_L4_V1.18.1, STM32Cube_FW_L5_V1.5.1, STM32Cube_FW_N6_V1.2.0, STM32Cube_FW_U0_V1.3.0, STM32Cube_FW_U3_V1.2.0, STM32Cube_FW_U5_V1.8.0, STM32Cube_FW_WB0_V1.3.0, STM32Cube_FW_WBA_V1.7.0, STM32Cube_FW_WB_V1.23.0, STM32Cube_FW_WL3_V1.2.0, STM32Cube_FW_WL_V1.3.1, X-CUBE-ALGOBUILD_V1.4.0, X-CUBE-ALS_V1.0.2, X-CUBE-AZRTOS-F4_V1.1.0, X-CUBE-AZRTOS-F7_V1.1.0, X-CUBE-AZRTOS-G0_V1.1.0, X-CUBE-AZRTOS-G4_V2.0.0, X-CUBE-AZRTOS-H7RS_V1.1.0, X-CUBE-AZRTOS-H7_V3.4.0, X-CUBE-AZRTOS-L4_V2.0.0, X-CUBE-AZRTOS-L5_V2.0.0, X-CUBE-AZRTOS-WB_V2.0.0, X-CUBE-AZRTOS-WL_V2.0.0, X-CUBE-BLE1_V7.1.0, X-CUBE-BLE2_V3.3.0, X-CUBE-BLEMGR_V4.1.0, X-CUBE-EEPRMA1_V5.2.0, X-CUBE-FREERTOS_V1.3.1, X-CUBE-GNSS1_V6.0.0, X-CUBE-MEMS1_V11.3.0, X-CUBE-NFC4_V3.0.0, X-CUBE-NFC7_V2.0.0, X-CUBE-SFXS2LP1_V4.0.0, X-CUBE-ST67W61_V1.0.0, X-CUBE-SUBG2_V5.0.0, X-CUBE-TOF1_V3.4.3]
2025-09-02 12:55:57,319 [INFO] ApiDb:240 - Found 880 in-development CPN: [B-G473E-ZEST1S, B-WB1M-WPAN1, B-WBA5M-WPAN, B-WL5M-SUBG1, NUCLEO-C031C6, NUCLEO-C051C8, NUCLEO-C071RB, NUCLEO-C092RC, NUCLEO-H503RB, NUCLEO-H533RE, NUCLEO-H563ZI, NUCLEO-H7S3L8, NUCLEO-N657X0-Q, NUCLEO-U031R8, NUCLEO-U083RC, NUCLEO-U385RG-Q, NUCLEO-U545RE-Q, NUCLEO-U5A5ZJ-Q, NUCLEO-WB05KZ, NUCLEO-WB07CC, NUCLEO-WB09KE, NUCLEO-WBA52CG, NUCLEO-WBA55CG, NUCLEO-WL33CC1, NUCLEO-WL33CC2, STEVAL-PROTEUS1, STEVAL-SMARTAG2, STEVAL-STWINBX1, STM320518-EVAL, STM32C0116-DK, STM32C011D6Y3TR, STM32C011D6Y6TR, STM32C011F4P3, STM32C011F4P6, STM32C011F4U3, STM32C011F4U6TR, STM32C011F6P3, STM32C011F6P6, STM32C011F6U3, STM32C011F6U6TR, STM32C011J4M3, STM32C011J4M6, STM32C011J6M3, STM32C011J6M6, STM32C0316-DK, STM32C031C4T3, STM32C031C4T6, STM32C031C4U3, STM32C031C4U6, STM32C031C6T3, STM32C031C6T6, STM32C031C6U3, STM32C031C6U6, STM32C031F4P3, STM32C031F4P6, STM32C031F6P3, STM32C031F6P6, STM32C031G4U3, STM32C031G4U6, STM32C031G6U3, STM32C031G6U6, STM32C031K4T3, STM32C031K4T6, STM32C031K4U3, STM32C031K4U6, STM32C031K6T3, STM32C031K6T6, STM32C031K6U3, STM32C031K6U6, STM32C051C6T6, STM32C051C6U6, STM32C051C8T6, STM32C051C8U6, STM32C051D8Y6TR, STM32C051F6P6, STM32C051F8P6, STM32C051G6U6, STM32C051G8U6, STM32C051K6T6, STM32C051K6U6, STM32C051K8T6, STM32C071C8T6, STM32C071C8T6N, STM32C071C8U6, STM32C071C8U6N, STM32C071CBT6, STM32C071CBT6N, STM32C071CBU6, STM32C071CBU6N, STM32C071F8P6, STM32C071F8P6N, STM32C071FBP6, STM32C071FBP6N, STM32C071FBY6TR, STM32C071G8U6, STM32C071G8U6N, STM32C071GBU6, STM32C071GBU6N, STM32C071K8T6, STM32C071K8T6N, STM32C071K8U6, STM32C071K8U6N, STM32C071KBT6, STM32C071KBT6N, STM32C071KBU6, STM32C071KBU6N, STM32C071R8T6, STM32C071R8T6N, STM32C071RBI6N, STM32C071RBT6, STM32C071RBT6N, STM32C091CBT6, STM32C091CBU6, STM32C091CCT6, STM32C091CCU6, STM32C091ECY6TR, STM32C091FBP6, STM32C091FCP6, STM32C091GBU6, STM32C091GCU6, STM32C091KBT6, STM32C091KBU6, STM32C091KCT6, STM32C091KCU6, STM32C091RBT6, STM32C091RCI6, STM32C091RCT6, STM32C092CBT6, STM32C092CBU6, STM32C092CCT6, STM32C092CCU6, STM32C092ECY6TR, STM32C092FBP6, STM32C092FCP6, STM32C092GBU6, STM32C092GCU6, STM32C092KBT6, STM32C092KBU6, STM32C092KCT6, STM32C092KCU6, STM32C092RBT6, STM32C092RCI6, STM32C092RCT6, STM32G071K8TXN, STM32G071K8UXN, STM32G081GBU6N, STM32G081KBT6N, STM32G081KBUXN, STM32G0B1CCT6N, STM32G0B1KCT6, STM32G0B1NEY6TR, STM32G0B1RCT6N, STM32G0C1CCT6, STM32G0C1CCT6N, STM32G0C1CCU6N, STM32G0C1CET6N, STM32G0C1CEU6N, STM32G0C1KCT6, STM32G0C1NEY6TR, STM32G0C1RCI6N, STM32G0C1RCT6N, STM32G0C1REI6N, STM32G0C1RET6N, STM32G0C1VCI6, STM32G0C1VEI6, STM32G411C6T3, STM32G411C6T6, STM32G411C6U3, STM32G411C6U6, STM32G411C8T3, STM32G411C8T6, STM32G411C8U3, STM32G411C8U6, STM32G411CBT3, STM32G411CBT6, STM32G411CBU3, STM32G411CBU6, STM32G411K6T3, STM32G411K6T6, STM32G411K6U3, STM32G411K6U6, STM32G411K8T3, STM32G411K8T6, STM32G411K8U3, STM32G411K8U6, STM32G411KBT3, STM32G411KBT6, STM32G411KBU3, STM32G411KBU6, STM32G411M6T3, STM32G411M6T6, STM32G411M8T3, STM32G411M8T6, STM32G411MBT3, STM32G411MBT6, STM32G411R6T3, STM32G411R6T6, STM32G411R8T3, STM32G411R8T6, STM32G411RBT3, STM32G411RBT6, STM32G414CBT3, STM32G414CBT6, STM32G414CBU3, STM32G414CBU6, STM32G414CCT3, STM32G414CCT6, STM32G414CCU3, STM32G414CCU6, STM32G414MBT3, STM32G414MBT6, STM32G414MCT3, STM32G414MCT6, STM32G414RBT3, STM32G414RBT6, STM32G414RCT3, STM32G414RCT6, STM32G414VBT3, STM32G414VBT6, STM32G414VCT3, STM32G414VCT6, STM32G431CBT3Z, STM32G431RBT3Z, STM32G471CCT6, STM32G471CCU6, STM32G471CET3, STM32G471CET6, STM32G471CEU3, STM32G471CEU6, STM32G471MCT6, STM32G471MET3, STM32G471MET6, STM32G471MEY6TR, STM32G471QCT6, STM32G471QET3, STM32G471RCT6, STM32G471RET3, STM32G471RET6, STM32G471VCH6, STM32G471VCI6, STM32G471VCT6, STM32G471VEH3, STM32G471VEH6, STM32G471VEI3, STM32G471VEI6, STM32G471VET3, STM32G471VET6, STM32G473QET3Z, STM32G473RET3Z, STM32G474CCT6, STM32G491RET3Z, STM32H503CBT6, STM32H503CBU6, STM32H503EBY6TR, STM32H503KBU6, STM32H503RBT6, STM32H523CCT6, STM32H523CCU6, STM32H523CET6, STM32H523CEU6, STM32H523HEY6TR, STM32H523RCT6, STM32H523RET6, STM32H523VCI6, STM32H523VCT6, STM32H523VEI6, STM32H523VET6, STM32H523ZCJ6, STM32H523ZCT6, STM32H523ZEJ6, STM32H523ZET6, STM32H533CET6, STM32H533CEU6, STM32H533HEY6TR, STM32H533RET6, STM32H533VEI6, STM32H533VET6, STM32H533ZEJ6, STM32H533ZET6, STM32H562AGI6, STM32H562AII6, STM32H562IGK6, STM32H562IGT6, STM32H562IIK6, STM32H562IIT6, STM32H562RGT6, STM32H562RGV6, STM32H562RIT6, STM32H562RIV6, STM32H562VGT6, STM32H562VIT6, STM32H562ZGT6, STM32H562ZIT6, STM32H563AGI6, STM32H563AII3Q, STM32H563AII6, STM32H563IGK6, STM32H563IGT6, STM32H563IIK3Q, STM32H563IIK6, STM32H563IIT3Q, STM32H563IIT6, STM32H563MIY3QTR, STM32H563RGT6, STM32H563RGV6, STM32H563RIT6, STM32H563RIV6, STM32H563VGT6, STM32H563VIT3Q, STM32H563VIT6, STM32H563ZGT6, STM32H563ZIT3Q, STM32H563ZIT6, STM32H573AII3Q, STM32H573AII6, STM32H573I-DK, STM32H573IIK3Q, STM32H573IIK6, STM32H573IIT3Q, STM32H573IIT6, STM32H573MIY3QTR, STM32H573RIT6, STM32H573RIV6, STM32H573VIT3Q, STM32H573VIT6, STM32H573ZIT3Q, STM32H573ZIT6, STM32H7R3A8I6, STM32H7R3I8K6, STM32H7R3I8T6, STM32H7R3L8H6, STM32H7R3L8H6H, STM32H7R3R8V6, STM32H7R3V8H6, STM32H7R3V8T6, STM32H7R3V8Y6TR, STM32H7R3Z8J6, STM32H7R3Z8T6, STM32H7R7A8I6, STM32H7R7I8K6, STM32H7R7I8T6, STM32H7R7L8H6, STM32H7R7L8H6H, STM32H7R7Z8J6, STM32H7S3A8I6, STM32H7S3I8K6, STM32H7S3I8T6, STM32H7S3L8H6, STM32H7S3L8H6H, STM32H7S3R8V6, STM32H7S3V8H6, STM32H7S3V8T6, STM32H7S3V8Y6TR, STM32H7S3Z8J6, STM32H7S3Z8T6, STM32H7S78-DK, STM32H7S7A8I6, STM32H7S7I8K6, STM32H7S7I8T6, STM32H7S7L8H6, STM32H7S7L8H6H, STM32H7S7Z8J6, STM32L4R5QGI6STR, STM32MP131AAE3, STM32MP131AAF3, STM32MP131AAG3, STM32MP131CAE3, STM32MP131CAF3, STM32MP131CAG3, STM32MP131DAE7, STM32MP131DAF7, STM32MP131DAG7, STM32MP131FAE7, STM32MP131FAF7, STM32MP131FAG7, STM32MP133AAE3, STM32MP133AAF3, STM32MP133AAG3, STM32MP133CAE3, STM32MP133CAF3, STM32MP133CAG3, STM32MP133DAE7, STM32MP133DAF7, STM32MP133DAG7, STM32MP133FAE7, STM32MP133FAF7, STM32MP133FAG7, STM32MP135AAE3, STM32MP135AAF3, STM32MP135AAG3, STM32MP135CAE3, STM32MP135CAF3, STM32MP135CAG3, STM32MP135DAE7, STM32MP135DAF7, STM32MP135DAG7, STM32MP135F-DK, STM32MP135FAE7, STM32MP135FAF7, STM32MP135FAF7T, STM32MP135FAF7U, STM32MP135FAG7, STM32MP211AAL3, STM32MP211AAM3, STM32MP211AAN3, STM32MP211AAO3, STM32MP211CAL3, STM32MP211CAM3, STM32MP211CAN3, STM32MP211CAO3, STM32MP211DAL3, STM32MP211DAM3, STM32MP211DAN3, STM32MP211DAO3, STM32MP211FAL3, STM32MP211FAM3, STM32MP211FAN3, STM32MP211FAO3, STM32MP213AAL3, STM32MP213AAM3, STM32MP213AAN3, STM32MP213AAO3, STM32MP213CAL3, STM32MP213CAM3, STM32MP213CAN3, STM32MP213CAO3, STM32MP213DAL3, STM32MP213DAM3, STM32MP213DAN3, STM32MP213DAO3, STM32MP213FAL3, STM32MP213FAM3, STM32MP213FAN3, STM32MP213FAO3, STM32MP215AAL3, STM32MP215AAM3, STM32MP215AAN3, STM32MP215AAO3, STM32MP215CAL3, STM32MP215CAM3, STM32MP215CAN3, STM32MP215CAO3, STM32MP215DAL3, STM32MP215DAM3, STM32MP215DAN3, STM32MP215DAO3, STM32MP215F-DK, STM32MP215FAL3, STM32MP215FAM3, STM32MP215FAN3, STM32MP215FAO3, STM32MP231AAJ3, STM32MP231AAK3, STM32MP231AAL3, STM32MP231CAJ3, STM32MP231CAK3, STM32MP231CAL3, STM32MP231DAJ3, STM32MP231DAK3, STM32MP231DAL3, STM32MP231FAJ3, STM32MP231FAK3, STM32MP231FAL3, STM32MP233AAJ3, STM32MP233AAK3, STM32MP233AAL3, STM32MP233CAJ3, STM32MP233CAK3, STM32MP233CAL3, STM32MP233DAJ3, STM32MP233DAK3, STM32MP233DAL3, STM32MP233FAJ3, STM32MP233FAK3, STM32MP233FAL3, STM32MP235AAJ3, STM32MP235AAK3, STM32MP235AAL3, STM32MP235CAJ3, STM32MP235CAK3, STM32MP235CAL3, STM32MP235DAJ3, STM32MP235DAK3, STM32MP235DAL3, STM32MP235FAJ3, STM32MP235FAK3, STM32MP235FAL3, STM32MP251AAI3, STM32MP251AAK3, STM32MP251AAL3, STM32MP251CAI3, STM32MP251CAK3, STM32MP251CAL3, STM32MP251DAI3, STM32MP251DAK3, STM32MP251DAL3, STM32MP251FAI3, STM32MP251FAK3, STM32MP251FAL3, STM32MP253AAI3, STM32MP253AAK3, STM32MP253AAL3, STM32MP253CAI3, STM32MP253CAK3, STM32MP253CAL3, STM32MP253DAI3, STM32MP253DAK3, STM32MP253DAL3, STM32MP253FAI3, STM32MP253FAK3, STM32MP253FAL3, STM32MP255AAI3, STM32MP255AAK3, STM32MP255AAL3, STM32MP255CAI3, STM32MP255CAK3, STM32MP255CAL3, STM32MP255DAI3, STM32MP255DAK3, STM32MP255DAL3, STM32MP255FAI3, STM32MP255FAK3, STM32MP255FAL3, STM32MP257AAI3, STM32MP257AAK3, STM32MP257AAL3, STM32MP257CAI3, STM32MP257CAK3, STM32MP257CAL3, STM32MP257DAI3, STM32MP257DAK3, STM32MP257DAL3, STM32MP257F-DK, STM32MP257F-EV1, STM32MP257FAI3, STM32MP257FAK3, STM32MP257FAL3, STM32N645A0H3Q, STM32N645B0H3Q, STM32N645I0H3Q, STM32N645L0H3Q, STM32N645X0H3Q, STM32N645Z0H3Q, STM32N647A0H3Q, STM32N647B0H3Q, STM32N647I0H3Q, STM32N647L0H3Q, STM32N647X0H3Q, STM32N647Z0H3Q, STM32N655A0H3Q, STM32N655B0H3Q, STM32N655I0H3Q, STM32N655L0H3Q, STM32N655X0H3Q, STM32N655Z0H3Q, STM32N6570-DK, STM32N657A0H3Q, STM32N657B0H3Q, STM32N657I0H3Q, STM32N657L0H3Q, STM32N657X0H3Q, STM32N657Z0H3Q, STM32U031C6T6, STM32U031C6U6, STM32U031C8T6, STM32U031C8U6, STM32U031F4P6, STM32U031F6P6, STM32U031F8P6, STM32U031G6Y6TR, STM32U031G8Y6TR, STM32U031K4U6, STM32U031K6U6, STM32U031K8U6, STM32U031R6I6, STM32U031R6T6, STM32U031R8I6, STM32U031R8T6, STM32U073C8T6, STM32U073C8U6, STM32U073CBT6, STM32U073CBU6, STM32U073CCT6, STM32U073CCU6, STM32U073H8Y6TR, STM32U073HBY6TR, STM32U073HCY6TR, STM32U073K8U6, STM32U073KBU6, STM32U073KCU6, STM32U073M8I6, STM32U073M8T6, STM32U073MBI6, STM32U073MBT6, STM32U073MCI6, STM32U073MCT6, STM32U073R8I6, STM32U073R8T6, STM32U073RBI6, STM32U073RBT6, STM32U073RCI6, STM32U073RCT6, STM32U083C-DK, STM32U083CCT6, STM32U083CCU6, STM32U083HCY6TR, STM32U083KCU6, STM32U083MCI6, STM32U083MCT6, STM32U083RCI6, STM32U083RCT6, STM32U375CET6, STM32U375CET6Q, STM32U375CEU6, STM32U375CEU6Q, STM32U375CEY6QTR, STM32U375CGT6, STM32U375CGT6Q, STM32U375CGU6, STM32U375CGU6Q, STM32U375CGY6QTR, STM32U375KEU6, STM32U375KGU6, STM32U375REI6, STM32U375REI6Q, STM32U375RET6, STM32U375RET6Q, STM32U375REY6GTR, STM32U375REY6QTR, STM32U375RGI6, STM32U375RGI6Q, STM32U375RGT6, STM32U375RGT6Q, STM32U375RGY6GTR, STM32U375RGY6QTR, STM32U375VEI6, STM32U375VEI6Q, STM32U375VET6, STM32U375VET6Q, STM32U375VGI6, STM32U375VGI6Q, STM32U375VGT6, STM32U375VGT6Q, STM32U385CGT6, STM32U385CGT6Q, STM32U385CGU6, STM32U385CGU6Q, STM32U385CGY6QTR, STM32U385KGU6, STM32U385RGI6, STM32U385RGI6Q, STM32U385RGT6, STM32U385RGT6Q, STM32U385RGY6GTR, STM32U385RGY6QTR, STM32U385VGI6, STM32U385VGI6Q, STM32U385VGT6, STM32U385VGT6Q, STM32U535CBT6, STM32U535CBT6Q, STM32U535CBU6, STM32U535CBU6Q, STM32U535CCT6, STM32U535CCT6Q, STM32U535CCU6, STM32U535CCU6Q, STM32U535CET6, STM32U535CET6Q, STM32U535CEU6, STM32U535CEU6Q, STM32U535JEY6QTR, STM32U535NCY6QTR, STM32U535NEY6QTR, STM32U535RBI6, STM32U535RBI6Q, STM32U535RBT6, STM32U535RBT6Q, STM32U535RCI6, STM32U535RCI6Q, STM32U535RCT6, STM32U535RCT6Q, STM32U535REI6, STM32U535REI6Q, STM32U535RET6, STM32U535RET6Q, STM32U535VCI6, STM32U535VCI6Q, STM32U535VCT6, STM32U535VCT6Q, STM32U535VEI6, STM32U535VEI6Q, STM32U535VET6, STM32U535VET6Q, STM32U545CET6, STM32U545CET6Q, STM32U545CEU6, STM32U545CEU6Q, STM32U545JEY6QTR, STM32U545NEY6QTR, STM32U545REI6, STM32U545REI6Q, STM32U545RET6, STM32U545RET6Q, STM32U545VEI6, STM32U545VEI6Q, STM32U545VET6, STM32U545VET6Q, STM32U595AIH6, STM32U595AIH6Q, STM32U595AJH6, STM32U595AJH6Q, STM32U595QII6, STM32U595QII6Q, STM32U595QJI6, STM32U595QJI6Q, STM32U595RIT6, STM32U595RIT6Q, STM32U595RJT6, STM32U595RJT6Q, STM32U595VIT6, STM32U595VIT6Q, STM32U595VJT6, STM32U595VJT6Q, STM32U595ZIT6, STM32U595ZIT6Q, STM32U595ZIY6QTR, STM32U595ZJT6, STM32U595ZJT6Q, STM32U595ZJY6QTR, STM32U599BJY6QTR, STM32U599NIH6Q, STM32U599NJH6Q, STM32U599VIT6Q, STM32U599VJT6, STM32U599VJT6Q, STM32U599ZIT6Q, STM32U599ZIY6QTR, STM32U599ZJT6Q, STM32U599ZJY6QTR, STM32U5A5AJH6, STM32U5A5AJH6Q, STM32U5A5QII3Q , STM32U5A5QJI6, STM32U5A5QJI6Q, STM32U5A5RJT6, STM32U5A5RJT6Q, STM32U5A5VJT6, STM32U5A5VJT6Q, STM32U5A5ZJT6, STM32U5A5ZJT6Q, STM32U5A5ZJY6QTR, STM32U5A9BJY6QTR, STM32U5A9J-DK, STM32U5A9NJH6Q, STM32U5A9VJT6Q, STM32U5A9ZJT6Q, STM32U5A9ZJY6QTR, STM32U5F7VIT6, STM32U5F7VIT6Q, STM32U5F7VJT6, STM32U5F7VJT6Q, STM32U5F9BJY6QTR, STM32U5F9NJH6Q, STM32U5F9VIT6Q, STM32U5F9VJT6Q, STM32U5F9ZIJ6QTR, STM32U5F9ZIT6Q, STM32U5F9ZJJ6QTR, STM32U5F9ZJT6Q, STM32U5G7VJT6, STM32U5G7VJT6Q, STM32U5G9BJY6QTR, STM32U5G9J-DK1, STM32U5G9J-DK2, STM32U5G9NJH6Q, STM32U5G9VJT6Q, STM32U5G9ZJJ6QTR, STM32U5G9ZJT6Q, STM32WB05KZV6TR, STM32WB05KZV7TR, STM32WB05TZF6TR, STM32WB05TZF7TR, STM32WB06CCF6TR, STM32WB06CCF7TR, STM32WB06CCV6TR, STM32WB06CCV7TR, STM32WB06KCV6TR, STM32WB06KCV7TR, STM32WB07CCF6TR, STM32WB07CCF7TR, STM32WB07CCV6TR, STM32WB07CCV7TR, STM32WB07KCV6TR, STM32WB07KCV7TR, STM32WB09KEV6TR, STM32WB09KEV7TR, STM32WB09TEF6TR, STM32WB09TEF7TR, STM32WB1MMCH6, STM32WBA50KGU6, STM32WBA50KGU6TR, STM32WBA52CEU6, STM32WBA52CEU6TR, STM32WBA52CEU7, STM32WBA52CEU7TR, STM32WBA52CGU6, STM32WBA52CGU6TR, STM32WBA52CGU6U, STM32WBA52CGU7, STM32WBA52CGU7TR, STM32WBA52KEU6, STM32WBA52KEU6TR, STM32WBA52KGU6, STM32WBA52KGU6TR, STM32WBA54CEU6, STM32WBA54CEU6TR, STM32WBA54CEU7, STM32WBA54CEU7TR, STM32WBA54CGU6, STM32WBA54CGU6TR, STM32WBA54CGU7, STM32WBA54CGU7TR, STM32WBA54KEU6, STM32WBA54KEU6TR, STM32WBA54KEU7, STM32WBA54KEU7TR, STM32WBA54KGU6, STM32WBA54KGU6TR, STM32WBA54KGU7, STM32WBA54KGU7TR, STM32WBA55CEU6, STM32WBA55CEU6TR, STM32WBA55CEU7, STM32WBA55CEU7TR, STM32WBA55CGU6, STM32WBA55CGU6TR, STM32WBA55CGU6U, STM32WBA55CGU7, STM32WBA55CGU7TR, STM32WBA55G-DK1, STM32WBA55HEF6, STM32WBA55HEF7, STM32WBA55HGF6, STM32WBA55HGF7, STM32WBA55UEI6, STM32WBA55UEI6TR, STM32WBA55UEI7, STM32WBA55UEI7TR, STM32WBA55UGI6, STM32WBA55UGI6TR, STM32WBA55UGI7, STM32WBA55UGI7TR, STM32WBA5MMGH6TR, STM32WBA62MGF6, STM32WBA62MIF6, STM32WBA65MGF7, STM32WBA65MIF6, STM32WBA65MIF7, STM32WL30K8V6, STM32WL30KBV6, STM32WL31C8V6, STM32WL31CBV6, STM32WL31K8V6, STM32WL31KBV6, STM32WL33C8V6, STM32WL33C8V6X, STM32WL33CBV6, STM32WL33CBV6X, STM32WL33CCV6, STM32WL33CCV6A, STM32WL33CCV6X, STM32WL33K8V7, STM32WL33K8V7X, STM32WL33KBV7 , STM32WL33KBV7X, STM32WL33KCV7, STM32WL33KCV7X, STM32WL5MOCH6, STM32WL5MOCH6TR]
2025-09-02 12:55:57,324 [INFO] DbMcus:218 - Found 4801 MCUs, 4801 are supported
2025-09-02 12:55:57,325 [INFO] ApiDb:423 - Load user favorites file C:\Users\USERIT/.stm32cubeide/favorites.mcus.txt: 1 item(s)
2025-09-02 12:55:57,325 [INFO] ApiDb:427 - User favorites MCUs=[STM32F767ZIT6]
2025-09-02 12:55:57,325 [INFO] DbMcus:224 - Set 1 / 1 favorites MCUs
2025-09-02 12:55:57,866 [INFO] ApiDb:423 - Load user favorites file C:\Users\USERIT/.stm32cubeide/favorites.boards.txt: 0 item(s)
2025-09-02 12:55:57,866 [INFO] ApiDb:427 - User favorites Boards=[]
2025-09-02 12:55:57,866 [INFO] DbBoards:198 - Set 0 / 0 favorites Boards
2025-09-02 12:55:57,938 [INFO] UtilMem:75 - End LoadConfig() Used Memory: 452685792 Bytes (675282944)
2025-09-02 12:55:58,088 [WARN] ThirdParty:833 - waiting for thirdparty lock release [change project]
2025-09-02 12:55:58,088 [INFO] ThirdParty:835 - entering critical section [change project]
2025-09-02 12:55:58,088 [INFO] ThirdParty:1030 - CMSIS Pack Vendor :STMicroelectronics X-CUBE-PM33A1 1.0.0
2025-09-02 12:55:58,088 [INFO] ThirdParty:1030 - CMSIS Pack Vendor :STMicroelectronics USBPD 4.1
2025-09-02 12:55:58,088 [INFO] ThirdParty:1030 - CMSIS Pack Vendor :STMicroelectronics X-CUBE-NFC9 1.0.0
2025-09-02 12:55:58,088 [INFO] ThirdParty:1030 - CMSIS Pack Vendor :STMicroelectronics USB_HOST 2.0.0
2025-09-02 12:55:58,088 [INFO] ThirdParty:1030 - CMSIS Pack Vendor :STMicroelectronics FP-SNS-MOTENVWB1 1.4.0
2025-09-02 12:55:58,088 [INFO] ThirdParty:1030 - CMSIS Pack Vendor :STMicroelectronics X-CUBE-AZRTOS-F4 1.1.0
2025-09-02 12:55:58,089 [INFO] ThirdParty:1030 - CMSIS Pack Vendor :STMicroelectronics LIBJPEG 8.0.0
2025-09-02 12:55:58,089 [INFO] ThirdParty:1030 - CMSIS Pack Vendor :STMicroelectronics FP-ATR-ASTRA1 2.0.2
2025-09-02 12:55:58,089 [INFO] ThirdParty:1030 - CMSIS Pack Vendor :STMicroelectronics X-CUBE-BLE1 7.1.0
2025-09-02 12:55:58,089 [INFO] ThirdParty:1030 - CMSIS Pack Vendor :STMicroelectronics X-CUBE-SMBUS 2.1.0
2025-09-02 12:55:58,089 [INFO] ThirdParty:1030 - CMSIS Pack Vendor :wolfSSL I-CUBE-wolfMQTT 1.19.2
2025-09-02 12:55:58,089 [INFO] ThirdParty:1030 - CMSIS Pack Vendor :STMicroelectronics USB_DEVICE 3.0.0
2025-09-02 12:55:58,089 [INFO] ThirdParty:1030 - CMSIS Pack Vendor :STMicroelectronics X-CUBE-ISPU 2.1.0
2025-09-02 12:55:58,089 [INFO] ThirdParty:1030 - CMSIS Pack Vendor :STMicroelectronics X-CUBE-AZRTOS-WB 2.0.0
2025-09-02 12:55:58,089 [INFO] ThirdParty:1030 - CMSIS Pack Vendor :STMicroelectronics X-CUBE-ST60 1.0.0
2025-09-02 12:55:58,089 [INFO] ThirdParty:1030 - CMSIS Pack Vendor :STMicroelectronics X-CUBE-GNSS1 7.0.1
2025-09-02 12:55:58,089 [INFO] ThirdParty:1030 - CMSIS Pack Vendor :STMicroelectronics X-CUBE-AZRTOS-F7 1.1.0
2025-09-02 12:55:58,089 [INFO] ThirdParty:1030 - CMSIS Pack Vendor :STMicroelectronics X-CUBE-AZRTOS-L5 2.0.0
2025-09-02 12:55:58,089 [INFO] ThirdParty:1030 - CMSIS Pack Vendor :STMicroelectronics X-CUBE-TOUCHGFX 4.25.0
2025-09-02 12:55:58,089 [INFO] ThirdParty:1030 - CMSIS Pack Vendor :STMicroelectronics USB_DEVICE 2.0.0
2025-09-02 12:55:58,089 [INFO] ThirdParty:1030 - CMSIS Pack Vendor :STMicroelectronics X-CUBE-NFC6 3.1.0
2025-09-02 12:55:58,089 [INFO] ThirdParty:1030 - CMSIS Pack Vendor :STMicroelectronics X-CUBE-AI 10.1.0
2025-09-02 12:55:58,089 [INFO] ThirdParty:1030 - CMSIS Pack Vendor :STMicroelectronics FP-SNS-STBOX1 2.0.0
2025-09-02 12:55:58,089 [INFO] ThirdParty:1030 - CMSIS Pack Vendor :quantropi X-CUBE-qispace-sdk-base 2.1.0
2025-09-02 12:55:58,089 [INFO] ThirdParty:1030 - CMSIS Pack Vendor :STMicroelectronics FreeRTOS 0.0.1
2025-09-02 12:55:58,089 [INFO] ThirdParty:1030 - CMSIS Pack Vendor :STMicroelectronics X-CUBE-AZRTOS-G0 1.1.0
2025-09-02 12:55:58,089 [INFO] ThirdParty:1030 - CMSIS Pack Vendor :STMicroelectronics X-CUBE-SAFEA1 1.2.2
2025-09-02 12:55:58,089 [INFO] ThirdParty:1030 - CMSIS Pack Vendor :STMicroelectronics X-CUBE-NFC4 3.0.0
2025-09-02 12:55:58,089 [INFO] ThirdParty:1030 - CMSIS Pack Vendor :STMicroelectronics X-CUBE-SUBG2 5.0.0
2025-09-02 12:55:58,089 [INFO] ThirdParty:1030 - CMSIS Pack Vendor :STMicroelectronics X-CUBE-AZRTOS-H7RS 1.1.0
2025-09-02 12:55:58,090 [INFO] ThirdParty:1030 - CMSIS Pack Vendor :STMicroelectronics STM32_WPAN 1.0.0
2025-09-02 12:55:58,090 [INFO] ThirdParty:1030 - CMSIS Pack Vendor :EmbeddedOffice I-CUBE-FS-RTOS 1.0.1
2025-09-02 12:55:58,090 [INFO] ThirdParty:1030 - CMSIS Pack Vendor :STMicroelectronics lwIP 2.0.3
2025-09-02 12:55:58,090 [INFO] ThirdParty:1030 - CMSIS Pack Vendor :Cesanta I-CUBE-Mongoose 7.13.0
2025-09-02 12:55:58,090 [INFO] ThirdParty:1030 - CMSIS Pack Vendor :STMicroelectronics USB_HOST 1.0.0
2025-09-02 12:55:58,090 [INFO] ThirdParty:1030 - CMSIS Pack Vendor :Infineon AIROC-Wi-Fi-Bluetooth-STM32 1.7.1
2025-09-02 12:55:58,090 [INFO] ThirdParty:1030 - CMSIS Pack Vendor :STMicroelectronics X-CUBE-AZRTOS-G4 2.0.0
2025-09-02 12:55:58,090 [INFO] ThirdParty:1030 - CMSIS Pack Vendor :STMicroelectronics X-CUBE-WB05N 2.0.0
2025-09-02 12:55:58,090 [INFO] ThirdParty:1030 - CMSIS Pack Vendor :STMicroelectronics PDM2PCM 3.1.0
2025-09-02 12:55:58,090 [INFO] ThirdParty:1030 - CMSIS Pack Vendor :STMicroelectronics PDM2PCM 3.3.0
2025-09-02 12:55:58,090 [INFO] ThirdParty:1030 - CMSIS Pack Vendor :wolfSSL I-CUBE-wolfTPM 3.8.0
2025-09-02 12:55:58,090 [INFO] ThirdParty:1030 - CMSIS Pack Vendor :STMicroelectronics X-CUBE-DISPLAY 3.0.0
2025-09-02 12:55:58,090 [INFO] ThirdParty:1030 - CMSIS Pack Vendor :wolfSSL I-CUBE-wolfSSH 1.4.20
2025-09-02 12:55:58,090 [INFO] ThirdParty:1030 - CMSIS Pack Vendor :STMicroelectronics X-CUBE-NFC7 2.0.0
2025-09-02 12:55:58,090 [INFO] ThirdParty:1030 - CMSIS Pack Vendor :STMicroelectronics X-CUBE-TCPP 4.2.0
2025-09-02 12:55:58,090 [INFO] ThirdParty:1030 - CMSIS Pack Vendor :RealThread X-CUBE-RT-Thread_Nano 4.1.1
2025-09-02 12:55:58,090 [INFO] ThirdParty:1030 - CMSIS Pack Vendor :STMicroelectronics FP-ATR-SIGFOX1 3.2.0
2025-09-02 12:55:58,090 [INFO] ThirdParty:1030 - CMSIS Pack Vendor :STMicroelectronics X-CUBE-NFC10 1.0.0
2025-09-02 12:55:58,090 [INFO] ThirdParty:1030 - CMSIS Pack Vendor :STMicroelectronics X-CUBE-FREERTOS 1.3.1
2025-09-02 12:55:58,090 [INFO] ThirdParty:1030 - CMSIS Pack Vendor :STMicroelectronics HAL Drivers 0.0.0
2025-09-02 12:55:58,090 [INFO] ThirdParty:1030 - CMSIS Pack Vendor :STMicroelectronics MBEDTLS 2.16.2
2025-09-02 12:55:58,090 [INFO] ThirdParty:1030 - CMSIS Pack Vendor :STMicroelectronics X-CUBE-IPS 3.1.0
2025-09-02 12:55:58,091 [INFO] ThirdParty:1030 - CMSIS Pack Vendor :STMicroelectronics X-CUBE-ALS 1.0.2
2025-09-02 12:55:58,091 [INFO] ThirdParty:1030 - CMSIS Pack Vendor :emotas I-CUBE-CANOPEN 1.3.0
2025-09-02 12:55:58,091 [INFO] ThirdParty:1030 - CMSIS Pack Vendor :STMicroelectronics MBEDTLS 2.14.1
2025-09-02 12:55:58,091 [INFO] ThirdParty:1030 - CMSIS Pack Vendor :ITTIA_DB I-CUBE-ITTIADB 8.9.0
2025-09-02 12:55:58,091 [INFO] ThirdParty:1030 - CMSIS Pack Vendor :portGmbH I-Cube-SoM-uGOAL 1.1.0
2025-09-02 12:55:58,091 [INFO] ThirdParty:1030 - CMSIS Pack Vendor :STMicroelectronics X-CUBE-ST67W61 1.0.0
2025-09-02 12:55:58,091 [INFO] ThirdParty:1030 - CMSIS Pack Vendor :STMicroelectronics FP-SNS-STBOX1 2.1.0
2025-09-02 12:55:58,091 [INFO] ThirdParty:1030 - CMSIS Pack Vendor :STMicroelectronics X-CUBE-AI 10.2.0
2025-09-02 12:55:58,091 [INFO] ThirdParty:1030 - CMSIS Pack Vendor :STMicroelectronics ThreadX 1.0.0
2025-09-02 12:55:58,091 [INFO] ThirdParty:1030 - CMSIS Pack Vendor :STMicroelectronics FP-SNS-SMARTAG2 1.2.0
2025-09-02 12:55:58,091 [INFO] ThirdParty:1030 - CMSIS Pack Vendor :STMicroelectronics FP-SNS-FLIGHT1 5.1.0
2025-09-02 12:55:58,091 [INFO] ThirdParty:1030 - CMSIS Pack Vendor :STMicroelectronics X-CUBE-AZRTOS-WL 2.0.0
2025-09-02 12:55:58,091 [INFO] ThirdParty:1030 - CMSIS Pack Vendor :SEGGER I-CUBE-embOS 1.3.1
2025-09-02 12:55:58,091 [INFO] ThirdParty:1030 - CMSIS Pack Vendor :STMicroelectronics X-CUBE-ALGOBUILD 1.4.0
2025-09-02 12:55:58,092 [INFO] ThirdParty:1030 - CMSIS Pack Vendor :STMicroelectronics X-CUBE-DPower 1.3.0
2025-09-02 12:55:58,092 [INFO] ThirdParty:1030 - CMSIS Pack Vendor :STMicroelectronics X-CUBE-MEMS1 11.3.0
2025-09-02 12:55:58,092 [INFO] ThirdParty:1030 - CMSIS Pack Vendor :STMicroelectronics FP-SNS-MOTENV1 5.0.0
2025-09-02 12:55:58,092 [INFO] ThirdParty:1030 - CMSIS Pack Vendor :STMicroelectronics USB_DEVICE 1.0.0
2025-09-02 12:55:58,092 [INFO] ThirdParty:1030 - CMSIS Pack Vendor :STMicroelectronics X-CUBE-AZRTOS-L4 2.0.0
2025-09-02 12:55:58,092 [INFO] ThirdParty:1030 - CMSIS Pack Vendor :STMicroelectronics ThreadX 0.0.2
2025-09-02 12:55:58,092 [INFO] ThirdParty:1030 - CMSIS Pack Vendor :WES I-CUBE-Cesium 1.3.0
2025-09-02 12:55:58,092 [INFO] ThirdParty:1030 - CMSIS Pack Vendor :STMicroelectronics lwIP 2.1.2
2025-09-02 12:55:58,092 [INFO] ThirdParty:1030 - CMSIS Pack Vendor :STMicroelectronics X-CUBE-SFXS2LP1 4.0.0
2025-09-02 12:55:58,092 [INFO] ThirdParty:1030 - CMSIS Pack Vendor :STMicroelectronics X-CUBE-BLE2 3.3.0
2025-09-02 12:55:58,092 [INFO] ThirdParty:1030 - CMSIS Pack Vendor :STMicroelectronics X-CUBE-TOF1 3.4.3
2025-09-02 12:55:58,092 [INFO] ThirdParty:1030 - CMSIS Pack Vendor :STMicroelectronics PDM2PCM 3.2.0
2025-09-02 12:55:58,092 [INFO] ThirdParty:841 - exiting critical section [change project]
2025-09-02 12:55:58,857 [INFO] PinOutPanel:1589 - setPackage(No Configuration,No Configuration)
2025-09-02 12:55:58,860 [INFO] PinOutPanel:1589 - setPackage(STM32F767ZITx,LQFP144)
2025-09-02 12:55:59,606 [INFO] UtilMem:75 - Before build in PCC Used Memory: 293359808 Bytes (675282944)
2025-09-02 12:56:00,432 [INFO] UtilMem:75 - After build in PCC Used Memory: 375704200 Bytes (675282944)
2025-09-02 12:56:00,477 [INFO] IPUIPlugin:80 - create IPUIPlugin
2025-09-02 12:56:00,477 [INFO] IPUIPlugin:80 - create IPUIPlugin
2025-09-02 12:56:00,477 [INFO] IPUIPlugin:80 - create IPUIPlugin
2025-09-02 12:56:00,477 [INFO] IPUIPlugin:80 - create IPUIPlugin
2025-09-02 12:56:00,477 [INFO] IPUIPlugin:80 - create IPUIPlugin
2025-09-02 12:56:00,477 [INFO] IPUIPlugin:80 - create IPUIPlugin
2025-09-02 12:56:00,478 [INFO] IPUIPlugin:80 - create IPUIPlugin
2025-09-02 12:56:00,478 [INFO] IPUIPlugin:80 - create IPUIPlugin
2025-09-02 12:56:00,478 [INFO] IPUIPlugin:80 - create IPUIPlugin
2025-09-02 12:56:00,478 [INFO] IPUIPlugin:80 - create IPUIPlugin
2025-09-02 12:56:00,478 [INFO] IPUIPlugin:80 - create IPUIPlugin
2025-09-02 12:56:00,478 [INFO] IPUIPlugin:80 - create IPUIPlugin
2025-09-02 12:56:00,478 [INFO] IPUIPlugin:80 - create IPUIPlugin
2025-09-02 12:56:00,479 [INFO] IPUIPlugin:80 - create IPUIPlugin
2025-09-02 12:56:00,479 [INFO] IPUIPlugin:80 - create IPUIPlugin
2025-09-02 12:56:00,479 [INFO] IPUIPlugin:80 - create IPUIPlugin
2025-09-02 12:56:00,479 [INFO] IPUIPlugin:80 - create IPUIPlugin
2025-09-02 12:56:00,479 [INFO] IPUIPlugin:80 - create IPUIPlugin
2025-09-02 12:56:00,479 [INFO] IPUIPlugin:80 - create IPUIPlugin
2025-09-02 12:56:00,480 [INFO] IPUIPlugin:80 - create IPUIPlugin
2025-09-02 12:56:00,480 [INFO] IPUIPlugin:80 - create IPUIPlugin
2025-09-02 12:56:00,480 [INFO] IPUIPlugin:80 - create IPUIPlugin
2025-09-02 12:56:00,480 [INFO] IPUIPlugin:80 - create IPUIPlugin
2025-09-02 12:56:00,480 [INFO] IPUIPlugin:80 - create IPUIPlugin
2025-09-02 12:56:00,480 [INFO] IPUIPlugin:80 - create IPUIPlugin
2025-09-02 12:56:00,481 [INFO] IPUIPlugin:80 - create IPUIPlugin
2025-09-02 12:56:00,481 [INFO] IPUIPlugin:80 - create IPUIPlugin
2025-09-02 12:56:00,481 [INFO] IPUIPlugin:80 - create IPUIPlugin
2025-09-02 12:56:00,481 [INFO] IPUIPlugin:80 - create IPUIPlugin
2025-09-02 12:56:00,482 [INFO] IPUIPlugin:80 - create IPUIPlugin
2025-09-02 12:56:00,483 [INFO] IPUIPlugin:80 - create IPUIPlugin
2025-09-02 12:56:00,483 [INFO] IPUIPlugin:80 - create IPUIPlugin
2025-09-02 12:56:00,484 [INFO] IPUIPlugin:80 - create IPUIPlugin
2025-09-02 12:56:00,484 [INFO] IPUIPlugin:80 - create IPUIPlugin
2025-09-02 12:56:00,484 [INFO] IPUIPlugin:80 - create IPUIPlugin
2025-09-02 12:56:00,485 [INFO] IPUIPlugin:80 - create IPUIPlugin
2025-09-02 12:56:00,485 [INFO] IPUIPlugin:80 - create IPUIPlugin
2025-09-02 12:56:00,485 [INFO] IPUIPlugin:80 - create IPUIPlugin
2025-09-02 12:56:00,485 [INFO] IPUIPlugin:80 - create IPUIPlugin
2025-09-02 12:56:00,485 [INFO] IPUIPlugin:80 - create IPUIPlugin
2025-09-02 12:56:00,486 [INFO] IPUIPlugin:80 - create IPUIPlugin
2025-09-02 12:56:00,486 [INFO] IPUIPlugin:80 - create IPUIPlugin
2025-09-02 12:56:00,486 [INFO] IPUIPlugin:80 - create IPUIPlugin
2025-09-02 12:56:00,487 [INFO] IPUIPlugin:80 - create IPUIPlugin
2025-09-02 12:56:00,487 [INFO] IPUIPlugin:80 - create IPUIPlugin
2025-09-02 12:56:00,487 [INFO] IPUIPlugin:80 - create IPUIPlugin
2025-09-02 12:56:00,488 [INFO] IPUIPlugin:80 - create IPUIPlugin
2025-09-02 12:56:00,488 [INFO] IPUIPlugin:80 - create IPUIPlugin
2025-09-02 12:56:00,488 [INFO] IPUIPlugin:80 - create IPUIPlugin
2025-09-02 12:56:00,488 [INFO] IPUIPlugin:80 - create IPUIPlugin
2025-09-02 12:56:00,489 [INFO] IPUIPlugin:80 - create IPUIPlugin
2025-09-02 12:56:00,489 [INFO] IPUIPlugin:80 - create IPUIPlugin
2025-09-02 12:56:00,490 [INFO] IPUIPlugin:80 - create IPUIPlugin
2025-09-02 12:56:00,490 [INFO] IPUIPlugin:80 - create IPUIPlugin
2025-09-02 12:56:00,491 [INFO] IPUIPlugin:80 - create IPUIPlugin
2025-09-02 12:56:00,491 [INFO] IPUIPlugin:80 - create IPUIPlugin
2025-09-02 12:56:00,492 [INFO] IPUIPlugin:80 - create IPUIPlugin
2025-09-02 12:56:00,492 [INFO] IPUIPlugin:80 - create IPUIPlugin
2025-09-02 12:56:00,492 [INFO] IPUIPlugin:80 - create IPUIPlugin
2025-09-02 12:56:00,493 [INFO] IPUIPlugin:80 - create IPUIPlugin
2025-09-02 12:56:00,493 [INFO] IPUIPlugin:80 - create IPUIPlugin
2025-09-02 12:56:00,493 [INFO] IPUIPlugin:80 - create IPUIPlugin
2025-09-02 12:56:00,493 [INFO] IPUIPlugin:80 - create IPUIPlugin
2025-09-02 12:56:00,494 [INFO] IPUIPlugin:80 - create IPUIPlugin
2025-09-02 12:56:00,494 [INFO] IPUIPlugin:80 - create IPUIPlugin
2025-09-02 12:56:00,494 [INFO] IPUIPlugin:80 - create IPUIPlugin
2025-09-02 12:56:00,495 [INFO] IPUIPlugin:80 - create IPUIPlugin
2025-09-02 12:56:00,495 [INFO] IPUIPlugin:80 - create IPUIPlugin
2025-09-02 12:56:00,495 [INFO] IPUIPlugin:80 - create IPUIPlugin
2025-09-02 12:56:00,495 [INFO] IPUIPlugin:80 - create IPUIPlugin
2025-09-02 12:56:00,496 [INFO] IPUIPlugin:80 - create IPUIPlugin
2025-09-02 12:56:00,497 [INFO] IPUIPlugin:80 - create IPUIPlugin
2025-09-02 12:56:00,497 [INFO] IPUIPlugin:80 - create IPUIPlugin
2025-09-02 12:56:00,498 [INFO] IPUIPlugin:80 - create IPUIPlugin
2025-09-02 12:56:00,498 [INFO] IPUIPlugin:80 - create IPUIPlugin
2025-09-02 12:56:00,498 [INFO] IPUIPlugin:80 - create IPUIPlugin
2025-09-02 12:56:00,499 [INFO] IPUIPlugin:80 - create IPUIPlugin
2025-09-02 12:56:00,499 [INFO] IPUIPlugin:80 - create IPUIPlugin
2025-09-02 12:56:00,499 [INFO] IPUIPlugin:80 - create IPUIPlugin
2025-09-02 12:56:00,575 [INFO] ApiDbMcu:532 - Load IP Config File for PDM2PCM
2025-09-02 12:56:00,818 [INFO] CADModel:165 - CPN selected for project levelSTM32F767ZIT6
2025-09-02 12:56:00,818 [INFO] CADModel:114 - Register for checkConnection events
2025-09-02 12:56:00,870 [INFO] OpenFileManager:386 - Restore cursor
2025-09-02 12:56:14,048 [INFO] ADCParametersView:116 -                Rank 1 : false
2025-09-02 12:56:14,182 [INFO] ADCParametersView:116 -                Rank 1 : false
2025-09-02 12:56:14,182 [INFO] ADCParametersView:116 -                Rank 1 : false
2025-09-02 12:56:14,182 [INFO] ADCParametersView:116 -                Rank 1 : false
2025-09-02 12:56:14,183 [INFO] ADCParametersView:116 -                Rank 1 : false
2025-09-02 12:56:14,183 [INFO] ADCParametersView:116 -                Rank 1 : false
2025-09-02 12:56:14,183 [INFO] ADCParametersView:116 -                Rank 1 : false
2025-09-02 12:56:14,183 [INFO] ADCParametersView:116 -                Rank 1 : false
2025-09-02 12:56:14,184 [INFO] ADCParametersView:116 -                Rank 1 : false
2025-09-02 12:56:14,184 [INFO] ADCParametersView:116 -                Rank 1 : false
2025-09-02 12:56:14,185 [INFO] ADCParametersView:116 -                Rank 1 : false
2025-09-02 12:56:14,185 [INFO] ADCParametersView:116 -                Rank 1 : false
2025-09-02 12:56:14,185 [INFO] ADCParametersView:116 -                Rank 1 : false
2025-09-02 12:56:14,185 [INFO] ADCParametersView:116 -                Rank 1 : false
2025-09-02 12:56:14,185 [INFO] ADCParametersView:116 -                Rank 1 : false
2025-09-02 12:56:14,235 [INFO] ADCParametersView:116 -                Rank 1 : false
2025-09-02 12:58:48,892 [INFO] ADCParametersView:116 -                Rank 1 : false
2025-09-02 12:58:54,322 [INFO] ADCParametersView:116 -                Rank 1 : false
2025-09-02 12:58:56,085 [INFO] ADCParametersView:116 -                Rank 1 : true
2025-09-02 13:19:53,946 [INFO] NvicIntPanel:101 - NVIC parent = com.st.microxplorer.plugins.ip.nvic.MultiNvicIntPanel[,0,0,0x0,invalid,layout=javax.swing.BoxLayout,alignmentX=0.0,alignmentY=0.0,border=,flags=9,maximumSize=,minimumSize=,preferredSize=]
2025-09-02 13:19:54,089 [INFO] ADCParametersView:116 -                Rank 1 : true
2025-09-02 13:19:54,093 [INFO] ADCParametersView:116 -                Rank 1 : true
2025-09-02 13:19:54,093 [INFO] ADCParametersView:116 -                Rank 1 : true
2025-09-02 13:19:54,093 [INFO] ADCParametersView:116 -                Rank 1 : true
2025-09-02 13:19:54,093 [INFO] ADCParametersView:116 -                Rank 1 : true
2025-09-02 13:19:54,094 [INFO] ADCParametersView:116 -                Rank 1 : true
2025-09-02 13:19:54,094 [INFO] ADCParametersView:116 -                Rank 1 : true
2025-09-02 13:19:54,094 [INFO] ADCParametersView:116 -                Rank 1 : true
2025-09-02 13:19:54,094 [INFO] ADCParametersView:116 -                Rank 1 : true
2025-09-02 13:19:54,094 [INFO] ADCParametersView:116 -                Rank 1 : true
2025-09-02 13:19:54,094 [INFO] ADCParametersView:116 -                Rank 1 : true
2025-09-02 13:19:54,094 [INFO] ADCParametersView:116 -                Rank 1 : true
2025-09-02 13:19:54,094 [INFO] ADCParametersView:116 -                Rank 1 : true
2025-09-02 13:19:54,094 [INFO] ADCParametersView:116 -                Rank 1 : true
2025-09-02 13:19:54,163 [INFO] ADCParametersView:116 -                Rank 1 : true
2025-09-02 13:20:42,866 [INFO] UtilMem:75 - End SaveConfig() Used Memory: 538203632 Bytes (675282944)
2025-09-02 13:20:43,524 [INFO] UtilMem:75 - End SaveConfig() Used Memory: 582926768 Bytes (675282944)
2025-09-02 13:20:44,193 [INFO] BlockDiagram:2775 - set Specific Code input for plugin: SYS
2025-09-02 13:20:44,193 [INFO] BlockDiagram:2775 - set Specific Code input for plugin: ADC
2025-09-02 13:20:44,193 [INFO] BlockDiagram:2775 - set Specific Code input for plugin: RCC
2025-09-02 13:20:44,193 [INFO] BlockDiagram:2775 - set Specific Code input for plugin: NVIC
2025-09-02 13:20:44,194 [INFO] BlockDiagram:2775 - set Specific Code input for plugin: USART
2025-09-02 13:20:44,194 [INFO] BlockDiagram:2775 - set Specific Code input for plugin: CORTEX_M7
2025-09-02 13:20:44,194 [INFO] BlockDiagram:2775 - set Specific Code input for plugin: GPIO
2025-09-02 13:20:44,196 [INFO] CodeGenerator:892 - code generatio: config db path: C:\ST\STM32CubeIDE_1.19.0\STM32CubeIDE\plugins\com.st.stm32cube.common.mx_6.15.0.202507011659\\db\
2025-09-02 13:20:44,416 [INFO] CodeEngine:265 - oldGeneratedFile, C:\Users\USERIT\STM32CubeIDE\MAD_Lab\Lab_05\MXTmpFiles\license.tmp_save
2025-09-02 13:20:44,847 [INFO] CodeEngine:289 - Generated code: C:\Users\USERIT\STM32CubeIDE\MAD_Lab\Lab_05\MXTmpFiles\license.tmp
2025-09-02 13:20:44,994 [INFO] CodeEngine:265 - oldGeneratedFile, C:\Users\USERIT\STM32CubeIDE\MAD_Lab\Lab_05\Core\Src\gpio.c_save
2025-09-02 13:20:45,210 [INFO] CodeEngine:289 - Generated code: C:\Users\USERIT\STM32CubeIDE\MAD_Lab\Lab_05\Core\Src\gpio.c
2025-09-02 13:20:45,218 [INFO] CodeEngine:265 - oldGeneratedFile, C:\Users\USERIT\STM32CubeIDE\MAD_Lab\Lab_05\Core\Inc\gpio.h_save
2025-09-02 13:20:45,328 [INFO] CodeEngine:289 - Generated code: C:\Users\USERIT\STM32CubeIDE\MAD_Lab\Lab_05\Core\Inc\gpio.h
2025-09-02 13:20:45,587 [INFO] CodeEngine:265 - oldGeneratedFile, C:\Users\USERIT\STM32CubeIDE\MAD_Lab\Lab_05\Core\Src\adc.c_save
2025-09-02 13:20:45,806 [INFO] CodeEngine:289 - Generated code: C:\Users\USERIT\STM32CubeIDE\MAD_Lab\Lab_05\Core\Src\adc.c
2025-09-02 13:20:45,815 [INFO] CodeEngine:265 - oldGeneratedFile, C:\Users\USERIT\STM32CubeIDE\MAD_Lab\Lab_05\Core\Inc\adc.h_save
2025-09-02 13:20:45,920 [INFO] CodeEngine:289 - Generated code: C:\Users\USERIT\STM32CubeIDE\MAD_Lab\Lab_05\Core\Inc\adc.h
2025-09-02 13:20:45,931 [INFO] CodeEngine:265 - oldGeneratedFile, C:\Users\USERIT\STM32CubeIDE\MAD_Lab\Lab_05\MXTmpFiles\cortex.tmp_save
2025-09-02 13:20:46,048 [INFO] CodeEngine:289 - Generated code: C:\Users\USERIT\STM32CubeIDE\MAD_Lab\Lab_05\MXTmpFiles\cortex.tmp
2025-09-02 13:20:46,068 [INFO] CodeEngine:265 - oldGeneratedFile, C:\Users\USERIT\STM32CubeIDE\MAD_Lab\Lab_05\Core\Src\usart.c_save
2025-09-02 13:20:46,258 [INFO] CodeEngine:289 - Generated code: C:\Users\USERIT\STM32CubeIDE\MAD_Lab\Lab_05\Core\Src\usart.c
2025-09-02 13:20:46,264 [INFO] CodeEngine:265 - oldGeneratedFile, C:\Users\USERIT\STM32CubeIDE\MAD_Lab\Lab_05\Core\Inc\usart.h_save
2025-09-02 13:20:46,342 [INFO] CodeEngine:289 - Generated code: C:\Users\USERIT\STM32CubeIDE\MAD_Lab\Lab_05\Core\Inc\usart.h
2025-09-02 13:20:46,358 [INFO] CodeEngine:265 - oldGeneratedFile, C:\Users\USERIT\STM32CubeIDE\MAD_Lab\Lab_05\Core\Src\stm32f7xx_it.c_save
2025-09-02 13:20:46,508 [INFO] CodeEngine:289 - Generated code: C:\Users\USERIT\STM32CubeIDE\MAD_Lab\Lab_05\Core\Src\stm32f7xx_it.c
2025-09-02 13:20:46,514 [INFO] CodeEngine:265 - oldGeneratedFile, C:\Users\USERIT\STM32CubeIDE\MAD_Lab\Lab_05\Core\Inc\stm32f7xx_it.h_save
2025-09-02 13:20:46,589 [INFO] CodeEngine:289 - Generated code: C:\Users\USERIT\STM32CubeIDE\MAD_Lab\Lab_05\Core\Inc\stm32f7xx_it.h
2025-09-02 13:20:46,606 [INFO] CodeEngine:265 - oldGeneratedFile, C:\Users\USERIT\STM32CubeIDE\MAD_Lab\Lab_05\Core\Src\stm32f7xx_hal_msp.c_save
2025-09-02 13:20:46,747 [INFO] CodeEngine:289 - Generated code: C:\Users\USERIT\STM32CubeIDE\MAD_Lab\Lab_05\Core\Src\stm32f7xx_hal_msp.c
2025-09-02 13:20:46,753 [INFO] CodeEngine:265 - oldGeneratedFile, C:\Users\USERIT\STM32CubeIDE\MAD_Lab\Lab_05\MXTmpFiles\system.tmp_save
2025-09-02 13:20:46,816 [INFO] CodeEngine:289 - Generated code: C:\Users\USERIT\STM32CubeIDE\MAD_Lab\Lab_05\MXTmpFiles\system.tmp
2025-09-02 13:20:46,836 [INFO] CodeEngine:321 - oldGeneratedFile, C:\Users\USERIT\STM32CubeIDE\MAD_Lab\Lab_05\Core\Inc\stm32f7xx_hal_conf.h_save
2025-09-02 13:20:46,959 [INFO] CodeEngine:345 - Generated code: C:\Users\USERIT\STM32CubeIDE\MAD_Lab\Lab_05\Core\Inc\stm32f7xx_hal_conf.h
2025-09-02 13:20:46,994 [INFO] ApiDbMcu:532 - Load IP Config File for ADC1
2025-09-02 13:20:46,998 [INFO] ApiDbMcu:532 - Load IP Config File for USART3
2025-09-02 13:20:47,002 [INFO] ApiDbMcu:532 - Load IP Config File for RCC
2025-09-02 13:20:47,015 [INFO] CodeEngine:265 - oldGeneratedFile, C:\Users\USERIT\STM32CubeIDE\MAD_Lab\Lab_05\Core\Inc\main.h_save
2025-09-02 13:20:47,158 [INFO] CodeEngine:289 - Generated code: C:\Users\USERIT\STM32CubeIDE\MAD_Lab\Lab_05\Core\Inc\main.h
2025-09-02 13:20:47,165 [INFO] CodeEngine:265 - oldGeneratedFile, C:\Users\USERIT\STM32CubeIDE\MAD_Lab\Lab_05\Core\Src\main.c_save
2025-09-02 13:20:47,318 [INFO] CodeEngine:289 - Generated code: C:\Users\USERIT\STM32CubeIDE\MAD_Lab\Lab_05\Core\Src\main.c
2025-09-02 13:20:47,808 [INFO] ProjectBuilder:3606 - Time for Copy HAL[1] : 177mS.
2025-09-02 13:20:47,814 [INFO] ProjectBuilder:5216 - Project Generator version: 4.7.0-B52
2025-09-02 13:20:47,917 [INFO] ConfigFileManager:1595 - The Die is : DIE451
2025-09-02 13:20:47,934 [INFO] ApiDbMcu:532 - Load IP Config File for FATFS
2025-09-02 13:20:47,948 [INFO] ApiDbMcu:532 - Load IP Config File for FREERTOS
2025-09-02 13:20:47,961 [INFO] ApiDbMcu:532 - Load IP Config File for LIBJPEG
2025-09-02 13:20:47,975 [INFO] ApiDbMcu:532 - Load IP Config File for LWIP
2025-09-02 13:20:47,991 [INFO] ApiDbMcu:532 - Load IP Config File for MBEDTLS
2025-09-02 13:20:48,010 [INFO] ApiDbMcu:532 - Load IP Config File for USB_DEVICE
2025-09-02 13:20:48,024 [INFO] ApiDbMcu:532 - Load IP Config File for USB_HOST
2025-09-02 13:20:48,771 [INFO] LogOutputStream:77 - [STDOUT_REDIRECT] 
2025-09-02 13:20:50,577 [INFO] ProjectBuilder:5496 - Time for Generating toolchain IDE Files: 2763mS.
2025-09-02 13:20:50,578 [INFO] ProjectBuilder:3463 - Time for Copy CMSIS : 1mS.
2025-09-02 13:20:50,580 [INFO] ProjectBuilder:3463 - Time for Copy CMSIS : 0mS.
2025-09-02 13:22:19,146 [INFO] UtilMem:75 - End SaveConfig() Used Memory: 364020744 Bytes (696254464)
2025-09-02 13:22:19,316 [INFO] BlockDiagram:2775 - set Specific Code input for plugin: SYS
2025-09-02 13:22:19,316 [INFO] BlockDiagram:2775 - set Specific Code input for plugin: ADC
2025-09-02 13:22:19,316 [INFO] BlockDiagram:2775 - set Specific Code input for plugin: RCC
2025-09-02 13:22:19,317 [INFO] BlockDiagram:2775 - set Specific Code input for plugin: NVIC
2025-09-02 13:22:19,317 [INFO] BlockDiagram:2775 - set Specific Code input for plugin: USART
2025-09-02 13:22:19,317 [INFO] BlockDiagram:2775 - set Specific Code input for plugin: CORTEX_M7
2025-09-02 13:22:19,317 [INFO] BlockDiagram:2775 - set Specific Code input for plugin: GPIO
2025-09-02 13:22:19,318 [INFO] CodeGenerator:892 - code generatio: config db path: C:\ST\STM32CubeIDE_1.19.0\STM32CubeIDE\plugins\com.st.stm32cube.common.mx_6.15.0.202507011659\\db\
2025-09-02 13:22:19,430 [INFO] CodeEngine:265 - oldGeneratedFile, C:\Users\USERIT\STM32CubeIDE\MAD_Lab\Lab_05\MXTmpFiles\license.tmp_save
2025-09-02 13:22:19,532 [INFO] CodeEngine:289 - Generated code: C:\Users\USERIT\STM32CubeIDE\MAD_Lab\Lab_05\MXTmpFiles\license.tmp
2025-09-02 13:22:19,560 [INFO] CodeEngine:265 - oldGeneratedFile, C:\Users\USERIT\STM32CubeIDE\MAD_Lab\Lab_05\Core\Src\gpio.c_save
2025-09-02 13:22:19,655 [INFO] CodeEngine:289 - Generated code: C:\Users\USERIT\STM32CubeIDE\MAD_Lab\Lab_05\Core\Src\gpio.c
2025-09-02 13:22:19,660 [INFO] CodeEngine:265 - oldGeneratedFile, C:\Users\USERIT\STM32CubeIDE\MAD_Lab\Lab_05\Core\Inc\gpio.h_save
2025-09-02 13:22:19,710 [INFO] CodeEngine:289 - Generated code: C:\Users\USERIT\STM32CubeIDE\MAD_Lab\Lab_05\Core\Inc\gpio.h
2025-09-02 13:22:19,832 [INFO] CodeEngine:265 - oldGeneratedFile, C:\Users\USERIT\STM32CubeIDE\MAD_Lab\Lab_05\Core\Src\adc.c_save
2025-09-02 13:22:19,953 [INFO] CodeEngine:289 - Generated code: C:\Users\USERIT\STM32CubeIDE\MAD_Lab\Lab_05\Core\Src\adc.c
2025-09-02 13:22:19,959 [INFO] CodeEngine:265 - oldGeneratedFile, C:\Users\USERIT\STM32CubeIDE\MAD_Lab\Lab_05\Core\Inc\adc.h_save
2025-09-02 13:22:20,013 [INFO] CodeEngine:289 - Generated code: C:\Users\USERIT\STM32CubeIDE\MAD_Lab\Lab_05\Core\Inc\adc.h
2025-09-02 13:22:20,024 [INFO] CodeEngine:265 - oldGeneratedFile, C:\Users\USERIT\STM32CubeIDE\MAD_Lab\Lab_05\MXTmpFiles\cortex.tmp_save
2025-09-02 13:22:20,117 [INFO] CodeEngine:289 - Generated code: C:\Users\USERIT\STM32CubeIDE\MAD_Lab\Lab_05\MXTmpFiles\cortex.tmp
2025-09-02 13:22:20,128 [INFO] CodeEngine:265 - oldGeneratedFile, C:\Users\USERIT\STM32CubeIDE\MAD_Lab\Lab_05\Core\Src\usart.c_save
2025-09-02 13:22:20,241 [INFO] CodeEngine:289 - Generated code: C:\Users\USERIT\STM32CubeIDE\MAD_Lab\Lab_05\Core\Src\usart.c
2025-09-02 13:22:20,248 [INFO] CodeEngine:265 - oldGeneratedFile, C:\Users\USERIT\STM32CubeIDE\MAD_Lab\Lab_05\Core\Inc\usart.h_save
2025-09-02 13:22:20,298 [INFO] CodeEngine:289 - Generated code: C:\Users\USERIT\STM32CubeIDE\MAD_Lab\Lab_05\Core\Inc\usart.h
2025-09-02 13:22:20,310 [INFO] CodeEngine:265 - oldGeneratedFile, C:\Users\USERIT\STM32CubeIDE\MAD_Lab\Lab_05\Core\Src\stm32f7xx_it.c_save
2025-09-02 13:22:20,422 [INFO] CodeEngine:289 - Generated code: C:\Users\USERIT\STM32CubeIDE\MAD_Lab\Lab_05\Core\Src\stm32f7xx_it.c
2025-09-02 13:22:20,429 [INFO] CodeEngine:265 - oldGeneratedFile, C:\Users\USERIT\STM32CubeIDE\MAD_Lab\Lab_05\Core\Inc\stm32f7xx_it.h_save
2025-09-02 13:22:20,497 [INFO] CodeEngine:289 - Generated code: C:\Users\USERIT\STM32CubeIDE\MAD_Lab\Lab_05\Core\Inc\stm32f7xx_it.h
2025-09-02 13:22:20,512 [INFO] CodeEngine:265 - oldGeneratedFile, C:\Users\USERIT\STM32CubeIDE\MAD_Lab\Lab_05\Core\Src\stm32f7xx_hal_msp.c_save
2025-09-02 13:22:20,621 [INFO] CodeEngine:289 - Generated code: C:\Users\USERIT\STM32CubeIDE\MAD_Lab\Lab_05\Core\Src\stm32f7xx_hal_msp.c
2025-09-02 13:22:20,625 [INFO] CodeEngine:265 - oldGeneratedFile, C:\Users\USERIT\STM32CubeIDE\MAD_Lab\Lab_05\MXTmpFiles\system.tmp_save
2025-09-02 13:22:20,672 [INFO] CodeEngine:289 - Generated code: C:\Users\USERIT\STM32CubeIDE\MAD_Lab\Lab_05\MXTmpFiles\system.tmp
2025-09-02 13:22:20,684 [INFO] CodeEngine:321 - oldGeneratedFile, C:\Users\USERIT\STM32CubeIDE\MAD_Lab\Lab_05\Core\Inc\stm32f7xx_hal_conf.h_save
2025-09-02 13:22:20,802 [INFO] CodeEngine:345 - Generated code: C:\Users\USERIT\STM32CubeIDE\MAD_Lab\Lab_05\Core\Inc\stm32f7xx_hal_conf.h
2025-09-02 13:22:20,834 [INFO] CodeEngine:265 - oldGeneratedFile, C:\Users\USERIT\STM32CubeIDE\MAD_Lab\Lab_05\Core\Inc\main.h_save
2025-09-02 13:22:20,940 [INFO] CodeEngine:289 - Generated code: C:\Users\USERIT\STM32CubeIDE\MAD_Lab\Lab_05\Core\Inc\main.h
2025-09-02 13:22:20,948 [INFO] CodeEngine:265 - oldGeneratedFile, C:\Users\USERIT\STM32CubeIDE\MAD_Lab\Lab_05\Core\Src\main.c_save
2025-09-02 13:22:21,027 [INFO] CodeEngine:289 - Generated code: C:\Users\USERIT\STM32CubeIDE\MAD_Lab\Lab_05\Core\Src\main.c
2025-09-02 13:22:21,304 [INFO] ProjectBuilder:3606 - Time for Copy HAL[1] : 128mS.
2025-09-02 13:22:21,307 [INFO] ProjectBuilder:5216 - Project Generator version: 4.7.0-B52
2025-09-02 13:22:21,372 [INFO] ConfigFileManager:1595 - The Die is : DIE451
2025-09-02 13:22:22,285 [INFO] ProjectBuilder:5496 - Time for Generating toolchain IDE Files: 977mS.
2025-09-02 13:22:22,286 [INFO] ProjectBuilder:3463 - Time for Copy CMSIS : 1mS.
2025-09-02 13:22:22,292 [INFO] ProjectBuilder:3463 - Time for Copy CMSIS : 0mS.
2025-09-02 13:36:50,229 [INFO] MainUpdater:2872 - connection check result : 10
2025-09-02 13:36:50,241 [INFO] McuFinderGlobals:76 - Set McuFinderConnectedMode to true
2025-09-02 13:36:50,522 [INFO] ServerAccessManage:452 - Complete download http(s) 200
2025-09-02 13:36:50,524 [INFO] ServerAccessManage:509 - Download File mcusAds.json._tmp_
2025-09-02 13:36:50,652 [INFO] LoadUrlFilesThread:156 - End of LoadUrlFiles Thread
2025-09-02 13:36:50,924 [INFO] ServerAccessManage:452 - Complete download http(s) 200
2025-09-02 13:36:50,924 [INFO] ServerAccessManage:509 - Download File cube-finder-db.zip
2025-09-02 13:36:52,831 [INFO] FileExtend:248 - Unzip File : cube-finder-db.zip
2025-09-02 13:36:52,831 [INFO] FileExtend:263 - Standard Zip Deflate
2025-09-02 13:36:53,772 [INFO] LoadUrlFilesThread:156 - End of LoadUrlFiles Thread
2025-09-02 13:36:55,529 [INFO] ServerAccessManage:452 - Complete download http(s) 200
2025-09-02 13:36:55,531 [INFO] ServerAccessManage:509 - Download File crdb.zip
2025-09-02 13:37:04,113 [INFO] FileExtend:248 - Unzip File : crdb.zip
2025-09-02 13:37:04,114 [INFO] FileExtend:263 - Standard Zip Deflate
2025-09-02 13:37:04,295 [INFO] LoadUrlFilesThread:156 - End of LoadUrlFiles Thread
2025-09-02 13:37:04,517 [INFO] ServerAccessManage:452 - Complete download http(s) 200
2025-09-02 13:37:04,517 [INFO] ServerAccessManage:509 - Download File tutoVideoDB.zip
2025-09-02 13:37:04,597 [INFO] FileExtend:248 - Unzip File : tutoVideoDB.zip
2025-09-02 13:37:04,598 [INFO] FileExtend:263 - Standard Zip Deflate
2025-09-02 13:37:04,740 [INFO] LoadUrlFilesThread:156 - End of LoadUrlFiles Thread
2025-09-02 13:37:04,746 [WARN] DbFile:41 - Overriding database path with different value: C:\Users\USERIT\.stmcufinder\plugins\mcufinder/ => C:\Users\USERIT\.stmcufinder\plugins\mcufinder
2025-09-02 13:37:04,928 [INFO] ServerAccessManage:452 - Complete download http(s) 200
2025-09-02 13:37:04,928 [INFO] ServerAccessManage:509 - Download File api_config.json
2025-09-02 13:37:05,051 [INFO] LoadUrlFilesThread:156 - End of LoadUrlFiles Thread
2025-09-02 13:37:05,054 [INFO] DbMcusAds:53 - JSON generation date=Tue Jul 08 15:14:23 ICT 2025 (1751962463582)
2025-09-02 13:37:05,066 [INFO] ApiDb:448 - Save user favorites file C:\Users\USERIT/.stm32cubeide/favorites.mcus.txt: 1 item(s)
2025-09-02 13:37:05,066 [INFO] ApiDb:452 - User favorites MCUs=[STM32F767ZIT6]
2025-09-02 13:37:05,076 [INFO] ApiDb:581 - Connected to CubeFinder SQLite database (C:\Users\USERIT\.stmcufinder\plugins\mcufinder\mcu\cube-finder-db.db)
2025-09-02 13:37:05,133 [INFO] ApiDb:668 - CubeFinder database Data Model version=2.1
2025-09-02 13:37:05,133 [INFO] ApiDb:669 - CubeFinder database Configuration version=3.0.39
2025-09-02 13:37:05,133 [INFO] ApiDb:670 - CubeFinder database generation date=2025-07-24 (1753349077)
2025-09-02 13:37:05,134 [INFO] ApiDb:671 - CubeFinder database FW Pack versions=[FP-ATR-ASTRA1_V2.0.0, FP-SNS-FLIGHT1_V5.1.0, FP-SNS-MOTENV1_V5.0.0, FP-SNS-MOTENVWB1_V1.4.0, FP-SNS-SMARTAG2_V1.2.0, FP-SNS-STBOX1_V2.0.0, STM32Cube_FW_C0_V1.4.0, STM32Cube_FW_F4_V1.28.2, STM32Cube_FW_F7_V1.17.3, STM32Cube_FW_G0_V1.6.2, STM32Cube_FW_G4_V1.6.1, STM32Cube_FW_H5_V1.5.0, STM32Cube_FW_H7RS_V1.2.0, STM32Cube_FW_H7_V1.12.1, STM32Cube_FW_L0_V1.12.2, STM32Cube_FW_L4_V1.18.1, STM32Cube_FW_L5_V1.5.1, STM32Cube_FW_N6_V1.2.0, STM32Cube_FW_U0_V1.3.0, STM32Cube_FW_U3_V1.2.0, STM32Cube_FW_U5_V1.8.0, STM32Cube_FW_WB0_V1.3.0, STM32Cube_FW_WBA_V1.7.0, STM32Cube_FW_WB_V1.23.0, STM32Cube_FW_WL3_V1.2.0, STM32Cube_FW_WL_V1.3.1, X-CUBE-ALGOBUILD_V1.4.0, X-CUBE-ALS_V1.0.2, X-CUBE-AZRTOS-F4_V1.1.0, X-CUBE-AZRTOS-F7_V1.1.0, X-CUBE-AZRTOS-G0_V1.1.0, X-CUBE-AZRTOS-G4_V2.0.0, X-CUBE-AZRTOS-H7RS_V1.1.0, X-CUBE-AZRTOS-H7_V3.4.0, X-CUBE-AZRTOS-L4_V2.0.0, X-CUBE-AZRTOS-L5_V2.0.0, X-CUBE-AZRTOS-WB_V2.0.0, X-CUBE-AZRTOS-WL_V2.0.0, X-CUBE-BLE1_V7.1.0, X-CUBE-BLE2_V3.3.0, X-CUBE-BLEMGR_V4.1.0, X-CUBE-EEPRMA1_V5.2.0, X-CUBE-FREERTOS_V1.3.1, X-CUBE-GNSS1_V6.0.0, X-CUBE-MEMS1_V11.3.0, X-CUBE-NFC4_V3.0.0, X-CUBE-NFC7_V2.0.0, X-CUBE-SFXS2LP1_V4.0.0, X-CUBE-ST67W61_V1.0.0, X-CUBE-SUBG2_V5.0.0, X-CUBE-TOF1_V3.4.3]
2025-09-02 13:37:07,090 [INFO] ApiDb:240 - Found 880 in-development CPN: [B-G473E-ZEST1S, B-WB1M-WPAN1, B-WBA5M-WPAN, B-WL5M-SUBG1, NUCLEO-C031C6, NUCLEO-C051C8, NUCLEO-C071RB, NUCLEO-C092RC, NUCLEO-H503RB, NUCLEO-H533RE, NUCLEO-H563ZI, NUCLEO-H7S3L8, NUCLEO-N657X0-Q, NUCLEO-U031R8, NUCLEO-U083RC, NUCLEO-U385RG-Q, NUCLEO-U545RE-Q, NUCLEO-U5A5ZJ-Q, NUCLEO-WB05KZ, NUCLEO-WB07CC, NUCLEO-WB09KE, NUCLEO-WBA52CG, NUCLEO-WBA55CG, NUCLEO-WL33CC1, NUCLEO-WL33CC2, STEVAL-PROTEUS1, STEVAL-SMARTAG2, STEVAL-STWINBX1, STM320518-EVAL, STM32C0116-DK, STM32C011D6Y3TR, STM32C011D6Y6TR, STM32C011F4P3, STM32C011F4P6, STM32C011F4U3, STM32C011F4U6TR, STM32C011F6P3, STM32C011F6P6, STM32C011F6U3, STM32C011F6U6TR, STM32C011J4M3, STM32C011J4M6, STM32C011J6M3, STM32C011J6M6, STM32C0316-DK, STM32C031C4T3, STM32C031C4T6, STM32C031C4U3, STM32C031C4U6, STM32C031C6T3, STM32C031C6T6, STM32C031C6U3, STM32C031C6U6, STM32C031F4P3, STM32C031F4P6, STM32C031F6P3, STM32C031F6P6, STM32C031G4U3, STM32C031G4U6, STM32C031G6U3, STM32C031G6U6, STM32C031K4T3, STM32C031K4T6, STM32C031K4U3, STM32C031K4U6, STM32C031K6T3, STM32C031K6T6, STM32C031K6U3, STM32C031K6U6, STM32C051C6T6, STM32C051C6U6, STM32C051C8T6, STM32C051C8U6, STM32C051D8Y6TR, STM32C051F6P6, STM32C051F8P6, STM32C051G6U6, STM32C051G8U6, STM32C051K6T6, STM32C051K6U6, STM32C051K8T6, STM32C071C8T6, STM32C071C8T6N, STM32C071C8U6, STM32C071C8U6N, STM32C071CBT6, STM32C071CBT6N, STM32C071CBU6, STM32C071CBU6N, STM32C071F8P6, STM32C071F8P6N, STM32C071FBP6, STM32C071FBP6N, STM32C071FBY6TR, STM32C071G8U6, STM32C071G8U6N, STM32C071GBU6, STM32C071GBU6N, STM32C071K8T6, STM32C071K8T6N, STM32C071K8U6, STM32C071K8U6N, STM32C071KBT6, STM32C071KBT6N, STM32C071KBU6, STM32C071KBU6N, STM32C071R8T6, STM32C071R8T6N, STM32C071RBI6N, STM32C071RBT6, STM32C071RBT6N, STM32C091CBT6, STM32C091CBU6, STM32C091CCT6, STM32C091CCU6, STM32C091ECY6TR, STM32C091FBP6, STM32C091FCP6, STM32C091GBU6, STM32C091GCU6, STM32C091KBT6, STM32C091KBU6, STM32C091KCT6, STM32C091KCU6, STM32C091RBT6, STM32C091RCI6, STM32C091RCT6, STM32C092CBT6, STM32C092CBU6, STM32C092CCT6, STM32C092CCU6, STM32C092ECY6TR, STM32C092FBP6, STM32C092FCP6, STM32C092GBU6, STM32C092GCU6, STM32C092KBT6, STM32C092KBU6, STM32C092KCT6, STM32C092KCU6, STM32C092RBT6, STM32C092RCI6, STM32C092RCT6, STM32G071K8TXN, STM32G071K8UXN, STM32G081GBU6N, STM32G081KBT6N, STM32G081KBUXN, STM32G0B1CCT6N, STM32G0B1KCT6, STM32G0B1NEY6TR, STM32G0B1RCT6N, STM32G0C1CCT6, STM32G0C1CCT6N, STM32G0C1CCU6N, STM32G0C1CET6N, STM32G0C1CEU6N, STM32G0C1KCT6, STM32G0C1NEY6TR, STM32G0C1RCI6N, STM32G0C1RCT6N, STM32G0C1REI6N, STM32G0C1RET6N, STM32G0C1VCI6, STM32G0C1VEI6, STM32G411C6T3, STM32G411C6T6, STM32G411C6U3, STM32G411C6U6, STM32G411C8T3, STM32G411C8T6, STM32G411C8U3, STM32G411C8U6, STM32G411CBT3, STM32G411CBT6, STM32G411CBU3, STM32G411CBU6, STM32G411K6T3, STM32G411K6T6, STM32G411K6U3, STM32G411K6U6, STM32G411K8T3, STM32G411K8T6, STM32G411K8U3, STM32G411K8U6, STM32G411KBT3, STM32G411KBT6, STM32G411KBU3, STM32G411KBU6, STM32G411M6T3, STM32G411M6T6, STM32G411M8T3, STM32G411M8T6, STM32G411MBT3, STM32G411MBT6, STM32G411R6T3, STM32G411R6T6, STM32G411R8T3, STM32G411R8T6, STM32G411RBT3, STM32G411RBT6, STM32G414CBT3, STM32G414CBT6, STM32G414CBU3, STM32G414CBU6, STM32G414CCT3, STM32G414CCT6, STM32G414CCU3, STM32G414CCU6, STM32G414MBT3, STM32G414MBT6, STM32G414MCT3, STM32G414MCT6, STM32G414RBT3, STM32G414RBT6, STM32G414RCT3, STM32G414RCT6, STM32G414VBT3, STM32G414VBT6, STM32G414VCT3, STM32G414VCT6, STM32G431CBT3Z, STM32G431RBT3Z, STM32G471CCT6, STM32G471CCU6, STM32G471CET3, STM32G471CET6, STM32G471CEU3, STM32G471CEU6, STM32G471MCT6, STM32G471MET3, STM32G471MET6, STM32G471MEY6TR, STM32G471QCT6, STM32G471QET3, STM32G471RCT6, STM32G471RET3, STM32G471RET6, STM32G471VCH6, STM32G471VCI6, STM32G471VCT6, STM32G471VEH3, STM32G471VEH6, STM32G471VEI3, STM32G471VEI6, STM32G471VET3, STM32G471VET6, STM32G473QET3Z, STM32G473RET3Z, STM32G474CCT6, STM32G491RET3Z, STM32H503CBT6, STM32H503CBU6, STM32H503EBY6TR, STM32H503KBU6, STM32H503RBT6, STM32H523CCT6, STM32H523CCU6, STM32H523CET6, STM32H523CEU6, STM32H523HEY6TR, STM32H523RCT6, STM32H523RET6, STM32H523VCI6, STM32H523VCT6, STM32H523VEI6, STM32H523VET6, STM32H523ZCJ6, STM32H523ZCT6, STM32H523ZEJ6, STM32H523ZET6, STM32H533CET6, STM32H533CEU6, STM32H533HEY6TR, STM32H533RET6, STM32H533VEI6, STM32H533VET6, STM32H533ZEJ6, STM32H533ZET6, STM32H562AGI6, STM32H562AII6, STM32H562IGK6, STM32H562IGT6, STM32H562IIK6, STM32H562IIT6, STM32H562RGT6, STM32H562RGV6, STM32H562RIT6, STM32H562RIV6, STM32H562VGT6, STM32H562VIT6, STM32H562ZGT6, STM32H562ZIT6, STM32H563AGI6, STM32H563AII3Q, STM32H563AII6, STM32H563IGK6, STM32H563IGT6, STM32H563IIK3Q, STM32H563IIK6, STM32H563IIT3Q, STM32H563IIT6, STM32H563MIY3QTR, STM32H563RGT6, STM32H563RGV6, STM32H563RIT6, STM32H563RIV6, STM32H563VGT6, STM32H563VIT3Q, STM32H563VIT6, STM32H563ZGT6, STM32H563ZIT3Q, STM32H563ZIT6, STM32H573AII3Q, STM32H573AII6, STM32H573I-DK, STM32H573IIK3Q, STM32H573IIK6, STM32H573IIT3Q, STM32H573IIT6, STM32H573MIY3QTR, STM32H573RIT6, STM32H573RIV6, STM32H573VIT3Q, STM32H573VIT6, STM32H573ZIT3Q, STM32H573ZIT6, STM32H7R3A8I6, STM32H7R3I8K6, STM32H7R3I8T6, STM32H7R3L8H6, STM32H7R3L8H6H, STM32H7R3R8V6, STM32H7R3V8H6, STM32H7R3V8T6, STM32H7R3V8Y6TR, STM32H7R3Z8J6, STM32H7R3Z8T6, STM32H7R7A8I6, STM32H7R7I8K6, STM32H7R7I8T6, STM32H7R7L8H6, STM32H7R7L8H6H, STM32H7R7Z8J6, STM32H7S3A8I6, STM32H7S3I8K6, STM32H7S3I8T6, STM32H7S3L8H6, STM32H7S3L8H6H, STM32H7S3R8V6, STM32H7S3V8H6, STM32H7S3V8T6, STM32H7S3V8Y6TR, STM32H7S3Z8J6, STM32H7S3Z8T6, STM32H7S78-DK, STM32H7S7A8I6, STM32H7S7I8K6, STM32H7S7I8T6, STM32H7S7L8H6, STM32H7S7L8H6H, STM32H7S7Z8J6, STM32L4R5QGI6STR, STM32MP131AAE3, STM32MP131AAF3, STM32MP131AAG3, STM32MP131CAE3, STM32MP131CAF3, STM32MP131CAG3, STM32MP131DAE7, STM32MP131DAF7, STM32MP131DAG7, STM32MP131FAE7, STM32MP131FAF7, STM32MP131FAG7, STM32MP133AAE3, STM32MP133AAF3, STM32MP133AAG3, STM32MP133CAE3, STM32MP133CAF3, STM32MP133CAG3, STM32MP133DAE7, STM32MP133DAF7, STM32MP133DAG7, STM32MP133FAE7, STM32MP133FAF7, STM32MP133FAG7, STM32MP135AAE3, STM32MP135AAF3, STM32MP135AAG3, STM32MP135CAE3, STM32MP135CAF3, STM32MP135CAG3, STM32MP135DAE7, STM32MP135DAF7, STM32MP135DAG7, STM32MP135F-DK, STM32MP135FAE7, STM32MP135FAF7, STM32MP135FAF7T, STM32MP135FAF7U, STM32MP135FAG7, STM32MP211AAL3, STM32MP211AAM3, STM32MP211AAN3, STM32MP211AAO3, STM32MP211CAL3, STM32MP211CAM3, STM32MP211CAN3, STM32MP211CAO3, STM32MP211DAL3, STM32MP211DAM3, STM32MP211DAN3, STM32MP211DAO3, STM32MP211FAL3, STM32MP211FAM3, STM32MP211FAN3, STM32MP211FAO3, STM32MP213AAL3, STM32MP213AAM3, STM32MP213AAN3, STM32MP213AAO3, STM32MP213CAL3, STM32MP213CAM3, STM32MP213CAN3, STM32MP213CAO3, STM32MP213DAL3, STM32MP213DAM3, STM32MP213DAN3, STM32MP213DAO3, STM32MP213FAL3, STM32MP213FAM3, STM32MP213FAN3, STM32MP213FAO3, STM32MP215AAL3, STM32MP215AAM3, STM32MP215AAN3, STM32MP215AAO3, STM32MP215CAL3, STM32MP215CAM3, STM32MP215CAN3, STM32MP215CAO3, STM32MP215DAL3, STM32MP215DAM3, STM32MP215DAN3, STM32MP215DAO3, STM32MP215F-DK, STM32MP215FAL3, STM32MP215FAM3, STM32MP215FAN3, STM32MP215FAO3, STM32MP231AAJ3, STM32MP231AAK3, STM32MP231AAL3, STM32MP231CAJ3, STM32MP231CAK3, STM32MP231CAL3, STM32MP231DAJ3, STM32MP231DAK3, STM32MP231DAL3, STM32MP231FAJ3, STM32MP231FAK3, STM32MP231FAL3, STM32MP233AAJ3, STM32MP233AAK3, STM32MP233AAL3, STM32MP233CAJ3, STM32MP233CAK3, STM32MP233CAL3, STM32MP233DAJ3, STM32MP233DAK3, STM32MP233DAL3, STM32MP233FAJ3, STM32MP233FAK3, STM32MP233FAL3, STM32MP235AAJ3, STM32MP235AAK3, STM32MP235AAL3, STM32MP235CAJ3, STM32MP235CAK3, STM32MP235CAL3, STM32MP235DAJ3, STM32MP235DAK3, STM32MP235DAL3, STM32MP235FAJ3, STM32MP235FAK3, STM32MP235FAL3, STM32MP251AAI3, STM32MP251AAK3, STM32MP251AAL3, STM32MP251CAI3, STM32MP251CAK3, STM32MP251CAL3, STM32MP251DAI3, STM32MP251DAK3, STM32MP251DAL3, STM32MP251FAI3, STM32MP251FAK3, STM32MP251FAL3, STM32MP253AAI3, STM32MP253AAK3, STM32MP253AAL3, STM32MP253CAI3, STM32MP253CAK3, STM32MP253CAL3, STM32MP253DAI3, STM32MP253DAK3, STM32MP253DAL3, STM32MP253FAI3, STM32MP253FAK3, STM32MP253FAL3, STM32MP255AAI3, STM32MP255AAK3, STM32MP255AAL3, STM32MP255CAI3, STM32MP255CAK3, STM32MP255CAL3, STM32MP255DAI3, STM32MP255DAK3, STM32MP255DAL3, STM32MP255FAI3, STM32MP255FAK3, STM32MP255FAL3, STM32MP257AAI3, STM32MP257AAK3, STM32MP257AAL3, STM32MP257CAI3, STM32MP257CAK3, STM32MP257CAL3, STM32MP257DAI3, STM32MP257DAK3, STM32MP257DAL3, STM32MP257F-DK, STM32MP257F-EV1, STM32MP257FAI3, STM32MP257FAK3, STM32MP257FAL3, STM32N645A0H3Q, STM32N645B0H3Q, STM32N645I0H3Q, STM32N645L0H3Q, STM32N645X0H3Q, STM32N645Z0H3Q, STM32N647A0H3Q, STM32N647B0H3Q, STM32N647I0H3Q, STM32N647L0H3Q, STM32N647X0H3Q, STM32N647Z0H3Q, STM32N655A0H3Q, STM32N655B0H3Q, STM32N655I0H3Q, STM32N655L0H3Q, STM32N655X0H3Q, STM32N655Z0H3Q, STM32N6570-DK, STM32N657A0H3Q, STM32N657B0H3Q, STM32N657I0H3Q, STM32N657L0H3Q, STM32N657X0H3Q, STM32N657Z0H3Q, STM32U031C6T6, STM32U031C6U6, STM32U031C8T6, STM32U031C8U6, STM32U031F4P6, STM32U031F6P6, STM32U031F8P6, STM32U031G6Y6TR, STM32U031G8Y6TR, STM32U031K4U6, STM32U031K6U6, STM32U031K8U6, STM32U031R6I6, STM32U031R6T6, STM32U031R8I6, STM32U031R8T6, STM32U073C8T6, STM32U073C8U6, STM32U073CBT6, STM32U073CBU6, STM32U073CCT6, STM32U073CCU6, STM32U073H8Y6TR, STM32U073HBY6TR, STM32U073HCY6TR, STM32U073K8U6, STM32U073KBU6, STM32U073KCU6, STM32U073M8I6, STM32U073M8T6, STM32U073MBI6, STM32U073MBT6, STM32U073MCI6, STM32U073MCT6, STM32U073R8I6, STM32U073R8T6, STM32U073RBI6, STM32U073RBT6, STM32U073RCI6, STM32U073RCT6, STM32U083C-DK, STM32U083CCT6, STM32U083CCU6, STM32U083HCY6TR, STM32U083KCU6, STM32U083MCI6, STM32U083MCT6, STM32U083RCI6, STM32U083RCT6, STM32U375CET6, STM32U375CET6Q, STM32U375CEU6, STM32U375CEU6Q, STM32U375CEY6QTR, STM32U375CGT6, STM32U375CGT6Q, STM32U375CGU6, STM32U375CGU6Q, STM32U375CGY6QTR, STM32U375KEU6, STM32U375KGU6, STM32U375REI6, STM32U375REI6Q, STM32U375RET6, STM32U375RET6Q, STM32U375REY6GTR, STM32U375REY6QTR, STM32U375RGI6, STM32U375RGI6Q, STM32U375RGT6, STM32U375RGT6Q, STM32U375RGY6GTR, STM32U375RGY6QTR, STM32U375VEI6, STM32U375VEI6Q, STM32U375VET6, STM32U375VET6Q, STM32U375VGI6, STM32U375VGI6Q, STM32U375VGT6, STM32U375VGT6Q, STM32U385CGT6, STM32U385CGT6Q, STM32U385CGU6, STM32U385CGU6Q, STM32U385CGY6QTR, STM32U385KGU6, STM32U385RGI6, STM32U385RGI6Q, STM32U385RGT6, STM32U385RGT6Q, STM32U385RGY6GTR, STM32U385RGY6QTR, STM32U385VGI6, STM32U385VGI6Q, STM32U385VGT6, STM32U385VGT6Q, STM32U535CBT6, STM32U535CBT6Q, STM32U535CBU6, STM32U535CBU6Q, STM32U535CCT6, STM32U535CCT6Q, STM32U535CCU6, STM32U535CCU6Q, STM32U535CET6, STM32U535CET6Q, STM32U535CEU6, STM32U535CEU6Q, STM32U535JEY6QTR, STM32U535NCY6QTR, STM32U535NEY6QTR, STM32U535RBI6, STM32U535RBI6Q, STM32U535RBT6, STM32U535RBT6Q, STM32U535RCI6, STM32U535RCI6Q, STM32U535RCT6, STM32U535RCT6Q, STM32U535REI6, STM32U535REI6Q, STM32U535RET6, STM32U535RET6Q, STM32U535VCI6, STM32U535VCI6Q, STM32U535VCT6, STM32U535VCT6Q, STM32U535VEI6, STM32U535VEI6Q, STM32U535VET6, STM32U535VET6Q, STM32U545CET6, STM32U545CET6Q, STM32U545CEU6, STM32U545CEU6Q, STM32U545JEY6QTR, STM32U545NEY6QTR, STM32U545REI6, STM32U545REI6Q, STM32U545RET6, STM32U545RET6Q, STM32U545VEI6, STM32U545VEI6Q, STM32U545VET6, STM32U545VET6Q, STM32U595AIH6, STM32U595AIH6Q, STM32U595AJH6, STM32U595AJH6Q, STM32U595QII6, STM32U595QII6Q, STM32U595QJI6, STM32U595QJI6Q, STM32U595RIT6, STM32U595RIT6Q, STM32U595RJT6, STM32U595RJT6Q, STM32U595VIT6, STM32U595VIT6Q, STM32U595VJT6, STM32U595VJT6Q, STM32U595ZIT6, STM32U595ZIT6Q, STM32U595ZIY6QTR, STM32U595ZJT6, STM32U595ZJT6Q, STM32U595ZJY6QTR, STM32U599BJY6QTR, STM32U599NIH6Q, STM32U599NJH6Q, STM32U599VIT6Q, STM32U599VJT6, STM32U599VJT6Q, STM32U599ZIT6Q, STM32U599ZIY6QTR, STM32U599ZJT6Q, STM32U599ZJY6QTR, STM32U5A5AJH6, STM32U5A5AJH6Q, STM32U5A5QII3Q , STM32U5A5QJI6, STM32U5A5QJI6Q, STM32U5A5RJT6, STM32U5A5RJT6Q, STM32U5A5VJT6, STM32U5A5VJT6Q, STM32U5A5ZJT6, STM32U5A5ZJT6Q, STM32U5A5ZJY6QTR, STM32U5A9BJY6QTR, STM32U5A9J-DK, STM32U5A9NJH6Q, STM32U5A9VJT6Q, STM32U5A9ZJT6Q, STM32U5A9ZJY6QTR, STM32U5F7VIT6, STM32U5F7VIT6Q, STM32U5F7VJT6, STM32U5F7VJT6Q, STM32U5F9BJY6QTR, STM32U5F9NJH6Q, STM32U5F9VIT6Q, STM32U5F9VJT6Q, STM32U5F9ZIJ6QTR, STM32U5F9ZIT6Q, STM32U5F9ZJJ6QTR, STM32U5F9ZJT6Q, STM32U5G7VJT6, STM32U5G7VJT6Q, STM32U5G9BJY6QTR, STM32U5G9J-DK1, STM32U5G9J-DK2, STM32U5G9NJH6Q, STM32U5G9VJT6Q, STM32U5G9ZJJ6QTR, STM32U5G9ZJT6Q, STM32WB05KZV6TR, STM32WB05KZV7TR, STM32WB05TZF6TR, STM32WB05TZF7TR, STM32WB06CCF6TR, STM32WB06CCF7TR, STM32WB06CCV6TR, STM32WB06CCV7TR, STM32WB06KCV6TR, STM32WB06KCV7TR, STM32WB07CCF6TR, STM32WB07CCF7TR, STM32WB07CCV6TR, STM32WB07CCV7TR, STM32WB07KCV6TR, STM32WB07KCV7TR, STM32WB09KEV6TR, STM32WB09KEV7TR, STM32WB09TEF6TR, STM32WB09TEF7TR, STM32WB1MMCH6, STM32WBA50KGU6, STM32WBA50KGU6TR, STM32WBA52CEU6, STM32WBA52CEU6TR, STM32WBA52CEU7, STM32WBA52CEU7TR, STM32WBA52CGU6, STM32WBA52CGU6TR, STM32WBA52CGU6U, STM32WBA52CGU7, STM32WBA52CGU7TR, STM32WBA52KEU6, STM32WBA52KEU6TR, STM32WBA52KGU6, STM32WBA52KGU6TR, STM32WBA54CEU6, STM32WBA54CEU6TR, STM32WBA54CEU7, STM32WBA54CEU7TR, STM32WBA54CGU6, STM32WBA54CGU6TR, STM32WBA54CGU7, STM32WBA54CGU7TR, STM32WBA54KEU6, STM32WBA54KEU6TR, STM32WBA54KEU7, STM32WBA54KEU7TR, STM32WBA54KGU6, STM32WBA54KGU6TR, STM32WBA54KGU7, STM32WBA54KGU7TR, STM32WBA55CEU6, STM32WBA55CEU6TR, STM32WBA55CEU7, STM32WBA55CEU7TR, STM32WBA55CGU6, STM32WBA55CGU6TR, STM32WBA55CGU6U, STM32WBA55CGU7, STM32WBA55CGU7TR, STM32WBA55G-DK1, STM32WBA55HEF6, STM32WBA55HEF7, STM32WBA55HGF6, STM32WBA55HGF7, STM32WBA55UEI6, STM32WBA55UEI6TR, STM32WBA55UEI7, STM32WBA55UEI7TR, STM32WBA55UGI6, STM32WBA55UGI6TR, STM32WBA55UGI7, STM32WBA55UGI7TR, STM32WBA5MMGH6TR, STM32WBA62MGF6, STM32WBA62MIF6, STM32WBA65MGF7, STM32WBA65MIF6, STM32WBA65MIF7, STM32WL30K8V6, STM32WL30KBV6, STM32WL31C8V6, STM32WL31CBV6, STM32WL31K8V6, STM32WL31KBV6, STM32WL33C8V6, STM32WL33C8V6X, STM32WL33CBV6, STM32WL33CBV6X, STM32WL33CCV6, STM32WL33CCV6A, STM32WL33CCV6X, STM32WL33K8V7, STM32WL33K8V7X, STM32WL33KBV7 , STM32WL33KBV7X, STM32WL33KCV7, STM32WL33KCV7X, STM32WL5MOCH6, STM32WL5MOCH6TR]
2025-09-02 13:37:07,094 [INFO] DbMcus:218 - Found 4801 MCUs, 4801 are supported
2025-09-02 13:37:07,095 [INFO] ApiDb:423 - Load user favorites file C:\Users\USERIT/.stm32cubeide/favorites.mcus.txt: 1 item(s)
2025-09-02 13:37:07,095 [INFO] ApiDb:427 - User favorites MCUs=[STM32F767ZIT6]
2025-09-02 13:37:07,095 [INFO] DbMcus:224 - Set 1 / 1 favorites MCUs
2025-09-02 13:37:07,525 [INFO] ApiDb:448 - Save user favorites file C:\Users\USERIT/.stm32cubeide/favorites.boards.txt: 0 item(s)
2025-09-02 13:37:07,526 [INFO] ApiDb:452 - User favorites Boards=[]
2025-09-02 13:37:07,528 [INFO] ApiDb:581 - Connected to CubeFinder SQLite database (C:\Users\USERIT\.stmcufinder\plugins\mcufinder\mcu\cube-finder-db.db)
2025-09-02 13:37:07,589 [INFO] ApiDb:668 - CubeFinder database Data Model version=2.1
2025-09-02 13:37:07,589 [INFO] ApiDb:669 - CubeFinder database Configuration version=3.0.39
2025-09-02 13:37:07,589 [INFO] ApiDb:670 - CubeFinder database generation date=2025-07-24 (1753349077)
2025-09-02 13:37:07,589 [INFO] ApiDb:671 - CubeFinder database FW Pack versions=[FP-ATR-ASTRA1_V2.0.0, FP-SNS-FLIGHT1_V5.1.0, FP-SNS-MOTENV1_V5.0.0, FP-SNS-MOTENVWB1_V1.4.0, FP-SNS-SMARTAG2_V1.2.0, FP-SNS-STBOX1_V2.0.0, STM32Cube_FW_C0_V1.4.0, STM32Cube_FW_F4_V1.28.2, STM32Cube_FW_F7_V1.17.3, STM32Cube_FW_G0_V1.6.2, STM32Cube_FW_G4_V1.6.1, STM32Cube_FW_H5_V1.5.0, STM32Cube_FW_H7RS_V1.2.0, STM32Cube_FW_H7_V1.12.1, STM32Cube_FW_L0_V1.12.2, STM32Cube_FW_L4_V1.18.1, STM32Cube_FW_L5_V1.5.1, STM32Cube_FW_N6_V1.2.0, STM32Cube_FW_U0_V1.3.0, STM32Cube_FW_U3_V1.2.0, STM32Cube_FW_U5_V1.8.0, STM32Cube_FW_WB0_V1.3.0, STM32Cube_FW_WBA_V1.7.0, STM32Cube_FW_WB_V1.23.0, STM32Cube_FW_WL3_V1.2.0, STM32Cube_FW_WL_V1.3.1, X-CUBE-ALGOBUILD_V1.4.0, X-CUBE-ALS_V1.0.2, X-CUBE-AZRTOS-F4_V1.1.0, X-CUBE-AZRTOS-F7_V1.1.0, X-CUBE-AZRTOS-G0_V1.1.0, X-CUBE-AZRTOS-G4_V2.0.0, X-CUBE-AZRTOS-H7RS_V1.1.0, X-CUBE-AZRTOS-H7_V3.4.0, X-CUBE-AZRTOS-L4_V2.0.0, X-CUBE-AZRTOS-L5_V2.0.0, X-CUBE-AZRTOS-WB_V2.0.0, X-CUBE-AZRTOS-WL_V2.0.0, X-CUBE-BLE1_V7.1.0, X-CUBE-BLE2_V3.3.0, X-CUBE-BLEMGR_V4.1.0, X-CUBE-EEPRMA1_V5.2.0, X-CUBE-FREERTOS_V1.3.1, X-CUBE-GNSS1_V6.0.0, X-CUBE-MEMS1_V11.3.0, X-CUBE-NFC4_V3.0.0, X-CUBE-NFC7_V2.0.0, X-CUBE-SFXS2LP1_V4.0.0, X-CUBE-ST67W61_V1.0.0, X-CUBE-SUBG2_V5.0.0, X-CUBE-TOF1_V3.4.3]
2025-09-02 13:37:07,633 [INFO] DbBoardsSqlite:226 - include board P-NUCLEO-WB55-NUCLEO as a kit item of type 'Nucleo-64'
2025-09-02 13:37:07,634 [INFO] DbBoardsSqlite:226 - include board P-NUCLEO-WB55-USBDONGLE as a kit item of type 'Nucleo USB Dongle'
2025-09-02 13:37:07,634 [INFO] DbBoardsSqlite:226 - include board STEVAL-IDP005V1 as a kit item of type 'Evaluation Board'
2025-09-02 13:37:07,634 [INFO] DbBoardsSqlite:226 - include board STEVAL-IDP005V2 as a kit item of type 'Evaluation Board'
2025-09-02 13:37:07,686 [INFO] ApiDb:240 - Found 880 in-development CPN: [B-G473E-ZEST1S, B-WB1M-WPAN1, B-WBA5M-WPAN, B-WL5M-SUBG1, NUCLEO-C031C6, NUCLEO-C051C8, NUCLEO-C071RB, NUCLEO-C092RC, NUCLEO-H503RB, NUCLEO-H533RE, NUCLEO-H563ZI, NUCLEO-H7S3L8, NUCLEO-N657X0-Q, NUCLEO-U031R8, NUCLEO-U083RC, NUCLEO-U385RG-Q, NUCLEO-U545RE-Q, NUCLEO-U5A5ZJ-Q, NUCLEO-WB05KZ, NUCLEO-WB07CC, NUCLEO-WB09KE, NUCLEO-WBA52CG, NUCLEO-WBA55CG, NUCLEO-WL33CC1, NUCLEO-WL33CC2, STEVAL-PROTEUS1, STEVAL-SMARTAG2, STEVAL-STWINBX1, STM320518-EVAL, STM32C0116-DK, STM32C011D6Y3TR, STM32C011D6Y6TR, STM32C011F4P3, STM32C011F4P6, STM32C011F4U3, STM32C011F4U6TR, STM32C011F6P3, STM32C011F6P6, STM32C011F6U3, STM32C011F6U6TR, STM32C011J4M3, STM32C011J4M6, STM32C011J6M3, STM32C011J6M6, STM32C0316-DK, STM32C031C4T3, STM32C031C4T6, STM32C031C4U3, STM32C031C4U6, STM32C031C6T3, STM32C031C6T6, STM32C031C6U3, STM32C031C6U6, STM32C031F4P3, STM32C031F4P6, STM32C031F6P3, STM32C031F6P6, STM32C031G4U3, STM32C031G4U6, STM32C031G6U3, STM32C031G6U6, STM32C031K4T3, STM32C031K4T6, STM32C031K4U3, STM32C031K4U6, STM32C031K6T3, STM32C031K6T6, STM32C031K6U3, STM32C031K6U6, STM32C051C6T6, STM32C051C6U6, STM32C051C8T6, STM32C051C8U6, STM32C051D8Y6TR, STM32C051F6P6, STM32C051F8P6, STM32C051G6U6, STM32C051G8U6, STM32C051K6T6, STM32C051K6U6, STM32C051K8T6, STM32C071C8T6, STM32C071C8T6N, STM32C071C8U6, STM32C071C8U6N, STM32C071CBT6, STM32C071CBT6N, STM32C071CBU6, STM32C071CBU6N, STM32C071F8P6, STM32C071F8P6N, STM32C071FBP6, STM32C071FBP6N, STM32C071FBY6TR, STM32C071G8U6, STM32C071G8U6N, STM32C071GBU6, STM32C071GBU6N, STM32C071K8T6, STM32C071K8T6N, STM32C071K8U6, STM32C071K8U6N, STM32C071KBT6, STM32C071KBT6N, STM32C071KBU6, STM32C071KBU6N, STM32C071R8T6, STM32C071R8T6N, STM32C071RBI6N, STM32C071RBT6, STM32C071RBT6N, STM32C091CBT6, STM32C091CBU6, STM32C091CCT6, STM32C091CCU6, STM32C091ECY6TR, STM32C091FBP6, STM32C091FCP6, STM32C091GBU6, STM32C091GCU6, STM32C091KBT6, STM32C091KBU6, STM32C091KCT6, STM32C091KCU6, STM32C091RBT6, STM32C091RCI6, STM32C091RCT6, STM32C092CBT6, STM32C092CBU6, STM32C092CCT6, STM32C092CCU6, STM32C092ECY6TR, STM32C092FBP6, STM32C092FCP6, STM32C092GBU6, STM32C092GCU6, STM32C092KBT6, STM32C092KBU6, STM32C092KCT6, STM32C092KCU6, STM32C092RBT6, STM32C092RCI6, STM32C092RCT6, STM32G071K8TXN, STM32G071K8UXN, STM32G081GBU6N, STM32G081KBT6N, STM32G081KBUXN, STM32G0B1CCT6N, STM32G0B1KCT6, STM32G0B1NEY6TR, STM32G0B1RCT6N, STM32G0C1CCT6, STM32G0C1CCT6N, STM32G0C1CCU6N, STM32G0C1CET6N, STM32G0C1CEU6N, STM32G0C1KCT6, STM32G0C1NEY6TR, STM32G0C1RCI6N, STM32G0C1RCT6N, STM32G0C1REI6N, STM32G0C1RET6N, STM32G0C1VCI6, STM32G0C1VEI6, STM32G411C6T3, STM32G411C6T6, STM32G411C6U3, STM32G411C6U6, STM32G411C8T3, STM32G411C8T6, STM32G411C8U3, STM32G411C8U6, STM32G411CBT3, STM32G411CBT6, STM32G411CBU3, STM32G411CBU6, STM32G411K6T3, STM32G411K6T6, STM32G411K6U3, STM32G411K6U6, STM32G411K8T3, STM32G411K8T6, STM32G411K8U3, STM32G411K8U6, STM32G411KBT3, STM32G411KBT6, STM32G411KBU3, STM32G411KBU6, STM32G411M6T3, STM32G411M6T6, STM32G411M8T3, STM32G411M8T6, STM32G411MBT3, STM32G411MBT6, STM32G411R6T3, STM32G411R6T6, STM32G411R8T3, STM32G411R8T6, STM32G411RBT3, STM32G411RBT6, STM32G414CBT3, STM32G414CBT6, STM32G414CBU3, STM32G414CBU6, STM32G414CCT3, STM32G414CCT6, STM32G414CCU3, STM32G414CCU6, STM32G414MBT3, STM32G414MBT6, STM32G414MCT3, STM32G414MCT6, STM32G414RBT3, STM32G414RBT6, STM32G414RCT3, STM32G414RCT6, STM32G414VBT3, STM32G414VBT6, STM32G414VCT3, STM32G414VCT6, STM32G431CBT3Z, STM32G431RBT3Z, STM32G471CCT6, STM32G471CCU6, STM32G471CET3, STM32G471CET6, STM32G471CEU3, STM32G471CEU6, STM32G471MCT6, STM32G471MET3, STM32G471MET6, STM32G471MEY6TR, STM32G471QCT6, STM32G471QET3, STM32G471RCT6, STM32G471RET3, STM32G471RET6, STM32G471VCH6, STM32G471VCI6, STM32G471VCT6, STM32G471VEH3, STM32G471VEH6, STM32G471VEI3, STM32G471VEI6, STM32G471VET3, STM32G471VET6, STM32G473QET3Z, STM32G473RET3Z, STM32G474CCT6, STM32G491RET3Z, STM32H503CBT6, STM32H503CBU6, STM32H503EBY6TR, STM32H503KBU6, STM32H503RBT6, STM32H523CCT6, STM32H523CCU6, STM32H523CET6, STM32H523CEU6, STM32H523HEY6TR, STM32H523RCT6, STM32H523RET6, STM32H523VCI6, STM32H523VCT6, STM32H523VEI6, STM32H523VET6, STM32H523ZCJ6, STM32H523ZCT6, STM32H523ZEJ6, STM32H523ZET6, STM32H533CET6, STM32H533CEU6, STM32H533HEY6TR, STM32H533RET6, STM32H533VEI6, STM32H533VET6, STM32H533ZEJ6, STM32H533ZET6, STM32H562AGI6, STM32H562AII6, STM32H562IGK6, STM32H562IGT6, STM32H562IIK6, STM32H562IIT6, STM32H562RGT6, STM32H562RGV6, STM32H562RIT6, STM32H562RIV6, STM32H562VGT6, STM32H562VIT6, STM32H562ZGT6, STM32H562ZIT6, STM32H563AGI6, STM32H563AII3Q, STM32H563AII6, STM32H563IGK6, STM32H563IGT6, STM32H563IIK3Q, STM32H563IIK6, STM32H563IIT3Q, STM32H563IIT6, STM32H563MIY3QTR, STM32H563RGT6, STM32H563RGV6, STM32H563RIT6, STM32H563RIV6, STM32H563VGT6, STM32H563VIT3Q, STM32H563VIT6, STM32H563ZGT6, STM32H563ZIT3Q, STM32H563ZIT6, STM32H573AII3Q, STM32H573AII6, STM32H573I-DK, STM32H573IIK3Q, STM32H573IIK6, STM32H573IIT3Q, STM32H573IIT6, STM32H573MIY3QTR, STM32H573RIT6, STM32H573RIV6, STM32H573VIT3Q, STM32H573VIT6, STM32H573ZIT3Q, STM32H573ZIT6, STM32H7R3A8I6, STM32H7R3I8K6, STM32H7R3I8T6, STM32H7R3L8H6, STM32H7R3L8H6H, STM32H7R3R8V6, STM32H7R3V8H6, STM32H7R3V8T6, STM32H7R3V8Y6TR, STM32H7R3Z8J6, STM32H7R3Z8T6, STM32H7R7A8I6, STM32H7R7I8K6, STM32H7R7I8T6, STM32H7R7L8H6, STM32H7R7L8H6H, STM32H7R7Z8J6, STM32H7S3A8I6, STM32H7S3I8K6, STM32H7S3I8T6, STM32H7S3L8H6, STM32H7S3L8H6H, STM32H7S3R8V6, STM32H7S3V8H6, STM32H7S3V8T6, STM32H7S3V8Y6TR, STM32H7S3Z8J6, STM32H7S3Z8T6, STM32H7S78-DK, STM32H7S7A8I6, STM32H7S7I8K6, STM32H7S7I8T6, STM32H7S7L8H6, STM32H7S7L8H6H, STM32H7S7Z8J6, STM32L4R5QGI6STR, STM32MP131AAE3, STM32MP131AAF3, STM32MP131AAG3, STM32MP131CAE3, STM32MP131CAF3, STM32MP131CAG3, STM32MP131DAE7, STM32MP131DAF7, STM32MP131DAG7, STM32MP131FAE7, STM32MP131FAF7, STM32MP131FAG7, STM32MP133AAE3, STM32MP133AAF3, STM32MP133AAG3, STM32MP133CAE3, STM32MP133CAF3, STM32MP133CAG3, STM32MP133DAE7, STM32MP133DAF7, STM32MP133DAG7, STM32MP133FAE7, STM32MP133FAF7, STM32MP133FAG7, STM32MP135AAE3, STM32MP135AAF3, STM32MP135AAG3, STM32MP135CAE3, STM32MP135CAF3, STM32MP135CAG3, STM32MP135DAE7, STM32MP135DAF7, STM32MP135DAG7, STM32MP135F-DK, STM32MP135FAE7, STM32MP135FAF7, STM32MP135FAF7T, STM32MP135FAF7U, STM32MP135FAG7, STM32MP211AAL3, STM32MP211AAM3, STM32MP211AAN3, STM32MP211AAO3, STM32MP211CAL3, STM32MP211CAM3, STM32MP211CAN3, STM32MP211CAO3, STM32MP211DAL3, STM32MP211DAM3, STM32MP211DAN3, STM32MP211DAO3, STM32MP211FAL3, STM32MP211FAM3, STM32MP211FAN3, STM32MP211FAO3, STM32MP213AAL3, STM32MP213AAM3, STM32MP213AAN3, STM32MP213AAO3, STM32MP213CAL3, STM32MP213CAM3, STM32MP213CAN3, STM32MP213CAO3, STM32MP213DAL3, STM32MP213DAM3, STM32MP213DAN3, STM32MP213DAO3, STM32MP213FAL3, STM32MP213FAM3, STM32MP213FAN3, STM32MP213FAO3, STM32MP215AAL3, STM32MP215AAM3, STM32MP215AAN3, STM32MP215AAO3, STM32MP215CAL3, STM32MP215CAM3, STM32MP215CAN3, STM32MP215CAO3, STM32MP215DAL3, STM32MP215DAM3, STM32MP215DAN3, STM32MP215DAO3, STM32MP215F-DK, STM32MP215FAL3, STM32MP215FAM3, STM32MP215FAN3, STM32MP215FAO3, STM32MP231AAJ3, STM32MP231AAK3, STM32MP231AAL3, STM32MP231CAJ3, STM32MP231CAK3, STM32MP231CAL3, STM32MP231DAJ3, STM32MP231DAK3, STM32MP231DAL3, STM32MP231FAJ3, STM32MP231FAK3, STM32MP231FAL3, STM32MP233AAJ3, STM32MP233AAK3, STM32MP233AAL3, STM32MP233CAJ3, STM32MP233CAK3, STM32MP233CAL3, STM32MP233DAJ3, STM32MP233DAK3, STM32MP233DAL3, STM32MP233FAJ3, STM32MP233FAK3, STM32MP233FAL3, STM32MP235AAJ3, STM32MP235AAK3, STM32MP235AAL3, STM32MP235CAJ3, STM32MP235CAK3, STM32MP235CAL3, STM32MP235DAJ3, STM32MP235DAK3, STM32MP235DAL3, STM32MP235FAJ3, STM32MP235FAK3, STM32MP235FAL3, STM32MP251AAI3, STM32MP251AAK3, STM32MP251AAL3, STM32MP251CAI3, STM32MP251CAK3, STM32MP251CAL3, STM32MP251DAI3, STM32MP251DAK3, STM32MP251DAL3, STM32MP251FAI3, STM32MP251FAK3, STM32MP251FAL3, STM32MP253AAI3, STM32MP253AAK3, STM32MP253AAL3, STM32MP253CAI3, STM32MP253CAK3, STM32MP253CAL3, STM32MP253DAI3, STM32MP253DAK3, STM32MP253DAL3, STM32MP253FAI3, STM32MP253FAK3, STM32MP253FAL3, STM32MP255AAI3, STM32MP255AAK3, STM32MP255AAL3, STM32MP255CAI3, STM32MP255CAK3, STM32MP255CAL3, STM32MP255DAI3, STM32MP255DAK3, STM32MP255DAL3, STM32MP255FAI3, STM32MP255FAK3, STM32MP255FAL3, STM32MP257AAI3, STM32MP257AAK3, STM32MP257AAL3, STM32MP257CAI3, STM32MP257CAK3, STM32MP257CAL3, STM32MP257DAI3, STM32MP257DAK3, STM32MP257DAL3, STM32MP257F-DK, STM32MP257F-EV1, STM32MP257FAI3, STM32MP257FAK3, STM32MP257FAL3, STM32N645A0H3Q, STM32N645B0H3Q, STM32N645I0H3Q, STM32N645L0H3Q, STM32N645X0H3Q, STM32N645Z0H3Q, STM32N647A0H3Q, STM32N647B0H3Q, STM32N647I0H3Q, STM32N647L0H3Q, STM32N647X0H3Q, STM32N647Z0H3Q, STM32N655A0H3Q, STM32N655B0H3Q, STM32N655I0H3Q, STM32N655L0H3Q, STM32N655X0H3Q, STM32N655Z0H3Q, STM32N6570-DK, STM32N657A0H3Q, STM32N657B0H3Q, STM32N657I0H3Q, STM32N657L0H3Q, STM32N657X0H3Q, STM32N657Z0H3Q, STM32U031C6T6, STM32U031C6U6, STM32U031C8T6, STM32U031C8U6, STM32U031F4P6, STM32U031F6P6, STM32U031F8P6, STM32U031G6Y6TR, STM32U031G8Y6TR, STM32U031K4U6, STM32U031K6U6, STM32U031K8U6, STM32U031R6I6, STM32U031R6T6, STM32U031R8I6, STM32U031R8T6, STM32U073C8T6, STM32U073C8U6, STM32U073CBT6, STM32U073CBU6, STM32U073CCT6, STM32U073CCU6, STM32U073H8Y6TR, STM32U073HBY6TR, STM32U073HCY6TR, STM32U073K8U6, STM32U073KBU6, STM32U073KCU6, STM32U073M8I6, STM32U073M8T6, STM32U073MBI6, STM32U073MBT6, STM32U073MCI6, STM32U073MCT6, STM32U073R8I6, STM32U073R8T6, STM32U073RBI6, STM32U073RBT6, STM32U073RCI6, STM32U073RCT6, STM32U083C-DK, STM32U083CCT6, STM32U083CCU6, STM32U083HCY6TR, STM32U083KCU6, STM32U083MCI6, STM32U083MCT6, STM32U083RCI6, STM32U083RCT6, STM32U375CET6, STM32U375CET6Q, STM32U375CEU6, STM32U375CEU6Q, STM32U375CEY6QTR, STM32U375CGT6, STM32U375CGT6Q, STM32U375CGU6, STM32U375CGU6Q, STM32U375CGY6QTR, STM32U375KEU6, STM32U375KGU6, STM32U375REI6, STM32U375REI6Q, STM32U375RET6, STM32U375RET6Q, STM32U375REY6GTR, STM32U375REY6QTR, STM32U375RGI6, STM32U375RGI6Q, STM32U375RGT6, STM32U375RGT6Q, STM32U375RGY6GTR, STM32U375RGY6QTR, STM32U375VEI6, STM32U375VEI6Q, STM32U375VET6, STM32U375VET6Q, STM32U375VGI6, STM32U375VGI6Q, STM32U375VGT6, STM32U375VGT6Q, STM32U385CGT6, STM32U385CGT6Q, STM32U385CGU6, STM32U385CGU6Q, STM32U385CGY6QTR, STM32U385KGU6, STM32U385RGI6, STM32U385RGI6Q, STM32U385RGT6, STM32U385RGT6Q, STM32U385RGY6GTR, STM32U385RGY6QTR, STM32U385VGI6, STM32U385VGI6Q, STM32U385VGT6, STM32U385VGT6Q, STM32U535CBT6, STM32U535CBT6Q, STM32U535CBU6, STM32U535CBU6Q, STM32U535CCT6, STM32U535CCT6Q, STM32U535CCU6, STM32U535CCU6Q, STM32U535CET6, STM32U535CET6Q, STM32U535CEU6, STM32U535CEU6Q, STM32U535JEY6QTR, STM32U535NCY6QTR, STM32U535NEY6QTR, STM32U535RBI6, STM32U535RBI6Q, STM32U535RBT6, STM32U535RBT6Q, STM32U535RCI6, STM32U535RCI6Q, STM32U535RCT6, STM32U535RCT6Q, STM32U535REI6, STM32U535REI6Q, STM32U535RET6, STM32U535RET6Q, STM32U535VCI6, STM32U535VCI6Q, STM32U535VCT6, STM32U535VCT6Q, STM32U535VEI6, STM32U535VEI6Q, STM32U535VET6, STM32U535VET6Q, STM32U545CET6, STM32U545CET6Q, STM32U545CEU6, STM32U545CEU6Q, STM32U545JEY6QTR, STM32U545NEY6QTR, STM32U545REI6, STM32U545REI6Q, STM32U545RET6, STM32U545RET6Q, STM32U545VEI6, STM32U545VEI6Q, STM32U545VET6, STM32U545VET6Q, STM32U595AIH6, STM32U595AIH6Q, STM32U595AJH6, STM32U595AJH6Q, STM32U595QII6, STM32U595QII6Q, STM32U595QJI6, STM32U595QJI6Q, STM32U595RIT6, STM32U595RIT6Q, STM32U595RJT6, STM32U595RJT6Q, STM32U595VIT6, STM32U595VIT6Q, STM32U595VJT6, STM32U595VJT6Q, STM32U595ZIT6, STM32U595ZIT6Q, STM32U595ZIY6QTR, STM32U595ZJT6, STM32U595ZJT6Q, STM32U595ZJY6QTR, STM32U599BJY6QTR, STM32U599NIH6Q, STM32U599NJH6Q, STM32U599VIT6Q, STM32U599VJT6, STM32U599VJT6Q, STM32U599ZIT6Q, STM32U599ZIY6QTR, STM32U599ZJT6Q, STM32U599ZJY6QTR, STM32U5A5AJH6, STM32U5A5AJH6Q, STM32U5A5QII3Q , STM32U5A5QJI6, STM32U5A5QJI6Q, STM32U5A5RJT6, STM32U5A5RJT6Q, STM32U5A5VJT6, STM32U5A5VJT6Q, STM32U5A5ZJT6, STM32U5A5ZJT6Q, STM32U5A5ZJY6QTR, STM32U5A9BJY6QTR, STM32U5A9J-DK, STM32U5A9NJH6Q, STM32U5A9VJT6Q, STM32U5A9ZJT6Q, STM32U5A9ZJY6QTR, STM32U5F7VIT6, STM32U5F7VIT6Q, STM32U5F7VJT6, STM32U5F7VJT6Q, STM32U5F9BJY6QTR, STM32U5F9NJH6Q, STM32U5F9VIT6Q, STM32U5F9VJT6Q, STM32U5F9ZIJ6QTR, STM32U5F9ZIT6Q, STM32U5F9ZJJ6QTR, STM32U5F9ZJT6Q, STM32U5G7VJT6, STM32U5G7VJT6Q, STM32U5G9BJY6QTR, STM32U5G9J-DK1, STM32U5G9J-DK2, STM32U5G9NJH6Q, STM32U5G9VJT6Q, STM32U5G9ZJJ6QTR, STM32U5G9ZJT6Q, STM32WB05KZV6TR, STM32WB05KZV7TR, STM32WB05TZF6TR, STM32WB05TZF7TR, STM32WB06CCF6TR, STM32WB06CCF7TR, STM32WB06CCV6TR, STM32WB06CCV7TR, STM32WB06KCV6TR, STM32WB06KCV7TR, STM32WB07CCF6TR, STM32WB07CCF7TR, STM32WB07CCV6TR, STM32WB07CCV7TR, STM32WB07KCV6TR, STM32WB07KCV7TR, STM32WB09KEV6TR, STM32WB09KEV7TR, STM32WB09TEF6TR, STM32WB09TEF7TR, STM32WB1MMCH6, STM32WBA50KGU6, STM32WBA50KGU6TR, STM32WBA52CEU6, STM32WBA52CEU6TR, STM32WBA52CEU7, STM32WBA52CEU7TR, STM32WBA52CGU6, STM32WBA52CGU6TR, STM32WBA52CGU6U, STM32WBA52CGU7, STM32WBA52CGU7TR, STM32WBA52KEU6, STM32WBA52KEU6TR, STM32WBA52KGU6, STM32WBA52KGU6TR, STM32WBA54CEU6, STM32WBA54CEU6TR, STM32WBA54CEU7, STM32WBA54CEU7TR, STM32WBA54CGU6, STM32WBA54CGU6TR, STM32WBA54CGU7, STM32WBA54CGU7TR, STM32WBA54KEU6, STM32WBA54KEU6TR, STM32WBA54KEU7, STM32WBA54KEU7TR, STM32WBA54KGU6, STM32WBA54KGU6TR, STM32WBA54KGU7, STM32WBA54KGU7TR, STM32WBA55CEU6, STM32WBA55CEU6TR, STM32WBA55CEU7, STM32WBA55CEU7TR, STM32WBA55CGU6, STM32WBA55CGU6TR, STM32WBA55CGU6U, STM32WBA55CGU7, STM32WBA55CGU7TR, STM32WBA55G-DK1, STM32WBA55HEF6, STM32WBA55HEF7, STM32WBA55HGF6, STM32WBA55HGF7, STM32WBA55UEI6, STM32WBA55UEI6TR, STM32WBA55UEI7, STM32WBA55UEI7TR, STM32WBA55UGI6, STM32WBA55UGI6TR, STM32WBA55UGI7, STM32WBA55UGI7TR, STM32WBA5MMGH6TR, STM32WBA62MGF6, STM32WBA62MIF6, STM32WBA65MGF7, STM32WBA65MIF6, STM32WBA65MIF7, STM32WL30K8V6, STM32WL30KBV6, STM32WL31C8V6, STM32WL31CBV6, STM32WL31K8V6, STM32WL31KBV6, STM32WL33C8V6, STM32WL33C8V6X, STM32WL33CBV6, STM32WL33CBV6X, STM32WL33CCV6, STM32WL33CCV6A, STM32WL33CCV6X, STM32WL33K8V7, STM32WL33K8V7X, STM32WL33KBV7 , STM32WL33KBV7X, STM32WL33KCV7, STM32WL33KCV7X, STM32WL5MOCH6, STM32WL5MOCH6TR]
2025-09-02 13:37:07,907 [INFO] BoardInfo:889 - No configuration file found for board P-NUCLEO-WB55
2025-09-02 13:37:07,908 [INFO] DbBoards:161 - Kit is not supported: P-NUCLEO-WB55
2025-09-02 13:37:07,916 [INFO] BoardInfo:889 - No configuration file found for board STEVAL-BFA001V1B
2025-09-02 13:37:07,917 [INFO] DbBoards:161 - Kit is not supported: STEVAL-BFA001V1B
2025-09-02 13:37:07,918 [INFO] BoardInfo:889 - No configuration file found for board STEVAL-BFA001V2B
2025-09-02 13:37:07,919 [INFO] DbBoards:161 - Kit is not supported: STEVAL-BFA001V2B
2025-09-02 13:37:08,151 [INFO] DbBoards:168 - Found 212 boards, 209 are supported
2025-09-02 13:37:08,151 [INFO] DbBoards:169 - Found 212 boards, 43 of them is supported for  Bsp
2025-09-02 13:37:08,153 [INFO] ApiDb:423 - Load user favorites file C:\Users\USERIT/.stm32cubeide/favorites.boards.txt: 0 item(s)
2025-09-02 13:37:08,153 [INFO] ApiDb:427 - User favorites Boards=[]
2025-09-02 13:37:08,153 [INFO] DbBoards:198 - Set 0 / 0 favorites Boards
2025-09-02 13:37:08,187 [INFO] LoadUrlFilesThread:185 - End of LoadServerUrlFiles without Thread
2025-09-02 13:37:08,187 [INFO] TargetSelectorAdapter:259 - Refresh data is successful
2025-09-02 13:37:08,192 [INFO] ApiDb:668 - CubeFinder database Data Model version=2.1
2025-09-02 13:37:08,192 [INFO] ApiDb:669 - CubeFinder database Configuration version=3.0.39
2025-09-02 13:37:08,192 [INFO] ApiDb:670 - CubeFinder database generation date=2025-07-24 (1753349077)
2025-09-02 13:37:08,192 [INFO] ApiDb:671 - CubeFinder database FW Pack versions=[FP-ATR-ASTRA1_V2.0.0, FP-SNS-FLIGHT1_V5.1.0, FP-SNS-MOTENV1_V5.0.0, FP-SNS-MOTENVWB1_V1.4.0, FP-SNS-SMARTAG2_V1.2.0, FP-SNS-STBOX1_V2.0.0, STM32Cube_FW_C0_V1.4.0, STM32Cube_FW_F4_V1.28.2, STM32Cube_FW_F7_V1.17.3, STM32Cube_FW_G0_V1.6.2, STM32Cube_FW_G4_V1.6.1, STM32Cube_FW_H5_V1.5.0, STM32Cube_FW_H7RS_V1.2.0, STM32Cube_FW_H7_V1.12.1, STM32Cube_FW_L0_V1.12.2, STM32Cube_FW_L4_V1.18.1, STM32Cube_FW_L5_V1.5.1, STM32Cube_FW_N6_V1.2.0, STM32Cube_FW_U0_V1.3.0, STM32Cube_FW_U3_V1.2.0, STM32Cube_FW_U5_V1.8.0, STM32Cube_FW_WB0_V1.3.0, STM32Cube_FW_WBA_V1.7.0, STM32Cube_FW_WB_V1.23.0, STM32Cube_FW_WL3_V1.2.0, STM32Cube_FW_WL_V1.3.1, X-CUBE-ALGOBUILD_V1.4.0, X-CUBE-ALS_V1.0.2, X-CUBE-AZRTOS-F4_V1.1.0, X-CUBE-AZRTOS-F7_V1.1.0, X-CUBE-AZRTOS-G0_V1.1.0, X-CUBE-AZRTOS-G4_V2.0.0, X-CUBE-AZRTOS-H7RS_V1.1.0, X-CUBE-AZRTOS-H7_V3.4.0, X-CUBE-AZRTOS-L4_V2.0.0, X-CUBE-AZRTOS-L5_V2.0.0, X-CUBE-AZRTOS-WB_V2.0.0, X-CUBE-AZRTOS-WL_V2.0.0, X-CUBE-BLE1_V7.1.0, X-CUBE-BLE2_V3.3.0, X-CUBE-BLEMGR_V4.1.0, X-CUBE-EEPRMA1_V5.2.0, X-CUBE-FREERTOS_V1.3.1, X-CUBE-GNSS1_V6.0.0, X-CUBE-MEMS1_V11.3.0, X-CUBE-NFC4_V3.0.0, X-CUBE-NFC7_V2.0.0, X-CUBE-SFXS2LP1_V4.0.0, X-CUBE-ST67W61_V1.0.0, X-CUBE-SUBG2_V5.0.0, X-CUBE-TOF1_V3.4.3]
2025-09-02 13:37:08,839 [ERROR] DbExamplesSqlite:437 - Missing JSON key: board_cpn
2025-09-02 13:37:08,839 [ERROR] DbExamplesSqlite:437 - Missing JSON key: board_cpn
2025-09-02 13:37:08,839 [ERROR] DbExamplesSqlite:437 - Missing JSON key: board_cpn
2025-09-02 13:37:08,839 [ERROR] DbExamplesSqlite:437 - Missing JSON key: board_cpn
2025-09-02 13:37:08,951 [ERROR] DbExamplesSqlite:437 - Missing JSON key: board_cpn
2025-09-02 13:37:08,951 [ERROR] DbExamplesSqlite:437 - Missing JSON key: board_cpn
2025-09-02 13:37:08,951 [ERROR] DbExamplesSqlite:437 - Missing JSON key: board_cpn
2025-09-02 13:37:08,951 [ERROR] DbExamplesSqlite:437 - Missing JSON key: board_cpn
2025-09-02 13:37:08,951 [ERROR] DbExamplesSqlite:437 - Missing JSON key: board_cpn
2025-09-02 13:37:08,951 [ERROR] DbExamplesSqlite:437 - Missing JSON key: board_cpn
2025-09-02 13:37:08,951 [ERROR] DbExamplesSqlite:437 - Missing JSON key: board_cpn
2025-09-02 13:37:08,952 [ERROR] DbExamplesSqlite:437 - Missing JSON key: board_cpn
2025-09-02 13:37:08,952 [ERROR] DbExamplesSqlite:437 - Missing JSON key: board_cpn
2025-09-02 13:37:09,108 [ERROR] DbExamplesSqlite:437 - Missing JSON key: board_cpn
2025-09-02 13:37:09,108 [ERROR] DbExamplesSqlite:437 - Missing JSON key: board_cpn
2025-09-02 13:37:09,110 [INFO] DbExamplesSqlite:395 - Ignored 33 examples not supported by CubeIDE
2025-09-02 13:37:09,110 [INFO] DbExamplesSqlite:396 - Found 10866 examples active
2025-09-02 13:37:09,111 [INFO] DbExamplesSqlite:397 - Found 0 examples obsolete
2025-09-02 13:37:09,111 [INFO] DbExamplesSqlite:398 - Found 0 examples under development
2025-09-02 13:37:09,111 [INFO] DbExamplesSqlite:399 - Found 65 examples not building
2025-09-02 13:37:09,113 [INFO] DbExamples:125 - Found 10898 examples
2025-09-02 13:37:09,128 [INFO] DbExamples:222 - Found 134 boards with related examples
2025-09-02 13:37:09,129 [INFO] DbExamples:235 - Found 111 MCUs with related examples
2025-09-02 13:37:09,150 [INFO] ApiDb:414 - User favorites file not found: C:\Users\USERIT/.stm32cubeide/favorites.examples.txt
2025-09-02 13:37:09,150 [INFO] DbExamples:250 - Set 0 / 0 favorites Examples
2025-09-02 13:37:09,354 [INFO] McuFinderGlobals:76 - Set McuFinderConnectedMode to true
2025-09-02 13:37:09,367 [INFO] MultiScanPanel:200 - Auto-refresh data requested => check proxy status ongoing
2025-09-02 13:37:09,370 [INFO] FinderPluginLoader:96 - Searching for filters in installed packs
2025-09-02 13:37:10,644 [INFO] LoadUrlFilesThread:185 - End of LoadServerUrlFiles without Thread
2025-09-02 13:37:10,772 [INFO] DetailPanel:341 - Set advertising image to C:/Users/USERIT/STM32Cube/Repository/\en.2400x1350px.jpeg
2025-09-02 13:38:40,305 [INFO] MainUpdater:2872 - connection check result : 10
2025-09-02 13:38:40,306 [INFO] MainUpdater:2872 - connection check result : 10
2025-09-02 13:38:42,219 [INFO] MicroXplorer:468 - Change Database Path : 
2025-09-02 13:38:42,219 [INFO] MicroXplorer:498 - Change Database Version : DB.6.0.150
2025-09-02 13:38:42,236 [ERROR] ProjectManagerView:395 - 
java.lang.NullPointerException: Cannot invoke "javax.swing.JTextField.getText()" because the return value of "java.util.List.get(int)" is null
	at com.st.microxplorer.plugins.projectmanager.gui.ProjectChoiceTab$9.caretUpdate(ProjectChoiceTab.java:2706) ~[filemanager.jar:?]
	at javax.swing.text.JTextComponent.fireCaretUpdate(JTextComponent.java:408) ~[?:?]
	at javax.swing.text.JTextComponent$MutableCaretEvent.fire(JTextComponent.java:4484) ~[?:?]
	at javax.swing.text.JTextComponent$MutableCaretEvent.stateChanged(JTextComponent.java:4506) ~[?:?]
	at javax.swing.text.DefaultCaret.fireStateChanged(DefaultCaret.java:857) ~[?:?]
	at javax.swing.text.DefaultCaret.changeCaretPosition(DefaultCaret.java:1343) ~[?:?]
	at javax.swing.text.DefaultCaret.handleSetDot(DefaultCaret.java:1242) ~[?:?]
	at javax.swing.text.DefaultCaret.setDot(DefaultCaret.java:1223) ~[?:?]
	at javax.swing.text.DefaultCaret$Handler.insertUpdate(DefaultCaret.java:1819) ~[?:?]
	at javax.swing.text.AbstractDocument.fireInsertUpdate(AbstractDocument.java:227) ~[?:?]
	at javax.swing.text.AbstractDocument.handleInsertString(AbstractDocument.java:781) ~[?:?]
	at javax.swing.text.AbstractDocument.insertString(AbstractDocument.java:740) ~[?:?]
	at javax.swing.text.PlainDocument.insertString(PlainDocument.java:131) ~[?:?]
	at javax.swing.text.AbstractDocument.replace(AbstractDocument.java:699) ~[?:?]
	at javax.swing.text.JTextComponent.setText(JTextComponent.java:1725) ~[?:?]
	at com.st.microxplorer.plugins.projectmanager.gui.ProjectChoiceTab.createHeapStackFields(ProjectChoiceTab.java:993) ~[filemanager.jar:?]
	at com.st.microxplorer.plugins.projectmanager.gui.ProjectChoiceTab.buildLinkSettingsPanel(ProjectChoiceTab.java:3813) ~[filemanager.jar:?]
	at com.st.microxplorer.plugins.projectmanager.gui.ProjectChoiceTab.defineWindowsFields(ProjectChoiceTab.java:1987) ~[filemanager.jar:?]
	at com.st.microxplorer.plugins.projectmanager.gui.ProjectChoiceTab.updateSettings(ProjectChoiceTab.java:558) ~[filemanager.jar:?]
	at com.st.microxplorer.plugins.projectmanager.gui.ProjectSettingsPanel.UpdateDialog(ProjectSettingsPanel.java:247) ~[filemanager.jar:?]
	at com.st.microxplorer.plugins.projectmanager.ProjectManagerView.propertyChange(ProjectManagerView.java:392) ~[filemanager.jar:?]
	at java.beans.PropertyChangeSupport.fire(PropertyChangeSupport.java:343) ~[?:?]
	at java.beans.PropertyChangeSupport.firePropertyChange(PropertyChangeSupport.java:335) ~[?:?]
	at java.beans.PropertyChangeSupport.firePropertyChange(PropertyChangeSupport.java:268) ~[?:?]
	at com.st.microxplorer.util.MXPropertyChangeSupport.firePropertyChange(MXPropertyChangeSupport.java:54) ~[STM32CubeMX.jar:?]
	at com.st.microxplorer.mxsystem.MxSystem.closeConfig(MxSystem.java:899) ~[STM32CubeMX.jar:?]
	at com.st.microxplorer.maingui.MainPanel.closeConfig(MainPanel.java:792) ~[STM32CubeMX.jar:?]
	at com.st.microxplorer.plugins.filemanager.engine.OpenFileManager.loadConfigurationFile(OpenFileManager.java:288) ~[filemanager.jar:?]
	at com.st.microxplorer.plugins.filemanager.engine.MainFileManager.userLoadConfig(MainFileManager.java:364) ~[filemanager.jar:?]
	at com.st.microxplorer.plugins.filemanager.engine.MainFileManager.userLoadConfig(MainFileManager.java:342) ~[filemanager.jar:?]
	at com.st.microxplorer.plugins.filemanager.FileManagerView.getSpecificTask(FileManagerView.java:264) ~[filemanager.jar:?]
	at com.st.stm32cube.common.mx.editor.CubeMxEditor.getMxTabbedPaneInstance(CubeMxEditor.java:1198) ~[com.st.stm32cube.common.mx_6.15.0.202507011659/:?]
	at com.st.stm32cube.common.mx.editor.CubeMxEditor$12$1.createSwingComponent(CubeMxEditor.java:1068) ~[com.st.stm32cube.common.mx_6.15.0.202507011659/:?]
	at com.st.stm32cube.common.mx.oss.core.awtswtbridge.EmbeddedSwingComposite.doComponentCreation(EmbeddedSwingComposite.java:492) ~[com.st.stm32cube.common.mx.oss_6.15.0.202507011659/:?]
	at com.st.stm32cube.common.mx.oss.core.awtswtbridge.EmbeddedSwingComposite$4.run(EmbeddedSwingComposite.java:291) ~[com.st.stm32cube.common.mx.oss_6.15.0.202507011659/:?]
	at com.st.stm32cube.common.mx.oss.core.awtswtbridge.AwtEnvironment$2.run(AwtEnvironment.java:166) ~[com.st.stm32cube.common.mx.oss_6.15.0.202507011659/:?]
	at java.awt.event.InvocationEvent.dispatch(InvocationEvent.java:318) ~[?:?]
	at java.awt.EventQueue.dispatchEventImpl(EventQueue.java:773) ~[?:?]
	at java.awt.EventQueue$4.run(EventQueue.java:720) ~[?:?]
	at java.awt.EventQueue$4.run(EventQueue.java:714) ~[?:?]
	at java.security.AccessController.doPrivileged(AccessController.java:400) ~[?:?]
	at java.security.ProtectionDomain$JavaSecurityAccessImpl.doIntersectionPrivilege(ProtectionDomain.java:87) ~[?:?]
	at java.awt.EventQueue.dispatchEvent(EventQueue.java:742) ~[?:?]
	at java.awt.EventDispatchThread.pumpOneEventForFilters(EventDispatchThread.java:203) ~[?:?]
	at java.awt.EventDispatchThread.pumpEventsForFilter(EventDispatchThread.java:124) ~[?:?]
	at java.awt.EventDispatchThread.pumpEventsForHierarchy(EventDispatchThread.java:113) ~[?:?]
	at java.awt.EventDispatchThread.pumpEvents(EventDispatchThread.java:109) ~[?:?]
	at java.awt.EventDispatchThread.pumpEvents(EventDispatchThread.java:101) ~[?:?]
	at java.awt.EventDispatchThread.run(EventDispatchThread.java:90) ~[?:?]
2025-09-02 13:38:42,252 [WARN] ThirdParty:871 - waiting for thirdparty lock release [close project]
2025-09-02 13:38:42,252 [INFO] ThirdParty:873 - entering critical section [close project]
2025-09-02 13:38:42,252 [INFO] ThirdParty:883 - exiting critical section [close project]
2025-09-02 13:38:42,256 [INFO] PinOutPanel:1589 - setPackage(No Configuration,No Configuration)
2025-09-02 13:38:42,273 [WARN] IpParametersView:155 - Warning: This peripheral hasn't parameters
2025-09-02 13:38:42,283 [WARN] MainPanel:289 - <html><b><center>Warning: This peripheral has no parameters to be configured<br></b></html>
2025-09-02 13:38:42,294 [INFO] UtilMem:75 - Begin LoadConfig() Used Memory: 523765760 Bytes (839909376)
2025-09-02 13:38:42,295 [INFO] MicroXplorer:468 - Change Database Path : 
2025-09-02 13:38:42,295 [INFO] MicroXplorer:498 - Change Database Version : DB.6.0.150
2025-09-02 13:38:42,295 [INFO] OpenFileManager:355 - Change cursor
2025-09-02 13:38:42,315 [INFO] RulesReader:64 - Compatibility file has been processed (317 Rules)
2025-09-02 13:38:42,324 [INFO] Mcu:2029 - Initializing MCU STM32F767ZITx STM32F767ZITx STM32F767ZIT6
2025-09-02 13:38:44,180 [INFO] Context:786 - Trying to add GPIOservice into a context  which must be forbidden
2025-09-02 13:38:44,834 [INFO] ImportTextPane:234 - (OptionalMessage_ERROR) Unable to find key (Mcu.ThirdPartyNb) in loaded IOC file
2025-09-02 13:38:44,834 [INFO] ImportTextPane:234 - (OptionalMessage_ERROR) Unable to find key (Mcu.PinsNb) in loaded IOC file
2025-09-02 13:38:44,835 [INFO] ImportTextPane:234 - (OptionalMessage_ERROR) Pin0 (VP_RIF_VS_RIF1) cannot be retrieved for this MCU
2025-09-02 13:38:44,835 [INFO] ImportTextPane:234 - (OptionalMessage_ERROR) Unable to find key (Mcu.IPNb) in loaded IOC file
2025-09-02 13:38:44,882 [INFO] RtosManager:558 - Registered RTOS mode: class=CMSIS, group=RTOS, mode=CMSIS_V1, owner=FREERTOS
2025-09-02 13:38:44,883 [INFO] RtosManager:558 - Registered RTOS mode: class=CMSIS, group=RTOS2, mode=CMSIS_V2, owner=FREERTOS
2025-09-02 13:38:44,883 [INFO] RtosManager:558 - Registered RTOS mode: class=RTOS, group=Core, mode=CMSIS_V1, owner=FREERTOS
2025-09-02 13:38:44,883 [INFO] RtosManager:558 - Registered RTOS mode: class=RTOS, group=Core, mode=CMSIS_V2, owner=FREERTOS
2025-09-02 13:38:44,883 [WARN] ModelIntegratedComponent:184 - Missing modes for component STMicroelectronics:FreeRTOS:0.0.1:STMicroelectronics:RTOS:FreeRTOS:Core:::10.2.0:
2025-09-02 13:38:44,910 [WARN] ModelIntegratedComponent:63 - No mode defined for component null
2025-09-02 13:38:44,911 [WARN] ModelIntegratedComponent:63 - No mode defined for component null
2025-09-02 13:38:44,911 [WARN] ModelIntegratedComponent:63 - No mode defined for component null
2025-09-02 13:38:44,911 [WARN] ModelIntegratedComponent:63 - No mode defined for component null
2025-09-02 13:38:44,911 [WARN] ModelIntegratedComponent:63 - No mode defined for component null
2025-09-02 13:38:44,911 [WARN] ModelIntegratedComponent:63 - No mode defined for component null
2025-09-02 13:38:44,911 [WARN] ModelIntegratedComponent:63 - No mode defined for component null
2025-09-02 13:38:44,911 [WARN] ModelIntegratedComponent:63 - No mode defined for component null
2025-09-02 13:38:44,911 [WARN] ModelIntegratedComponent:63 - No mode defined for component null
2025-09-02 13:38:44,911 [WARN] ModelIntegratedComponent:63 - No mode defined for component null
2025-09-02 13:38:44,911 [WARN] ModelIntegratedComponent:63 - No mode defined for component null
2025-09-02 13:38:44,911 [WARN] ModelIntegratedComponent:63 - No mode defined for component null
2025-09-02 13:38:44,911 [WARN] ModelIntegratedComponent:63 - No mode defined for component null
2025-09-02 13:38:44,911 [WARN] ModelIntegratedComponent:63 - No mode defined for component null
2025-09-02 13:38:44,911 [WARN] ModelIntegratedComponent:63 - No mode defined for component null
2025-09-02 13:38:44,911 [WARN] ModelIntegratedComponent:63 - No mode defined for component null
2025-09-02 13:38:44,911 [WARN] ModelIntegratedComponent:63 - No mode defined for component null
2025-09-02 13:38:44,911 [WARN] ModelIntegratedComponent:63 - No mode defined for component null
2025-09-02 13:38:44,911 [WARN] ModelIntegratedComponent:63 - No mode defined for component null
2025-09-02 13:38:44,911 [WARN] ModelIntegratedComponent:63 - No mode defined for component null
2025-09-02 13:38:44,911 [WARN] ModelIntegratedComponent:63 - No mode defined for component null
2025-09-02 13:38:44,911 [WARN] ModelIntegratedComponent:63 - No mode defined for component null
2025-09-02 13:38:44,911 [WARN] ModelIntegratedComponent:63 - No mode defined for component null
2025-09-02 13:38:44,911 [WARN] ModelIntegratedComponent:63 - No mode defined for component null
2025-09-02 13:38:44,911 [WARN] ModelIntegratedComponent:63 - No mode defined for component null
2025-09-02 13:38:44,911 [WARN] ModelIntegratedComponent:63 - No mode defined for component null
2025-09-02 13:38:44,911 [WARN] ModelIntegratedComponent:63 - No mode defined for component null
2025-09-02 13:38:44,911 [WARN] ModelIntegratedComponent:63 - No mode defined for component null
2025-09-02 13:38:44,911 [WARN] ModelIntegratedComponent:63 - No mode defined for component null
2025-09-02 13:38:44,911 [WARN] ModelIntegratedComponent:63 - No mode defined for component null
2025-09-02 13:38:44,911 [WARN] ModelIntegratedComponent:63 - No mode defined for component null
2025-09-02 13:38:44,911 [WARN] ModelIntegratedComponent:63 - No mode defined for component null
2025-09-02 13:38:44,912 [WARN] ModelIntegratedComponent:63 - No mode defined for component null
2025-09-02 13:38:44,912 [WARN] ModelIntegratedComponent:63 - No mode defined for component null
2025-09-02 13:38:44,912 [WARN] ModelIntegratedComponent:63 - No mode defined for component null
2025-09-02 13:38:44,912 [WARN] ModelPack:524 - Component already loaded: STMicroelectronics:HAL Drivers:0.0.0:STMicroelectronics:Device:STMicro_Driver:XSPI:HAL::0.0.1:HAL_XSPI
2025-09-02 13:38:45,012 [INFO] ThirdPartyModel:298 - Start build external matchings
2025-09-02 13:38:45,571 [INFO] ThirdPartyModel:316 - End build external matchings
2025-09-02 13:38:45,956 [INFO] UtilMem:75 - End LoadConfig() Used Memory: 545935336 Bytes (947912704)
2025-09-02 13:38:45,978 [WARN] ThirdParty:833 - waiting for thirdparty lock release [change project]
2025-09-02 13:38:45,978 [INFO] ThirdParty:835 - entering critical section [change project]
2025-09-02 13:38:45,978 [INFO] ThirdParty:1030 - CMSIS Pack Vendor :STMicroelectronics X-CUBE-PM33A1 1.0.0
2025-09-02 13:38:45,978 [INFO] ThirdParty:1030 - CMSIS Pack Vendor :STMicroelectronics USBPD 4.1
2025-09-02 13:38:45,978 [INFO] ThirdParty:1030 - CMSIS Pack Vendor :STMicroelectronics X-CUBE-NFC9 1.0.0
2025-09-02 13:38:45,978 [INFO] ThirdParty:1030 - CMSIS Pack Vendor :STMicroelectronics USB_HOST 2.0.0
2025-09-02 13:38:45,978 [INFO] ThirdParty:1030 - CMSIS Pack Vendor :STMicroelectronics FP-SNS-MOTENVWB1 1.4.0
2025-09-02 13:38:45,978 [INFO] ThirdParty:1030 - CMSIS Pack Vendor :STMicroelectronics X-CUBE-AZRTOS-F4 1.1.0
2025-09-02 13:38:45,978 [INFO] ThirdParty:1030 - CMSIS Pack Vendor :STMicroelectronics LIBJPEG 8.0.0
2025-09-02 13:38:45,978 [INFO] ThirdParty:1030 - CMSIS Pack Vendor :STMicroelectronics FP-ATR-ASTRA1 2.0.2
2025-09-02 13:38:45,978 [INFO] ThirdParty:1030 - CMSIS Pack Vendor :STMicroelectronics X-CUBE-BLE1 7.1.0
2025-09-02 13:38:45,978 [INFO] ThirdParty:1030 - CMSIS Pack Vendor :STMicroelectronics X-CUBE-SMBUS 2.1.0
2025-09-02 13:38:45,978 [INFO] ThirdParty:1030 - CMSIS Pack Vendor :wolfSSL I-CUBE-wolfMQTT 1.19.2
2025-09-02 13:38:45,978 [INFO] ThirdParty:1030 - CMSIS Pack Vendor :STMicroelectronics USB_DEVICE 3.0.0
2025-09-02 13:38:45,978 [INFO] ThirdParty:1030 - CMSIS Pack Vendor :STMicroelectronics X-CUBE-ISPU 2.1.0
2025-09-02 13:38:45,978 [INFO] ThirdParty:1030 - CMSIS Pack Vendor :STMicroelectronics X-CUBE-AZRTOS-WB 2.0.0
2025-09-02 13:38:45,978 [INFO] ThirdParty:1030 - CMSIS Pack Vendor :STMicroelectronics X-CUBE-ST60 1.0.0
2025-09-02 13:38:45,979 [INFO] ThirdParty:1030 - CMSIS Pack Vendor :STMicroelectronics X-CUBE-GNSS1 7.0.1
2025-09-02 13:38:45,979 [INFO] ThirdParty:1030 - CMSIS Pack Vendor :STMicroelectronics X-CUBE-AZRTOS-F7 1.1.0
2025-09-02 13:38:45,979 [INFO] ThirdParty:1030 - CMSIS Pack Vendor :STMicroelectronics X-CUBE-AZRTOS-L5 2.0.0
2025-09-02 13:38:45,979 [INFO] ThirdParty:1030 - CMSIS Pack Vendor :STMicroelectronics X-CUBE-TOUCHGFX 4.25.0
2025-09-02 13:38:45,979 [INFO] ThirdParty:1030 - CMSIS Pack Vendor :STMicroelectronics USB_DEVICE 2.0.0
2025-09-02 13:38:45,979 [INFO] ThirdParty:1030 - CMSIS Pack Vendor :STMicroelectronics X-CUBE-NFC6 3.1.0
2025-09-02 13:38:45,979 [INFO] ThirdParty:1030 - CMSIS Pack Vendor :STMicroelectronics X-CUBE-AI 10.1.0
2025-09-02 13:38:45,979 [INFO] ThirdParty:1030 - CMSIS Pack Vendor :STMicroelectronics FP-SNS-STBOX1 2.0.0
2025-09-02 13:38:45,979 [INFO] ThirdParty:1030 - CMSIS Pack Vendor :quantropi X-CUBE-qispace-sdk-base 2.1.0
2025-09-02 13:38:45,979 [INFO] ThirdParty:1030 - CMSIS Pack Vendor :STMicroelectronics FreeRTOS 0.0.1
2025-09-02 13:38:45,979 [INFO] ThirdParty:1030 - CMSIS Pack Vendor :STMicroelectronics X-CUBE-AZRTOS-G0 1.1.0
2025-09-02 13:38:45,979 [INFO] ThirdParty:1030 - CMSIS Pack Vendor :STMicroelectronics X-CUBE-SAFEA1 1.2.2
2025-09-02 13:38:45,979 [INFO] ThirdParty:1030 - CMSIS Pack Vendor :STMicroelectronics X-CUBE-NFC4 3.0.0
2025-09-02 13:38:45,979 [INFO] ThirdParty:1030 - CMSIS Pack Vendor :STMicroelectronics X-CUBE-SUBG2 5.0.0
2025-09-02 13:38:45,979 [INFO] ThirdParty:1030 - CMSIS Pack Vendor :STMicroelectronics X-CUBE-AZRTOS-H7RS 1.1.0
2025-09-02 13:38:45,979 [INFO] ThirdParty:1030 - CMSIS Pack Vendor :STMicroelectronics STM32_WPAN 1.0.0
2025-09-02 13:38:45,979 [INFO] ThirdParty:1030 - CMSIS Pack Vendor :EmbeddedOffice I-CUBE-FS-RTOS 1.0.1
2025-09-02 13:38:45,979 [INFO] ThirdParty:1030 - CMSIS Pack Vendor :STMicroelectronics lwIP 2.0.3
2025-09-02 13:38:45,979 [INFO] ThirdParty:1030 - CMSIS Pack Vendor :Cesanta I-CUBE-Mongoose 7.13.0
2025-09-02 13:38:45,979 [INFO] ThirdParty:1030 - CMSIS Pack Vendor :STMicroelectronics USB_HOST 1.0.0
2025-09-02 13:38:45,979 [INFO] ThirdParty:1030 - CMSIS Pack Vendor :Infineon AIROC-Wi-Fi-Bluetooth-STM32 1.7.1
2025-09-02 13:38:45,979 [INFO] ThirdParty:1030 - CMSIS Pack Vendor :STMicroelectronics X-CUBE-AZRTOS-G4 2.0.0
2025-09-02 13:38:45,979 [INFO] ThirdParty:1030 - CMSIS Pack Vendor :STMicroelectronics X-CUBE-WB05N 2.0.0
2025-09-02 13:38:45,979 [INFO] ThirdParty:1030 - CMSIS Pack Vendor :STMicroelectronics PDM2PCM 3.1.0
2025-09-02 13:38:45,979 [INFO] ThirdParty:1030 - CMSIS Pack Vendor :STMicroelectronics PDM2PCM 3.3.0
2025-09-02 13:38:45,979 [INFO] ThirdParty:1030 - CMSIS Pack Vendor :wolfSSL I-CUBE-wolfTPM 3.8.0
2025-09-02 13:38:45,979 [INFO] ThirdParty:1030 - CMSIS Pack Vendor :STMicroelectronics X-CUBE-DISPLAY 3.0.0
2025-09-02 13:38:45,979 [INFO] ThirdParty:1030 - CMSIS Pack Vendor :wolfSSL I-CUBE-wolfSSH 1.4.20
2025-09-02 13:38:45,979 [INFO] ThirdParty:1030 - CMSIS Pack Vendor :STMicroelectronics X-CUBE-NFC7 2.0.0
2025-09-02 13:38:45,980 [INFO] ThirdParty:1030 - CMSIS Pack Vendor :STMicroelectronics X-CUBE-TCPP 4.2.0
2025-09-02 13:38:45,980 [INFO] ThirdParty:1030 - CMSIS Pack Vendor :RealThread X-CUBE-RT-Thread_Nano 4.1.1
2025-09-02 13:38:45,980 [INFO] ThirdParty:1030 - CMSIS Pack Vendor :STMicroelectronics FP-ATR-SIGFOX1 3.2.0
2025-09-02 13:38:45,980 [INFO] ThirdParty:1030 - CMSIS Pack Vendor :STMicroelectronics X-CUBE-NFC10 1.0.0
2025-09-02 13:38:45,980 [INFO] ThirdParty:1030 - CMSIS Pack Vendor :STMicroelectronics X-CUBE-FREERTOS 1.3.1
2025-09-02 13:38:45,980 [INFO] ThirdParty:1030 - CMSIS Pack Vendor :STMicroelectronics HAL Drivers 0.0.0
2025-09-02 13:38:45,980 [INFO] ThirdParty:1030 - CMSIS Pack Vendor :STMicroelectronics MBEDTLS 2.16.2
2025-09-02 13:38:45,980 [INFO] ThirdParty:1030 - CMSIS Pack Vendor :STMicroelectronics X-CUBE-IPS 3.1.0
2025-09-02 13:38:45,980 [INFO] ThirdParty:1030 - CMSIS Pack Vendor :STMicroelectronics X-CUBE-ALS 1.0.2
2025-09-02 13:38:45,980 [INFO] ThirdParty:1030 - CMSIS Pack Vendor :emotas I-CUBE-CANOPEN 1.3.0
2025-09-02 13:38:45,980 [INFO] ThirdParty:1030 - CMSIS Pack Vendor :STMicroelectronics MBEDTLS 2.14.1
2025-09-02 13:38:45,980 [INFO] ThirdParty:1030 - CMSIS Pack Vendor :ITTIA_DB I-CUBE-ITTIADB 8.9.0
2025-09-02 13:38:45,980 [INFO] ThirdParty:1030 - CMSIS Pack Vendor :portGmbH I-Cube-SoM-uGOAL 1.1.0
2025-09-02 13:38:45,980 [INFO] ThirdParty:1030 - CMSIS Pack Vendor :STMicroelectronics X-CUBE-ST67W61 1.0.0
2025-09-02 13:38:45,980 [INFO] ThirdParty:1030 - CMSIS Pack Vendor :STMicroelectronics FP-SNS-STBOX1 2.1.0
2025-09-02 13:38:45,980 [INFO] ThirdParty:1030 - CMSIS Pack Vendor :STMicroelectronics X-CUBE-AI 10.2.0
2025-09-02 13:38:45,980 [INFO] ThirdParty:1030 - CMSIS Pack Vendor :STMicroelectronics ThreadX 1.0.0
2025-09-02 13:38:45,980 [INFO] ThirdParty:1030 - CMSIS Pack Vendor :STMicroelectronics FP-SNS-SMARTAG2 1.2.0
2025-09-02 13:38:45,980 [INFO] ThirdParty:1030 - CMSIS Pack Vendor :STMicroelectronics FP-SNS-FLIGHT1 5.1.0
2025-09-02 13:38:45,981 [INFO] ThirdParty:1030 - CMSIS Pack Vendor :STMicroelectronics X-CUBE-AZRTOS-WL 2.0.0
2025-09-02 13:38:45,981 [INFO] ThirdParty:1030 - CMSIS Pack Vendor :SEGGER I-CUBE-embOS 1.3.1
2025-09-02 13:38:45,981 [INFO] ThirdParty:1030 - CMSIS Pack Vendor :STMicroelectronics X-CUBE-ALGOBUILD 1.4.0
2025-09-02 13:38:45,981 [INFO] ThirdParty:1030 - CMSIS Pack Vendor :STMicroelectronics X-CUBE-DPower 1.3.0
2025-09-02 13:38:45,981 [INFO] ThirdParty:1030 - CMSIS Pack Vendor :STMicroelectronics X-CUBE-MEMS1 11.3.0
2025-09-02 13:38:45,981 [INFO] ThirdParty:1030 - CMSIS Pack Vendor :STMicroelectronics FP-SNS-MOTENV1 5.0.0
2025-09-02 13:38:45,981 [INFO] ThirdParty:1030 - CMSIS Pack Vendor :STMicroelectronics USB_DEVICE 1.0.0
2025-09-02 13:38:45,981 [INFO] ThirdParty:1030 - CMSIS Pack Vendor :STMicroelectronics X-CUBE-AZRTOS-L4 2.0.0
2025-09-02 13:38:45,981 [INFO] ThirdParty:1030 - CMSIS Pack Vendor :STMicroelectronics ThreadX 0.0.2
2025-09-02 13:38:45,981 [INFO] ThirdParty:1030 - CMSIS Pack Vendor :WES I-CUBE-Cesium 1.3.0
2025-09-02 13:38:45,981 [INFO] ThirdParty:1030 - CMSIS Pack Vendor :STMicroelectronics lwIP 2.1.2
2025-09-02 13:38:45,981 [INFO] ThirdParty:1030 - CMSIS Pack Vendor :STMicroelectronics X-CUBE-SFXS2LP1 4.0.0
2025-09-02 13:38:45,981 [INFO] ThirdParty:1030 - CMSIS Pack Vendor :STMicroelectronics X-CUBE-BLE2 3.3.0
2025-09-02 13:38:45,981 [INFO] ThirdParty:1030 - CMSIS Pack Vendor :STMicroelectronics X-CUBE-TOF1 3.4.3
2025-09-02 13:38:45,981 [INFO] ThirdParty:1030 - CMSIS Pack Vendor :STMicroelectronics PDM2PCM 3.2.0
2025-09-02 13:38:45,981 [INFO] ThirdParty:841 - exiting critical section [change project]
2025-09-02 13:38:46,311 [INFO] PinOutPanel:1589 - setPackage(No Configuration,No Configuration)
2025-09-02 13:38:46,312 [INFO] PinOutPanel:1589 - setPackage(STM32F767ZITx,LQFP144)
2025-09-02 13:38:46,667 [INFO] UtilMem:75 - Before build in PCC Used Memory: 399475400 Bytes (947912704)
2025-09-02 13:38:46,906 [INFO] UtilMem:75 - After build in PCC Used Memory: 450031120 Bytes (947912704)
2025-09-02 13:38:46,939 [INFO] IPUIPlugin:80 - create IPUIPlugin
2025-09-02 13:38:46,939 [INFO] IPUIPlugin:80 - create IPUIPlugin
2025-09-02 13:38:46,939 [INFO] IPUIPlugin:80 - create IPUIPlugin
2025-09-02 13:38:46,939 [INFO] IPUIPlugin:80 - create IPUIPlugin
2025-09-02 13:38:46,939 [INFO] IPUIPlugin:80 - create IPUIPlugin
2025-09-02 13:38:46,939 [INFO] IPUIPlugin:80 - create IPUIPlugin
2025-09-02 13:38:46,939 [INFO] IPUIPlugin:80 - create IPUIPlugin
2025-09-02 13:38:46,939 [INFO] IPUIPlugin:80 - create IPUIPlugin
2025-09-02 13:38:46,940 [INFO] IPUIPlugin:80 - create IPUIPlugin
2025-09-02 13:38:46,940 [INFO] IPUIPlugin:80 - create IPUIPlugin
2025-09-02 13:38:46,940 [INFO] IPUIPlugin:80 - create IPUIPlugin
2025-09-02 13:38:46,940 [INFO] IPUIPlugin:80 - create IPUIPlugin
2025-09-02 13:38:46,940 [INFO] IPUIPlugin:80 - create IPUIPlugin
2025-09-02 13:38:46,940 [INFO] IPUIPlugin:80 - create IPUIPlugin
2025-09-02 13:38:46,941 [INFO] IPUIPlugin:80 - create IPUIPlugin
2025-09-02 13:38:46,941 [INFO] IPUIPlugin:80 - create IPUIPlugin
2025-09-02 13:38:46,941 [INFO] IPUIPlugin:80 - create IPUIPlugin
2025-09-02 13:38:46,941 [INFO] IPUIPlugin:80 - create IPUIPlugin
2025-09-02 13:38:46,941 [INFO] IPUIPlugin:80 - create IPUIPlugin
2025-09-02 13:38:46,941 [INFO] IPUIPlugin:80 - create IPUIPlugin
2025-09-02 13:38:46,941 [INFO] IPUIPlugin:80 - create IPUIPlugin
2025-09-02 13:38:46,942 [INFO] IPUIPlugin:80 - create IPUIPlugin
2025-09-02 13:38:46,942 [INFO] IPUIPlugin:80 - create IPUIPlugin
2025-09-02 13:38:46,942 [INFO] IPUIPlugin:80 - create IPUIPlugin
2025-09-02 13:38:46,942 [INFO] IPUIPlugin:80 - create IPUIPlugin
2025-09-02 13:38:46,942 [INFO] IPUIPlugin:80 - create IPUIPlugin
2025-09-02 13:38:46,942 [INFO] IPUIPlugin:80 - create IPUIPlugin
2025-09-02 13:38:46,942 [INFO] IPUIPlugin:80 - create IPUIPlugin
2025-09-02 13:38:46,942 [INFO] IPUIPlugin:80 - create IPUIPlugin
2025-09-02 13:38:46,943 [INFO] IPUIPlugin:80 - create IPUIPlugin
2025-09-02 13:38:46,943 [INFO] IPUIPlugin:80 - create IPUIPlugin
2025-09-02 13:38:46,943 [INFO] IPUIPlugin:80 - create IPUIPlugin
2025-09-02 13:38:46,943 [INFO] IPUIPlugin:80 - create IPUIPlugin
2025-09-02 13:38:46,943 [INFO] IPUIPlugin:80 - create IPUIPlugin
2025-09-02 13:38:46,944 [INFO] IPUIPlugin:80 - create IPUIPlugin
2025-09-02 13:38:46,944 [INFO] IPUIPlugin:80 - create IPUIPlugin
2025-09-02 13:38:46,944 [INFO] IPUIPlugin:80 - create IPUIPlugin
2025-09-02 13:38:46,944 [INFO] IPUIPlugin:80 - create IPUIPlugin
2025-09-02 13:38:46,944 [INFO] IPUIPlugin:80 - create IPUIPlugin
2025-09-02 13:38:46,945 [INFO] IPUIPlugin:80 - create IPUIPlugin
2025-09-02 13:38:46,945 [INFO] IPUIPlugin:80 - create IPUIPlugin
2025-09-02 13:38:46,945 [INFO] IPUIPlugin:80 - create IPUIPlugin
2025-09-02 13:38:46,945 [INFO] IPUIPlugin:80 - create IPUIPlugin
2025-09-02 13:38:46,945 [INFO] IPUIPlugin:80 - create IPUIPlugin
2025-09-02 13:38:46,946 [INFO] IPUIPlugin:80 - create IPUIPlugin
2025-09-02 13:38:46,946 [INFO] IPUIPlugin:80 - create IPUIPlugin
2025-09-02 13:38:46,946 [INFO] IPUIPlugin:80 - create IPUIPlugin
2025-09-02 13:38:46,946 [INFO] IPUIPlugin:80 - create IPUIPlugin
2025-09-02 13:38:46,946 [INFO] IPUIPlugin:80 - create IPUIPlugin
2025-09-02 13:38:46,947 [INFO] IPUIPlugin:80 - create IPUIPlugin
2025-09-02 13:38:46,947 [INFO] IPUIPlugin:80 - create IPUIPlugin
2025-09-02 13:38:46,947 [INFO] IPUIPlugin:80 - create IPUIPlugin
2025-09-02 13:38:46,947 [INFO] IPUIPlugin:80 - create IPUIPlugin
2025-09-02 13:38:46,947 [INFO] IPUIPlugin:80 - create IPUIPlugin
2025-09-02 13:38:46,948 [INFO] IPUIPlugin:80 - create IPUIPlugin
2025-09-02 13:38:46,948 [INFO] IPUIPlugin:80 - create IPUIPlugin
2025-09-02 13:38:46,948 [INFO] IPUIPlugin:80 - create IPUIPlugin
2025-09-02 13:38:46,948 [INFO] IPUIPlugin:80 - create IPUIPlugin
2025-09-02 13:38:46,948 [INFO] IPUIPlugin:80 - create IPUIPlugin
2025-09-02 13:38:46,949 [INFO] IPUIPlugin:80 - create IPUIPlugin
2025-09-02 13:38:46,949 [INFO] IPUIPlugin:80 - create IPUIPlugin
2025-09-02 13:38:46,949 [INFO] IPUIPlugin:80 - create IPUIPlugin
2025-09-02 13:38:46,949 [INFO] IPUIPlugin:80 - create IPUIPlugin
2025-09-02 13:38:46,950 [INFO] IPUIPlugin:80 - create IPUIPlugin
2025-09-02 13:38:46,950 [INFO] IPUIPlugin:80 - create IPUIPlugin
2025-09-02 13:38:46,950 [INFO] IPUIPlugin:80 - create IPUIPlugin
2025-09-02 13:38:46,951 [INFO] IPUIPlugin:80 - create IPUIPlugin
2025-09-02 13:38:46,951 [INFO] IPUIPlugin:80 - create IPUIPlugin
2025-09-02 13:38:46,951 [INFO] IPUIPlugin:80 - create IPUIPlugin
2025-09-02 13:38:46,952 [INFO] IPUIPlugin:80 - create IPUIPlugin
2025-09-02 13:38:46,952 [INFO] IPUIPlugin:80 - create IPUIPlugin
2025-09-02 13:38:46,953 [INFO] IPUIPlugin:80 - create IPUIPlugin
2025-09-02 13:38:46,954 [INFO] IPUIPlugin:80 - create IPUIPlugin
2025-09-02 13:38:46,954 [INFO] IPUIPlugin:80 - create IPUIPlugin
2025-09-02 13:38:46,954 [INFO] IPUIPlugin:80 - create IPUIPlugin
2025-09-02 13:38:46,955 [INFO] IPUIPlugin:80 - create IPUIPlugin
2025-09-02 13:38:46,955 [INFO] IPUIPlugin:80 - create IPUIPlugin
2025-09-02 13:38:46,956 [INFO] IPUIPlugin:80 - create IPUIPlugin
2025-09-02 13:38:46,956 [INFO] IPUIPlugin:80 - create IPUIPlugin
2025-09-02 13:38:46,961 [INFO] ApiDbMcu:532 - Load IP Config File for PDM2PCM
2025-09-02 13:38:46,994 [INFO] CADModel:165 - CPN selected for project levelSTM32F767ZIT6
2025-09-02 13:38:46,994 [INFO] CADModel:114 - Register for checkConnection events
2025-09-02 13:38:47,044 [INFO] OpenFileManager:386 - Restore cursor
2025-09-02 13:38:47,540 [INFO] UtilMem:75 - End SaveConfig() Used Memory: 634580496 Bytes (947912704)
2025-09-02 13:39:01,852 [INFO] AnalyticsPlugin:368 - Accepted License(s): [FW.F7.1.17.0]
2025-09-02 13:39:01,855 [INFO] FileExtend:248 - Unzip File : stm32cube_fw_f7_v1170.zip
2025-09-02 13:39:01,855 [INFO] FileExtend:263 - Standard Zip Deflate
2025-09-02 13:40:12,863 [INFO] ServerAccessManage:452 - Complete download http(s) 200
2025-09-02 13:40:12,863 [INFO] ServerAccessManage:509 - Download File stm32cube_fw_f7_v1174.zip
2025-09-02 13:40:25,060 [INFO] FileExtend:248 - Unzip File : stm32cube_fw_f7_v1174.zip
2025-09-02 13:40:25,060 [INFO] FileExtend:263 - Standard Zip Deflate
2025-09-02 13:41:10,367 [INFO] LoadServerPackagesThread:196 - End of LoadServerPackages Thread
2025-09-02 13:41:11,610 [INFO] ThirdPartyModel:298 - Start build external matchings
2025-09-02 13:41:11,726 [INFO] UtilMem:75 - End SaveConfig() Used Memory: 907392696 Bytes (1073741824)
2025-09-02 13:41:12,578 [INFO] BlockDiagram:2775 - set Specific Code input for plugin: RCC
2025-09-02 13:41:12,579 [INFO] BlockDiagram:2775 - set Specific Code input for plugin: NVIC
2025-09-02 13:41:12,579 [INFO] BlockDiagram:2775 - set Specific Code input for plugin: CORTEX_M7
2025-09-02 13:41:12,581 [INFO] CodeGenerator:892 - code generatio: config db path: C:\ST\STM32CubeIDE_1.19.0\STM32CubeIDE\plugins\com.st.stm32cube.common.mx_6.15.0.202507011659\\db\
2025-09-02 13:41:13,398 [INFO] CodeEngine:265 - oldGeneratedFile, C:\Users\USERIT\STM32CubeIDE\MAD_Lab\Special_Problem_1\MXTmpFiles\license.tmp_save
2025-09-02 13:41:13,909 [INFO] CodeEngine:289 - Generated code: C:\Users\USERIT\STM32CubeIDE\MAD_Lab\Special_Problem_1\MXTmpFiles\license.tmp
2025-09-02 13:41:14,113 [INFO] CodeEngine:265 - oldGeneratedFile, C:\Users\USERIT\STM32CubeIDE\MAD_Lab\Special_Problem_1\MXTmpFiles\cortex.tmp_save
2025-09-02 13:41:14,200 [INFO] ThirdPartyModel:316 - End build external matchings
2025-09-02 13:41:14,217 [INFO] CheckServerUpdateThread:120 - End of CheckServer Thread
2025-09-02 13:41:14,381 [INFO] CodeEngine:289 - Generated code: C:\Users\USERIT\STM32CubeIDE\MAD_Lab\Special_Problem_1\MXTmpFiles\cortex.tmp
2025-09-02 13:41:14,419 [INFO] CodeEngine:265 - oldGeneratedFile, C:\Users\USERIT\STM32CubeIDE\MAD_Lab\Special_Problem_1\Core\Src\stm32f7xx_it.c_save
2025-09-02 13:41:14,906 [INFO] CodeEngine:289 - Generated code: C:\Users\USERIT\STM32CubeIDE\MAD_Lab\Special_Problem_1\Core\Src\stm32f7xx_it.c
2025-09-02 13:41:14,931 [INFO] CodeEngine:265 - oldGeneratedFile, C:\Users\USERIT\STM32CubeIDE\MAD_Lab\Special_Problem_1\Core\Inc\stm32f7xx_it.h_save
2025-09-02 13:41:15,081 [INFO] CodeEngine:289 - Generated code: C:\Users\USERIT\STM32CubeIDE\MAD_Lab\Special_Problem_1\Core\Inc\stm32f7xx_it.h
2025-09-02 13:41:15,140 [INFO] CodeEngine:265 - oldGeneratedFile, C:\Users\USERIT\STM32CubeIDE\MAD_Lab\Special_Problem_1\Core\Src\stm32f7xx_hal_msp.c_save
2025-09-02 13:41:15,402 [INFO] CodeEngine:289 - Generated code: C:\Users\USERIT\STM32CubeIDE\MAD_Lab\Special_Problem_1\Core\Src\stm32f7xx_hal_msp.c
2025-09-02 13:41:15,430 [INFO] CodeEngine:265 - oldGeneratedFile, C:\Users\USERIT\STM32CubeIDE\MAD_Lab\Special_Problem_1\MXTmpFiles\system.tmp_save
2025-09-02 13:41:15,557 [INFO] CodeEngine:289 - Generated code: C:\Users\USERIT\STM32CubeIDE\MAD_Lab\Special_Problem_1\MXTmpFiles\system.tmp
2025-09-02 13:41:15,579 [INFO] CodeEngine:321 - oldGeneratedFile, C:\Users\USERIT\STM32CubeIDE\MAD_Lab\Special_Problem_1\Core\Inc\stm32f7xx_hal_conf.h_save
2025-09-02 13:41:15,821 [INFO] CodeEngine:345 - Generated code: C:\Users\USERIT\STM32CubeIDE\MAD_Lab\Special_Problem_1\Core\Inc\stm32f7xx_hal_conf.h
2025-09-02 13:41:15,923 [INFO] ApiDbMcu:532 - Load IP Config File for RCC
2025-09-02 13:41:15,941 [INFO] CodeEngine:265 - oldGeneratedFile, C:\Users\USERIT\STM32CubeIDE\MAD_Lab\Special_Problem_1\Core\Inc\main.h_save
2025-09-02 13:41:16,237 [INFO] CodeEngine:289 - Generated code: C:\Users\USERIT\STM32CubeIDE\MAD_Lab\Special_Problem_1\Core\Inc\main.h
2025-09-02 13:41:16,257 [INFO] CodeEngine:265 - oldGeneratedFile, C:\Users\USERIT\STM32CubeIDE\MAD_Lab\Special_Problem_1\Core\Src\main.c_save
2025-09-02 13:41:16,461 [INFO] CodeEngine:289 - Generated code: C:\Users\USERIT\STM32CubeIDE\MAD_Lab\Special_Problem_1\Core\Src\main.c
2025-09-02 13:41:16,993 [INFO] ProjectBuilder:3606 - Time for Copy HAL[1] : 202mS.
2025-09-02 13:41:17,001 [INFO] ProjectBuilder:5216 - Project Generator version: 4.7.0-B52
2025-09-02 13:41:17,150 [INFO] ConfigFileManager:1595 - The Die is : DIE451
2025-09-02 13:41:17,171 [INFO] ApiDbMcu:532 - Load IP Config File for FATFS
2025-09-02 13:41:17,197 [INFO] ApiDbMcu:532 - Load IP Config File for FREERTOS
2025-09-02 13:41:17,219 [INFO] ApiDbMcu:532 - Load IP Config File for LIBJPEG
2025-09-02 13:41:17,254 [INFO] ApiDbMcu:532 - Load IP Config File for LWIP
2025-09-02 13:41:17,280 [INFO] ApiDbMcu:532 - Load IP Config File for MBEDTLS
2025-09-02 13:41:17,309 [INFO] ApiDbMcu:532 - Load IP Config File for USB_DEVICE
2025-09-02 13:41:17,334 [INFO] ApiDbMcu:532 - Load IP Config File for USB_HOST
2025-09-02 13:41:21,913 [INFO] ProjectBuilder:5496 - Time for Generating toolchain IDE Files: 4912mS.
2025-09-02 13:41:21,914 [INFO] ProjectBuilder:3463 - Time for Copy CMSIS : 0mS.
2025-09-02 13:41:21,917 [INFO] ProjectBuilder:3463 - Time for Copy CMSIS : 0mS.
2025-09-02 13:41:23,515 [INFO] McuFinderGlobals:76 - Set McuFinderConnectedMode to true
2025-09-02 13:41:23,520 [INFO] ApiDb:448 - Save user favorites file C:\Users\USERIT/.stm32cubeide/favorites.mcus.txt: 1 item(s)
2025-09-02 13:41:23,523 [INFO] ApiDb:452 - User favorites MCUs=[STM32F767ZIT6]
2025-09-02 13:42:37,325 [INFO] UtilMem:75 - End SaveConfig() Used Memory: 829036392 Bytes (1059061760)
2025-09-02 13:42:38,415 [INFO] UtilMem:75 - End SaveConfig() Used Memory: 316550816 Bytes (1059061760)
2025-09-02 13:42:38,918 [INFO] BlockDiagram:2775 - set Specific Code input for plugin: RCC
2025-09-02 13:42:38,919 [INFO] BlockDiagram:2775 - set Specific Code input for plugin: NVIC
2025-09-02 13:42:38,919 [INFO] BlockDiagram:2775 - set Specific Code input for plugin: CORTEX_M7
2025-09-02 13:42:38,920 [INFO] CodeGenerator:892 - code generatio: config db path: C:\ST\STM32CubeIDE_1.19.0\STM32CubeIDE\plugins\com.st.stm32cube.common.mx_6.15.0.202507011659\\db\
2025-09-02 13:42:39,102 [INFO] CodeEngine:265 - oldGeneratedFile, C:\Users\USERIT\STM32CubeIDE\MAD_Lab\Special_Problem_1\MXTmpFiles\license.tmp_save
2025-09-02 13:42:39,340 [INFO] CodeEngine:289 - Generated code: C:\Users\USERIT\STM32CubeIDE\MAD_Lab\Special_Problem_1\MXTmpFiles\license.tmp
2025-09-02 13:42:39,368 [INFO] CodeEngine:265 - oldGeneratedFile, C:\Users\USERIT\STM32CubeIDE\MAD_Lab\Special_Problem_1\MXTmpFiles\cortex.tmp_save
2025-09-02 13:42:39,537 [INFO] CodeEngine:289 - Generated code: C:\Users\USERIT\STM32CubeIDE\MAD_Lab\Special_Problem_1\MXTmpFiles\cortex.tmp
2025-09-02 13:42:39,559 [INFO] CodeEngine:265 - oldGeneratedFile, C:\Users\USERIT\STM32CubeIDE\MAD_Lab\Special_Problem_1\Core\Src\stm32f7xx_it.c_save
2025-09-02 13:42:39,739 [INFO] CodeEngine:289 - Generated code: C:\Users\USERIT\STM32CubeIDE\MAD_Lab\Special_Problem_1\Core\Src\stm32f7xx_it.c
2025-09-02 13:42:39,749 [INFO] CodeEngine:265 - oldGeneratedFile, C:\Users\USERIT\STM32CubeIDE\MAD_Lab\Special_Problem_1\Core\Inc\stm32f7xx_it.h_save
2025-09-02 13:42:39,863 [INFO] CodeEngine:289 - Generated code: C:\Users\USERIT\STM32CubeIDE\MAD_Lab\Special_Problem_1\Core\Inc\stm32f7xx_it.h
2025-09-02 13:42:39,887 [INFO] CodeEngine:265 - oldGeneratedFile, C:\Users\USERIT\STM32CubeIDE\MAD_Lab\Special_Problem_1\Core\Src\stm32f7xx_hal_msp.c_save
2025-09-02 13:42:40,082 [INFO] CodeEngine:289 - Generated code: C:\Users\USERIT\STM32CubeIDE\MAD_Lab\Special_Problem_1\Core\Src\stm32f7xx_hal_msp.c
2025-09-02 13:42:40,091 [INFO] CodeEngine:265 - oldGeneratedFile, C:\Users\USERIT\STM32CubeIDE\MAD_Lab\Special_Problem_1\MXTmpFiles\system.tmp_save
2025-09-02 13:42:40,163 [INFO] CodeEngine:289 - Generated code: C:\Users\USERIT\STM32CubeIDE\MAD_Lab\Special_Problem_1\MXTmpFiles\system.tmp
2025-09-02 13:42:40,182 [INFO] CodeEngine:321 - oldGeneratedFile, C:\Users\USERIT\STM32CubeIDE\MAD_Lab\Special_Problem_1\Core\Inc\stm32f7xx_hal_conf.h_save
2025-09-02 13:42:40,369 [INFO] CodeEngine:345 - Generated code: C:\Users\USERIT\STM32CubeIDE\MAD_Lab\Special_Problem_1\Core\Inc\stm32f7xx_hal_conf.h
2025-09-02 13:42:40,419 [INFO] CodeEngine:265 - oldGeneratedFile, C:\Users\USERIT\STM32CubeIDE\MAD_Lab\Special_Problem_1\Core\Inc\main.h_save
2025-09-02 13:42:40,600 [INFO] CodeEngine:289 - Generated code: C:\Users\USERIT\STM32CubeIDE\MAD_Lab\Special_Problem_1\Core\Inc\main.h
2025-09-02 13:42:40,609 [INFO] CodeEngine:265 - oldGeneratedFile, C:\Users\USERIT\STM32CubeIDE\MAD_Lab\Special_Problem_1\Core\Src\main.c_save
2025-09-02 13:42:40,766 [INFO] CodeEngine:289 - Generated code: C:\Users\USERIT\STM32CubeIDE\MAD_Lab\Special_Problem_1\Core\Src\main.c
2025-09-02 13:42:41,144 [INFO] ProjectBuilder:3606 - Time for Copy HAL[1] : 173mS.
2025-09-02 13:42:41,148 [INFO] ProjectBuilder:5216 - Project Generator version: 4.7.0-B52
2025-09-02 13:42:41,249 [INFO] ConfigFileManager:1595 - The Die is : DIE451
2025-09-02 13:42:42,568 [INFO] ProjectBuilder:5496 - Time for Generating toolchain IDE Files: 1421mS.
2025-09-02 13:42:42,569 [INFO] ProjectBuilder:3463 - Time for Copy CMSIS : 1mS.
2025-09-02 13:42:42,573 [INFO] ProjectBuilder:3463 - Time for Copy CMSIS : 1mS.
2025-09-02 13:45:03,328 [INFO] Gpio:278 - dependency for GPIO [ADC1]
2025-09-02 13:45:03,437 [INFO] Gpio:278 - dependency for GPIO [ADC1]
2025-09-02 13:45:03,835 [INFO] Gpio:278 - dependency for GPIO [ADC1]
2025-09-02 13:45:15,836 [INFO] Gpio:278 - dependency for GPIO [ADC1]
2025-09-02 13:45:16,043 [INFO] Gpio:278 - dependency for GPIO [ADC1]
2025-09-02 13:45:25,367 [INFO] Gpio:278 - dependency for GPIO [ADC1]
2025-09-02 13:45:25,549 [INFO] Gpio:278 - dependency for GPIO [ADC1]
2025-09-02 13:45:30,736 [INFO] Gpio:278 - dependency for GPIO [ADC1]
2025-09-02 13:45:30,952 [INFO] Gpio:278 - dependency for GPIO [ADC1]
2025-09-02 13:45:37,993 [INFO] Gpio:278 - dependency for GPIO [ADC1]
2025-09-02 13:45:38,168 [INFO] Gpio:278 - dependency for GPIO [ADC1]
2025-09-02 13:56:08,870 [INFO] Gpio:278 - dependency for GPIO [ADC1]
2025-09-02 13:56:08,984 [INFO] ParamManager:905 - [Generic UI] PropertyChangeEvent: TAB_STATUS_CHANGED , "dont care", "never mind"
2025-09-02 13:56:09,014 [INFO] Gpio:278 - dependency for GPIO [ADC1]
2025-09-02 13:56:09,198 [INFO] ParamManager:905 - [Generic UI] PropertyChangeEvent: TAB_STATUS_CHANGED , "dont care", "never mind"
2025-09-02 13:56:09,355 [INFO] Gpio:278 - dependency for GPIO [ADC1]
2025-09-02 13:56:12,074 [INFO] Gpio:278 - dependency for GPIO [ADC1]
2025-09-02 13:56:12,127 [INFO] ParamManager:905 - [Generic UI] PropertyChangeEvent: TAB_STATUS_CHANGED , "dont care", "never mind"
2025-09-02 13:56:12,150 [INFO] Gpio:278 - dependency for GPIO [ADC1]
2025-09-02 13:56:12,320 [INFO] ParamManager:905 - [Generic UI] PropertyChangeEvent: TAB_STATUS_CHANGED , "dont care", "never mind"
2025-09-02 13:56:12,433 [INFO] Gpio:278 - dependency for GPIO [ADC1]
2025-09-02 13:56:14,849 [INFO] Gpio:278 - dependency for GPIO [ADC1]
2025-09-02 13:56:14,898 [INFO] ParamManager:905 - [Generic UI] PropertyChangeEvent: TAB_STATUS_CHANGED , "dont care", "never mind"
2025-09-02 13:56:14,916 [INFO] Gpio:278 - dependency for GPIO [ADC1]
2025-09-02 13:56:15,071 [INFO] ParamManager:905 - [Generic UI] PropertyChangeEvent: TAB_STATUS_CHANGED , "dont care", "never mind"
2025-09-02 13:56:15,213 [INFO] Gpio:278 - dependency for GPIO [ADC1]
2025-09-02 13:56:17,502 [INFO] Gpio:278 - dependency for GPIO [ADC1]
2025-09-02 13:56:17,545 [INFO] ParamManager:905 - [Generic UI] PropertyChangeEvent: TAB_STATUS_CHANGED , "dont care", "never mind"
2025-09-02 13:56:17,564 [INFO] Gpio:278 - dependency for GPIO [ADC1]
2025-09-02 13:56:17,711 [INFO] ParamManager:905 - [Generic UI] PropertyChangeEvent: TAB_STATUS_CHANGED , "dont care", "never mind"
2025-09-02 13:56:17,819 [INFO] Gpio:278 - dependency for GPIO [ADC1]
2025-09-02 13:58:30,664 [INFO] ParamManager:905 - [Generic UI] PropertyChangeEvent: TAB_STATUS_CHANGED , "dont care", "never mind"
2025-09-02 13:58:30,668 [INFO] Gpio:278 - dependency for GPIO [ADC1]
2025-09-02 13:58:30,776 [INFO] ParamManager:905 - [Generic UI] PropertyChangeEvent: TAB_STATUS_CHANGED , "dont care", "never mind"
2025-09-02 13:58:30,779 [INFO] Gpio:278 - dependency for GPIO [ADC1]
2025-09-02 13:58:30,876 [INFO] Gpio:278 - dependency for GPIO [ADC1]
2025-09-02 13:58:30,934 [INFO] Gpio:278 - dependency for GPIO [ADC1]
2025-09-02 13:58:34,664 [INFO] Gpio:278 - dependency for GPIO [ADC1]
2025-09-02 13:58:34,844 [INFO] Gpio:278 - dependency for GPIO [ADC1]
2025-09-02 13:58:37,637 [INFO] Gpio:278 - dependency for GPIO [ADC1]
2025-09-02 13:58:37,844 [INFO] Gpio:278 - dependency for GPIO [ADC1]
2025-09-02 13:58:40,111 [INFO] Gpio:278 - dependency for GPIO [ADC1]
2025-09-02 13:58:40,278 [INFO] Gpio:278 - dependency for GPIO [ADC1]
2025-09-02 13:58:50,391 [INFO] Gpio:278 - dependency for GPIO [ADC1]
2025-09-02 13:58:50,566 [INFO] Gpio:278 - dependency for GPIO [ADC1]
2025-09-02 13:59:08,775 [INFO] Gpio:278 - dependency for GPIO [ADC1]
2025-09-02 13:59:08,941 [INFO] Gpio:278 - dependency for GPIO [ADC1]
2025-09-02 13:59:20,675 [INFO] Gpio:278 - dependency for GPIO [ADC1]
2025-09-02 13:59:20,877 [INFO] Gpio:278 - dependency for GPIO [ADC1]
2025-09-02 13:59:26,173 [INFO] Gpio:278 - dependency for GPIO [ADC1]
2025-09-02 13:59:26,389 [INFO] Gpio:278 - dependency for GPIO [ADC1]
2025-09-02 13:59:56,427 [INFO] UtilMem:75 - End SaveConfig() Used Memory: 648644024 Bytes (1055916032)
2025-09-02 13:59:57,066 [INFO] UtilMem:75 - End SaveConfig() Used Memory: 696841088 Bytes (1055916032)
2025-09-02 13:59:57,707 [INFO] BlockDiagram:2775 - set Specific Code input for plugin: SYS
2025-09-02 13:59:57,707 [INFO] BlockDiagram:2775 - set Specific Code input for plugin: ADC
2025-09-02 13:59:57,707 [INFO] BlockDiagram:2775 - set Specific Code input for plugin: RCC
2025-09-02 13:59:57,707 [INFO] BlockDiagram:2775 - set Specific Code input for plugin: NVIC
2025-09-02 13:59:57,707 [INFO] BlockDiagram:2775 - set Specific Code input for plugin: CORTEX_M7
2025-09-02 13:59:57,708 [INFO] BlockDiagram:2775 - set Specific Code input for plugin: GPIO
2025-09-02 13:59:57,709 [INFO] CodeGenerator:892 - code generatio: config db path: C:\ST\STM32CubeIDE_1.19.0\STM32CubeIDE\plugins\com.st.stm32cube.common.mx_6.15.0.202507011659\\db\
2025-09-02 13:59:57,848 [INFO] CodeEngine:265 - oldGeneratedFile, C:\Users\USERIT\STM32CubeIDE\MAD_Lab\Special_Problem_1\MXTmpFiles\license.tmp_save
2025-09-02 13:59:58,145 [INFO] CodeEngine:289 - Generated code: C:\Users\USERIT\STM32CubeIDE\MAD_Lab\Special_Problem_1\MXTmpFiles\license.tmp
2025-09-02 13:59:58,200 [INFO] CodeEngine:265 - oldGeneratedFile, C:\Users\USERIT\STM32CubeIDE\MAD_Lab\Special_Problem_1\Core\Src\gpio.c_save
2025-09-02 13:59:58,412 [INFO] CodeEngine:289 - Generated code: C:\Users\USERIT\STM32CubeIDE\MAD_Lab\Special_Problem_1\Core\Src\gpio.c
2025-09-02 13:59:58,431 [INFO] CodeEngine:265 - oldGeneratedFile, C:\Users\USERIT\STM32CubeIDE\MAD_Lab\Special_Problem_1\Core\Inc\gpio.h_save
2025-09-02 13:59:58,540 [INFO] CodeEngine:289 - Generated code: C:\Users\USERIT\STM32CubeIDE\MAD_Lab\Special_Problem_1\Core\Inc\gpio.h
2025-09-02 13:59:58,688 [INFO] CodeEngine:265 - oldGeneratedFile, C:\Users\USERIT\STM32CubeIDE\MAD_Lab\Special_Problem_1\Core\Src\adc.c_save
2025-09-02 13:59:58,921 [INFO] CodeEngine:289 - Generated code: C:\Users\USERIT\STM32CubeIDE\MAD_Lab\Special_Problem_1\Core\Src\adc.c
2025-09-02 13:59:58,941 [INFO] CodeEngine:265 - oldGeneratedFile, C:\Users\USERIT\STM32CubeIDE\MAD_Lab\Special_Problem_1\Core\Inc\adc.h_save
2025-09-02 13:59:59,045 [INFO] CodeEngine:289 - Generated code: C:\Users\USERIT\STM32CubeIDE\MAD_Lab\Special_Problem_1\Core\Inc\adc.h
2025-09-02 13:59:59,068 [INFO] CodeEngine:265 - oldGeneratedFile, C:\Users\USERIT\STM32CubeIDE\MAD_Lab\Special_Problem_1\MXTmpFiles\cortex.tmp_save
2025-09-02 13:59:59,179 [INFO] CodeEngine:289 - Generated code: C:\Users\USERIT\STM32CubeIDE\MAD_Lab\Special_Problem_1\MXTmpFiles\cortex.tmp
2025-09-02 13:59:59,196 [INFO] CodeEngine:265 - oldGeneratedFile, C:\Users\USERIT\STM32CubeIDE\MAD_Lab\Special_Problem_1\Core\Src\stm32f7xx_it.c_save
2025-09-02 13:59:59,426 [INFO] CodeEngine:289 - Generated code: C:\Users\USERIT\STM32CubeIDE\MAD_Lab\Special_Problem_1\Core\Src\stm32f7xx_it.c
2025-09-02 13:59:59,445 [INFO] CodeEngine:265 - oldGeneratedFile, C:\Users\USERIT\STM32CubeIDE\MAD_Lab\Special_Problem_1\Core\Inc\stm32f7xx_it.h_save
2025-09-02 13:59:59,527 [INFO] CodeEngine:289 - Generated code: C:\Users\USERIT\STM32CubeIDE\MAD_Lab\Special_Problem_1\Core\Inc\stm32f7xx_it.h
2025-09-02 13:59:59,547 [INFO] CodeEngine:265 - oldGeneratedFile, C:\Users\USERIT\STM32CubeIDE\MAD_Lab\Special_Problem_1\Core\Src\stm32f7xx_hal_msp.c_save
2025-09-02 13:59:59,680 [INFO] CodeEngine:289 - Generated code: C:\Users\USERIT\STM32CubeIDE\MAD_Lab\Special_Problem_1\Core\Src\stm32f7xx_hal_msp.c
2025-09-02 13:59:59,686 [INFO] CodeEngine:265 - oldGeneratedFile, C:\Users\USERIT\STM32CubeIDE\MAD_Lab\Special_Problem_1\MXTmpFiles\system.tmp_save
2025-09-02 13:59:59,749 [INFO] CodeEngine:289 - Generated code: C:\Users\USERIT\STM32CubeIDE\MAD_Lab\Special_Problem_1\MXTmpFiles\system.tmp
2025-09-02 13:59:59,764 [INFO] CodeEngine:321 - oldGeneratedFile, C:\Users\USERIT\STM32CubeIDE\MAD_Lab\Special_Problem_1\Core\Inc\stm32f7xx_hal_conf.h_save
2025-09-02 13:59:59,917 [INFO] CodeEngine:345 - Generated code: C:\Users\USERIT\STM32CubeIDE\MAD_Lab\Special_Problem_1\Core\Inc\stm32f7xx_hal_conf.h
2025-09-02 13:59:59,952 [INFO] ApiDbMcu:532 - Load IP Config File for ADC1
2025-09-02 13:59:59,966 [INFO] CodeEngine:265 - oldGeneratedFile, C:\Users\USERIT\STM32CubeIDE\MAD_Lab\Special_Problem_1\Core\Inc\main.h_save
2025-09-02 14:00:00,150 [INFO] CodeEngine:289 - Generated code: C:\Users\USERIT\STM32CubeIDE\MAD_Lab\Special_Problem_1\Core\Inc\main.h
2025-09-02 14:00:00,158 [INFO] CodeEngine:265 - oldGeneratedFile, C:\Users\USERIT\STM32CubeIDE\MAD_Lab\Special_Problem_1\Core\Src\main.c_save
2025-09-02 14:00:00,320 [INFO] CodeEngine:289 - Generated code: C:\Users\USERIT\STM32CubeIDE\MAD_Lab\Special_Problem_1\Core\Src\main.c
2025-09-02 14:00:00,779 [INFO] ProjectBuilder:3606 - Time for Copy HAL[1] : 218mS.
2025-09-02 14:00:00,785 [INFO] ProjectBuilder:5216 - Project Generator version: 4.7.0-B52
2025-09-02 14:00:00,871 [INFO] ConfigFileManager:1595 - The Die is : DIE451
2025-09-02 14:00:02,177 [INFO] ProjectBuilder:5496 - Time for Generating toolchain IDE Files: 1393mS.
2025-09-02 14:00:02,179 [INFO] ProjectBuilder:3463 - Time for Copy CMSIS : 1mS.
2025-09-02 14:00:02,184 [INFO] ProjectBuilder:3463 - Time for Copy CMSIS : 1mS.
2025-09-02 14:02:33,697 [INFO] Gpio:278 - dependency for GPIO [ADC1]
2025-09-02 14:02:42,492 [INFO] Gpio:278 - dependency for GPIO [ADC1]
2025-09-02 14:03:36,065 [INFO] Gpio:278 - dependency for GPIO [ADC1]
2025-09-02 14:08:12,636 [INFO] UtilMem:75 - End SaveConfig() Used Memory: 704001736 Bytes (1055916032)
2025-09-02 14:08:13,307 [INFO] UtilMem:75 - End SaveConfig() Used Memory: 750747112 Bytes (1055916032)
2025-09-02 14:08:13,593 [INFO] BlockDiagram:2775 - set Specific Code input for plugin: SYS
2025-09-02 14:08:13,593 [INFO] BlockDiagram:2775 - set Specific Code input for plugin: ADC
2025-09-02 14:08:13,593 [INFO] BlockDiagram:2775 - set Specific Code input for plugin: RCC
2025-09-02 14:08:13,594 [INFO] BlockDiagram:2775 - set Specific Code input for plugin: NVIC
2025-09-02 14:08:13,594 [INFO] BlockDiagram:2775 - set Specific Code input for plugin: USART
2025-09-02 14:08:13,594 [INFO] BlockDiagram:2775 - set Specific Code input for plugin: CORTEX_M7
2025-09-02 14:08:13,594 [INFO] BlockDiagram:2775 - set Specific Code input for plugin: GPIO
2025-09-02 14:08:13,595 [INFO] CodeGenerator:892 - code generatio: config db path: C:\ST\STM32CubeIDE_1.19.0\STM32CubeIDE\plugins\com.st.stm32cube.common.mx_6.15.0.202507011659\\db\
2025-09-02 14:08:13,838 [INFO] CodeEngine:265 - oldGeneratedFile, C:\Users\USERIT\STM32CubeIDE\MAD_Lab\Special_Problem_1\MXTmpFiles\license.tmp_save
2025-09-02 14:08:14,069 [INFO] CodeEngine:289 - Generated code: C:\Users\USERIT\STM32CubeIDE\MAD_Lab\Special_Problem_1\MXTmpFiles\license.tmp
2025-09-02 14:08:14,108 [INFO] CodeEngine:265 - oldGeneratedFile, C:\Users\USERIT\STM32CubeIDE\MAD_Lab\Special_Problem_1\Core\Src\gpio.c_save
2025-09-02 14:08:14,336 [INFO] CodeEngine:289 - Generated code: C:\Users\USERIT\STM32CubeIDE\MAD_Lab\Special_Problem_1\Core\Src\gpio.c
2025-09-02 14:08:14,349 [INFO] CodeEngine:265 - oldGeneratedFile, C:\Users\USERIT\STM32CubeIDE\MAD_Lab\Special_Problem_1\Core\Inc\gpio.h_save
2025-09-02 14:08:14,438 [INFO] CodeEngine:289 - Generated code: C:\Users\USERIT\STM32CubeIDE\MAD_Lab\Special_Problem_1\Core\Inc\gpio.h
2025-09-02 14:08:14,609 [INFO] CodeEngine:265 - oldGeneratedFile, C:\Users\USERIT\STM32CubeIDE\MAD_Lab\Special_Problem_1\Core\Src\adc.c_save
2025-09-02 14:08:14,794 [INFO] CodeEngine:289 - Generated code: C:\Users\USERIT\STM32CubeIDE\MAD_Lab\Special_Problem_1\Core\Src\adc.c
2025-09-02 14:08:14,806 [INFO] CodeEngine:265 - oldGeneratedFile, C:\Users\USERIT\STM32CubeIDE\MAD_Lab\Special_Problem_1\Core\Inc\adc.h_save
2025-09-02 14:08:14,881 [INFO] CodeEngine:289 - Generated code: C:\Users\USERIT\STM32CubeIDE\MAD_Lab\Special_Problem_1\Core\Inc\adc.h
2025-09-02 14:08:14,894 [INFO] CodeEngine:265 - oldGeneratedFile, C:\Users\USERIT\STM32CubeIDE\MAD_Lab\Special_Problem_1\MXTmpFiles\cortex.tmp_save
2025-09-02 14:08:15,024 [INFO] CodeEngine:289 - Generated code: C:\Users\USERIT\STM32CubeIDE\MAD_Lab\Special_Problem_1\MXTmpFiles\cortex.tmp
2025-09-02 14:08:15,038 [INFO] CodeEngine:265 - oldGeneratedFile, C:\Users\USERIT\STM32CubeIDE\MAD_Lab\Special_Problem_1\Core\Src\usart.c_save
2025-09-02 14:08:15,211 [INFO] CodeEngine:289 - Generated code: C:\Users\USERIT\STM32CubeIDE\MAD_Lab\Special_Problem_1\Core\Src\usart.c
2025-09-02 14:08:15,230 [INFO] CodeEngine:265 - oldGeneratedFile, C:\Users\USERIT\STM32CubeIDE\MAD_Lab\Special_Problem_1\Core\Inc\usart.h_save
2025-09-02 14:08:15,311 [INFO] CodeEngine:289 - Generated code: C:\Users\USERIT\STM32CubeIDE\MAD_Lab\Special_Problem_1\Core\Inc\usart.h
2025-09-02 14:08:15,337 [INFO] CodeEngine:265 - oldGeneratedFile, C:\Users\USERIT\STM32CubeIDE\MAD_Lab\Special_Problem_1\Core\Src\stm32f7xx_it.c_save
2025-09-02 14:08:15,473 [INFO] CodeEngine:289 - Generated code: C:\Users\USERIT\STM32CubeIDE\MAD_Lab\Special_Problem_1\Core\Src\stm32f7xx_it.c
2025-09-02 14:08:15,481 [INFO] CodeEngine:265 - oldGeneratedFile, C:\Users\USERIT\STM32CubeIDE\MAD_Lab\Special_Problem_1\Core\Inc\stm32f7xx_it.h_save
2025-09-02 14:08:15,567 [INFO] CodeEngine:289 - Generated code: C:\Users\USERIT\STM32CubeIDE\MAD_Lab\Special_Problem_1\Core\Inc\stm32f7xx_it.h
2025-09-02 14:08:15,585 [INFO] CodeEngine:265 - oldGeneratedFile, C:\Users\USERIT\STM32CubeIDE\MAD_Lab\Special_Problem_1\Core\Src\stm32f7xx_hal_msp.c_save
2025-09-02 14:08:15,713 [INFO] CodeEngine:289 - Generated code: C:\Users\USERIT\STM32CubeIDE\MAD_Lab\Special_Problem_1\Core\Src\stm32f7xx_hal_msp.c
2025-09-02 14:08:15,720 [INFO] CodeEngine:265 - oldGeneratedFile, C:\Users\USERIT\STM32CubeIDE\MAD_Lab\Special_Problem_1\MXTmpFiles\system.tmp_save
2025-09-02 14:08:15,775 [INFO] CodeEngine:289 - Generated code: C:\Users\USERIT\STM32CubeIDE\MAD_Lab\Special_Problem_1\MXTmpFiles\system.tmp
2025-09-02 14:08:15,790 [INFO] CodeEngine:321 - oldGeneratedFile, C:\Users\USERIT\STM32CubeIDE\MAD_Lab\Special_Problem_1\Core\Inc\stm32f7xx_hal_conf.h_save
2025-09-02 14:08:15,943 [INFO] CodeEngine:345 - Generated code: C:\Users\USERIT\STM32CubeIDE\MAD_Lab\Special_Problem_1\Core\Inc\stm32f7xx_hal_conf.h
2025-09-02 14:08:15,979 [INFO] ApiDbMcu:532 - Load IP Config File for USART3
2025-09-02 14:08:15,991 [INFO] CodeEngine:265 - oldGeneratedFile, C:\Users\USERIT\STM32CubeIDE\MAD_Lab\Special_Problem_1\Core\Inc\main.h_save
2025-09-02 14:08:16,124 [INFO] CodeEngine:289 - Generated code: C:\Users\USERIT\STM32CubeIDE\MAD_Lab\Special_Problem_1\Core\Inc\main.h
2025-09-02 14:08:16,132 [INFO] CodeEngine:265 - oldGeneratedFile, C:\Users\USERIT\STM32CubeIDE\MAD_Lab\Special_Problem_1\Core\Src\main.c_save
2025-09-02 14:08:16,257 [INFO] CodeEngine:289 - Generated code: C:\Users\USERIT\STM32CubeIDE\MAD_Lab\Special_Problem_1\Core\Src\main.c
2025-09-02 14:08:16,605 [INFO] ProjectBuilder:3606 - Time for Copy HAL[1] : 185mS.
2025-09-02 14:08:16,609 [INFO] ProjectBuilder:5216 - Project Generator version: 4.7.0-B52
2025-09-02 14:08:16,679 [INFO] ConfigFileManager:1595 - The Die is : DIE451
2025-09-02 14:08:17,593 [INFO] ProjectBuilder:5496 - Time for Generating toolchain IDE Files: 984mS.
2025-09-02 14:08:17,594 [INFO] ProjectBuilder:3463 - Time for Copy CMSIS : 1mS.
2025-09-02 14:08:17,597 [INFO] ProjectBuilder:3463 - Time for Copy CMSIS : 0mS.
2025-09-02 14:08:43,292 [INFO] DmaTabbedPanel:205 - Cannot restore the selected Tab for DMA
2025-09-02 14:09:18,215 [INFO] ADCParametersView:116 -                Rank 1 : false
2025-09-02 14:09:18,269 [INFO] ADCParametersView:116 -                Rank 1 : false
2025-09-02 14:09:18,270 [INFO] ADCParametersView:116 -                Rank 1 : false
2025-09-02 14:09:18,270 [INFO] ADCParametersView:116 -                Rank 1 : false
2025-09-02 14:09:18,270 [INFO] ADCParametersView:116 -                Rank 1 : false
2025-09-02 14:09:18,270 [INFO] ADCParametersView:116 -                Rank 1 : false
2025-09-02 14:09:18,271 [INFO] ADCParametersView:116 -                Rank 1 : false
2025-09-02 14:09:18,271 [INFO] ADCParametersView:116 -                Rank 1 : false
2025-09-02 14:09:18,271 [INFO] ADCParametersView:116 -                Rank 1 : false
2025-09-02 14:09:18,271 [INFO] ADCParametersView:116 -                Rank 1 : false
2025-09-02 14:09:18,271 [INFO] ADCParametersView:116 -                Rank 1 : false
2025-09-02 14:09:18,271 [INFO] ADCParametersView:116 -                Rank 1 : false
2025-09-02 14:09:18,271 [INFO] ADCParametersView:116 -                Rank 1 : false
2025-09-02 14:09:18,271 [INFO] ADCParametersView:116 -                Rank 1 : false
2025-09-02 14:09:18,271 [INFO] ADCParametersView:116 -                Rank 1 : false
2025-09-02 14:09:18,314 [INFO] ADCParametersView:116 -                Rank 1 : false
2025-09-02 14:09:42,068 [INFO] NvicIntPanel:101 - NVIC parent = com.st.microxplorer.plugins.ip.nvic.MultiNvicIntPanel[,0,0,0x0,invalid,layout=javax.swing.BoxLayout,alignmentX=0.0,alignmentY=0.0,border=,flags=9,maximumSize=,minimumSize=,preferredSize=]
2025-09-02 14:09:42,130 [INFO] ADCParametersView:116 -                Rank 1 : false
2025-09-02 14:09:42,132 [INFO] ADCParametersView:116 -                Rank 1 : false
2025-09-02 14:09:42,132 [INFO] ADCParametersView:116 -                Rank 1 : false
2025-09-02 14:09:42,132 [INFO] ADCParametersView:116 -                Rank 1 : false
2025-09-02 14:09:42,132 [INFO] ADCParametersView:116 -                Rank 1 : false
2025-09-02 14:09:42,132 [INFO] ADCParametersView:116 -                Rank 1 : false
2025-09-02 14:09:42,132 [INFO] ADCParametersView:116 -                Rank 1 : false
2025-09-02 14:09:42,132 [INFO] ADCParametersView:116 -                Rank 1 : false
2025-09-02 14:09:42,132 [INFO] ADCParametersView:116 -                Rank 1 : false
2025-09-02 14:09:42,132 [INFO] ADCParametersView:116 -                Rank 1 : false
2025-09-02 14:09:42,133 [INFO] ADCParametersView:116 -                Rank 1 : false
2025-09-02 14:09:42,133 [INFO] ADCParametersView:116 -                Rank 1 : false
2025-09-02 14:09:42,133 [INFO] ADCParametersView:116 -                Rank 1 : false
2025-09-02 14:09:42,133 [INFO] ADCParametersView:116 -                Rank 1 : false
2025-09-02 14:09:42,170 [INFO] ADCParametersView:116 -                Rank 1 : false
2025-09-02 14:10:39,717 [INFO] SpinnerEditorADC:65 - is string kkkk
2025-09-02 14:10:45,932 [INFO] ParamManager:905 - [Generic UI] PropertyChangeEvent: TAB_STATUS_CHANGED , "dont care", "never mind"
2025-09-02 14:10:45,950 [INFO] NvicIntPanel:101 - NVIC parent = com.st.microxplorer.plugins.ip.nvic.MultiNvicIntPanel[,0,0,0x0,invalid,layout=javax.swing.BoxLayout,alignmentX=0.0,alignmentY=0.0,border=,flags=9,maximumSize=,minimumSize=,preferredSize=]
2025-09-02 14:10:46,062 [INFO] ParamManager:905 - [Generic UI] PropertyChangeEvent: TAB_STATUS_CHANGED , "dont care", "never mind"
2025-09-02 14:10:46,079 [INFO] NvicIntPanel:101 - NVIC parent = com.st.microxplorer.plugins.ip.nvic.MultiNvicIntPanel[,0,0,0x0,invalid,layout=javax.swing.BoxLayout,alignmentX=0.0,alignmentY=0.0,border=,flags=9,maximumSize=,minimumSize=,preferredSize=]
2025-09-02 14:10:46,204 [INFO] ParamManager:905 - [Generic UI] PropertyChangeEvent: TAB_STATUS_CHANGED , "dont care", "never mind"
2025-09-02 14:10:46,222 [INFO] NvicIntPanel:101 - NVIC parent = com.st.microxplorer.plugins.ip.nvic.MultiNvicIntPanel[,0,0,0x0,invalid,layout=javax.swing.BoxLayout,alignmentX=0.0,alignmentY=0.0,border=,flags=9,maximumSize=,minimumSize=,preferredSize=]
2025-09-02 14:10:46,370 [INFO] ParamManager:905 - [Generic UI] PropertyChangeEvent: TAB_STATUS_CHANGED , "dont care", "never mind"
2025-09-02 14:10:46,398 [INFO] NvicIntPanel:101 - NVIC parent = com.st.microxplorer.plugins.ip.nvic.MultiNvicIntPanel[,0,0,0x0,invalid,layout=javax.swing.BoxLayout,alignmentX=0.0,alignmentY=0.0,border=,flags=9,maximumSize=,minimumSize=,preferredSize=]
2025-09-02 14:10:46,596 [INFO] ParamManager:905 - [Generic UI] PropertyChangeEvent: TAB_STATUS_CHANGED , "dont care", "never mind"
2025-09-02 14:10:46,620 [INFO] NvicIntPanel:101 - NVIC parent = com.st.microxplorer.plugins.ip.nvic.MultiNvicIntPanel[,0,0,0x0,invalid,layout=javax.swing.BoxLayout,alignmentX=0.0,alignmentY=0.0,border=,flags=9,maximumSize=,minimumSize=,preferredSize=]
2025-09-02 14:10:46,736 [INFO] ParamManager:905 - [Generic UI] PropertyChangeEvent: TAB_STATUS_CHANGED , "dont care", "never mind"
2025-09-02 14:10:46,755 [INFO] NvicIntPanel:101 - NVIC parent = com.st.microxplorer.plugins.ip.nvic.MultiNvicIntPanel[,0,0,0x0,invalid,layout=javax.swing.BoxLayout,alignmentX=0.0,alignmentY=0.0,border=,flags=9,maximumSize=,minimumSize=,preferredSize=]
2025-09-02 14:10:46,893 [INFO] ParamManager:905 - [Generic UI] PropertyChangeEvent: TAB_STATUS_CHANGED , "dont care", "never mind"
2025-09-02 14:10:46,914 [INFO] NvicIntPanel:101 - NVIC parent = com.st.microxplorer.plugins.ip.nvic.MultiNvicIntPanel[,0,0,0x0,invalid,layout=javax.swing.BoxLayout,alignmentX=0.0,alignmentY=0.0,border=,flags=9,maximumSize=,minimumSize=,preferredSize=]
2025-09-02 14:10:47,052 [INFO] ParamManager:905 - [Generic UI] PropertyChangeEvent: TAB_STATUS_CHANGED , "dont care", "never mind"
2025-09-02 14:10:47,073 [INFO] NvicIntPanel:101 - NVIC parent = com.st.microxplorer.plugins.ip.nvic.MultiNvicIntPanel[,0,0,0x0,invalid,layout=javax.swing.BoxLayout,alignmentX=0.0,alignmentY=0.0,border=,flags=9,maximumSize=,minimumSize=,preferredSize=]
2025-09-02 14:10:47,204 [INFO] ParamManager:905 - [Generic UI] PropertyChangeEvent: TAB_STATUS_CHANGED , "dont care", "never mind"
2025-09-02 14:10:47,224 [INFO] NvicIntPanel:101 - NVIC parent = com.st.microxplorer.plugins.ip.nvic.MultiNvicIntPanel[,0,0,0x0,invalid,layout=javax.swing.BoxLayout,alignmentX=0.0,alignmentY=0.0,border=,flags=9,maximumSize=,minimumSize=,preferredSize=]
2025-09-02 14:10:47,347 [INFO] ParamManager:905 - [Generic UI] PropertyChangeEvent: TAB_STATUS_CHANGED , "dont care", "never mind"
2025-09-02 14:10:47,365 [INFO] NvicIntPanel:101 - NVIC parent = com.st.microxplorer.plugins.ip.nvic.MultiNvicIntPanel[,0,0,0x0,invalid,layout=javax.swing.BoxLayout,alignmentX=0.0,alignmentY=0.0,border=,flags=9,maximumSize=,minimumSize=,preferredSize=]
2025-09-02 14:10:47,516 [INFO] ParamManager:905 - [Generic UI] PropertyChangeEvent: TAB_STATUS_CHANGED , "dont care", "never mind"
2025-09-02 14:10:47,535 [INFO] NvicIntPanel:101 - NVIC parent = com.st.microxplorer.plugins.ip.nvic.MultiNvicIntPanel[,0,0,0x0,invalid,layout=javax.swing.BoxLayout,alignmentX=0.0,alignmentY=0.0,border=,flags=9,maximumSize=,minimumSize=,preferredSize=]
2025-09-02 14:10:47,656 [INFO] ParamManager:905 - [Generic UI] PropertyChangeEvent: TAB_STATUS_CHANGED , "dont care", "never mind"
2025-09-02 14:10:47,683 [INFO] NvicIntPanel:101 - NVIC parent = com.st.microxplorer.plugins.ip.nvic.MultiNvicIntPanel[,0,0,0x0,invalid,layout=javax.swing.BoxLayout,alignmentX=0.0,alignmentY=0.0,border=,flags=9,maximumSize=,minimumSize=,preferredSize=]
2025-09-02 14:10:47,829 [INFO] ParamManager:905 - [Generic UI] PropertyChangeEvent: TAB_STATUS_CHANGED , "dont care", "never mind"
2025-09-02 14:10:47,850 [INFO] NvicIntPanel:101 - NVIC parent = com.st.microxplorer.plugins.ip.nvic.MultiNvicIntPanel[,0,0,0x0,invalid,layout=javax.swing.BoxLayout,alignmentX=0.0,alignmentY=0.0,border=,flags=9,maximumSize=,minimumSize=,preferredSize=]
2025-09-02 14:10:47,995 [INFO] ParamManager:905 - [Generic UI] PropertyChangeEvent: TAB_STATUS_CHANGED , "dont care", "never mind"
2025-09-02 14:10:48,017 [INFO] NvicIntPanel:101 - NVIC parent = com.st.microxplorer.plugins.ip.nvic.MultiNvicIntPanel[,0,0,0x0,invalid,layout=javax.swing.BoxLayout,alignmentX=0.0,alignmentY=0.0,border=,flags=9,maximumSize=,minimumSize=,preferredSize=]
2025-09-02 14:10:48,208 [INFO] NvicIntPanel:101 - NVIC parent = com.st.microxplorer.plugins.ip.nvic.MultiNvicIntPanel[,0,0,0x0,invalid,layout=javax.swing.BoxLayout,alignmentX=0.0,alignmentY=0.0,border=,flags=9,maximumSize=,minimumSize=,preferredSize=]
2025-09-02 14:10:48,283 [INFO] ADCParametersView:116 -                Rank 1 : false
2025-09-02 14:10:48,285 [INFO] ADCParametersView:116 -                Rank 1 : false
2025-09-02 14:10:48,285 [INFO] ADCParametersView:116 -                Rank 1 : false
2025-09-02 14:10:48,285 [INFO] ADCParametersView:116 -                Rank 1 : false
2025-09-02 14:10:48,285 [INFO] ADCParametersView:116 -                Rank 1 : false
2025-09-02 14:10:48,286 [INFO] ADCParametersView:116 -                Rank 1 : false
2025-09-02 14:10:48,286 [INFO] ADCParametersView:116 -                Rank 1 : false
2025-09-02 14:10:48,286 [INFO] ADCParametersView:116 -                Rank 1 : false
2025-09-02 14:10:48,286 [INFO] ADCParametersView:116 -                Rank 1 : false
2025-09-02 14:10:48,286 [INFO] ADCParametersView:116 -                Rank 1 : false
2025-09-02 14:10:48,286 [INFO] ADCParametersView:116 -                Rank 1 : false
2025-09-02 14:10:48,286 [INFO] ADCParametersView:116 -                Rank 1 : false
2025-09-02 14:10:48,286 [INFO] ADCParametersView:116 -                Rank 1 : false
2025-09-02 14:10:48,286 [INFO] ADCParametersView:116 -                Rank 1 : false
2025-09-02 14:10:48,335 [INFO] ADCParametersView:116 -                Rank 1 : false
2025-09-02 14:10:48,335 [INFO] ADCParametersView:116 -                Rank 1 : false
2025-09-02 14:10:48,335 [INFO] ADCParametersView:116 -        *      Rank 2 : false
2025-09-02 14:10:48,335 [INFO] ADCParametersView:116 -                Rank 1 : false
2025-09-02 14:10:48,335 [INFO] ADCParametersView:116 -        *      Rank 2 : false
2025-09-02 14:10:48,335 [INFO] ADCParametersView:116 -        *      Rank 3 : false
2025-09-02 14:10:48,335 [INFO] ADCParametersView:116 -                Rank 1 : false
2025-09-02 14:10:48,335 [INFO] ADCParametersView:116 -        *      Rank 2 : false
2025-09-02 14:10:48,335 [INFO] ADCParametersView:116 -        *      Rank 3 : false
2025-09-02 14:10:48,336 [INFO] ADCParametersView:116 -        *      Rank 4 : false
2025-09-02 14:10:48,336 [INFO] ADCParametersView:116 -                Rank 1 : false
2025-09-02 14:10:48,336 [INFO] ADCParametersView:116 -        *      Rank 2 : false
2025-09-02 14:10:48,336 [INFO] ADCParametersView:116 -        *      Rank 3 : false
2025-09-02 14:10:48,336 [INFO] ADCParametersView:116 -        *      Rank 4 : false
2025-09-02 14:10:48,336 [INFO] ADCParametersView:116 -        *      Rank 5 : false
2025-09-02 14:10:48,336 [INFO] ADCParametersView:116 -                Rank 1 : false
2025-09-02 14:10:48,336 [INFO] ADCParametersView:116 -        *      Rank 2 : false
2025-09-02 14:10:48,336 [INFO] ADCParametersView:116 -        *      Rank 3 : false
2025-09-02 14:10:48,336 [INFO] ADCParametersView:116 -        *      Rank 4 : false
2025-09-02 14:10:48,336 [INFO] ADCParametersView:116 -        *      Rank 5 : false
2025-09-02 14:10:48,336 [INFO] ADCParametersView:116 -        *      Rank 6 : false
2025-09-02 14:10:48,336 [INFO] ADCParametersView:116 -                Rank 1 : false
2025-09-02 14:10:48,336 [INFO] ADCParametersView:116 -        *      Rank 2 : false
2025-09-02 14:10:48,336 [INFO] ADCParametersView:116 -        *      Rank 3 : false
2025-09-02 14:10:48,336 [INFO] ADCParametersView:116 -        *      Rank 4 : false
2025-09-02 14:10:48,337 [INFO] ADCParametersView:116 -        *      Rank 5 : false
2025-09-02 14:10:48,337 [INFO] ADCParametersView:116 -        *      Rank 6 : false
2025-09-02 14:10:48,337 [INFO] ADCParametersView:116 -        *      Rank 7 : false
2025-09-02 14:10:48,337 [INFO] ADCParametersView:116 -                Rank 1 : false
2025-09-02 14:10:48,337 [INFO] ADCParametersView:116 -        *      Rank 2 : false
2025-09-02 14:10:48,337 [INFO] ADCParametersView:116 -        *      Rank 3 : false
2025-09-02 14:10:48,337 [INFO] ADCParametersView:116 -        *      Rank 4 : false
2025-09-02 14:10:48,337 [INFO] ADCParametersView:116 -        *      Rank 5 : false
2025-09-02 14:10:48,337 [INFO] ADCParametersView:116 -        *      Rank 6 : false
2025-09-02 14:10:48,337 [INFO] ADCParametersView:116 -        *      Rank 7 : false
2025-09-02 14:10:48,337 [INFO] ADCParametersView:116 -        *      Rank 8 : false
2025-09-02 14:11:19,324 [INFO] ADCParametersView:116 -                Rank 1 : true
2025-09-02 14:11:19,324 [INFO] ADCParametersView:116 -        *      Rank 2 : false
2025-09-02 14:11:19,324 [INFO] ADCParametersView:116 -        *      Rank 3 : false
2025-09-02 14:11:19,324 [INFO] ADCParametersView:116 -        *      Rank 4 : false
2025-09-02 14:11:19,324 [INFO] ADCParametersView:116 -        *      Rank 5 : false
2025-09-02 14:11:19,324 [INFO] ADCParametersView:116 -        *      Rank 6 : false
2025-09-02 14:11:19,324 [INFO] ADCParametersView:116 -        *      Rank 7 : false
2025-09-02 14:11:19,325 [INFO] ADCParametersView:116 -        *      Rank 8 : false
2025-09-02 14:11:20,395 [INFO] ADCParametersView:116 -                Rank 1 : false
2025-09-02 14:11:20,395 [INFO] ADCParametersView:116 -        *      Rank 2 : false
2025-09-02 14:11:20,395 [INFO] ADCParametersView:116 -        *      Rank 3 : false
2025-09-02 14:11:20,395 [INFO] ADCParametersView:116 -        *      Rank 4 : false
2025-09-02 14:11:20,395 [INFO] ADCParametersView:116 -        *      Rank 5 : false
2025-09-02 14:11:20,395 [INFO] ADCParametersView:116 -        *      Rank 6 : false
2025-09-02 14:11:20,395 [INFO] ADCParametersView:116 -        *      Rank 7 : false
2025-09-02 14:11:20,395 [INFO] ADCParametersView:116 -        *      Rank 8 : false
2025-09-02 14:11:27,850 [INFO] ADCParametersView:116 -                Rank 1 : false
2025-09-02 14:11:27,850 [INFO] ADCParametersView:116 -        *      Rank 2 : true
2025-09-02 14:11:27,851 [INFO] ADCParametersView:116 -        *      Rank 3 : false
2025-09-02 14:11:27,851 [INFO] ADCParametersView:116 -        *      Rank 4 : false
2025-09-02 14:11:27,851 [INFO] ADCParametersView:116 -        *      Rank 5 : false
2025-09-02 14:11:27,851 [INFO] ADCParametersView:116 -        *      Rank 6 : false
2025-09-02 14:11:27,851 [INFO] ADCParametersView:116 -        *      Rank 7 : false
2025-09-02 14:11:27,851 [INFO] ADCParametersView:116 -        *      Rank 8 : false
2025-09-02 14:11:32,855 [INFO] ADCParametersView:116 -                Rank 1 : true
2025-09-02 14:11:32,855 [INFO] ADCParametersView:116 -        *      Rank 2 : true
2025-09-02 14:11:32,855 [INFO] ADCParametersView:116 -        *      Rank 3 : false
2025-09-02 14:11:32,855 [INFO] ADCParametersView:116 -        *      Rank 4 : false
2025-09-02 14:11:32,855 [INFO] ADCParametersView:116 -        *      Rank 5 : false
2025-09-02 14:11:32,855 [INFO] ADCParametersView:116 -        *      Rank 6 : false
2025-09-02 14:11:32,855 [INFO] ADCParametersView:116 -        *      Rank 7 : false
2025-09-02 14:11:32,855 [INFO] ADCParametersView:116 -        *      Rank 8 : false
2025-09-02 14:11:39,785 [INFO] ADCParametersView:116 -                Rank 1 : true
2025-09-02 14:11:39,785 [INFO] ADCParametersView:116 -        *      Rank 2 : true
2025-09-02 14:11:39,785 [INFO] ADCParametersView:116 -        *      Rank 3 : true
2025-09-02 14:11:39,785 [INFO] ADCParametersView:116 -        *      Rank 4 : false
2025-09-02 14:11:39,785 [INFO] ADCParametersView:116 -        *      Rank 5 : false
2025-09-02 14:11:39,785 [INFO] ADCParametersView:116 -        *      Rank 6 : false
2025-09-02 14:11:39,785 [INFO] ADCParametersView:116 -        *      Rank 7 : false
2025-09-02 14:11:39,785 [INFO] ADCParametersView:116 -        *      Rank 8 : false
2025-09-02 14:11:40,705 [INFO] ADCParametersView:116 -                Rank 1 : true
2025-09-02 14:11:40,705 [INFO] ADCParametersView:116 -        *      Rank 2 : true
2025-09-02 14:11:40,705 [INFO] ADCParametersView:116 -        *      Rank 3 : false
2025-09-02 14:11:40,705 [INFO] ADCParametersView:116 -        *      Rank 4 : false
2025-09-02 14:11:40,705 [INFO] ADCParametersView:116 -        *      Rank 5 : false
2025-09-02 14:11:40,705 [INFO] ADCParametersView:116 -        *      Rank 6 : false
2025-09-02 14:11:40,705 [INFO] ADCParametersView:116 -        *      Rank 7 : false
2025-09-02 14:11:40,705 [INFO] ADCParametersView:116 -        *      Rank 8 : false
2025-09-02 14:11:42,362 [INFO] ADCParametersView:116 -                Rank 1 : true
2025-09-02 14:11:42,363 [INFO] ADCParametersView:116 -        *      Rank 2 : true
2025-09-02 14:11:42,363 [INFO] ADCParametersView:116 -        *      Rank 3 : false
2025-09-02 14:11:42,363 [INFO] ADCParametersView:116 -        *      Rank 4 : false
2025-09-02 14:11:42,363 [INFO] ADCParametersView:116 -        *      Rank 5 : true
2025-09-02 14:11:42,363 [INFO] ADCParametersView:116 -        *      Rank 6 : false
2025-09-02 14:11:42,363 [INFO] ADCParametersView:116 -        *      Rank 7 : false
2025-09-02 14:11:42,363 [INFO] ADCParametersView:116 -        *      Rank 8 : false
2025-09-02 14:11:44,313 [INFO] ADCParametersView:116 -                Rank 1 : true
2025-09-02 14:11:44,313 [INFO] ADCParametersView:116 -        *      Rank 2 : true
2025-09-02 14:11:44,313 [INFO] ADCParametersView:116 -        *      Rank 3 : false
2025-09-02 14:11:44,313 [INFO] ADCParametersView:116 -        *      Rank 4 : false
2025-09-02 14:11:44,313 [INFO] ADCParametersView:116 -        *      Rank 5 : true
2025-09-02 14:11:44,313 [INFO] ADCParametersView:116 -        *      Rank 6 : false
2025-09-02 14:11:44,313 [INFO] ADCParametersView:116 -        *      Rank 7 : true
2025-09-02 14:11:44,313 [INFO] ADCParametersView:116 -        *      Rank 8 : false
2025-09-02 14:11:46,190 [INFO] ADCParametersView:116 -                Rank 1 : true
2025-09-02 14:11:46,190 [INFO] ADCParametersView:116 -        *      Rank 2 : true
2025-09-02 14:11:46,190 [INFO] ADCParametersView:116 -        *      Rank 3 : false
2025-09-02 14:11:46,190 [INFO] ADCParametersView:116 -        *      Rank 4 : false
2025-09-02 14:11:46,190 [INFO] ADCParametersView:116 -        *      Rank 5 : true
2025-09-02 14:11:46,190 [INFO] ADCParametersView:116 -        *      Rank 6 : true
2025-09-02 14:11:46,190 [INFO] ADCParametersView:116 -        *      Rank 7 : true
2025-09-02 14:11:46,190 [INFO] ADCParametersView:116 -        *      Rank 8 : false
2025-09-02 14:11:46,738 [INFO] ADCParametersView:116 -                Rank 1 : true
2025-09-02 14:11:46,738 [INFO] ADCParametersView:116 -        *      Rank 2 : true
2025-09-02 14:11:46,738 [INFO] ADCParametersView:116 -        *      Rank 3 : false
2025-09-02 14:11:46,738 [INFO] ADCParametersView:116 -        *      Rank 4 : false
2025-09-02 14:11:46,738 [INFO] ADCParametersView:116 -        *      Rank 5 : true
2025-09-02 14:11:46,738 [INFO] ADCParametersView:116 -        *      Rank 6 : false
2025-09-02 14:11:46,738 [INFO] ADCParametersView:116 -        *      Rank 7 : true
2025-09-02 14:11:46,738 [INFO] ADCParametersView:116 -        *      Rank 8 : false
2025-09-02 14:11:47,732 [INFO] ADCParametersView:116 -                Rank 1 : true
2025-09-02 14:11:47,733 [INFO] ADCParametersView:116 -        *      Rank 2 : true
2025-09-02 14:11:47,733 [INFO] ADCParametersView:116 -        *      Rank 3 : false
2025-09-02 14:11:47,733 [INFO] ADCParametersView:116 -        *      Rank 4 : false
2025-09-02 14:11:47,733 [INFO] ADCParametersView:116 -        *      Rank 5 : true
2025-09-02 14:11:47,733 [INFO] ADCParametersView:116 -        *      Rank 6 : false
2025-09-02 14:11:47,733 [INFO] ADCParametersView:116 -        *      Rank 7 : false
2025-09-02 14:11:47,733 [INFO] ADCParametersView:116 -        *      Rank 8 : false
2025-09-02 14:12:29,185 [INFO] ADCParametersView:116 -                Rank 1 : true
2025-09-02 14:12:29,185 [INFO] ADCParametersView:116 -        *      Rank 2 : false
2025-09-02 14:12:29,185 [INFO] ADCParametersView:116 -        *      Rank 3 : false
2025-09-02 14:12:29,185 [INFO] ADCParametersView:116 -        *      Rank 4 : false
2025-09-02 14:12:29,185 [INFO] ADCParametersView:116 -        *      Rank 5 : true
2025-09-02 14:12:29,185 [INFO] ADCParametersView:116 -        *      Rank 6 : false
2025-09-02 14:12:29,185 [INFO] ADCParametersView:116 -        *      Rank 7 : false
2025-09-02 14:12:29,185 [INFO] ADCParametersView:116 -        *      Rank 8 : false
2025-09-02 14:12:30,201 [INFO] ADCParametersView:116 -                Rank 1 : true
2025-09-02 14:12:30,201 [INFO] ADCParametersView:116 -        *      Rank 2 : false
2025-09-02 14:12:30,201 [INFO] ADCParametersView:116 -        *      Rank 3 : false
2025-09-02 14:12:30,201 [INFO] ADCParametersView:116 -        *      Rank 4 : false
2025-09-02 14:12:30,201 [INFO] ADCParametersView:116 -        *      Rank 5 : false
2025-09-02 14:12:30,201 [INFO] ADCParametersView:116 -        *      Rank 6 : false
2025-09-02 14:12:30,201 [INFO] ADCParametersView:116 -        *      Rank 7 : false
2025-09-02 14:12:30,201 [INFO] ADCParametersView:116 -        *      Rank 8 : false
2025-09-02 14:12:36,894 [INFO] ADCParametersView:116 -                Rank 1 : false
2025-09-02 14:12:36,894 [INFO] ADCParametersView:116 -        *      Rank 2 : false
2025-09-02 14:12:36,895 [INFO] ADCParametersView:116 -        *      Rank 3 : false
2025-09-02 14:12:36,895 [INFO] ADCParametersView:116 -        *      Rank 4 : false
2025-09-02 14:12:36,895 [INFO] ADCParametersView:116 -        *      Rank 5 : false
2025-09-02 14:12:36,895 [INFO] ADCParametersView:116 -        *      Rank 6 : false
2025-09-02 14:12:36,895 [INFO] ADCParametersView:116 -        *      Rank 7 : false
2025-09-02 14:12:36,895 [INFO] ADCParametersView:116 -        *      Rank 8 : false
2025-09-02 14:12:37,627 [INFO] ADCParametersView:116 -                Rank 1 : true
2025-09-02 14:12:37,627 [INFO] ADCParametersView:116 -        *      Rank 2 : false
2025-09-02 14:12:37,627 [INFO] ADCParametersView:116 -        *      Rank 3 : false
2025-09-02 14:12:37,627 [INFO] ADCParametersView:116 -        *      Rank 4 : false
2025-09-02 14:12:37,627 [INFO] ADCParametersView:116 -        *      Rank 5 : false
2025-09-02 14:12:37,627 [INFO] ADCParametersView:116 -        *      Rank 6 : false
2025-09-02 14:12:37,627 [INFO] ADCParametersView:116 -        *      Rank 7 : false
2025-09-02 14:12:37,627 [INFO] ADCParametersView:116 -        *      Rank 8 : false
2025-09-02 14:12:41,145 [INFO] NvicIntPanel:101 - NVIC parent = com.st.microxplorer.plugins.ip.nvic.MultiNvicIntPanel[,0,0,0x0,invalid,layout=javax.swing.BoxLayout,alignmentX=0.0,alignmentY=0.0,border=,flags=9,maximumSize=,minimumSize=,preferredSize=]
2025-09-02 14:12:41,212 [INFO] ADCParametersView:116 -                Rank 1 : true
2025-09-02 14:12:41,212 [INFO] ADCParametersView:116 -        *      Rank 2 : false
2025-09-02 14:12:41,212 [INFO] ADCParametersView:116 -        *      Rank 3 : false
2025-09-02 14:12:41,212 [INFO] ADCParametersView:116 -        *      Rank 4 : false
2025-09-02 14:12:41,212 [INFO] ADCParametersView:116 -        *      Rank 5 : false
2025-09-02 14:12:41,212 [INFO] ADCParametersView:116 -        *      Rank 6 : false
2025-09-02 14:12:41,212 [INFO] ADCParametersView:116 -        *      Rank 7 : false
2025-09-02 14:12:41,212 [INFO] ADCParametersView:116 -        *      Rank 8 : false
2025-09-02 14:12:41,213 [INFO] ADCParametersView:116 -                Rank 1 : true
2025-09-02 14:12:41,213 [INFO] ADCParametersView:116 -        *      Rank 2 : false
2025-09-02 14:12:41,214 [INFO] ADCParametersView:116 -        *      Rank 3 : false
2025-09-02 14:12:41,214 [INFO] ADCParametersView:116 -        *      Rank 4 : false
2025-09-02 14:12:41,214 [INFO] ADCParametersView:116 -        *      Rank 5 : false
2025-09-02 14:12:41,214 [INFO] ADCParametersView:116 -        *      Rank 6 : false
2025-09-02 14:12:41,214 [INFO] ADCParametersView:116 -        *      Rank 7 : false
2025-09-02 14:12:41,214 [INFO] ADCParametersView:116 -        *      Rank 8 : false
2025-09-02 14:12:41,214 [INFO] ADCParametersView:116 -                Rank 1 : true
2025-09-02 14:12:41,214 [INFO] ADCParametersView:116 -        *      Rank 2 : false
2025-09-02 14:12:41,214 [INFO] ADCParametersView:116 -        *      Rank 3 : false
2025-09-02 14:12:41,214 [INFO] ADCParametersView:116 -        *      Rank 4 : false
2025-09-02 14:12:41,214 [INFO] ADCParametersView:116 -        *      Rank 5 : false
2025-09-02 14:12:41,214 [INFO] ADCParametersView:116 -        *      Rank 6 : false
2025-09-02 14:12:41,214 [INFO] ADCParametersView:116 -        *      Rank 7 : false
2025-09-02 14:12:41,214 [INFO] ADCParametersView:116 -        *      Rank 8 : false
2025-09-02 14:12:41,214 [INFO] ADCParametersView:116 -                Rank 1 : true
2025-09-02 14:12:41,214 [INFO] ADCParametersView:116 -        *      Rank 2 : false
2025-09-02 14:12:41,214 [INFO] ADCParametersView:116 -        *      Rank 3 : false
2025-09-02 14:12:41,214 [INFO] ADCParametersView:116 -        *      Rank 4 : false
2025-09-02 14:12:41,214 [INFO] ADCParametersView:116 -        *      Rank 5 : false
2025-09-02 14:12:41,214 [INFO] ADCParametersView:116 -        *      Rank 6 : false
2025-09-02 14:12:41,214 [INFO] ADCParametersView:116 -        *      Rank 7 : false
2025-09-02 14:12:41,214 [INFO] ADCParametersView:116 -        *      Rank 8 : false
2025-09-02 14:12:41,214 [INFO] ADCParametersView:116 -                Rank 1 : true
2025-09-02 14:12:41,214 [INFO] ADCParametersView:116 -        *      Rank 2 : false
2025-09-02 14:12:41,214 [INFO] ADCParametersView:116 -        *      Rank 3 : false
2025-09-02 14:12:41,214 [INFO] ADCParametersView:116 -        *      Rank 4 : false
2025-09-02 14:12:41,214 [INFO] ADCParametersView:116 -        *      Rank 5 : false
2025-09-02 14:12:41,214 [INFO] ADCParametersView:116 -        *      Rank 6 : false
2025-09-02 14:12:41,214 [INFO] ADCParametersView:116 -        *      Rank 7 : false
2025-09-02 14:12:41,214 [INFO] ADCParametersView:116 -        *      Rank 8 : false
2025-09-02 14:12:41,214 [INFO] ADCParametersView:116 -                Rank 1 : true
2025-09-02 14:12:41,214 [INFO] ADCParametersView:116 -        *      Rank 2 : false
2025-09-02 14:12:41,215 [INFO] ADCParametersView:116 -        *      Rank 3 : false
2025-09-02 14:12:41,215 [INFO] ADCParametersView:116 -        *      Rank 4 : false
2025-09-02 14:12:41,215 [INFO] ADCParametersView:116 -        *      Rank 5 : false
2025-09-02 14:12:41,215 [INFO] ADCParametersView:116 -        *      Rank 6 : false
2025-09-02 14:12:41,215 [INFO] ADCParametersView:116 -        *      Rank 7 : false
2025-09-02 14:12:41,215 [INFO] ADCParametersView:116 -        *      Rank 8 : false
2025-09-02 14:12:41,215 [INFO] ADCParametersView:116 -                Rank 1 : true
2025-09-02 14:12:41,215 [INFO] ADCParametersView:116 -        *      Rank 2 : false
2025-09-02 14:12:41,215 [INFO] ADCParametersView:116 -        *      Rank 3 : false
2025-09-02 14:12:41,215 [INFO] ADCParametersView:116 -        *      Rank 4 : false
2025-09-02 14:12:41,215 [INFO] ADCParametersView:116 -        *      Rank 5 : false
2025-09-02 14:12:41,215 [INFO] ADCParametersView:116 -        *      Rank 6 : false
2025-09-02 14:12:41,215 [INFO] ADCParametersView:116 -        *      Rank 7 : false
2025-09-02 14:12:41,215 [INFO] ADCParametersView:116 -        *      Rank 8 : false
2025-09-02 14:12:41,215 [INFO] ADCParametersView:116 -                Rank 1 : true
2025-09-02 14:12:41,215 [INFO] ADCParametersView:116 -        *      Rank 2 : false
2025-09-02 14:12:41,215 [INFO] ADCParametersView:116 -        *      Rank 3 : false
2025-09-02 14:12:41,215 [INFO] ADCParametersView:116 -        *      Rank 4 : false
2025-09-02 14:12:41,215 [INFO] ADCParametersView:116 -        *      Rank 5 : false
2025-09-02 14:12:41,215 [INFO] ADCParametersView:116 -        *      Rank 6 : false
2025-09-02 14:12:41,215 [INFO] ADCParametersView:116 -        *      Rank 7 : false
2025-09-02 14:12:41,215 [INFO] ADCParametersView:116 -        *      Rank 8 : false
2025-09-02 14:12:41,215 [INFO] ADCParametersView:116 -                Rank 1 : true
2025-09-02 14:12:41,215 [INFO] ADCParametersView:116 -        *      Rank 2 : false
2025-09-02 14:12:41,215 [INFO] ADCParametersView:116 -        *      Rank 3 : false
2025-09-02 14:12:41,215 [INFO] ADCParametersView:116 -        *      Rank 4 : false
2025-09-02 14:12:41,215 [INFO] ADCParametersView:116 -        *      Rank 5 : false
2025-09-02 14:12:41,215 [INFO] ADCParametersView:116 -        *      Rank 6 : false
2025-09-02 14:12:41,215 [INFO] ADCParametersView:116 -        *      Rank 7 : false
2025-09-02 14:12:41,215 [INFO] ADCParametersView:116 -        *      Rank 8 : false
2025-09-02 14:12:41,216 [INFO] ADCParametersView:116 -                Rank 1 : true
2025-09-02 14:12:41,216 [INFO] ADCParametersView:116 -        *      Rank 2 : false
2025-09-02 14:12:41,216 [INFO] ADCParametersView:116 -        *      Rank 3 : false
2025-09-02 14:12:41,216 [INFO] ADCParametersView:116 -        *      Rank 4 : false
2025-09-02 14:12:41,216 [INFO] ADCParametersView:116 -        *      Rank 5 : false
2025-09-02 14:12:41,216 [INFO] ADCParametersView:116 -        *      Rank 6 : false
2025-09-02 14:12:41,216 [INFO] ADCParametersView:116 -        *      Rank 7 : false
2025-09-02 14:12:41,216 [INFO] ADCParametersView:116 -        *      Rank 8 : false
2025-09-02 14:12:41,216 [INFO] ADCParametersView:116 -                Rank 1 : true
2025-09-02 14:12:41,216 [INFO] ADCParametersView:116 -        *      Rank 2 : false
2025-09-02 14:12:41,216 [INFO] ADCParametersView:116 -        *      Rank 3 : false
2025-09-02 14:12:41,216 [INFO] ADCParametersView:116 -        *      Rank 4 : false
2025-09-02 14:12:41,216 [INFO] ADCParametersView:116 -        *      Rank 5 : false
2025-09-02 14:12:41,216 [INFO] ADCParametersView:116 -        *      Rank 6 : false
2025-09-02 14:12:41,216 [INFO] ADCParametersView:116 -        *      Rank 7 : false
2025-09-02 14:12:41,216 [INFO] ADCParametersView:116 -        *      Rank 8 : false
2025-09-02 14:12:41,217 [INFO] ADCParametersView:116 -                Rank 1 : true
2025-09-02 14:12:41,217 [INFO] ADCParametersView:116 -        *      Rank 2 : false
2025-09-02 14:12:41,217 [INFO] ADCParametersView:116 -        *      Rank 3 : false
2025-09-02 14:12:41,217 [INFO] ADCParametersView:116 -        *      Rank 4 : false
2025-09-02 14:12:41,217 [INFO] ADCParametersView:116 -        *      Rank 5 : false
2025-09-02 14:12:41,217 [INFO] ADCParametersView:116 -        *      Rank 6 : false
2025-09-02 14:12:41,217 [INFO] ADCParametersView:116 -        *      Rank 7 : false
2025-09-02 14:12:41,217 [INFO] ADCParametersView:116 -        *      Rank 8 : false
2025-09-02 14:12:41,217 [INFO] ADCParametersView:116 -                Rank 1 : true
2025-09-02 14:12:41,217 [INFO] ADCParametersView:116 -        *      Rank 2 : false
2025-09-02 14:12:41,217 [INFO] ADCParametersView:116 -        *      Rank 3 : false
2025-09-02 14:12:41,217 [INFO] ADCParametersView:116 -        *      Rank 4 : false
2025-09-02 14:12:41,217 [INFO] ADCParametersView:116 -        *      Rank 5 : false
2025-09-02 14:12:41,217 [INFO] ADCParametersView:116 -        *      Rank 6 : false
2025-09-02 14:12:41,217 [INFO] ADCParametersView:116 -        *      Rank 7 : false
2025-09-02 14:12:41,217 [INFO] ADCParametersView:116 -        *      Rank 8 : false
2025-09-02 14:12:41,217 [INFO] ADCParametersView:116 -                Rank 1 : true
2025-09-02 14:12:41,217 [INFO] ADCParametersView:116 -        *      Rank 2 : false
2025-09-02 14:12:41,217 [INFO] ADCParametersView:116 -        *      Rank 3 : false
2025-09-02 14:12:41,217 [INFO] ADCParametersView:116 -        *      Rank 4 : false
2025-09-02 14:12:41,217 [INFO] ADCParametersView:116 -        *      Rank 5 : false
2025-09-02 14:12:41,217 [INFO] ADCParametersView:116 -        *      Rank 6 : false
2025-09-02 14:12:41,217 [INFO] ADCParametersView:116 -        *      Rank 7 : false
2025-09-02 14:12:41,217 [INFO] ADCParametersView:116 -        *      Rank 8 : false
2025-09-02 14:12:41,217 [INFO] ADCParametersView:116 -        *      Rank 2 : false
2025-09-02 14:12:41,217 [INFO] ADCParametersView:116 -        *      Rank 3 : false
2025-09-02 14:12:41,217 [INFO] ADCParametersView:116 -        *      Rank 4 : false
2025-09-02 14:12:41,217 [INFO] ADCParametersView:116 -        *      Rank 5 : false
2025-09-02 14:12:41,217 [INFO] ADCParametersView:116 -        *      Rank 6 : false
2025-09-02 14:12:41,217 [INFO] ADCParametersView:116 -        *      Rank 7 : false
2025-09-02 14:12:41,217 [INFO] ADCParametersView:116 -        *      Rank 8 : false
2025-09-02 14:12:41,217 [INFO] ADCParametersView:116 -        *      Rank 3 : false
2025-09-02 14:12:41,217 [INFO] ADCParametersView:116 -        *      Rank 4 : false
2025-09-02 14:12:41,217 [INFO] ADCParametersView:116 -        *      Rank 5 : false
2025-09-02 14:12:41,217 [INFO] ADCParametersView:116 -        *      Rank 6 : false
2025-09-02 14:12:41,217 [INFO] ADCParametersView:116 -        *      Rank 7 : false
2025-09-02 14:12:41,217 [INFO] ADCParametersView:116 -        *      Rank 8 : false
2025-09-02 14:12:41,218 [INFO] ADCParametersView:116 -        *      Rank 4 : false
2025-09-02 14:12:41,218 [INFO] ADCParametersView:116 -        *      Rank 5 : false
2025-09-02 14:12:41,218 [INFO] ADCParametersView:116 -        *      Rank 6 : false
2025-09-02 14:12:41,218 [INFO] ADCParametersView:116 -        *      Rank 7 : false
2025-09-02 14:12:41,218 [INFO] ADCParametersView:116 -        *      Rank 8 : false
2025-09-02 14:12:41,218 [INFO] ADCParametersView:116 -        *      Rank 5 : false
2025-09-02 14:12:41,218 [INFO] ADCParametersView:116 -        *      Rank 6 : false
2025-09-02 14:12:41,218 [INFO] ADCParametersView:116 -        *      Rank 7 : false
2025-09-02 14:12:41,218 [INFO] ADCParametersView:116 -        *      Rank 8 : false
2025-09-02 14:12:41,218 [INFO] ADCParametersView:116 -        *      Rank 6 : false
2025-09-02 14:12:41,218 [INFO] ADCParametersView:116 -        *      Rank 7 : false
2025-09-02 14:12:41,218 [INFO] ADCParametersView:116 -        *      Rank 8 : false
2025-09-02 14:12:41,218 [INFO] ADCParametersView:116 -        *      Rank 7 : false
2025-09-02 14:12:41,218 [INFO] ADCParametersView:116 -        *      Rank 8 : false
2025-09-02 14:12:41,218 [INFO] ADCParametersView:116 -        *      Rank 8 : false
2025-09-02 14:12:41,272 [INFO] ADCParametersView:116 -                Rank 1 : true
2025-09-02 14:12:41,272 [INFO] ADCParametersView:116 -                Rank 1 : true
2025-09-02 14:12:41,272 [INFO] ADCParametersView:116 -                Rank 2 : false
2025-09-02 14:12:41,272 [INFO] ADCParametersView:116 -                Rank 1 : true
2025-09-02 14:12:41,272 [INFO] ADCParametersView:116 -                Rank 2 : false
2025-09-02 14:12:41,272 [INFO] ADCParametersView:116 -                Rank 3 : false
2025-09-02 14:12:41,273 [INFO] ADCParametersView:116 -                Rank 1 : true
2025-09-02 14:12:41,273 [INFO] ADCParametersView:116 -                Rank 2 : false
2025-09-02 14:12:41,273 [INFO] ADCParametersView:116 -                Rank 3 : false
2025-09-02 14:12:41,273 [INFO] ADCParametersView:116 -                Rank 4 : false
2025-09-02 14:12:41,273 [INFO] ADCParametersView:116 -                Rank 1 : true
2025-09-02 14:12:41,273 [INFO] ADCParametersView:116 -                Rank 2 : false
2025-09-02 14:12:41,273 [INFO] ADCParametersView:116 -                Rank 3 : false
2025-09-02 14:12:41,273 [INFO] ADCParametersView:116 -                Rank 4 : false
2025-09-02 14:12:41,273 [INFO] ADCParametersView:116 -                Rank 5 : false
2025-09-02 14:12:41,273 [INFO] ADCParametersView:116 -                Rank 1 : true
2025-09-02 14:12:41,273 [INFO] ADCParametersView:116 -                Rank 2 : false
2025-09-02 14:12:41,273 [INFO] ADCParametersView:116 -                Rank 3 : false
2025-09-02 14:12:41,273 [INFO] ADCParametersView:116 -                Rank 4 : false
2025-09-02 14:12:41,273 [INFO] ADCParametersView:116 -                Rank 5 : false
2025-09-02 14:12:41,273 [INFO] ADCParametersView:116 -                Rank 6 : false
2025-09-02 14:12:41,273 [INFO] ADCParametersView:116 -                Rank 1 : true
2025-09-02 14:12:41,274 [INFO] ADCParametersView:116 -                Rank 2 : false
2025-09-02 14:12:41,274 [INFO] ADCParametersView:116 -                Rank 3 : false
2025-09-02 14:12:41,274 [INFO] ADCParametersView:116 -                Rank 4 : false
2025-09-02 14:12:41,274 [INFO] ADCParametersView:116 -                Rank 5 : false
2025-09-02 14:12:41,274 [INFO] ADCParametersView:116 -                Rank 6 : false
2025-09-02 14:12:41,274 [INFO] ADCParametersView:116 -                Rank 7 : false
2025-09-02 14:12:41,274 [INFO] ADCParametersView:116 -                Rank 1 : true
2025-09-02 14:12:41,274 [INFO] ADCParametersView:116 -                Rank 2 : false
2025-09-02 14:12:41,274 [INFO] ADCParametersView:116 -                Rank 3 : false
2025-09-02 14:12:41,274 [INFO] ADCParametersView:116 -                Rank 4 : false
2025-09-02 14:12:41,274 [INFO] ADCParametersView:116 -                Rank 5 : false
2025-09-02 14:12:41,274 [INFO] ADCParametersView:116 -                Rank 6 : false
2025-09-02 14:12:41,274 [INFO] ADCParametersView:116 -                Rank 7 : false
2025-09-02 14:12:41,274 [INFO] ADCParametersView:116 -                Rank 8 : false
2025-09-02 14:12:43,278 [INFO] ADCParametersView:116 -                Rank 1 : false
2025-09-02 14:12:43,278 [INFO] ADCParametersView:116 -                Rank 2 : false
2025-09-02 14:12:43,279 [INFO] ADCParametersView:116 -                Rank 3 : false
2025-09-02 14:12:43,279 [INFO] ADCParametersView:116 -                Rank 4 : false
2025-09-02 14:12:43,279 [INFO] ADCParametersView:116 -                Rank 5 : false
2025-09-02 14:12:43,279 [INFO] ADCParametersView:116 -                Rank 6 : false
2025-09-02 14:12:43,279 [INFO] ADCParametersView:116 -                Rank 7 : false
2025-09-02 14:12:43,279 [INFO] ADCParametersView:116 -                Rank 8 : false
2025-09-02 14:12:44,118 [INFO] ADCParametersView:116 -                Rank 1 : false
2025-09-02 14:12:44,118 [INFO] ADCParametersView:116 -                Rank 2 : true
2025-09-02 14:12:44,118 [INFO] ADCParametersView:116 -                Rank 3 : false
2025-09-02 14:12:44,118 [INFO] ADCParametersView:116 -                Rank 4 : false
2025-09-02 14:12:44,118 [INFO] ADCParametersView:116 -                Rank 5 : false
2025-09-02 14:12:44,118 [INFO] ADCParametersView:116 -                Rank 6 : false
2025-09-02 14:12:44,118 [INFO] ADCParametersView:116 -                Rank 7 : false
2025-09-02 14:12:44,118 [INFO] ADCParametersView:116 -                Rank 8 : false
2025-09-02 14:12:47,094 [INFO] NvicIntPanel:101 - NVIC parent = com.st.microxplorer.plugins.ip.nvic.MultiNvicIntPanel[,0,0,0x0,invalid,layout=javax.swing.BoxLayout,alignmentX=0.0,alignmentY=0.0,border=,flags=9,maximumSize=,minimumSize=,preferredSize=]
2025-09-02 14:12:47,162 [INFO] ADCParametersView:116 -                Rank 1 : false
2025-09-02 14:12:47,162 [INFO] ADCParametersView:116 -                Rank 2 : true
2025-09-02 14:12:47,163 [INFO] ADCParametersView:116 -                Rank 3 : false
2025-09-02 14:12:47,163 [INFO] ADCParametersView:116 -                Rank 4 : false
2025-09-02 14:12:47,163 [INFO] ADCParametersView:116 -                Rank 5 : false
2025-09-02 14:12:47,163 [INFO] ADCParametersView:116 -                Rank 6 : false
2025-09-02 14:12:47,163 [INFO] ADCParametersView:116 -                Rank 7 : false
2025-09-02 14:12:47,163 [INFO] ADCParametersView:116 -                Rank 8 : false
2025-09-02 14:12:47,166 [INFO] ADCParametersView:116 -                Rank 1 : false
2025-09-02 14:12:47,166 [INFO] ADCParametersView:116 -                Rank 2 : true
2025-09-02 14:12:47,166 [INFO] ADCParametersView:116 -                Rank 3 : false
2025-09-02 14:12:47,166 [INFO] ADCParametersView:116 -                Rank 4 : false
2025-09-02 14:12:47,166 [INFO] ADCParametersView:116 -                Rank 5 : false
2025-09-02 14:12:47,166 [INFO] ADCParametersView:116 -                Rank 6 : false
2025-09-02 14:12:47,166 [INFO] ADCParametersView:116 -                Rank 7 : false
2025-09-02 14:12:47,166 [INFO] ADCParametersView:116 -                Rank 8 : false
2025-09-02 14:12:47,166 [INFO] ADCParametersView:116 -                Rank 1 : false
2025-09-02 14:12:47,166 [INFO] ADCParametersView:116 -                Rank 2 : true
2025-09-02 14:12:47,166 [INFO] ADCParametersView:116 -                Rank 3 : false
2025-09-02 14:12:47,166 [INFO] ADCParametersView:116 -                Rank 4 : false
2025-09-02 14:12:47,166 [INFO] ADCParametersView:116 -                Rank 5 : false
2025-09-02 14:12:47,166 [INFO] ADCParametersView:116 -                Rank 6 : false
2025-09-02 14:12:47,166 [INFO] ADCParametersView:116 -                Rank 7 : false
2025-09-02 14:12:47,166 [INFO] ADCParametersView:116 -                Rank 8 : false
2025-09-02 14:12:47,166 [INFO] ADCParametersView:116 -                Rank 1 : false
2025-09-02 14:12:47,167 [INFO] ADCParametersView:116 -                Rank 2 : true
2025-09-02 14:12:47,167 [INFO] ADCParametersView:116 -                Rank 3 : false
2025-09-02 14:12:47,167 [INFO] ADCParametersView:116 -                Rank 4 : false
2025-09-02 14:12:47,167 [INFO] ADCParametersView:116 -                Rank 5 : false
2025-09-02 14:12:47,167 [INFO] ADCParametersView:116 -                Rank 6 : false
2025-09-02 14:12:47,167 [INFO] ADCParametersView:116 -                Rank 7 : false
2025-09-02 14:12:47,167 [INFO] ADCParametersView:116 -                Rank 8 : false
2025-09-02 14:12:47,167 [INFO] ADCParametersView:116 -                Rank 1 : false
2025-09-02 14:12:47,167 [INFO] ADCParametersView:116 -                Rank 2 : true
2025-09-02 14:12:47,167 [INFO] ADCParametersView:116 -                Rank 3 : false
2025-09-02 14:12:47,167 [INFO] ADCParametersView:116 -                Rank 4 : false
2025-09-02 14:12:47,167 [INFO] ADCParametersView:116 -                Rank 5 : false
2025-09-02 14:12:47,167 [INFO] ADCParametersView:116 -                Rank 6 : false
2025-09-02 14:12:47,167 [INFO] ADCParametersView:116 -                Rank 7 : false
2025-09-02 14:12:47,167 [INFO] ADCParametersView:116 -                Rank 8 : false
2025-09-02 14:12:47,167 [INFO] ADCParametersView:116 -                Rank 1 : false
2025-09-02 14:12:47,167 [INFO] ADCParametersView:116 -                Rank 2 : true
2025-09-02 14:12:47,167 [INFO] ADCParametersView:116 -                Rank 3 : false
2025-09-02 14:12:47,167 [INFO] ADCParametersView:116 -                Rank 4 : false
2025-09-02 14:12:47,167 [INFO] ADCParametersView:116 -                Rank 5 : false
2025-09-02 14:12:47,167 [INFO] ADCParametersView:116 -                Rank 6 : false
2025-09-02 14:12:47,167 [INFO] ADCParametersView:116 -                Rank 7 : false
2025-09-02 14:12:47,167 [INFO] ADCParametersView:116 -                Rank 8 : false
2025-09-02 14:12:47,167 [INFO] ADCParametersView:116 -                Rank 1 : false
2025-09-02 14:12:47,167 [INFO] ADCParametersView:116 -                Rank 2 : true
2025-09-02 14:12:47,167 [INFO] ADCParametersView:116 -                Rank 3 : false
2025-09-02 14:12:47,167 [INFO] ADCParametersView:116 -                Rank 4 : false
2025-09-02 14:12:47,167 [INFO] ADCParametersView:116 -                Rank 5 : false
2025-09-02 14:12:47,167 [INFO] ADCParametersView:116 -                Rank 6 : false
2025-09-02 14:12:47,167 [INFO] ADCParametersView:116 -                Rank 7 : false
2025-09-02 14:12:47,167 [INFO] ADCParametersView:116 -                Rank 8 : false
2025-09-02 14:12:47,168 [INFO] ADCParametersView:116 -                Rank 1 : false
2025-09-02 14:12:47,168 [INFO] ADCParametersView:116 -                Rank 2 : true
2025-09-02 14:12:47,168 [INFO] ADCParametersView:116 -                Rank 3 : false
2025-09-02 14:12:47,168 [INFO] ADCParametersView:116 -                Rank 4 : false
2025-09-02 14:12:47,168 [INFO] ADCParametersView:116 -                Rank 5 : false
2025-09-02 14:12:47,168 [INFO] ADCParametersView:116 -                Rank 6 : false
2025-09-02 14:12:47,168 [INFO] ADCParametersView:116 -                Rank 7 : false
2025-09-02 14:12:47,168 [INFO] ADCParametersView:116 -                Rank 8 : false
2025-09-02 14:12:47,168 [INFO] ADCParametersView:116 -                Rank 1 : false
2025-09-02 14:12:47,168 [INFO] ADCParametersView:116 -                Rank 2 : true
2025-09-02 14:12:47,168 [INFO] ADCParametersView:116 -                Rank 3 : false
2025-09-02 14:12:47,168 [INFO] ADCParametersView:116 -                Rank 4 : false
2025-09-02 14:12:47,168 [INFO] ADCParametersView:116 -                Rank 5 : false
2025-09-02 14:12:47,168 [INFO] ADCParametersView:116 -                Rank 6 : false
2025-09-02 14:12:47,168 [INFO] ADCParametersView:116 -                Rank 7 : false
2025-09-02 14:12:47,168 [INFO] ADCParametersView:116 -                Rank 8 : false
2025-09-02 14:12:47,168 [INFO] ADCParametersView:116 -                Rank 1 : false
2025-09-02 14:12:47,168 [INFO] ADCParametersView:116 -                Rank 2 : true
2025-09-02 14:12:47,168 [INFO] ADCParametersView:116 -                Rank 3 : false
2025-09-02 14:12:47,168 [INFO] ADCParametersView:116 -                Rank 4 : false
2025-09-02 14:12:47,168 [INFO] ADCParametersView:116 -                Rank 5 : false
2025-09-02 14:12:47,168 [INFO] ADCParametersView:116 -                Rank 6 : false
2025-09-02 14:12:47,168 [INFO] ADCParametersView:116 -                Rank 7 : false
2025-09-02 14:12:47,168 [INFO] ADCParametersView:116 -                Rank 8 : false
2025-09-02 14:12:47,168 [INFO] ADCParametersView:116 -                Rank 1 : false
2025-09-02 14:12:47,168 [INFO] ADCParametersView:116 -                Rank 2 : true
2025-09-02 14:12:47,168 [INFO] ADCParametersView:116 -                Rank 3 : false
2025-09-02 14:12:47,168 [INFO] ADCParametersView:116 -                Rank 4 : false
2025-09-02 14:12:47,168 [INFO] ADCParametersView:116 -                Rank 5 : false
2025-09-02 14:12:47,168 [INFO] ADCParametersView:116 -                Rank 6 : false
2025-09-02 14:12:47,168 [INFO] ADCParametersView:116 -                Rank 7 : false
2025-09-02 14:12:47,169 [INFO] ADCParametersView:116 -                Rank 8 : false
2025-09-02 14:12:47,169 [INFO] ADCParametersView:116 -                Rank 1 : false
2025-09-02 14:12:47,169 [INFO] ADCParametersView:116 -                Rank 2 : true
2025-09-02 14:12:47,169 [INFO] ADCParametersView:116 -                Rank 3 : false
2025-09-02 14:12:47,169 [INFO] ADCParametersView:116 -                Rank 4 : false
2025-09-02 14:12:47,169 [INFO] ADCParametersView:116 -                Rank 5 : false
2025-09-02 14:12:47,169 [INFO] ADCParametersView:116 -                Rank 6 : false
2025-09-02 14:12:47,169 [INFO] ADCParametersView:116 -                Rank 7 : false
2025-09-02 14:12:47,169 [INFO] ADCParametersView:116 -                Rank 8 : false
2025-09-02 14:12:47,169 [INFO] ADCParametersView:116 -                Rank 1 : false
2025-09-02 14:12:47,169 [INFO] ADCParametersView:116 -                Rank 2 : true
2025-09-02 14:12:47,169 [INFO] ADCParametersView:116 -                Rank 3 : false
2025-09-02 14:12:47,169 [INFO] ADCParametersView:116 -                Rank 4 : false
2025-09-02 14:12:47,169 [INFO] ADCParametersView:116 -                Rank 5 : false
2025-09-02 14:12:47,169 [INFO] ADCParametersView:116 -                Rank 6 : false
2025-09-02 14:12:47,169 [INFO] ADCParametersView:116 -                Rank 7 : false
2025-09-02 14:12:47,169 [INFO] ADCParametersView:116 -                Rank 8 : false
2025-09-02 14:12:47,169 [INFO] ADCParametersView:116 -                Rank 1 : false
2025-09-02 14:12:47,169 [INFO] ADCParametersView:116 -                Rank 2 : true
2025-09-02 14:12:47,169 [INFO] ADCParametersView:116 -                Rank 3 : false
2025-09-02 14:12:47,169 [INFO] ADCParametersView:116 -                Rank 4 : false
2025-09-02 14:12:47,169 [INFO] ADCParametersView:116 -                Rank 5 : false
2025-09-02 14:12:47,169 [INFO] ADCParametersView:116 -                Rank 6 : false
2025-09-02 14:12:47,169 [INFO] ADCParametersView:116 -                Rank 7 : false
2025-09-02 14:12:47,169 [INFO] ADCParametersView:116 -                Rank 8 : false
2025-09-02 14:12:47,169 [INFO] ADCParametersView:116 -                Rank 2 : true
2025-09-02 14:12:47,169 [INFO] ADCParametersView:116 -                Rank 3 : false
2025-09-02 14:12:47,169 [INFO] ADCParametersView:116 -                Rank 4 : false
2025-09-02 14:12:47,169 [INFO] ADCParametersView:116 -                Rank 5 : false
2025-09-02 14:12:47,169 [INFO] ADCParametersView:116 -                Rank 6 : false
2025-09-02 14:12:47,169 [INFO] ADCParametersView:116 -                Rank 7 : false
2025-09-02 14:12:47,169 [INFO] ADCParametersView:116 -                Rank 8 : false
2025-09-02 14:12:47,170 [INFO] ADCParametersView:116 -                Rank 3 : false
2025-09-02 14:12:47,170 [INFO] ADCParametersView:116 -                Rank 4 : false
2025-09-02 14:12:47,170 [INFO] ADCParametersView:116 -                Rank 5 : false
2025-09-02 14:12:47,170 [INFO] ADCParametersView:116 -                Rank 6 : false
2025-09-02 14:12:47,170 [INFO] ADCParametersView:116 -                Rank 7 : false
2025-09-02 14:12:47,170 [INFO] ADCParametersView:116 -                Rank 8 : false
2025-09-02 14:12:47,170 [INFO] ADCParametersView:116 -                Rank 4 : false
2025-09-02 14:12:47,170 [INFO] ADCParametersView:116 -                Rank 5 : false
2025-09-02 14:12:47,170 [INFO] ADCParametersView:116 -                Rank 6 : false
2025-09-02 14:12:47,170 [INFO] ADCParametersView:116 -                Rank 7 : false
2025-09-02 14:12:47,170 [INFO] ADCParametersView:116 -                Rank 8 : false
2025-09-02 14:12:47,170 [INFO] ADCParametersView:116 -                Rank 5 : false
2025-09-02 14:12:47,170 [INFO] ADCParametersView:116 -                Rank 6 : false
2025-09-02 14:12:47,170 [INFO] ADCParametersView:116 -                Rank 7 : false
2025-09-02 14:12:47,170 [INFO] ADCParametersView:116 -                Rank 8 : false
2025-09-02 14:12:47,170 [INFO] ADCParametersView:116 -                Rank 6 : false
2025-09-02 14:12:47,170 [INFO] ADCParametersView:116 -                Rank 7 : false
2025-09-02 14:12:47,170 [INFO] ADCParametersView:116 -                Rank 8 : false
2025-09-02 14:12:47,170 [INFO] ADCParametersView:116 -                Rank 7 : false
2025-09-02 14:12:47,170 [INFO] ADCParametersView:116 -                Rank 8 : false
2025-09-02 14:12:47,170 [INFO] ADCParametersView:116 -                Rank 8 : false
2025-09-02 14:12:47,225 [INFO] ADCParametersView:116 -                Rank 1 : false
2025-09-02 14:12:47,225 [INFO] ADCParametersView:116 -                Rank 1 : false
2025-09-02 14:12:47,225 [INFO] ADCParametersView:116 -                Rank 2 : true
2025-09-02 14:12:47,225 [INFO] ADCParametersView:116 -                Rank 1 : false
2025-09-02 14:12:47,225 [INFO] ADCParametersView:116 -                Rank 2 : true
2025-09-02 14:12:47,226 [INFO] ADCParametersView:116 -                Rank 3 : false
2025-09-02 14:12:47,226 [INFO] ADCParametersView:116 -                Rank 1 : false
2025-09-02 14:12:47,226 [INFO] ADCParametersView:116 -                Rank 2 : true
2025-09-02 14:12:47,226 [INFO] ADCParametersView:116 -                Rank 3 : false
2025-09-02 14:12:47,226 [INFO] ADCParametersView:116 -                Rank 4 : false
2025-09-02 14:12:47,226 [INFO] ADCParametersView:116 -                Rank 1 : false
2025-09-02 14:12:47,226 [INFO] ADCParametersView:116 -                Rank 2 : true
2025-09-02 14:12:47,226 [INFO] ADCParametersView:116 -                Rank 3 : false
2025-09-02 14:12:47,226 [INFO] ADCParametersView:116 -                Rank 4 : false
2025-09-02 14:12:47,226 [INFO] ADCParametersView:116 -                Rank 5 : false
2025-09-02 14:12:47,226 [INFO] ADCParametersView:116 -                Rank 1 : false
2025-09-02 14:12:47,226 [INFO] ADCParametersView:116 -                Rank 2 : true
2025-09-02 14:12:47,226 [INFO] ADCParametersView:116 -                Rank 3 : false
2025-09-02 14:12:47,226 [INFO] ADCParametersView:116 -                Rank 4 : false
2025-09-02 14:12:47,226 [INFO] ADCParametersView:116 -                Rank 5 : false
2025-09-02 14:12:47,226 [INFO] ADCParametersView:116 -                Rank 6 : false
2025-09-02 14:12:47,226 [INFO] ADCParametersView:116 -                Rank 1 : false
2025-09-02 14:12:47,226 [INFO] ADCParametersView:116 -                Rank 2 : true
2025-09-02 14:12:47,226 [INFO] ADCParametersView:116 -                Rank 3 : false
2025-09-02 14:12:47,226 [INFO] ADCParametersView:116 -                Rank 4 : false
2025-09-02 14:12:47,227 [INFO] ADCParametersView:116 -                Rank 5 : false
2025-09-02 14:12:47,227 [INFO] ADCParametersView:116 -                Rank 6 : false
2025-09-02 14:12:47,227 [INFO] ADCParametersView:116 -                Rank 7 : false
2025-09-02 14:12:47,227 [INFO] ADCParametersView:116 -                Rank 1 : false
2025-09-02 14:12:47,227 [INFO] ADCParametersView:116 -                Rank 2 : true
2025-09-02 14:12:47,227 [INFO] ADCParametersView:116 -                Rank 3 : false
2025-09-02 14:12:47,227 [INFO] ADCParametersView:116 -                Rank 4 : false
2025-09-02 14:12:47,227 [INFO] ADCParametersView:116 -                Rank 5 : false
2025-09-02 14:12:47,227 [INFO] ADCParametersView:116 -                Rank 6 : false
2025-09-02 14:12:47,227 [INFO] ADCParametersView:116 -                Rank 7 : false
2025-09-02 14:12:47,227 [INFO] ADCParametersView:116 -                Rank 8 : false
2025-09-02 14:12:48,886 [INFO] NvicIntPanel:101 - NVIC parent = com.st.microxplorer.plugins.ip.nvic.MultiNvicIntPanel[,0,0,0x0,invalid,layout=javax.swing.BoxLayout,alignmentX=0.0,alignmentY=0.0,border=,flags=9,maximumSize=,minimumSize=,preferredSize=]
2025-09-02 14:12:48,946 [INFO] ADCParametersView:116 -                Rank 1 : false
2025-09-02 14:12:48,946 [INFO] ADCParametersView:116 -                Rank 2 : true
2025-09-02 14:12:48,946 [INFO] ADCParametersView:116 -                Rank 3 : false
2025-09-02 14:12:48,946 [INFO] ADCParametersView:116 -                Rank 4 : false
2025-09-02 14:12:48,946 [INFO] ADCParametersView:116 -                Rank 5 : false
2025-09-02 14:12:48,946 [INFO] ADCParametersView:116 -                Rank 6 : false
2025-09-02 14:12:48,946 [INFO] ADCParametersView:116 -                Rank 7 : false
2025-09-02 14:12:48,946 [INFO] ADCParametersView:116 -                Rank 8 : false
2025-09-02 14:12:48,948 [INFO] ADCParametersView:116 -                Rank 1 : false
2025-09-02 14:12:48,948 [INFO] ADCParametersView:116 -                Rank 2 : true
2025-09-02 14:12:48,948 [INFO] ADCParametersView:116 -                Rank 3 : false
2025-09-02 14:12:48,948 [INFO] ADCParametersView:116 -                Rank 4 : false
2025-09-02 14:12:48,948 [INFO] ADCParametersView:116 -                Rank 5 : false
2025-09-02 14:12:48,949 [INFO] ADCParametersView:116 -                Rank 6 : false
2025-09-02 14:12:48,949 [INFO] ADCParametersView:116 -                Rank 7 : false
2025-09-02 14:12:48,949 [INFO] ADCParametersView:116 -                Rank 8 : false
2025-09-02 14:12:48,949 [INFO] ADCParametersView:116 -                Rank 1 : false
2025-09-02 14:12:48,949 [INFO] ADCParametersView:116 -                Rank 2 : true
2025-09-02 14:12:48,949 [INFO] ADCParametersView:116 -                Rank 3 : false
2025-09-02 14:12:48,949 [INFO] ADCParametersView:116 -                Rank 4 : false
2025-09-02 14:12:48,949 [INFO] ADCParametersView:116 -                Rank 5 : false
2025-09-02 14:12:48,949 [INFO] ADCParametersView:116 -                Rank 6 : false
2025-09-02 14:12:48,949 [INFO] ADCParametersView:116 -                Rank 7 : false
2025-09-02 14:12:48,949 [INFO] ADCParametersView:116 -                Rank 8 : false
2025-09-02 14:12:48,950 [INFO] ADCParametersView:116 -                Rank 1 : false
2025-09-02 14:12:48,950 [INFO] ADCParametersView:116 -                Rank 2 : true
2025-09-02 14:12:48,950 [INFO] ADCParametersView:116 -                Rank 3 : false
2025-09-02 14:12:48,950 [INFO] ADCParametersView:116 -                Rank 4 : false
2025-09-02 14:12:48,950 [INFO] ADCParametersView:116 -                Rank 5 : false
2025-09-02 14:12:48,950 [INFO] ADCParametersView:116 -                Rank 6 : false
2025-09-02 14:12:48,950 [INFO] ADCParametersView:116 -                Rank 7 : false
2025-09-02 14:12:48,950 [INFO] ADCParametersView:116 -                Rank 8 : false
2025-09-02 14:12:48,950 [INFO] ADCParametersView:116 -                Rank 1 : false
2025-09-02 14:12:48,950 [INFO] ADCParametersView:116 -                Rank 2 : true
2025-09-02 14:12:48,950 [INFO] ADCParametersView:116 -                Rank 3 : false
2025-09-02 14:12:48,950 [INFO] ADCParametersView:116 -                Rank 4 : false
2025-09-02 14:12:48,950 [INFO] ADCParametersView:116 -                Rank 5 : false
2025-09-02 14:12:48,950 [INFO] ADCParametersView:116 -                Rank 6 : false
2025-09-02 14:12:48,950 [INFO] ADCParametersView:116 -                Rank 7 : false
2025-09-02 14:12:48,950 [INFO] ADCParametersView:116 -                Rank 8 : false
2025-09-02 14:12:48,950 [INFO] ADCParametersView:116 -                Rank 1 : false
2025-09-02 14:12:48,950 [INFO] ADCParametersView:116 -                Rank 2 : true
2025-09-02 14:12:48,950 [INFO] ADCParametersView:116 -                Rank 3 : false
2025-09-02 14:12:48,950 [INFO] ADCParametersView:116 -                Rank 4 : false
2025-09-02 14:12:48,950 [INFO] ADCParametersView:116 -                Rank 5 : false
2025-09-02 14:12:48,950 [INFO] ADCParametersView:116 -                Rank 6 : false
2025-09-02 14:12:48,950 [INFO] ADCParametersView:116 -                Rank 7 : false
2025-09-02 14:12:48,950 [INFO] ADCParametersView:116 -                Rank 8 : false
2025-09-02 14:12:48,950 [INFO] ADCParametersView:116 -                Rank 1 : false
2025-09-02 14:12:48,950 [INFO] ADCParametersView:116 -                Rank 2 : true
2025-09-02 14:12:48,950 [INFO] ADCParametersView:116 -                Rank 3 : false
2025-09-02 14:12:48,950 [INFO] ADCParametersView:116 -                Rank 4 : false
2025-09-02 14:12:48,950 [INFO] ADCParametersView:116 -                Rank 5 : false
2025-09-02 14:12:48,950 [INFO] ADCParametersView:116 -                Rank 6 : false
2025-09-02 14:12:48,950 [INFO] ADCParametersView:116 -                Rank 7 : false
2025-09-02 14:12:48,950 [INFO] ADCParametersView:116 -                Rank 8 : false
2025-09-02 14:12:48,950 [INFO] ADCParametersView:116 -                Rank 1 : false
2025-09-02 14:12:48,950 [INFO] ADCParametersView:116 -                Rank 2 : true
2025-09-02 14:12:48,950 [INFO] ADCParametersView:116 -                Rank 3 : false
2025-09-02 14:12:48,950 [INFO] ADCParametersView:116 -                Rank 4 : false
2025-09-02 14:12:48,950 [INFO] ADCParametersView:116 -                Rank 5 : false
2025-09-02 14:12:48,950 [INFO] ADCParametersView:116 -                Rank 6 : false
2025-09-02 14:12:48,950 [INFO] ADCParametersView:116 -                Rank 7 : false
2025-09-02 14:12:48,950 [INFO] ADCParametersView:116 -                Rank 8 : false
2025-09-02 14:12:48,951 [INFO] ADCParametersView:116 -                Rank 1 : false
2025-09-02 14:12:48,951 [INFO] ADCParametersView:116 -                Rank 2 : true
2025-09-02 14:12:48,951 [INFO] ADCParametersView:116 -                Rank 3 : false
2025-09-02 14:12:48,951 [INFO] ADCParametersView:116 -                Rank 4 : false
2025-09-02 14:12:48,951 [INFO] ADCParametersView:116 -                Rank 5 : false
2025-09-02 14:12:48,951 [INFO] ADCParametersView:116 -                Rank 6 : false
2025-09-02 14:12:48,951 [INFO] ADCParametersView:116 -                Rank 7 : false
2025-09-02 14:12:48,951 [INFO] ADCParametersView:116 -                Rank 8 : false
2025-09-02 14:12:48,951 [INFO] ADCParametersView:116 -                Rank 1 : false
2025-09-02 14:12:48,951 [INFO] ADCParametersView:116 -                Rank 2 : true
2025-09-02 14:12:48,951 [INFO] ADCParametersView:116 -                Rank 3 : false
2025-09-02 14:12:48,951 [INFO] ADCParametersView:116 -                Rank 4 : false
2025-09-02 14:12:48,951 [INFO] ADCParametersView:116 -                Rank 5 : false
2025-09-02 14:12:48,951 [INFO] ADCParametersView:116 -                Rank 6 : false
2025-09-02 14:12:48,951 [INFO] ADCParametersView:116 -                Rank 7 : false
2025-09-02 14:12:48,951 [INFO] ADCParametersView:116 -                Rank 8 : false
2025-09-02 14:12:48,951 [INFO] ADCParametersView:116 -                Rank 1 : false
2025-09-02 14:12:48,951 [INFO] ADCParametersView:116 -                Rank 2 : true
2025-09-02 14:12:48,951 [INFO] ADCParametersView:116 -                Rank 3 : false
2025-09-02 14:12:48,951 [INFO] ADCParametersView:116 -                Rank 4 : false
2025-09-02 14:12:48,951 [INFO] ADCParametersView:116 -                Rank 5 : false
2025-09-02 14:12:48,951 [INFO] ADCParametersView:116 -                Rank 6 : false
2025-09-02 14:12:48,951 [INFO] ADCParametersView:116 -                Rank 7 : false
2025-09-02 14:12:48,951 [INFO] ADCParametersView:116 -                Rank 8 : false
2025-09-02 14:12:48,951 [INFO] ADCParametersView:116 -                Rank 1 : false
2025-09-02 14:12:48,951 [INFO] ADCParametersView:116 -                Rank 2 : true
2025-09-02 14:12:48,951 [INFO] ADCParametersView:116 -                Rank 3 : false
2025-09-02 14:12:48,951 [INFO] ADCParametersView:116 -                Rank 4 : false
2025-09-02 14:12:48,951 [INFO] ADCParametersView:116 -                Rank 5 : false
2025-09-02 14:12:48,951 [INFO] ADCParametersView:116 -                Rank 6 : false
2025-09-02 14:12:48,951 [INFO] ADCParametersView:116 -                Rank 7 : false
2025-09-02 14:12:48,951 [INFO] ADCParametersView:116 -                Rank 8 : false
2025-09-02 14:12:48,952 [INFO] ADCParametersView:116 -                Rank 1 : false
2025-09-02 14:12:48,952 [INFO] ADCParametersView:116 -                Rank 2 : true
2025-09-02 14:12:48,952 [INFO] ADCParametersView:116 -                Rank 3 : false
2025-09-02 14:12:48,952 [INFO] ADCParametersView:116 -                Rank 4 : false
2025-09-02 14:12:48,952 [INFO] ADCParametersView:116 -                Rank 5 : false
2025-09-02 14:12:48,952 [INFO] ADCParametersView:116 -                Rank 6 : false
2025-09-02 14:12:48,952 [INFO] ADCParametersView:116 -                Rank 7 : false
2025-09-02 14:12:48,952 [INFO] ADCParametersView:116 -                Rank 8 : false
2025-09-02 14:12:48,952 [INFO] ADCParametersView:116 -                Rank 1 : false
2025-09-02 14:12:48,952 [INFO] ADCParametersView:116 -                Rank 2 : true
2025-09-02 14:12:48,952 [INFO] ADCParametersView:116 -                Rank 3 : false
2025-09-02 14:12:48,952 [INFO] ADCParametersView:116 -                Rank 4 : false
2025-09-02 14:12:48,952 [INFO] ADCParametersView:116 -                Rank 5 : false
2025-09-02 14:12:48,952 [INFO] ADCParametersView:116 -                Rank 6 : false
2025-09-02 14:12:48,952 [INFO] ADCParametersView:116 -                Rank 7 : false
2025-09-02 14:12:48,952 [INFO] ADCParametersView:116 -                Rank 8 : false
2025-09-02 14:12:48,952 [INFO] ADCParametersView:116 -                Rank 2 : true
2025-09-02 14:12:48,952 [INFO] ADCParametersView:116 -                Rank 3 : false
2025-09-02 14:12:48,952 [INFO] ADCParametersView:116 -                Rank 4 : false
2025-09-02 14:12:48,952 [INFO] ADCParametersView:116 -                Rank 5 : false
2025-09-02 14:12:48,952 [INFO] ADCParametersView:116 -                Rank 6 : false
2025-09-02 14:12:48,952 [INFO] ADCParametersView:116 -                Rank 7 : false
2025-09-02 14:12:48,952 [INFO] ADCParametersView:116 -                Rank 8 : false
2025-09-02 14:12:48,952 [INFO] ADCParametersView:116 -                Rank 3 : false
2025-09-02 14:12:48,952 [INFO] ADCParametersView:116 -                Rank 4 : false
2025-09-02 14:12:48,952 [INFO] ADCParametersView:116 -                Rank 5 : false
2025-09-02 14:12:48,952 [INFO] ADCParametersView:116 -                Rank 6 : false
2025-09-02 14:12:48,952 [INFO] ADCParametersView:116 -                Rank 7 : false
2025-09-02 14:12:48,952 [INFO] ADCParametersView:116 -                Rank 8 : false
2025-09-02 14:12:48,952 [INFO] ADCParametersView:116 -                Rank 4 : false
2025-09-02 14:12:48,952 [INFO] ADCParametersView:116 -                Rank 5 : false
2025-09-02 14:12:48,952 [INFO] ADCParametersView:116 -                Rank 6 : false
2025-09-02 14:12:48,952 [INFO] ADCParametersView:116 -                Rank 7 : false
2025-09-02 14:12:48,952 [INFO] ADCParametersView:116 -                Rank 8 : false
2025-09-02 14:12:48,952 [INFO] ADCParametersView:116 -                Rank 5 : false
2025-09-02 14:12:48,952 [INFO] ADCParametersView:116 -                Rank 6 : false
2025-09-02 14:12:48,952 [INFO] ADCParametersView:116 -                Rank 7 : false
2025-09-02 14:12:48,952 [INFO] ADCParametersView:116 -                Rank 8 : false
2025-09-02 14:12:48,952 [INFO] ADCParametersView:116 -                Rank 6 : false
2025-09-02 14:12:48,953 [INFO] ADCParametersView:116 -                Rank 7 : false
2025-09-02 14:12:48,953 [INFO] ADCParametersView:116 -                Rank 8 : false
2025-09-02 14:12:48,953 [INFO] ADCParametersView:116 -                Rank 7 : false
2025-09-02 14:12:48,953 [INFO] ADCParametersView:116 -                Rank 8 : false
2025-09-02 14:12:48,953 [INFO] ADCParametersView:116 -                Rank 8 : false
2025-09-02 14:12:48,999 [INFO] ADCParametersView:116 -                Rank 1 : false
2025-09-02 14:12:48,999 [INFO] ADCParametersView:116 -                Rank 1 : false
2025-09-02 14:12:48,999 [INFO] ADCParametersView:116 -                Rank 2 : true
2025-09-02 14:12:48,999 [INFO] ADCParametersView:116 -                Rank 1 : false
2025-09-02 14:12:48,999 [INFO] ADCParametersView:116 -                Rank 2 : true
2025-09-02 14:12:48,999 [INFO] ADCParametersView:116 -                Rank 3 : false
2025-09-02 14:12:48,999 [INFO] ADCParametersView:116 -                Rank 1 : false
2025-09-02 14:12:48,999 [INFO] ADCParametersView:116 -                Rank 2 : true
2025-09-02 14:12:48,999 [INFO] ADCParametersView:116 -                Rank 3 : false
2025-09-02 14:12:48,999 [INFO] ADCParametersView:116 -                Rank 4 : false
2025-09-02 14:12:48,999 [INFO] ADCParametersView:116 -                Rank 1 : false
2025-09-02 14:12:48,999 [INFO] ADCParametersView:116 -                Rank 2 : true
2025-09-02 14:12:48,999 [INFO] ADCParametersView:116 -                Rank 3 : false
2025-09-02 14:12:48,999 [INFO] ADCParametersView:116 -                Rank 4 : false
2025-09-02 14:12:48,999 [INFO] ADCParametersView:116 -                Rank 5 : false
2025-09-02 14:12:49,000 [INFO] ADCParametersView:116 -                Rank 1 : false
2025-09-02 14:12:49,000 [INFO] ADCParametersView:116 -                Rank 2 : true
2025-09-02 14:12:49,000 [INFO] ADCParametersView:116 -                Rank 3 : false
2025-09-02 14:12:49,000 [INFO] ADCParametersView:116 -                Rank 4 : false
2025-09-02 14:12:49,000 [INFO] ADCParametersView:116 -                Rank 5 : false
2025-09-02 14:12:49,000 [INFO] ADCParametersView:116 -                Rank 6 : false
2025-09-02 14:12:49,000 [INFO] ADCParametersView:116 -                Rank 1 : false
2025-09-02 14:12:49,000 [INFO] ADCParametersView:116 -                Rank 2 : true
2025-09-02 14:12:49,000 [INFO] ADCParametersView:116 -                Rank 3 : false
2025-09-02 14:12:49,000 [INFO] ADCParametersView:116 -                Rank 4 : false
2025-09-02 14:12:49,000 [INFO] ADCParametersView:116 -                Rank 5 : false
2025-09-02 14:12:49,000 [INFO] ADCParametersView:116 -                Rank 6 : false
2025-09-02 14:12:49,000 [INFO] ADCParametersView:116 -                Rank 7 : false
2025-09-02 14:12:49,000 [INFO] ADCParametersView:116 -                Rank 1 : false
2025-09-02 14:12:49,000 [INFO] ADCParametersView:116 -                Rank 2 : true
2025-09-02 14:12:49,000 [INFO] ADCParametersView:116 -                Rank 3 : false
2025-09-02 14:12:49,000 [INFO] ADCParametersView:116 -                Rank 4 : false
2025-09-02 14:12:49,000 [INFO] ADCParametersView:116 -                Rank 5 : false
2025-09-02 14:12:49,000 [INFO] ADCParametersView:116 -                Rank 6 : false
2025-09-02 14:12:49,000 [INFO] ADCParametersView:116 -                Rank 7 : false
2025-09-02 14:12:49,000 [INFO] ADCParametersView:116 -                Rank 8 : false
2025-09-02 14:12:50,563 [INFO] ADCParametersView:116 -                Rank 1 : false
2025-09-02 14:12:50,563 [INFO] ADCParametersView:116 -                Rank 2 : false
2025-09-02 14:12:50,563 [INFO] ADCParametersView:116 -                Rank 3 : false
2025-09-02 14:12:50,563 [INFO] ADCParametersView:116 -                Rank 4 : false
2025-09-02 14:12:50,563 [INFO] ADCParametersView:116 -                Rank 5 : false
2025-09-02 14:12:50,563 [INFO] ADCParametersView:116 -                Rank 6 : false
2025-09-02 14:12:50,563 [INFO] ADCParametersView:116 -                Rank 7 : false
2025-09-02 14:12:50,563 [INFO] ADCParametersView:116 -                Rank 8 : false
2025-09-02 14:12:51,443 [INFO] ADCParametersView:116 -                Rank 1 : false
2025-09-02 14:12:51,443 [INFO] ADCParametersView:116 -                Rank 2 : false
2025-09-02 14:12:51,443 [INFO] ADCParametersView:116 -                Rank 3 : true
2025-09-02 14:12:51,443 [INFO] ADCParametersView:116 -                Rank 4 : false
2025-09-02 14:12:51,443 [INFO] ADCParametersView:116 -                Rank 5 : false
2025-09-02 14:12:51,443 [INFO] ADCParametersView:116 -                Rank 6 : false
2025-09-02 14:12:51,443 [INFO] ADCParametersView:116 -                Rank 7 : false
2025-09-02 14:12:51,443 [INFO] ADCParametersView:116 -                Rank 8 : false
2025-09-02 14:12:54,005 [INFO] NvicIntPanel:101 - NVIC parent = com.st.microxplorer.plugins.ip.nvic.MultiNvicIntPanel[,0,0,0x0,invalid,layout=javax.swing.BoxLayout,alignmentX=0.0,alignmentY=0.0,border=,flags=9,maximumSize=,minimumSize=,preferredSize=]
2025-09-02 14:12:54,062 [INFO] ADCParametersView:116 -                Rank 1 : false
2025-09-02 14:12:54,062 [INFO] ADCParametersView:116 -                Rank 2 : false
2025-09-02 14:12:54,062 [INFO] ADCParametersView:116 -                Rank 3 : true
2025-09-02 14:12:54,062 [INFO] ADCParametersView:116 -                Rank 4 : false
2025-09-02 14:12:54,062 [INFO] ADCParametersView:116 -                Rank 5 : false
2025-09-02 14:12:54,062 [INFO] ADCParametersView:116 -                Rank 6 : false
2025-09-02 14:12:54,062 [INFO] ADCParametersView:116 -                Rank 7 : false
2025-09-02 14:12:54,062 [INFO] ADCParametersView:116 -                Rank 8 : false
2025-09-02 14:12:54,063 [INFO] ADCParametersView:116 -                Rank 1 : false
2025-09-02 14:12:54,063 [INFO] ADCParametersView:116 -                Rank 2 : false
2025-09-02 14:12:54,063 [INFO] ADCParametersView:116 -                Rank 3 : true
2025-09-02 14:12:54,063 [INFO] ADCParametersView:116 -                Rank 4 : false
2025-09-02 14:12:54,063 [INFO] ADCParametersView:116 -                Rank 5 : false
2025-09-02 14:12:54,063 [INFO] ADCParametersView:116 -                Rank 6 : false
2025-09-02 14:12:54,063 [INFO] ADCParametersView:116 -                Rank 7 : false
2025-09-02 14:12:54,063 [INFO] ADCParametersView:116 -                Rank 8 : false
2025-09-02 14:12:54,063 [INFO] ADCParametersView:116 -                Rank 1 : false
2025-09-02 14:12:54,063 [INFO] ADCParametersView:116 -                Rank 2 : false
2025-09-02 14:12:54,063 [INFO] ADCParametersView:116 -                Rank 3 : true
2025-09-02 14:12:54,063 [INFO] ADCParametersView:116 -                Rank 4 : false
2025-09-02 14:12:54,063 [INFO] ADCParametersView:116 -                Rank 5 : false
2025-09-02 14:12:54,063 [INFO] ADCParametersView:116 -                Rank 6 : false
2025-09-02 14:12:54,063 [INFO] ADCParametersView:116 -                Rank 7 : false
2025-09-02 14:12:54,063 [INFO] ADCParametersView:116 -                Rank 8 : false
2025-09-02 14:12:54,063 [INFO] ADCParametersView:116 -                Rank 1 : false
2025-09-02 14:12:54,064 [INFO] ADCParametersView:116 -                Rank 2 : false
2025-09-02 14:12:54,064 [INFO] ADCParametersView:116 -                Rank 3 : true
2025-09-02 14:12:54,064 [INFO] ADCParametersView:116 -                Rank 4 : false
2025-09-02 14:12:54,064 [INFO] ADCParametersView:116 -                Rank 5 : false
2025-09-02 14:12:54,064 [INFO] ADCParametersView:116 -                Rank 6 : false
2025-09-02 14:12:54,064 [INFO] ADCParametersView:116 -                Rank 7 : false
2025-09-02 14:12:54,064 [INFO] ADCParametersView:116 -                Rank 8 : false
2025-09-02 14:12:54,064 [INFO] ADCParametersView:116 -                Rank 1 : false
2025-09-02 14:12:54,064 [INFO] ADCParametersView:116 -                Rank 2 : false
2025-09-02 14:12:54,064 [INFO] ADCParametersView:116 -                Rank 3 : true
2025-09-02 14:12:54,064 [INFO] ADCParametersView:116 -                Rank 4 : false
2025-09-02 14:12:54,064 [INFO] ADCParametersView:116 -                Rank 5 : false
2025-09-02 14:12:54,064 [INFO] ADCParametersView:116 -                Rank 6 : false
2025-09-02 14:12:54,064 [INFO] ADCParametersView:116 -                Rank 7 : false
2025-09-02 14:12:54,064 [INFO] ADCParametersView:116 -                Rank 8 : false
2025-09-02 14:12:54,064 [INFO] ADCParametersView:116 -                Rank 1 : false
2025-09-02 14:12:54,064 [INFO] ADCParametersView:116 -                Rank 2 : false
2025-09-02 14:12:54,064 [INFO] ADCParametersView:116 -                Rank 3 : true
2025-09-02 14:12:54,064 [INFO] ADCParametersView:116 -                Rank 4 : false
2025-09-02 14:12:54,064 [INFO] ADCParametersView:116 -                Rank 5 : false
2025-09-02 14:12:54,064 [INFO] ADCParametersView:116 -                Rank 6 : false
2025-09-02 14:12:54,064 [INFO] ADCParametersView:116 -                Rank 7 : false
2025-09-02 14:12:54,064 [INFO] ADCParametersView:116 -                Rank 8 : false
2025-09-02 14:12:54,064 [INFO] ADCParametersView:116 -                Rank 1 : false
2025-09-02 14:12:54,064 [INFO] ADCParametersView:116 -                Rank 2 : false
2025-09-02 14:12:54,064 [INFO] ADCParametersView:116 -                Rank 3 : true
2025-09-02 14:12:54,064 [INFO] ADCParametersView:116 -                Rank 4 : false
2025-09-02 14:12:54,064 [INFO] ADCParametersView:116 -                Rank 5 : false
2025-09-02 14:12:54,064 [INFO] ADCParametersView:116 -                Rank 6 : false
2025-09-02 14:12:54,064 [INFO] ADCParametersView:116 -                Rank 7 : false
2025-09-02 14:12:54,064 [INFO] ADCParametersView:116 -                Rank 8 : false
2025-09-02 14:12:54,064 [INFO] ADCParametersView:116 -                Rank 1 : false
2025-09-02 14:12:54,064 [INFO] ADCParametersView:116 -                Rank 2 : false
2025-09-02 14:12:54,064 [INFO] ADCParametersView:116 -                Rank 3 : true
2025-09-02 14:12:54,064 [INFO] ADCParametersView:116 -                Rank 4 : false
2025-09-02 14:12:54,065 [INFO] ADCParametersView:116 -                Rank 5 : false
2025-09-02 14:12:54,065 [INFO] ADCParametersView:116 -                Rank 6 : false
2025-09-02 14:12:54,065 [INFO] ADCParametersView:116 -                Rank 7 : false
2025-09-02 14:12:54,065 [INFO] ADCParametersView:116 -                Rank 8 : false
2025-09-02 14:12:54,065 [INFO] ADCParametersView:116 -                Rank 1 : false
2025-09-02 14:12:54,065 [INFO] ADCParametersView:116 -                Rank 2 : false
2025-09-02 14:12:54,065 [INFO] ADCParametersView:116 -                Rank 3 : true
2025-09-02 14:12:54,065 [INFO] ADCParametersView:116 -                Rank 4 : false
2025-09-02 14:12:54,065 [INFO] ADCParametersView:116 -                Rank 5 : false
2025-09-02 14:12:54,065 [INFO] ADCParametersView:116 -                Rank 6 : false
2025-09-02 14:12:54,065 [INFO] ADCParametersView:116 -                Rank 7 : false
2025-09-02 14:12:54,065 [INFO] ADCParametersView:116 -                Rank 8 : false
2025-09-02 14:12:54,065 [INFO] ADCParametersView:116 -                Rank 1 : false
2025-09-02 14:12:54,065 [INFO] ADCParametersView:116 -                Rank 2 : false
2025-09-02 14:12:54,065 [INFO] ADCParametersView:116 -                Rank 3 : true
2025-09-02 14:12:54,065 [INFO] ADCParametersView:116 -                Rank 4 : false
2025-09-02 14:12:54,065 [INFO] ADCParametersView:116 -                Rank 5 : false
2025-09-02 14:12:54,065 [INFO] ADCParametersView:116 -                Rank 6 : false
2025-09-02 14:12:54,066 [INFO] ADCParametersView:116 -                Rank 7 : false
2025-09-02 14:12:54,066 [INFO] ADCParametersView:116 -                Rank 8 : false
2025-09-02 14:12:54,066 [INFO] ADCParametersView:116 -                Rank 1 : false
2025-09-02 14:12:54,066 [INFO] ADCParametersView:116 -                Rank 2 : false
2025-09-02 14:12:54,066 [INFO] ADCParametersView:116 -                Rank 3 : true
2025-09-02 14:12:54,066 [INFO] ADCParametersView:116 -                Rank 4 : false
2025-09-02 14:12:54,066 [INFO] ADCParametersView:116 -                Rank 5 : false
2025-09-02 14:12:54,066 [INFO] ADCParametersView:116 -                Rank 6 : false
2025-09-02 14:12:54,066 [INFO] ADCParametersView:116 -                Rank 7 : false
2025-09-02 14:12:54,066 [INFO] ADCParametersView:116 -                Rank 8 : false
2025-09-02 14:12:54,066 [INFO] ADCParametersView:116 -                Rank 1 : false
2025-09-02 14:12:54,066 [INFO] ADCParametersView:116 -                Rank 2 : false
2025-09-02 14:12:54,066 [INFO] ADCParametersView:116 -                Rank 3 : true
2025-09-02 14:12:54,066 [INFO] ADCParametersView:116 -                Rank 4 : false
2025-09-02 14:12:54,066 [INFO] ADCParametersView:116 -                Rank 5 : false
2025-09-02 14:12:54,066 [INFO] ADCParametersView:116 -                Rank 6 : false
2025-09-02 14:12:54,066 [INFO] ADCParametersView:116 -                Rank 7 : false
2025-09-02 14:12:54,066 [INFO] ADCParametersView:116 -                Rank 8 : false
2025-09-02 14:12:54,066 [INFO] ADCParametersView:116 -                Rank 1 : false
2025-09-02 14:12:54,066 [INFO] ADCParametersView:116 -                Rank 2 : false
2025-09-02 14:12:54,066 [INFO] ADCParametersView:116 -                Rank 3 : true
2025-09-02 14:12:54,066 [INFO] ADCParametersView:116 -                Rank 4 : false
2025-09-02 14:12:54,066 [INFO] ADCParametersView:116 -                Rank 5 : false
2025-09-02 14:12:54,066 [INFO] ADCParametersView:116 -                Rank 6 : false
2025-09-02 14:12:54,066 [INFO] ADCParametersView:116 -                Rank 7 : false
2025-09-02 14:12:54,066 [INFO] ADCParametersView:116 -                Rank 8 : false
2025-09-02 14:12:54,066 [INFO] ADCParametersView:116 -                Rank 1 : false
2025-09-02 14:12:54,066 [INFO] ADCParametersView:116 -                Rank 2 : false
2025-09-02 14:12:54,066 [INFO] ADCParametersView:116 -                Rank 3 : true
2025-09-02 14:12:54,066 [INFO] ADCParametersView:116 -                Rank 4 : false
2025-09-02 14:12:54,066 [INFO] ADCParametersView:116 -                Rank 5 : false
2025-09-02 14:12:54,066 [INFO] ADCParametersView:116 -                Rank 6 : false
2025-09-02 14:12:54,067 [INFO] ADCParametersView:116 -                Rank 7 : false
2025-09-02 14:12:54,067 [INFO] ADCParametersView:116 -                Rank 8 : false
2025-09-02 14:12:54,067 [INFO] ADCParametersView:116 -                Rank 2 : false
2025-09-02 14:12:54,067 [INFO] ADCParametersView:116 -                Rank 3 : true
2025-09-02 14:12:54,067 [INFO] ADCParametersView:116 -                Rank 4 : false
2025-09-02 14:12:54,067 [INFO] ADCParametersView:116 -                Rank 5 : false
2025-09-02 14:12:54,067 [INFO] ADCParametersView:116 -                Rank 6 : false
2025-09-02 14:12:54,067 [INFO] ADCParametersView:116 -                Rank 7 : false
2025-09-02 14:12:54,067 [INFO] ADCParametersView:116 -                Rank 8 : false
2025-09-02 14:12:54,067 [INFO] ADCParametersView:116 -                Rank 3 : true
2025-09-02 14:12:54,067 [INFO] ADCParametersView:116 -                Rank 4 : false
2025-09-02 14:12:54,067 [INFO] ADCParametersView:116 -                Rank 5 : false
2025-09-02 14:12:54,067 [INFO] ADCParametersView:116 -                Rank 6 : false
2025-09-02 14:12:54,067 [INFO] ADCParametersView:116 -                Rank 7 : false
2025-09-02 14:12:54,067 [INFO] ADCParametersView:116 -                Rank 8 : false
2025-09-02 14:12:54,067 [INFO] ADCParametersView:116 -                Rank 4 : false
2025-09-02 14:12:54,067 [INFO] ADCParametersView:116 -                Rank 5 : false
2025-09-02 14:12:54,067 [INFO] ADCParametersView:116 -                Rank 6 : false
2025-09-02 14:12:54,067 [INFO] ADCParametersView:116 -                Rank 7 : false
2025-09-02 14:12:54,067 [INFO] ADCParametersView:116 -                Rank 8 : false
2025-09-02 14:12:54,067 [INFO] ADCParametersView:116 -                Rank 5 : false
2025-09-02 14:12:54,067 [INFO] ADCParametersView:116 -                Rank 6 : false
2025-09-02 14:12:54,067 [INFO] ADCParametersView:116 -                Rank 7 : false
2025-09-02 14:12:54,067 [INFO] ADCParametersView:116 -                Rank 8 : false
2025-09-02 14:12:54,067 [INFO] ADCParametersView:116 -                Rank 6 : false
2025-09-02 14:12:54,067 [INFO] ADCParametersView:116 -                Rank 7 : false
2025-09-02 14:12:54,067 [INFO] ADCParametersView:116 -                Rank 8 : false
2025-09-02 14:12:54,067 [INFO] ADCParametersView:116 -                Rank 7 : false
2025-09-02 14:12:54,067 [INFO] ADCParametersView:116 -                Rank 8 : false
2025-09-02 14:12:54,067 [INFO] ADCParametersView:116 -                Rank 8 : false
2025-09-02 14:12:54,112 [INFO] ADCParametersView:116 -                Rank 1 : false
2025-09-02 14:12:54,112 [INFO] ADCParametersView:116 -                Rank 1 : false
2025-09-02 14:12:54,112 [INFO] ADCParametersView:116 -                Rank 2 : false
2025-09-02 14:12:54,113 [INFO] ADCParametersView:116 -                Rank 1 : false
2025-09-02 14:12:54,113 [INFO] ADCParametersView:116 -                Rank 2 : false
2025-09-02 14:12:54,113 [INFO] ADCParametersView:116 -                Rank 3 : true
2025-09-02 14:12:54,113 [INFO] ADCParametersView:116 -                Rank 1 : false
2025-09-02 14:12:54,113 [INFO] ADCParametersView:116 -                Rank 2 : false
2025-09-02 14:12:54,113 [INFO] ADCParametersView:116 -                Rank 3 : true
2025-09-02 14:12:54,113 [INFO] ADCParametersView:116 -                Rank 4 : false
2025-09-02 14:12:54,113 [INFO] ADCParametersView:116 -                Rank 1 : false
2025-09-02 14:12:54,113 [INFO] ADCParametersView:116 -                Rank 2 : false
2025-09-02 14:12:54,113 [INFO] ADCParametersView:116 -                Rank 3 : true
2025-09-02 14:12:54,113 [INFO] ADCParametersView:116 -                Rank 4 : false
2025-09-02 14:12:54,113 [INFO] ADCParametersView:116 -                Rank 5 : false
2025-09-02 14:12:54,113 [INFO] ADCParametersView:116 -                Rank 1 : false
2025-09-02 14:12:54,113 [INFO] ADCParametersView:116 -                Rank 2 : false
2025-09-02 14:12:54,113 [INFO] ADCParametersView:116 -                Rank 3 : true
2025-09-02 14:12:54,113 [INFO] ADCParametersView:116 -                Rank 4 : false
2025-09-02 14:12:54,113 [INFO] ADCParametersView:116 -                Rank 5 : false
2025-09-02 14:12:54,113 [INFO] ADCParametersView:116 -                Rank 6 : false
2025-09-02 14:12:54,114 [INFO] ADCParametersView:116 -                Rank 1 : false
2025-09-02 14:12:54,114 [INFO] ADCParametersView:116 -                Rank 2 : false
2025-09-02 14:12:54,114 [INFO] ADCParametersView:116 -                Rank 3 : true
2025-09-02 14:12:54,114 [INFO] ADCParametersView:116 -                Rank 4 : false
2025-09-02 14:12:54,114 [INFO] ADCParametersView:116 -                Rank 5 : false
2025-09-02 14:12:54,114 [INFO] ADCParametersView:116 -                Rank 6 : false
2025-09-02 14:12:54,114 [INFO] ADCParametersView:116 -                Rank 7 : false
2025-09-02 14:12:54,114 [INFO] ADCParametersView:116 -                Rank 1 : false
2025-09-02 14:12:54,114 [INFO] ADCParametersView:116 -                Rank 2 : false
2025-09-02 14:12:54,114 [INFO] ADCParametersView:116 -                Rank 3 : true
2025-09-02 14:12:54,114 [INFO] ADCParametersView:116 -                Rank 4 : false
2025-09-02 14:12:54,114 [INFO] ADCParametersView:116 -                Rank 5 : false
2025-09-02 14:12:54,114 [INFO] ADCParametersView:116 -                Rank 6 : false
2025-09-02 14:12:54,114 [INFO] ADCParametersView:116 -                Rank 7 : false
2025-09-02 14:12:54,114 [INFO] ADCParametersView:116 -                Rank 8 : false
2025-09-02 14:12:58,710 [INFO] NvicIntPanel:101 - NVIC parent = com.st.microxplorer.plugins.ip.nvic.MultiNvicIntPanel[,0,0,0x0,invalid,layout=javax.swing.BoxLayout,alignmentX=0.0,alignmentY=0.0,border=,flags=9,maximumSize=,minimumSize=,preferredSize=]
2025-09-02 14:12:58,766 [INFO] ADCParametersView:116 -                Rank 1 : false
2025-09-02 14:12:58,767 [INFO] ADCParametersView:116 -                Rank 2 : false
2025-09-02 14:12:58,767 [INFO] ADCParametersView:116 -                Rank 3 : true
2025-09-02 14:12:58,767 [INFO] ADCParametersView:116 -                Rank 4 : false
2025-09-02 14:12:58,767 [INFO] ADCParametersView:116 -                Rank 5 : false
2025-09-02 14:12:58,767 [INFO] ADCParametersView:116 -                Rank 6 : false
2025-09-02 14:12:58,767 [INFO] ADCParametersView:116 -                Rank 7 : false
2025-09-02 14:12:58,767 [INFO] ADCParametersView:116 -                Rank 8 : false
2025-09-02 14:12:58,768 [INFO] ADCParametersView:116 -                Rank 1 : false
2025-09-02 14:12:58,768 [INFO] ADCParametersView:116 -                Rank 2 : false
2025-09-02 14:12:58,768 [INFO] ADCParametersView:116 -                Rank 3 : true
2025-09-02 14:12:58,768 [INFO] ADCParametersView:116 -                Rank 4 : false
2025-09-02 14:12:58,768 [INFO] ADCParametersView:116 -                Rank 5 : false
2025-09-02 14:12:58,768 [INFO] ADCParametersView:116 -                Rank 6 : false
2025-09-02 14:12:58,768 [INFO] ADCParametersView:116 -                Rank 7 : false
2025-09-02 14:12:58,768 [INFO] ADCParametersView:116 -                Rank 8 : false
2025-09-02 14:12:58,768 [INFO] ADCParametersView:116 -                Rank 1 : false
2025-09-02 14:12:58,768 [INFO] ADCParametersView:116 -                Rank 2 : false
2025-09-02 14:12:58,768 [INFO] ADCParametersView:116 -                Rank 3 : true
2025-09-02 14:12:58,768 [INFO] ADCParametersView:116 -                Rank 4 : false
2025-09-02 14:12:58,768 [INFO] ADCParametersView:116 -                Rank 5 : false
2025-09-02 14:12:58,769 [INFO] ADCParametersView:116 -                Rank 6 : false
2025-09-02 14:12:58,769 [INFO] ADCParametersView:116 -                Rank 7 : false
2025-09-02 14:12:58,769 [INFO] ADCParametersView:116 -                Rank 8 : false
2025-09-02 14:12:58,769 [INFO] ADCParametersView:116 -                Rank 1 : false
2025-09-02 14:12:58,769 [INFO] ADCParametersView:116 -                Rank 2 : false
2025-09-02 14:12:58,769 [INFO] ADCParametersView:116 -                Rank 3 : true
2025-09-02 14:12:58,769 [INFO] ADCParametersView:116 -                Rank 4 : false
2025-09-02 14:12:58,769 [INFO] ADCParametersView:116 -                Rank 5 : false
2025-09-02 14:12:58,769 [INFO] ADCParametersView:116 -                Rank 6 : false
2025-09-02 14:12:58,769 [INFO] ADCParametersView:116 -                Rank 7 : false
2025-09-02 14:12:58,769 [INFO] ADCParametersView:116 -                Rank 8 : false
2025-09-02 14:12:58,769 [INFO] ADCParametersView:116 -                Rank 1 : false
2025-09-02 14:12:58,769 [INFO] ADCParametersView:116 -                Rank 2 : false
2025-09-02 14:12:58,769 [INFO] ADCParametersView:116 -                Rank 3 : true
2025-09-02 14:12:58,769 [INFO] ADCParametersView:116 -                Rank 4 : false
2025-09-02 14:12:58,769 [INFO] ADCParametersView:116 -                Rank 5 : false
2025-09-02 14:12:58,769 [INFO] ADCParametersView:116 -                Rank 6 : false
2025-09-02 14:12:58,769 [INFO] ADCParametersView:116 -                Rank 7 : false
2025-09-02 14:12:58,769 [INFO] ADCParametersView:116 -                Rank 8 : false
2025-09-02 14:12:58,769 [INFO] ADCParametersView:116 -                Rank 1 : false
2025-09-02 14:12:58,769 [INFO] ADCParametersView:116 -                Rank 2 : false
2025-09-02 14:12:58,769 [INFO] ADCParametersView:116 -                Rank 3 : true
2025-09-02 14:12:58,769 [INFO] ADCParametersView:116 -                Rank 4 : false
2025-09-02 14:12:58,769 [INFO] ADCParametersView:116 -                Rank 5 : false
2025-09-02 14:12:58,769 [INFO] ADCParametersView:116 -                Rank 6 : false
2025-09-02 14:12:58,769 [INFO] ADCParametersView:116 -                Rank 7 : false
2025-09-02 14:12:58,769 [INFO] ADCParametersView:116 -                Rank 8 : false
2025-09-02 14:12:58,769 [INFO] ADCParametersView:116 -                Rank 1 : false
2025-09-02 14:12:58,769 [INFO] ADCParametersView:116 -                Rank 2 : false
2025-09-02 14:12:58,769 [INFO] ADCParametersView:116 -                Rank 3 : true
2025-09-02 14:12:58,769 [INFO] ADCParametersView:116 -                Rank 4 : false
2025-09-02 14:12:58,769 [INFO] ADCParametersView:116 -                Rank 5 : false
2025-09-02 14:12:58,769 [INFO] ADCParametersView:116 -                Rank 6 : false
2025-09-02 14:12:58,769 [INFO] ADCParametersView:116 -                Rank 7 : false
2025-09-02 14:12:58,769 [INFO] ADCParametersView:116 -                Rank 8 : false
2025-09-02 14:12:58,770 [INFO] ADCParametersView:116 -                Rank 1 : false
2025-09-02 14:12:58,770 [INFO] ADCParametersView:116 -                Rank 2 : false
2025-09-02 14:12:58,770 [INFO] ADCParametersView:116 -                Rank 3 : true
2025-09-02 14:12:58,770 [INFO] ADCParametersView:116 -                Rank 4 : false
2025-09-02 14:12:58,770 [INFO] ADCParametersView:116 -                Rank 5 : false
2025-09-02 14:12:58,770 [INFO] ADCParametersView:116 -                Rank 6 : false
2025-09-02 14:12:58,770 [INFO] ADCParametersView:116 -                Rank 7 : false
2025-09-02 14:12:58,770 [INFO] ADCParametersView:116 -                Rank 8 : false
2025-09-02 14:12:58,770 [INFO] ADCParametersView:116 -                Rank 1 : false
2025-09-02 14:12:58,770 [INFO] ADCParametersView:116 -                Rank 2 : false
2025-09-02 14:12:58,770 [INFO] ADCParametersView:116 -                Rank 3 : true
2025-09-02 14:12:58,770 [INFO] ADCParametersView:116 -                Rank 4 : false
2025-09-02 14:12:58,770 [INFO] ADCParametersView:116 -                Rank 5 : false
2025-09-02 14:12:58,770 [INFO] ADCParametersView:116 -                Rank 6 : false
2025-09-02 14:12:58,770 [INFO] ADCParametersView:116 -                Rank 7 : false
2025-09-02 14:12:58,770 [INFO] ADCParametersView:116 -                Rank 8 : false
2025-09-02 14:12:58,770 [INFO] ADCParametersView:116 -                Rank 1 : false
2025-09-02 14:12:58,770 [INFO] ADCParametersView:116 -                Rank 2 : false
2025-09-02 14:12:58,770 [INFO] ADCParametersView:116 -                Rank 3 : true
2025-09-02 14:12:58,770 [INFO] ADCParametersView:116 -                Rank 4 : false
2025-09-02 14:12:58,770 [INFO] ADCParametersView:116 -                Rank 5 : false
2025-09-02 14:12:58,770 [INFO] ADCParametersView:116 -                Rank 6 : false
2025-09-02 14:12:58,770 [INFO] ADCParametersView:116 -                Rank 7 : false
2025-09-02 14:12:58,770 [INFO] ADCParametersView:116 -                Rank 8 : false
2025-09-02 14:12:58,770 [INFO] ADCParametersView:116 -                Rank 1 : false
2025-09-02 14:12:58,770 [INFO] ADCParametersView:116 -                Rank 2 : false
2025-09-02 14:12:58,770 [INFO] ADCParametersView:116 -                Rank 3 : true
2025-09-02 14:12:58,770 [INFO] ADCParametersView:116 -                Rank 4 : false
2025-09-02 14:12:58,770 [INFO] ADCParametersView:116 -                Rank 5 : false
2025-09-02 14:12:58,770 [INFO] ADCParametersView:116 -                Rank 6 : false
2025-09-02 14:12:58,770 [INFO] ADCParametersView:116 -                Rank 7 : false
2025-09-02 14:12:58,770 [INFO] ADCParametersView:116 -                Rank 8 : false
2025-09-02 14:12:58,770 [INFO] ADCParametersView:116 -                Rank 1 : false
2025-09-02 14:12:58,770 [INFO] ADCParametersView:116 -                Rank 2 : false
2025-09-02 14:12:58,770 [INFO] ADCParametersView:116 -                Rank 3 : true
2025-09-02 14:12:58,770 [INFO] ADCParametersView:116 -                Rank 4 : false
2025-09-02 14:12:58,770 [INFO] ADCParametersView:116 -                Rank 5 : false
2025-09-02 14:12:58,770 [INFO] ADCParametersView:116 -                Rank 6 : false
2025-09-02 14:12:58,770 [INFO] ADCParametersView:116 -                Rank 7 : false
2025-09-02 14:12:58,771 [INFO] ADCParametersView:116 -                Rank 8 : false
2025-09-02 14:12:58,771 [INFO] ADCParametersView:116 -                Rank 1 : false
2025-09-02 14:12:58,771 [INFO] ADCParametersView:116 -                Rank 2 : false
2025-09-02 14:12:58,771 [INFO] ADCParametersView:116 -                Rank 3 : true
2025-09-02 14:12:58,771 [INFO] ADCParametersView:116 -                Rank 4 : false
2025-09-02 14:12:58,771 [INFO] ADCParametersView:116 -                Rank 5 : false
2025-09-02 14:12:58,771 [INFO] ADCParametersView:116 -                Rank 6 : false
2025-09-02 14:12:58,771 [INFO] ADCParametersView:116 -                Rank 7 : false
2025-09-02 14:12:58,771 [INFO] ADCParametersView:116 -                Rank 8 : false
2025-09-02 14:12:58,771 [INFO] ADCParametersView:116 -                Rank 1 : false
2025-09-02 14:12:58,771 [INFO] ADCParametersView:116 -                Rank 2 : false
2025-09-02 14:12:58,771 [INFO] ADCParametersView:116 -                Rank 3 : true
2025-09-02 14:12:58,771 [INFO] ADCParametersView:116 -                Rank 4 : false
2025-09-02 14:12:58,771 [INFO] ADCParametersView:116 -                Rank 5 : false
2025-09-02 14:12:58,771 [INFO] ADCParametersView:116 -                Rank 6 : false
2025-09-02 14:12:58,771 [INFO] ADCParametersView:116 -                Rank 7 : false
2025-09-02 14:12:58,771 [INFO] ADCParametersView:116 -                Rank 8 : false
2025-09-02 14:12:58,771 [INFO] ADCParametersView:116 -                Rank 2 : false
2025-09-02 14:12:58,771 [INFO] ADCParametersView:116 -                Rank 3 : true
2025-09-02 14:12:58,771 [INFO] ADCParametersView:116 -                Rank 4 : false
2025-09-02 14:12:58,771 [INFO] ADCParametersView:116 -                Rank 5 : false
2025-09-02 14:12:58,771 [INFO] ADCParametersView:116 -                Rank 6 : false
2025-09-02 14:12:58,771 [INFO] ADCParametersView:116 -                Rank 7 : false
2025-09-02 14:12:58,771 [INFO] ADCParametersView:116 -                Rank 8 : false
2025-09-02 14:12:58,771 [INFO] ADCParametersView:116 -                Rank 3 : true
2025-09-02 14:12:58,771 [INFO] ADCParametersView:116 -                Rank 4 : false
2025-09-02 14:12:58,771 [INFO] ADCParametersView:116 -                Rank 5 : false
2025-09-02 14:12:58,771 [INFO] ADCParametersView:116 -                Rank 6 : false
2025-09-02 14:12:58,771 [INFO] ADCParametersView:116 -                Rank 7 : false
2025-09-02 14:12:58,771 [INFO] ADCParametersView:116 -                Rank 8 : false
2025-09-02 14:12:58,771 [INFO] ADCParametersView:116 -                Rank 4 : false
2025-09-02 14:12:58,771 [INFO] ADCParametersView:116 -                Rank 5 : false
2025-09-02 14:12:58,771 [INFO] ADCParametersView:116 -                Rank 6 : false
2025-09-02 14:12:58,771 [INFO] ADCParametersView:116 -                Rank 7 : false
2025-09-02 14:12:58,771 [INFO] ADCParametersView:116 -                Rank 8 : false
2025-09-02 14:12:58,771 [INFO] ADCParametersView:116 -                Rank 5 : false
2025-09-02 14:12:58,771 [INFO] ADCParametersView:116 -                Rank 6 : false
2025-09-02 14:12:58,771 [INFO] ADCParametersView:116 -                Rank 7 : false
2025-09-02 14:12:58,772 [INFO] ADCParametersView:116 -                Rank 8 : false
2025-09-02 14:12:58,772 [INFO] ADCParametersView:116 -                Rank 6 : false
2025-09-02 14:12:58,772 [INFO] ADCParametersView:116 -                Rank 7 : false
2025-09-02 14:12:58,772 [INFO] ADCParametersView:116 -                Rank 8 : false
2025-09-02 14:12:58,772 [INFO] ADCParametersView:116 -                Rank 7 : false
2025-09-02 14:12:58,772 [INFO] ADCParametersView:116 -                Rank 8 : false
2025-09-02 14:12:58,772 [INFO] ADCParametersView:116 -                Rank 8 : false
2025-09-02 14:12:58,817 [INFO] ADCParametersView:116 -                Rank 1 : false
2025-09-02 14:12:58,818 [INFO] ADCParametersView:116 -                Rank 1 : false
2025-09-02 14:12:58,818 [INFO] ADCParametersView:116 -                Rank 2 : false
2025-09-02 14:12:58,818 [INFO] ADCParametersView:116 -                Rank 1 : false
2025-09-02 14:12:58,818 [INFO] ADCParametersView:116 -                Rank 2 : false
2025-09-02 14:12:58,818 [INFO] ADCParametersView:116 -                Rank 3 : true
2025-09-02 14:12:58,818 [INFO] ADCParametersView:116 -                Rank 1 : false
2025-09-02 14:12:58,818 [INFO] ADCParametersView:116 -                Rank 2 : false
2025-09-02 14:12:58,818 [INFO] ADCParametersView:116 -                Rank 3 : true
2025-09-02 14:12:58,818 [INFO] ADCParametersView:116 -                Rank 4 : false
2025-09-02 14:12:58,818 [INFO] ADCParametersView:116 -                Rank 1 : false
2025-09-02 14:12:58,818 [INFO] ADCParametersView:116 -                Rank 2 : false
2025-09-02 14:12:58,818 [INFO] ADCParametersView:116 -                Rank 3 : true
2025-09-02 14:12:58,818 [INFO] ADCParametersView:116 -                Rank 4 : false
2025-09-02 14:12:58,818 [INFO] ADCParametersView:116 -                Rank 5 : false
2025-09-02 14:12:58,818 [INFO] ADCParametersView:116 -                Rank 1 : false
2025-09-02 14:12:58,818 [INFO] ADCParametersView:116 -                Rank 2 : false
2025-09-02 14:12:58,818 [INFO] ADCParametersView:116 -                Rank 3 : true
2025-09-02 14:12:58,818 [INFO] ADCParametersView:116 -                Rank 4 : false
2025-09-02 14:12:58,818 [INFO] ADCParametersView:116 -                Rank 5 : false
2025-09-02 14:12:58,818 [INFO] ADCParametersView:116 -                Rank 6 : false
2025-09-02 14:12:58,819 [INFO] ADCParametersView:116 -                Rank 1 : false
2025-09-02 14:12:58,819 [INFO] ADCParametersView:116 -                Rank 2 : false
2025-09-02 14:12:58,819 [INFO] ADCParametersView:116 -                Rank 3 : true
2025-09-02 14:12:58,819 [INFO] ADCParametersView:116 -                Rank 4 : false
2025-09-02 14:12:58,819 [INFO] ADCParametersView:116 -                Rank 5 : false
2025-09-02 14:12:58,819 [INFO] ADCParametersView:116 -                Rank 6 : false
2025-09-02 14:12:58,819 [INFO] ADCParametersView:116 -                Rank 7 : false
2025-09-02 14:12:58,819 [INFO] ADCParametersView:116 -                Rank 1 : false
2025-09-02 14:12:58,819 [INFO] ADCParametersView:116 -                Rank 2 : false
2025-09-02 14:12:58,819 [INFO] ADCParametersView:116 -                Rank 3 : true
2025-09-02 14:12:58,819 [INFO] ADCParametersView:116 -                Rank 4 : false
2025-09-02 14:12:58,819 [INFO] ADCParametersView:116 -                Rank 5 : false
2025-09-02 14:12:58,819 [INFO] ADCParametersView:116 -                Rank 6 : false
2025-09-02 14:12:58,819 [INFO] ADCParametersView:116 -                Rank 7 : false
2025-09-02 14:12:58,819 [INFO] ADCParametersView:116 -                Rank 8 : false
2025-09-02 14:13:00,450 [INFO] ADCParametersView:116 -                Rank 1 : false
2025-09-02 14:13:00,451 [INFO] ADCParametersView:116 -                Rank 2 : false
2025-09-02 14:13:00,451 [INFO] ADCParametersView:116 -                Rank 3 : false
2025-09-02 14:13:00,451 [INFO] ADCParametersView:116 -                Rank 4 : false
2025-09-02 14:13:00,451 [INFO] ADCParametersView:116 -                Rank 5 : false
2025-09-02 14:13:00,451 [INFO] ADCParametersView:116 -                Rank 6 : false
2025-09-02 14:13:00,451 [INFO] ADCParametersView:116 -                Rank 7 : false
2025-09-02 14:13:00,451 [INFO] ADCParametersView:116 -                Rank 8 : false
2025-09-02 14:13:01,798 [INFO] ADCParametersView:116 -                Rank 1 : false
2025-09-02 14:13:01,798 [INFO] ADCParametersView:116 -                Rank 2 : false
2025-09-02 14:13:01,798 [INFO] ADCParametersView:116 -                Rank 3 : false
2025-09-02 14:13:01,798 [INFO] ADCParametersView:116 -                Rank 4 : true
2025-09-02 14:13:01,798 [INFO] ADCParametersView:116 -                Rank 5 : false
2025-09-02 14:13:01,798 [INFO] ADCParametersView:116 -                Rank 6 : false
2025-09-02 14:13:01,799 [INFO] ADCParametersView:116 -                Rank 7 : false
2025-09-02 14:13:01,799 [INFO] ADCParametersView:116 -                Rank 8 : false
2025-09-02 14:13:04,837 [INFO] NvicIntPanel:101 - NVIC parent = com.st.microxplorer.plugins.ip.nvic.MultiNvicIntPanel[,0,0,0x0,invalid,layout=javax.swing.BoxLayout,alignmentX=0.0,alignmentY=0.0,border=,flags=9,maximumSize=,minimumSize=,preferredSize=]
2025-09-02 14:13:04,910 [INFO] ADCParametersView:116 -                Rank 1 : false
2025-09-02 14:13:04,910 [INFO] ADCParametersView:116 -                Rank 2 : false
2025-09-02 14:13:04,910 [INFO] ADCParametersView:116 -                Rank 3 : false
2025-09-02 14:13:04,910 [INFO] ADCParametersView:116 -                Rank 4 : true
2025-09-02 14:13:04,910 [INFO] ADCParametersView:116 -                Rank 5 : false
2025-09-02 14:13:04,910 [INFO] ADCParametersView:116 -                Rank 6 : false
2025-09-02 14:13:04,910 [INFO] ADCParametersView:116 -                Rank 7 : false
2025-09-02 14:13:04,910 [INFO] ADCParametersView:116 -                Rank 8 : false
2025-09-02 14:13:04,912 [INFO] ADCParametersView:116 -                Rank 1 : false
2025-09-02 14:13:04,912 [INFO] ADCParametersView:116 -                Rank 2 : false
2025-09-02 14:13:04,912 [INFO] ADCParametersView:116 -                Rank 3 : false
2025-09-02 14:13:04,912 [INFO] ADCParametersView:116 -                Rank 4 : true
2025-09-02 14:13:04,912 [INFO] ADCParametersView:116 -                Rank 5 : false
2025-09-02 14:13:04,912 [INFO] ADCParametersView:116 -                Rank 6 : false
2025-09-02 14:13:04,912 [INFO] ADCParametersView:116 -                Rank 7 : false
2025-09-02 14:13:04,912 [INFO] ADCParametersView:116 -                Rank 8 : false
2025-09-02 14:13:04,912 [INFO] ADCParametersView:116 -                Rank 1 : false
2025-09-02 14:13:04,912 [INFO] ADCParametersView:116 -                Rank 2 : false
2025-09-02 14:13:04,912 [INFO] ADCParametersView:116 -                Rank 3 : false
2025-09-02 14:13:04,912 [INFO] ADCParametersView:116 -                Rank 4 : true
2025-09-02 14:13:04,912 [INFO] ADCParametersView:116 -                Rank 5 : false
2025-09-02 14:13:04,912 [INFO] ADCParametersView:116 -                Rank 6 : false
2025-09-02 14:13:04,912 [INFO] ADCParametersView:116 -                Rank 7 : false
2025-09-02 14:13:04,912 [INFO] ADCParametersView:116 -                Rank 8 : false
2025-09-02 14:13:04,912 [INFO] ADCParametersView:116 -                Rank 1 : false
2025-09-02 14:13:04,912 [INFO] ADCParametersView:116 -                Rank 2 : false
2025-09-02 14:13:04,912 [INFO] ADCParametersView:116 -                Rank 3 : false
2025-09-02 14:13:04,912 [INFO] ADCParametersView:116 -                Rank 4 : true
2025-09-02 14:13:04,912 [INFO] ADCParametersView:116 -                Rank 5 : false
2025-09-02 14:13:04,912 [INFO] ADCParametersView:116 -                Rank 6 : false
2025-09-02 14:13:04,912 [INFO] ADCParametersView:116 -                Rank 7 : false
2025-09-02 14:13:04,912 [INFO] ADCParametersView:116 -                Rank 8 : false
2025-09-02 14:13:04,912 [INFO] ADCParametersView:116 -                Rank 1 : false
2025-09-02 14:13:04,912 [INFO] ADCParametersView:116 -                Rank 2 : false
2025-09-02 14:13:04,912 [INFO] ADCParametersView:116 -                Rank 3 : false
2025-09-02 14:13:04,912 [INFO] ADCParametersView:116 -                Rank 4 : true
2025-09-02 14:13:04,913 [INFO] ADCParametersView:116 -                Rank 5 : false
2025-09-02 14:13:04,913 [INFO] ADCParametersView:116 -                Rank 6 : false
2025-09-02 14:13:04,913 [INFO] ADCParametersView:116 -                Rank 7 : false
2025-09-02 14:13:04,913 [INFO] ADCParametersView:116 -                Rank 8 : false
2025-09-02 14:13:04,913 [INFO] ADCParametersView:116 -                Rank 1 : false
2025-09-02 14:13:04,913 [INFO] ADCParametersView:116 -                Rank 2 : false
2025-09-02 14:13:04,913 [INFO] ADCParametersView:116 -                Rank 3 : false
2025-09-02 14:13:04,913 [INFO] ADCParametersView:116 -                Rank 4 : true
2025-09-02 14:13:04,913 [INFO] ADCParametersView:116 -                Rank 5 : false
2025-09-02 14:13:04,913 [INFO] ADCParametersView:116 -                Rank 6 : false
2025-09-02 14:13:04,913 [INFO] ADCParametersView:116 -                Rank 7 : false
2025-09-02 14:13:04,913 [INFO] ADCParametersView:116 -                Rank 8 : false
2025-09-02 14:13:04,913 [INFO] ADCParametersView:116 -                Rank 1 : false
2025-09-02 14:13:04,913 [INFO] ADCParametersView:116 -                Rank 2 : false
2025-09-02 14:13:04,913 [INFO] ADCParametersView:116 -                Rank 3 : false
2025-09-02 14:13:04,913 [INFO] ADCParametersView:116 -                Rank 4 : true
2025-09-02 14:13:04,913 [INFO] ADCParametersView:116 -                Rank 5 : false
2025-09-02 14:13:04,913 [INFO] ADCParametersView:116 -                Rank 6 : false
2025-09-02 14:13:04,913 [INFO] ADCParametersView:116 -                Rank 7 : false
2025-09-02 14:13:04,913 [INFO] ADCParametersView:116 -                Rank 8 : false
2025-09-02 14:13:04,913 [INFO] ADCParametersView:116 -                Rank 1 : false
2025-09-02 14:13:04,913 [INFO] ADCParametersView:116 -                Rank 2 : false
2025-09-02 14:13:04,913 [INFO] ADCParametersView:116 -                Rank 3 : false
2025-09-02 14:13:04,913 [INFO] ADCParametersView:116 -                Rank 4 : true
2025-09-02 14:13:04,913 [INFO] ADCParametersView:116 -                Rank 5 : false
2025-09-02 14:13:04,913 [INFO] ADCParametersView:116 -                Rank 6 : false
2025-09-02 14:13:04,913 [INFO] ADCParametersView:116 -                Rank 7 : false
2025-09-02 14:13:04,913 [INFO] ADCParametersView:116 -                Rank 8 : false
2025-09-02 14:13:04,913 [INFO] ADCParametersView:116 -                Rank 1 : false
2025-09-02 14:13:04,913 [INFO] ADCParametersView:116 -                Rank 2 : false
2025-09-02 14:13:04,913 [INFO] ADCParametersView:116 -                Rank 3 : false
2025-09-02 14:13:04,913 [INFO] ADCParametersView:116 -                Rank 4 : true
2025-09-02 14:13:04,913 [INFO] ADCParametersView:116 -                Rank 5 : false
2025-09-02 14:13:04,913 [INFO] ADCParametersView:116 -                Rank 6 : false
2025-09-02 14:13:04,913 [INFO] ADCParametersView:116 -                Rank 7 : false
2025-09-02 14:13:04,913 [INFO] ADCParametersView:116 -                Rank 8 : false
2025-09-02 14:13:04,913 [INFO] ADCParametersView:116 -                Rank 1 : false
2025-09-02 14:13:04,914 [INFO] ADCParametersView:116 -                Rank 2 : false
2025-09-02 14:13:04,914 [INFO] ADCParametersView:116 -                Rank 3 : false
2025-09-02 14:13:04,914 [INFO] ADCParametersView:116 -                Rank 4 : true
2025-09-02 14:13:04,914 [INFO] ADCParametersView:116 -                Rank 5 : false
2025-09-02 14:13:04,914 [INFO] ADCParametersView:116 -                Rank 6 : false
2025-09-02 14:13:04,914 [INFO] ADCParametersView:116 -                Rank 7 : false
2025-09-02 14:13:04,914 [INFO] ADCParametersView:116 -                Rank 8 : false
2025-09-02 14:13:04,914 [INFO] ADCParametersView:116 -                Rank 1 : false
2025-09-02 14:13:04,914 [INFO] ADCParametersView:116 -                Rank 2 : false
2025-09-02 14:13:04,914 [INFO] ADCParametersView:116 -                Rank 3 : false
2025-09-02 14:13:04,914 [INFO] ADCParametersView:116 -                Rank 4 : true
2025-09-02 14:13:04,914 [INFO] ADCParametersView:116 -                Rank 5 : false
2025-09-02 14:13:04,914 [INFO] ADCParametersView:116 -                Rank 6 : false
2025-09-02 14:13:04,914 [INFO] ADCParametersView:116 -                Rank 7 : false
2025-09-02 14:13:04,914 [INFO] ADCParametersView:116 -                Rank 8 : false
2025-09-02 14:13:04,914 [INFO] ADCParametersView:116 -                Rank 1 : false
2025-09-02 14:13:04,914 [INFO] ADCParametersView:116 -                Rank 2 : false
2025-09-02 14:13:04,914 [INFO] ADCParametersView:116 -                Rank 3 : false
2025-09-02 14:13:04,914 [INFO] ADCParametersView:116 -                Rank 4 : true
2025-09-02 14:13:04,914 [INFO] ADCParametersView:116 -                Rank 5 : false
2025-09-02 14:13:04,914 [INFO] ADCParametersView:116 -                Rank 6 : false
2025-09-02 14:13:04,915 [INFO] ADCParametersView:116 -                Rank 7 : false
2025-09-02 14:13:04,915 [INFO] ADCParametersView:116 -                Rank 8 : false
2025-09-02 14:13:04,915 [INFO] ADCParametersView:116 -                Rank 1 : false
2025-09-02 14:13:04,915 [INFO] ADCParametersView:116 -                Rank 2 : false
2025-09-02 14:13:04,915 [INFO] ADCParametersView:116 -                Rank 3 : false
2025-09-02 14:13:04,915 [INFO] ADCParametersView:116 -                Rank 4 : true
2025-09-02 14:13:04,915 [INFO] ADCParametersView:116 -                Rank 5 : false
2025-09-02 14:13:04,915 [INFO] ADCParametersView:116 -                Rank 6 : false
2025-09-02 14:13:04,915 [INFO] ADCParametersView:116 -                Rank 7 : false
2025-09-02 14:13:04,915 [INFO] ADCParametersView:116 -                Rank 8 : false
2025-09-02 14:13:04,915 [INFO] ADCParametersView:116 -                Rank 1 : false
2025-09-02 14:13:04,915 [INFO] ADCParametersView:116 -                Rank 2 : false
2025-09-02 14:13:04,915 [INFO] ADCParametersView:116 -                Rank 3 : false
2025-09-02 14:13:04,915 [INFO] ADCParametersView:116 -                Rank 4 : true
2025-09-02 14:13:04,915 [INFO] ADCParametersView:116 -                Rank 5 : false
2025-09-02 14:13:04,915 [INFO] ADCParametersView:116 -                Rank 6 : false
2025-09-02 14:13:04,915 [INFO] ADCParametersView:116 -                Rank 7 : false
2025-09-02 14:13:04,915 [INFO] ADCParametersView:116 -                Rank 8 : false
2025-09-02 14:13:04,915 [INFO] ADCParametersView:116 -                Rank 2 : false
2025-09-02 14:13:04,915 [INFO] ADCParametersView:116 -                Rank 3 : false
2025-09-02 14:13:04,915 [INFO] ADCParametersView:116 -                Rank 4 : true
2025-09-02 14:13:04,915 [INFO] ADCParametersView:116 -                Rank 5 : false
2025-09-02 14:13:04,915 [INFO] ADCParametersView:116 -                Rank 6 : false
2025-09-02 14:13:04,915 [INFO] ADCParametersView:116 -                Rank 7 : false
2025-09-02 14:13:04,915 [INFO] ADCParametersView:116 -                Rank 8 : false
2025-09-02 14:13:04,915 [INFO] ADCParametersView:116 -                Rank 3 : false
2025-09-02 14:13:04,915 [INFO] ADCParametersView:116 -                Rank 4 : true
2025-09-02 14:13:04,916 [INFO] ADCParametersView:116 -                Rank 5 : false
2025-09-02 14:13:04,916 [INFO] ADCParametersView:116 -                Rank 6 : false
2025-09-02 14:13:04,916 [INFO] ADCParametersView:116 -                Rank 7 : false
2025-09-02 14:13:04,916 [INFO] ADCParametersView:116 -                Rank 8 : false
2025-09-02 14:13:04,916 [INFO] ADCParametersView:116 -                Rank 4 : true
2025-09-02 14:13:04,916 [INFO] ADCParametersView:116 -                Rank 5 : false
2025-09-02 14:13:04,916 [INFO] ADCParametersView:116 -                Rank 6 : false
2025-09-02 14:13:04,916 [INFO] ADCParametersView:116 -                Rank 7 : false
2025-09-02 14:13:04,916 [INFO] ADCParametersView:116 -                Rank 8 : false
2025-09-02 14:13:04,916 [INFO] ADCParametersView:116 -                Rank 5 : false
2025-09-02 14:13:04,916 [INFO] ADCParametersView:116 -                Rank 6 : false
2025-09-02 14:13:04,916 [INFO] ADCParametersView:116 -                Rank 7 : false
2025-09-02 14:13:04,916 [INFO] ADCParametersView:116 -                Rank 8 : false
2025-09-02 14:13:04,916 [INFO] ADCParametersView:116 -                Rank 6 : false
2025-09-02 14:13:04,916 [INFO] ADCParametersView:116 -                Rank 7 : false
2025-09-02 14:13:04,916 [INFO] ADCParametersView:116 -                Rank 8 : false
2025-09-02 14:13:04,916 [INFO] ADCParametersView:116 -                Rank 7 : false
2025-09-02 14:13:04,916 [INFO] ADCParametersView:116 -                Rank 8 : false
2025-09-02 14:13:04,916 [INFO] ADCParametersView:116 -                Rank 8 : false
2025-09-02 14:13:04,964 [INFO] ADCParametersView:116 -                Rank 1 : false
2025-09-02 14:13:04,964 [INFO] ADCParametersView:116 -                Rank 1 : false
2025-09-02 14:13:04,964 [INFO] ADCParametersView:116 -                Rank 2 : false
2025-09-02 14:13:04,965 [INFO] ADCParametersView:116 -                Rank 1 : false
2025-09-02 14:13:04,965 [INFO] ADCParametersView:116 -                Rank 2 : false
2025-09-02 14:13:04,965 [INFO] ADCParametersView:116 -                Rank 3 : false
2025-09-02 14:13:04,965 [INFO] ADCParametersView:116 -                Rank 1 : false
2025-09-02 14:13:04,965 [INFO] ADCParametersView:116 -                Rank 2 : false
2025-09-02 14:13:04,965 [INFO] ADCParametersView:116 -                Rank 3 : false
2025-09-02 14:13:04,965 [INFO] ADCParametersView:116 -                Rank 4 : true
2025-09-02 14:13:04,966 [INFO] ADCParametersView:116 -                Rank 1 : false
2025-09-02 14:13:04,966 [INFO] ADCParametersView:116 -                Rank 2 : false
2025-09-02 14:13:04,966 [INFO] ADCParametersView:116 -                Rank 3 : false
2025-09-02 14:13:04,966 [INFO] ADCParametersView:116 -                Rank 4 : true
2025-09-02 14:13:04,966 [INFO] ADCParametersView:116 -                Rank 5 : false
2025-09-02 14:13:04,966 [INFO] ADCParametersView:116 -                Rank 1 : false
2025-09-02 14:13:04,966 [INFO] ADCParametersView:116 -                Rank 2 : false
2025-09-02 14:13:04,966 [INFO] ADCParametersView:116 -                Rank 3 : false
2025-09-02 14:13:04,966 [INFO] ADCParametersView:116 -                Rank 4 : true
2025-09-02 14:13:04,966 [INFO] ADCParametersView:116 -                Rank 5 : false
2025-09-02 14:13:04,966 [INFO] ADCParametersView:116 -                Rank 6 : false
2025-09-02 14:13:04,966 [INFO] ADCParametersView:116 -                Rank 1 : false
2025-09-02 14:13:04,966 [INFO] ADCParametersView:116 -                Rank 2 : false
2025-09-02 14:13:04,966 [INFO] ADCParametersView:116 -                Rank 3 : false
2025-09-02 14:13:04,967 [INFO] ADCParametersView:116 -                Rank 4 : true
2025-09-02 14:13:04,967 [INFO] ADCParametersView:116 -                Rank 5 : false
2025-09-02 14:13:04,967 [INFO] ADCParametersView:116 -                Rank 6 : false
2025-09-02 14:13:04,967 [INFO] ADCParametersView:116 -                Rank 7 : false
2025-09-02 14:13:04,967 [INFO] ADCParametersView:116 -                Rank 1 : false
2025-09-02 14:13:04,967 [INFO] ADCParametersView:116 -                Rank 2 : false
2025-09-02 14:13:04,967 [INFO] ADCParametersView:116 -                Rank 3 : false
2025-09-02 14:13:04,967 [INFO] ADCParametersView:116 -                Rank 4 : true
2025-09-02 14:13:04,967 [INFO] ADCParametersView:116 -                Rank 5 : false
2025-09-02 14:13:04,967 [INFO] ADCParametersView:116 -                Rank 6 : false
2025-09-02 14:13:04,967 [INFO] ADCParametersView:116 -                Rank 7 : false
2025-09-02 14:13:04,967 [INFO] ADCParametersView:116 -                Rank 8 : false
2025-09-02 14:13:08,240 [INFO] NvicIntPanel:101 - NVIC parent = com.st.microxplorer.plugins.ip.nvic.MultiNvicIntPanel[,0,0,0x0,invalid,layout=javax.swing.BoxLayout,alignmentX=0.0,alignmentY=0.0,border=,flags=9,maximumSize=,minimumSize=,preferredSize=]
2025-09-02 14:13:08,295 [INFO] ADCParametersView:116 -                Rank 1 : false
2025-09-02 14:13:08,295 [INFO] ADCParametersView:116 -                Rank 2 : false
2025-09-02 14:13:08,295 [INFO] ADCParametersView:116 -                Rank 3 : false
2025-09-02 14:13:08,295 [INFO] ADCParametersView:116 -                Rank 4 : true
2025-09-02 14:13:08,295 [INFO] ADCParametersView:116 -                Rank 5 : false
2025-09-02 14:13:08,295 [INFO] ADCParametersView:116 -                Rank 6 : false
2025-09-02 14:13:08,295 [INFO] ADCParametersView:116 -                Rank 7 : false
2025-09-02 14:13:08,295 [INFO] ADCParametersView:116 -                Rank 8 : false
2025-09-02 14:13:08,298 [INFO] ADCParametersView:116 -                Rank 1 : false
2025-09-02 14:13:08,298 [INFO] ADCParametersView:116 -                Rank 2 : false
2025-09-02 14:13:08,298 [INFO] ADCParametersView:116 -                Rank 3 : false
2025-09-02 14:13:08,298 [INFO] ADCParametersView:116 -                Rank 4 : true
2025-09-02 14:13:08,298 [INFO] ADCParametersView:116 -                Rank 5 : false
2025-09-02 14:13:08,298 [INFO] ADCParametersView:116 -                Rank 6 : false
2025-09-02 14:13:08,298 [INFO] ADCParametersView:116 -                Rank 7 : false
2025-09-02 14:13:08,298 [INFO] ADCParametersView:116 -                Rank 8 : false
2025-09-02 14:13:08,298 [INFO] ADCParametersView:116 -                Rank 1 : false
2025-09-02 14:13:08,298 [INFO] ADCParametersView:116 -                Rank 2 : false
2025-09-02 14:13:08,298 [INFO] ADCParametersView:116 -                Rank 3 : false
2025-09-02 14:13:08,298 [INFO] ADCParametersView:116 -                Rank 4 : true
2025-09-02 14:13:08,298 [INFO] ADCParametersView:116 -                Rank 5 : false
2025-09-02 14:13:08,298 [INFO] ADCParametersView:116 -                Rank 6 : false
2025-09-02 14:13:08,298 [INFO] ADCParametersView:116 -                Rank 7 : false
2025-09-02 14:13:08,298 [INFO] ADCParametersView:116 -                Rank 8 : false
2025-09-02 14:13:08,298 [INFO] ADCParametersView:116 -                Rank 1 : false
2025-09-02 14:13:08,299 [INFO] ADCParametersView:116 -                Rank 2 : false
2025-09-02 14:13:08,299 [INFO] ADCParametersView:116 -                Rank 3 : false
2025-09-02 14:13:08,299 [INFO] ADCParametersView:116 -                Rank 4 : true
2025-09-02 14:13:08,299 [INFO] ADCParametersView:116 -                Rank 5 : false
2025-09-02 14:13:08,299 [INFO] ADCParametersView:116 -                Rank 6 : false
2025-09-02 14:13:08,299 [INFO] ADCParametersView:116 -                Rank 7 : false
2025-09-02 14:13:08,299 [INFO] ADCParametersView:116 -                Rank 8 : false
2025-09-02 14:13:08,299 [INFO] ADCParametersView:116 -                Rank 1 : false
2025-09-02 14:13:08,299 [INFO] ADCParametersView:116 -                Rank 2 : false
2025-09-02 14:13:08,299 [INFO] ADCParametersView:116 -                Rank 3 : false
2025-09-02 14:13:08,299 [INFO] ADCParametersView:116 -                Rank 4 : true
2025-09-02 14:13:08,299 [INFO] ADCParametersView:116 -                Rank 5 : false
2025-09-02 14:13:08,299 [INFO] ADCParametersView:116 -                Rank 6 : false
2025-09-02 14:13:08,299 [INFO] ADCParametersView:116 -                Rank 7 : false
2025-09-02 14:13:08,299 [INFO] ADCParametersView:116 -                Rank 8 : false
2025-09-02 14:13:08,299 [INFO] ADCParametersView:116 -                Rank 1 : false
2025-09-02 14:13:08,299 [INFO] ADCParametersView:116 -                Rank 2 : false
2025-09-02 14:13:08,299 [INFO] ADCParametersView:116 -                Rank 3 : false
2025-09-02 14:13:08,299 [INFO] ADCParametersView:116 -                Rank 4 : true
2025-09-02 14:13:08,299 [INFO] ADCParametersView:116 -                Rank 5 : false
2025-09-02 14:13:08,299 [INFO] ADCParametersView:116 -                Rank 6 : false
2025-09-02 14:13:08,299 [INFO] ADCParametersView:116 -                Rank 7 : false
2025-09-02 14:13:08,299 [INFO] ADCParametersView:116 -                Rank 8 : false
2025-09-02 14:13:08,299 [INFO] ADCParametersView:116 -                Rank 1 : false
2025-09-02 14:13:08,299 [INFO] ADCParametersView:116 -                Rank 2 : false
2025-09-02 14:13:08,299 [INFO] ADCParametersView:116 -                Rank 3 : false
2025-09-02 14:13:08,299 [INFO] ADCParametersView:116 -                Rank 4 : true
2025-09-02 14:13:08,299 [INFO] ADCParametersView:116 -                Rank 5 : false
2025-09-02 14:13:08,299 [INFO] ADCParametersView:116 -                Rank 6 : false
2025-09-02 14:13:08,299 [INFO] ADCParametersView:116 -                Rank 7 : false
2025-09-02 14:13:08,299 [INFO] ADCParametersView:116 -                Rank 8 : false
2025-09-02 14:13:08,299 [INFO] ADCParametersView:116 -                Rank 1 : false
2025-09-02 14:13:08,299 [INFO] ADCParametersView:116 -                Rank 2 : false
2025-09-02 14:13:08,299 [INFO] ADCParametersView:116 -                Rank 3 : false
2025-09-02 14:13:08,299 [INFO] ADCParametersView:116 -                Rank 4 : true
2025-09-02 14:13:08,299 [INFO] ADCParametersView:116 -                Rank 5 : false
2025-09-02 14:13:08,299 [INFO] ADCParametersView:116 -                Rank 6 : false
2025-09-02 14:13:08,299 [INFO] ADCParametersView:116 -                Rank 7 : false
2025-09-02 14:13:08,299 [INFO] ADCParametersView:116 -                Rank 8 : false
2025-09-02 14:13:08,300 [INFO] ADCParametersView:116 -                Rank 1 : false
2025-09-02 14:13:08,300 [INFO] ADCParametersView:116 -                Rank 2 : false
2025-09-02 14:13:08,300 [INFO] ADCParametersView:116 -                Rank 3 : false
2025-09-02 14:13:08,300 [INFO] ADCParametersView:116 -                Rank 4 : true
2025-09-02 14:13:08,300 [INFO] ADCParametersView:116 -                Rank 5 : false
2025-09-02 14:13:08,300 [INFO] ADCParametersView:116 -                Rank 6 : false
2025-09-02 14:13:08,300 [INFO] ADCParametersView:116 -                Rank 7 : false
2025-09-02 14:13:08,300 [INFO] ADCParametersView:116 -                Rank 8 : false
2025-09-02 14:13:08,300 [INFO] ADCParametersView:116 -                Rank 1 : false
2025-09-02 14:13:08,300 [INFO] ADCParametersView:116 -                Rank 2 : false
2025-09-02 14:13:08,300 [INFO] ADCParametersView:116 -                Rank 3 : false
2025-09-02 14:13:08,300 [INFO] ADCParametersView:116 -                Rank 4 : true
2025-09-02 14:13:08,300 [INFO] ADCParametersView:116 -                Rank 5 : false
2025-09-02 14:13:08,300 [INFO] ADCParametersView:116 -                Rank 6 : false
2025-09-02 14:13:08,300 [INFO] ADCParametersView:116 -                Rank 7 : false
2025-09-02 14:13:08,300 [INFO] ADCParametersView:116 -                Rank 8 : false
2025-09-02 14:13:08,300 [INFO] ADCParametersView:116 -                Rank 1 : false
2025-09-02 14:13:08,300 [INFO] ADCParametersView:116 -                Rank 2 : false
2025-09-02 14:13:08,300 [INFO] ADCParametersView:116 -                Rank 3 : false
2025-09-02 14:13:08,300 [INFO] ADCParametersView:116 -                Rank 4 : true
2025-09-02 14:13:08,300 [INFO] ADCParametersView:116 -                Rank 5 : false
2025-09-02 14:13:08,300 [INFO] ADCParametersView:116 -                Rank 6 : false
2025-09-02 14:13:08,300 [INFO] ADCParametersView:116 -                Rank 7 : false
2025-09-02 14:13:08,300 [INFO] ADCParametersView:116 -                Rank 8 : false
2025-09-02 14:13:08,300 [INFO] ADCParametersView:116 -                Rank 1 : false
2025-09-02 14:13:08,300 [INFO] ADCParametersView:116 -                Rank 2 : false
2025-09-02 14:13:08,300 [INFO] ADCParametersView:116 -                Rank 3 : false
2025-09-02 14:13:08,300 [INFO] ADCParametersView:116 -                Rank 4 : true
2025-09-02 14:13:08,300 [INFO] ADCParametersView:116 -                Rank 5 : false
2025-09-02 14:13:08,300 [INFO] ADCParametersView:116 -                Rank 6 : false
2025-09-02 14:13:08,300 [INFO] ADCParametersView:116 -                Rank 7 : false
2025-09-02 14:13:08,300 [INFO] ADCParametersView:116 -                Rank 8 : false
2025-09-02 14:13:08,300 [INFO] ADCParametersView:116 -                Rank 1 : false
2025-09-02 14:13:08,300 [INFO] ADCParametersView:116 -                Rank 2 : false
2025-09-02 14:13:08,301 [INFO] ADCParametersView:116 -                Rank 3 : false
2025-09-02 14:13:08,301 [INFO] ADCParametersView:116 -                Rank 4 : true
2025-09-02 14:13:08,301 [INFO] ADCParametersView:116 -                Rank 5 : false
2025-09-02 14:13:08,301 [INFO] ADCParametersView:116 -                Rank 6 : false
2025-09-02 14:13:08,301 [INFO] ADCParametersView:116 -                Rank 7 : false
2025-09-02 14:13:08,301 [INFO] ADCParametersView:116 -                Rank 8 : false
2025-09-02 14:13:08,301 [INFO] ADCParametersView:116 -                Rank 1 : false
2025-09-02 14:13:08,301 [INFO] ADCParametersView:116 -                Rank 2 : false
2025-09-02 14:13:08,301 [INFO] ADCParametersView:116 -                Rank 3 : false
2025-09-02 14:13:08,301 [INFO] ADCParametersView:116 -                Rank 4 : true
2025-09-02 14:13:08,301 [INFO] ADCParametersView:116 -                Rank 5 : false
2025-09-02 14:13:08,301 [INFO] ADCParametersView:116 -                Rank 6 : false
2025-09-02 14:13:08,301 [INFO] ADCParametersView:116 -                Rank 7 : false
2025-09-02 14:13:08,301 [INFO] ADCParametersView:116 -                Rank 8 : false
2025-09-02 14:13:08,301 [INFO] ADCParametersView:116 -                Rank 2 : false
2025-09-02 14:13:08,301 [INFO] ADCParametersView:116 -                Rank 3 : false
2025-09-02 14:13:08,301 [INFO] ADCParametersView:116 -                Rank 4 : true
2025-09-02 14:13:08,301 [INFO] ADCParametersView:116 -                Rank 5 : false
2025-09-02 14:13:08,301 [INFO] ADCParametersView:116 -                Rank 6 : false
2025-09-02 14:13:08,301 [INFO] ADCParametersView:116 -                Rank 7 : false
2025-09-02 14:13:08,301 [INFO] ADCParametersView:116 -                Rank 8 : false
2025-09-02 14:13:08,301 [INFO] ADCParametersView:116 -                Rank 3 : false
2025-09-02 14:13:08,302 [INFO] ADCParametersView:116 -                Rank 4 : true
2025-09-02 14:13:08,302 [INFO] ADCParametersView:116 -                Rank 5 : false
2025-09-02 14:13:08,302 [INFO] ADCParametersView:116 -                Rank 6 : false
2025-09-02 14:13:08,302 [INFO] ADCParametersView:116 -                Rank 7 : false
2025-09-02 14:13:08,302 [INFO] ADCParametersView:116 -                Rank 8 : false
2025-09-02 14:13:08,302 [INFO] ADCParametersView:116 -                Rank 4 : true
2025-09-02 14:13:08,302 [INFO] ADCParametersView:116 -                Rank 5 : false
2025-09-02 14:13:08,302 [INFO] ADCParametersView:116 -                Rank 6 : false
2025-09-02 14:13:08,302 [INFO] ADCParametersView:116 -                Rank 7 : false
2025-09-02 14:13:08,302 [INFO] ADCParametersView:116 -                Rank 8 : false
2025-09-02 14:13:08,302 [INFO] ADCParametersView:116 -                Rank 5 : false
2025-09-02 14:13:08,302 [INFO] ADCParametersView:116 -                Rank 6 : false
2025-09-02 14:13:08,302 [INFO] ADCParametersView:116 -                Rank 7 : false
2025-09-02 14:13:08,302 [INFO] ADCParametersView:116 -                Rank 8 : false
2025-09-02 14:13:08,302 [INFO] ADCParametersView:116 -                Rank 6 : false
2025-09-02 14:13:08,302 [INFO] ADCParametersView:116 -                Rank 7 : false
2025-09-02 14:13:08,302 [INFO] ADCParametersView:116 -                Rank 8 : false
2025-09-02 14:13:08,302 [INFO] ADCParametersView:116 -                Rank 7 : false
2025-09-02 14:13:08,302 [INFO] ADCParametersView:116 -                Rank 8 : false
2025-09-02 14:13:08,302 [INFO] ADCParametersView:116 -                Rank 8 : false
2025-09-02 14:13:08,374 [INFO] ADCParametersView:116 -                Rank 1 : false
2025-09-02 14:13:08,375 [INFO] ADCParametersView:116 -                Rank 1 : false
2025-09-02 14:13:08,375 [INFO] ADCParametersView:116 -                Rank 2 : false
2025-09-02 14:13:08,375 [INFO] ADCParametersView:116 -                Rank 1 : false
2025-09-02 14:13:08,375 [INFO] ADCParametersView:116 -                Rank 2 : false
2025-09-02 14:13:08,375 [INFO] ADCParametersView:116 -                Rank 3 : false
2025-09-02 14:13:08,375 [INFO] ADCParametersView:116 -                Rank 1 : false
2025-09-02 14:13:08,375 [INFO] ADCParametersView:116 -                Rank 2 : false
2025-09-02 14:13:08,375 [INFO] ADCParametersView:116 -                Rank 3 : false
2025-09-02 14:13:08,375 [INFO] ADCParametersView:116 -                Rank 4 : true
2025-09-02 14:13:08,376 [INFO] ADCParametersView:116 -                Rank 1 : false
2025-09-02 14:13:08,376 [INFO] ADCParametersView:116 -                Rank 2 : false
2025-09-02 14:13:08,376 [INFO] ADCParametersView:116 -                Rank 3 : false
2025-09-02 14:13:08,376 [INFO] ADCParametersView:116 -                Rank 4 : true
2025-09-02 14:13:08,376 [INFO] ADCParametersView:116 -                Rank 5 : false
2025-09-02 14:13:08,376 [INFO] ADCParametersView:116 -                Rank 1 : false
2025-09-02 14:13:08,376 [INFO] ADCParametersView:116 -                Rank 2 : false
2025-09-02 14:13:08,376 [INFO] ADCParametersView:116 -                Rank 3 : false
2025-09-02 14:13:08,376 [INFO] ADCParametersView:116 -                Rank 4 : true
2025-09-02 14:13:08,376 [INFO] ADCParametersView:116 -                Rank 5 : false
2025-09-02 14:13:08,376 [INFO] ADCParametersView:116 -                Rank 6 : false
2025-09-02 14:13:08,376 [INFO] ADCParametersView:116 -                Rank 1 : false
2025-09-02 14:13:08,376 [INFO] ADCParametersView:116 -                Rank 2 : false
2025-09-02 14:13:08,376 [INFO] ADCParametersView:116 -                Rank 3 : false
2025-09-02 14:13:08,376 [INFO] ADCParametersView:116 -                Rank 4 : true
2025-09-02 14:13:08,376 [INFO] ADCParametersView:116 -                Rank 5 : false
2025-09-02 14:13:08,376 [INFO] ADCParametersView:116 -                Rank 6 : false
2025-09-02 14:13:08,376 [INFO] ADCParametersView:116 -                Rank 7 : false
2025-09-02 14:13:08,376 [INFO] ADCParametersView:116 -                Rank 1 : false
2025-09-02 14:13:08,377 [INFO] ADCParametersView:116 -                Rank 2 : false
2025-09-02 14:13:08,377 [INFO] ADCParametersView:116 -                Rank 3 : false
2025-09-02 14:13:08,377 [INFO] ADCParametersView:116 -                Rank 4 : true
2025-09-02 14:13:08,377 [INFO] ADCParametersView:116 -                Rank 5 : false
2025-09-02 14:13:08,377 [INFO] ADCParametersView:116 -                Rank 6 : false
2025-09-02 14:13:08,377 [INFO] ADCParametersView:116 -                Rank 7 : false
2025-09-02 14:13:08,377 [INFO] ADCParametersView:116 -                Rank 8 : false
2025-09-02 14:13:10,134 [INFO] ADCParametersView:116 -                Rank 1 : false
2025-09-02 14:13:10,135 [INFO] ADCParametersView:116 -                Rank 2 : false
2025-09-02 14:13:10,135 [INFO] ADCParametersView:116 -                Rank 3 : false
2025-09-02 14:13:10,135 [INFO] ADCParametersView:116 -                Rank 4 : false
2025-09-02 14:13:10,135 [INFO] ADCParametersView:116 -                Rank 5 : false
2025-09-02 14:13:10,135 [INFO] ADCParametersView:116 -                Rank 6 : false
2025-09-02 14:13:10,135 [INFO] ADCParametersView:116 -                Rank 7 : false
2025-09-02 14:13:10,135 [INFO] ADCParametersView:116 -                Rank 8 : false
2025-09-02 14:13:10,966 [INFO] ADCParametersView:116 -                Rank 1 : false
2025-09-02 14:13:10,966 [INFO] ADCParametersView:116 -                Rank 2 : false
2025-09-02 14:13:10,966 [INFO] ADCParametersView:116 -                Rank 3 : false
2025-09-02 14:13:10,966 [INFO] ADCParametersView:116 -                Rank 4 : false
2025-09-02 14:13:10,966 [INFO] ADCParametersView:116 -                Rank 5 : true
2025-09-02 14:13:10,966 [INFO] ADCParametersView:116 -                Rank 6 : false
2025-09-02 14:13:10,966 [INFO] ADCParametersView:116 -                Rank 7 : false
2025-09-02 14:13:10,966 [INFO] ADCParametersView:116 -                Rank 8 : false
2025-09-02 14:13:14,817 [INFO] NvicIntPanel:101 - NVIC parent = com.st.microxplorer.plugins.ip.nvic.MultiNvicIntPanel[,0,0,0x0,invalid,layout=javax.swing.BoxLayout,alignmentX=0.0,alignmentY=0.0,border=,flags=9,maximumSize=,minimumSize=,preferredSize=]
2025-09-02 14:13:14,873 [INFO] ADCParametersView:116 -                Rank 1 : false
2025-09-02 14:13:14,881 [INFO] ADCParametersView:116 -                Rank 2 : false
2025-09-02 14:13:14,881 [INFO] ADCParametersView:116 -                Rank 3 : false
2025-09-02 14:13:14,881 [INFO] ADCParametersView:116 -                Rank 4 : false
2025-09-02 14:13:14,881 [INFO] ADCParametersView:116 -                Rank 5 : true
2025-09-02 14:13:14,881 [INFO] ADCParametersView:116 -                Rank 6 : false
2025-09-02 14:13:14,881 [INFO] ADCParametersView:116 -                Rank 7 : false
2025-09-02 14:13:14,881 [INFO] ADCParametersView:116 -                Rank 8 : false
2025-09-02 14:13:14,883 [INFO] ADCParametersView:116 -                Rank 1 : false
2025-09-02 14:13:14,884 [INFO] ADCParametersView:116 -                Rank 2 : false
2025-09-02 14:13:14,884 [INFO] ADCParametersView:116 -                Rank 3 : false
2025-09-02 14:13:14,884 [INFO] ADCParametersView:116 -                Rank 4 : false
2025-09-02 14:13:14,884 [INFO] ADCParametersView:116 -                Rank 5 : true
2025-09-02 14:13:14,884 [INFO] ADCParametersView:116 -                Rank 6 : false
2025-09-02 14:13:14,884 [INFO] ADCParametersView:116 -                Rank 7 : false
2025-09-02 14:13:14,884 [INFO] ADCParametersView:116 -                Rank 8 : false
2025-09-02 14:13:14,884 [INFO] ADCParametersView:116 -                Rank 1 : false
2025-09-02 14:13:14,884 [INFO] ADCParametersView:116 -                Rank 2 : false
2025-09-02 14:13:14,884 [INFO] ADCParametersView:116 -                Rank 3 : false
2025-09-02 14:13:14,884 [INFO] ADCParametersView:116 -                Rank 4 : false
2025-09-02 14:13:14,885 [INFO] ADCParametersView:116 -                Rank 5 : true
2025-09-02 14:13:14,885 [INFO] ADCParametersView:116 -                Rank 6 : false
2025-09-02 14:13:14,885 [INFO] ADCParametersView:116 -                Rank 7 : false
2025-09-02 14:13:14,885 [INFO] ADCParametersView:116 -                Rank 8 : false
2025-09-02 14:13:14,885 [INFO] ADCParametersView:116 -                Rank 1 : false
2025-09-02 14:13:14,885 [INFO] ADCParametersView:116 -                Rank 2 : false
2025-09-02 14:13:14,885 [INFO] ADCParametersView:116 -                Rank 3 : false
2025-09-02 14:13:14,885 [INFO] ADCParametersView:116 -                Rank 4 : false
2025-09-02 14:13:14,885 [INFO] ADCParametersView:116 -                Rank 5 : true
2025-09-02 14:13:14,885 [INFO] ADCParametersView:116 -                Rank 6 : false
2025-09-02 14:13:14,885 [INFO] ADCParametersView:116 -                Rank 7 : false
2025-09-02 14:13:14,885 [INFO] ADCParametersView:116 -                Rank 8 : false
2025-09-02 14:13:14,885 [INFO] ADCParametersView:116 -                Rank 1 : false
2025-09-02 14:13:14,886 [INFO] ADCParametersView:116 -                Rank 2 : false
2025-09-02 14:13:14,886 [INFO] ADCParametersView:116 -                Rank 3 : false
2025-09-02 14:13:14,886 [INFO] ADCParametersView:116 -                Rank 4 : false
2025-09-02 14:13:14,886 [INFO] ADCParametersView:116 -                Rank 5 : true
2025-09-02 14:13:14,886 [INFO] ADCParametersView:116 -                Rank 6 : false
2025-09-02 14:13:14,886 [INFO] ADCParametersView:116 -                Rank 7 : false
2025-09-02 14:13:14,886 [INFO] ADCParametersView:116 -                Rank 8 : false
2025-09-02 14:13:14,886 [INFO] ADCParametersView:116 -                Rank 1 : false
2025-09-02 14:13:14,886 [INFO] ADCParametersView:116 -                Rank 2 : false
2025-09-02 14:13:14,886 [INFO] ADCParametersView:116 -                Rank 3 : false
2025-09-02 14:13:14,886 [INFO] ADCParametersView:116 -                Rank 4 : false
2025-09-02 14:13:14,886 [INFO] ADCParametersView:116 -                Rank 5 : true
2025-09-02 14:13:14,886 [INFO] ADCParametersView:116 -                Rank 6 : false
2025-09-02 14:13:14,886 [INFO] ADCParametersView:116 -                Rank 7 : false
2025-09-02 14:13:14,886 [INFO] ADCParametersView:116 -                Rank 8 : false
2025-09-02 14:13:14,886 [INFO] ADCParametersView:116 -                Rank 1 : false
2025-09-02 14:13:14,887 [INFO] ADCParametersView:116 -                Rank 2 : false
2025-09-02 14:13:14,887 [INFO] ADCParametersView:116 -                Rank 3 : false
2025-09-02 14:13:14,887 [INFO] ADCParametersView:116 -                Rank 4 : false
2025-09-02 14:13:14,887 [INFO] ADCParametersView:116 -                Rank 5 : true
2025-09-02 14:13:14,887 [INFO] ADCParametersView:116 -                Rank 6 : false
2025-09-02 14:13:14,887 [INFO] ADCParametersView:116 -                Rank 7 : false
2025-09-02 14:13:14,887 [INFO] ADCParametersView:116 -                Rank 8 : false
2025-09-02 14:13:14,887 [INFO] ADCParametersView:116 -                Rank 1 : false
2025-09-02 14:13:14,887 [INFO] ADCParametersView:116 -                Rank 2 : false
2025-09-02 14:13:14,887 [INFO] ADCParametersView:116 -                Rank 3 : false
2025-09-02 14:13:14,887 [INFO] ADCParametersView:116 -                Rank 4 : false
2025-09-02 14:13:14,887 [INFO] ADCParametersView:116 -                Rank 5 : true
2025-09-02 14:13:14,887 [INFO] ADCParametersView:116 -                Rank 6 : false
2025-09-02 14:13:14,887 [INFO] ADCParametersView:116 -                Rank 7 : false
2025-09-02 14:13:14,887 [INFO] ADCParametersView:116 -                Rank 8 : false
2025-09-02 14:13:14,887 [INFO] ADCParametersView:116 -                Rank 1 : false
2025-09-02 14:13:14,888 [INFO] ADCParametersView:116 -                Rank 2 : false
2025-09-02 14:13:14,888 [INFO] ADCParametersView:116 -                Rank 3 : false
2025-09-02 14:13:14,888 [INFO] ADCParametersView:116 -                Rank 4 : false
2025-09-02 14:13:14,888 [INFO] ADCParametersView:116 -                Rank 5 : true
2025-09-02 14:13:14,888 [INFO] ADCParametersView:116 -                Rank 6 : false
2025-09-02 14:13:14,888 [INFO] ADCParametersView:116 -                Rank 7 : false
2025-09-02 14:13:14,888 [INFO] ADCParametersView:116 -                Rank 8 : false
2025-09-02 14:13:14,888 [INFO] ADCParametersView:116 -                Rank 1 : false
2025-09-02 14:13:14,888 [INFO] ADCParametersView:116 -                Rank 2 : false
2025-09-02 14:13:14,888 [INFO] ADCParametersView:116 -                Rank 3 : false
2025-09-02 14:13:14,888 [INFO] ADCParametersView:116 -                Rank 4 : false
2025-09-02 14:13:14,888 [INFO] ADCParametersView:116 -                Rank 5 : true
2025-09-02 14:13:14,888 [INFO] ADCParametersView:116 -                Rank 6 : false
2025-09-02 14:13:14,888 [INFO] ADCParametersView:116 -                Rank 7 : false
2025-09-02 14:13:14,888 [INFO] ADCParametersView:116 -                Rank 8 : false
2025-09-02 14:13:14,889 [INFO] ADCParametersView:116 -                Rank 1 : false
2025-09-02 14:13:14,889 [INFO] ADCParametersView:116 -                Rank 2 : false
2025-09-02 14:13:14,889 [INFO] ADCParametersView:116 -                Rank 3 : false
2025-09-02 14:13:14,889 [INFO] ADCParametersView:116 -                Rank 4 : false
2025-09-02 14:13:14,889 [INFO] ADCParametersView:116 -                Rank 5 : true
2025-09-02 14:13:14,889 [INFO] ADCParametersView:116 -                Rank 6 : false
2025-09-02 14:13:14,889 [INFO] ADCParametersView:116 -                Rank 7 : false
2025-09-02 14:13:14,889 [INFO] ADCParametersView:116 -                Rank 8 : false
2025-09-02 14:13:14,889 [INFO] ADCParametersView:116 -                Rank 1 : false
2025-09-02 14:13:14,889 [INFO] ADCParametersView:116 -                Rank 2 : false
2025-09-02 14:13:14,889 [INFO] ADCParametersView:116 -                Rank 3 : false
2025-09-02 14:13:14,889 [INFO] ADCParametersView:116 -                Rank 4 : false
2025-09-02 14:13:14,889 [INFO] ADCParametersView:116 -                Rank 5 : true
2025-09-02 14:13:14,889 [INFO] ADCParametersView:116 -                Rank 6 : false
2025-09-02 14:13:14,889 [INFO] ADCParametersView:116 -                Rank 7 : false
2025-09-02 14:13:14,889 [INFO] ADCParametersView:116 -                Rank 8 : false
2025-09-02 14:13:14,889 [INFO] ADCParametersView:116 -                Rank 1 : false
2025-09-02 14:13:14,890 [INFO] ADCParametersView:116 -                Rank 2 : false
2025-09-02 14:13:14,890 [INFO] ADCParametersView:116 -                Rank 3 : false
2025-09-02 14:13:14,890 [INFO] ADCParametersView:116 -                Rank 4 : false
2025-09-02 14:13:14,890 [INFO] ADCParametersView:116 -                Rank 5 : true
2025-09-02 14:13:14,890 [INFO] ADCParametersView:116 -                Rank 6 : false
2025-09-02 14:13:14,890 [INFO] ADCParametersView:116 -                Rank 7 : false
2025-09-02 14:13:14,890 [INFO] ADCParametersView:116 -                Rank 8 : false
2025-09-02 14:13:14,890 [INFO] ADCParametersView:116 -                Rank 1 : false
2025-09-02 14:13:14,890 [INFO] ADCParametersView:116 -                Rank 2 : false
2025-09-02 14:13:14,890 [INFO] ADCParametersView:116 -                Rank 3 : false
2025-09-02 14:13:14,890 [INFO] ADCParametersView:116 -                Rank 4 : false
2025-09-02 14:13:14,890 [INFO] ADCParametersView:116 -                Rank 5 : true
2025-09-02 14:13:14,890 [INFO] ADCParametersView:116 -                Rank 6 : false
2025-09-02 14:13:14,890 [INFO] ADCParametersView:116 -                Rank 7 : false
2025-09-02 14:13:14,890 [INFO] ADCParametersView:116 -                Rank 8 : false
2025-09-02 14:13:14,890 [INFO] ADCParametersView:116 -                Rank 2 : false
2025-09-02 14:13:14,890 [INFO] ADCParametersView:116 -                Rank 3 : false
2025-09-02 14:13:14,890 [INFO] ADCParametersView:116 -                Rank 4 : false
2025-09-02 14:13:14,891 [INFO] ADCParametersView:116 -                Rank 5 : true
2025-09-02 14:13:14,891 [INFO] ADCParametersView:116 -                Rank 6 : false
2025-09-02 14:13:14,891 [INFO] ADCParametersView:116 -                Rank 7 : false
2025-09-02 14:13:14,891 [INFO] ADCParametersView:116 -                Rank 8 : false
2025-09-02 14:13:14,891 [INFO] ADCParametersView:116 -                Rank 3 : false
2025-09-02 14:13:14,891 [INFO] ADCParametersView:116 -                Rank 4 : false
2025-09-02 14:13:14,891 [INFO] ADCParametersView:116 -                Rank 5 : true
2025-09-02 14:13:14,891 [INFO] ADCParametersView:116 -                Rank 6 : false
2025-09-02 14:13:14,891 [INFO] ADCParametersView:116 -                Rank 7 : false
2025-09-02 14:13:14,891 [INFO] ADCParametersView:116 -                Rank 8 : false
2025-09-02 14:13:14,891 [INFO] ADCParametersView:116 -                Rank 4 : false
2025-09-02 14:13:14,891 [INFO] ADCParametersView:116 -                Rank 5 : true
2025-09-02 14:13:14,891 [INFO] ADCParametersView:116 -                Rank 6 : false
2025-09-02 14:13:14,891 [INFO] ADCParametersView:116 -                Rank 7 : false
2025-09-02 14:13:14,891 [INFO] ADCParametersView:116 -                Rank 8 : false
2025-09-02 14:13:14,891 [INFO] ADCParametersView:116 -                Rank 5 : true
2025-09-02 14:13:14,891 [INFO] ADCParametersView:116 -                Rank 6 : false
2025-09-02 14:13:14,891 [INFO] ADCParametersView:116 -                Rank 7 : false
2025-09-02 14:13:14,891 [INFO] ADCParametersView:116 -                Rank 8 : false
2025-09-02 14:13:14,891 [INFO] ADCParametersView:116 -                Rank 6 : false
2025-09-02 14:13:14,891 [INFO] ADCParametersView:116 -                Rank 7 : false
2025-09-02 14:13:14,892 [INFO] ADCParametersView:116 -                Rank 8 : false
2025-09-02 14:13:14,892 [INFO] ADCParametersView:116 -                Rank 7 : false
2025-09-02 14:13:14,892 [INFO] ADCParametersView:116 -                Rank 8 : false
2025-09-02 14:13:14,892 [INFO] ADCParametersView:116 -                Rank 8 : false
2025-09-02 14:13:14,943 [INFO] ADCParametersView:116 -                Rank 1 : false
2025-09-02 14:13:14,943 [INFO] ADCParametersView:116 -                Rank 1 : false
2025-09-02 14:13:14,943 [INFO] ADCParametersView:116 -                Rank 2 : false
2025-09-02 14:13:14,943 [INFO] ADCParametersView:116 -                Rank 1 : false
2025-09-02 14:13:14,943 [INFO] ADCParametersView:116 -                Rank 2 : false
2025-09-02 14:13:14,943 [INFO] ADCParametersView:116 -                Rank 3 : false
2025-09-02 14:13:14,943 [INFO] ADCParametersView:116 -                Rank 1 : false
2025-09-02 14:13:14,943 [INFO] ADCParametersView:116 -                Rank 2 : false
2025-09-02 14:13:14,943 [INFO] ADCParametersView:116 -                Rank 3 : false
2025-09-02 14:13:14,943 [INFO] ADCParametersView:116 -                Rank 4 : false
2025-09-02 14:13:14,944 [INFO] ADCParametersView:116 -                Rank 1 : false
2025-09-02 14:13:14,944 [INFO] ADCParametersView:116 -                Rank 2 : false
2025-09-02 14:13:14,944 [INFO] ADCParametersView:116 -                Rank 3 : false
2025-09-02 14:13:14,944 [INFO] ADCParametersView:116 -                Rank 4 : false
2025-09-02 14:13:14,944 [INFO] ADCParametersView:116 -                Rank 5 : true
2025-09-02 14:13:14,944 [INFO] ADCParametersView:116 -                Rank 1 : false
2025-09-02 14:13:14,944 [INFO] ADCParametersView:116 -                Rank 2 : false
2025-09-02 14:13:14,944 [INFO] ADCParametersView:116 -                Rank 3 : false
2025-09-02 14:13:14,944 [INFO] ADCParametersView:116 -                Rank 4 : false
2025-09-02 14:13:14,944 [INFO] ADCParametersView:116 -                Rank 5 : true
2025-09-02 14:13:14,944 [INFO] ADCParametersView:116 -                Rank 6 : false
2025-09-02 14:13:14,944 [INFO] ADCParametersView:116 -                Rank 1 : false
2025-09-02 14:13:14,944 [INFO] ADCParametersView:116 -                Rank 2 : false
2025-09-02 14:13:14,944 [INFO] ADCParametersView:116 -                Rank 3 : false
2025-09-02 14:13:14,944 [INFO] ADCParametersView:116 -                Rank 4 : false
2025-09-02 14:13:14,944 [INFO] ADCParametersView:116 -                Rank 5 : true
2025-09-02 14:13:14,944 [INFO] ADCParametersView:116 -                Rank 6 : false
2025-09-02 14:13:14,944 [INFO] ADCParametersView:116 -                Rank 7 : false
2025-09-02 14:13:14,944 [INFO] ADCParametersView:116 -                Rank 1 : false
2025-09-02 14:13:14,944 [INFO] ADCParametersView:116 -                Rank 2 : false
2025-09-02 14:13:14,944 [INFO] ADCParametersView:116 -                Rank 3 : false
2025-09-02 14:13:14,944 [INFO] ADCParametersView:116 -                Rank 4 : false
2025-09-02 14:13:14,944 [INFO] ADCParametersView:116 -                Rank 5 : true
2025-09-02 14:13:14,944 [INFO] ADCParametersView:116 -                Rank 6 : false
2025-09-02 14:13:14,944 [INFO] ADCParametersView:116 -                Rank 7 : false
2025-09-02 14:13:14,944 [INFO] ADCParametersView:116 -                Rank 8 : false
2025-09-02 14:13:16,559 [INFO] NvicIntPanel:101 - NVIC parent = com.st.microxplorer.plugins.ip.nvic.MultiNvicIntPanel[,0,0,0x0,invalid,layout=javax.swing.BoxLayout,alignmentX=0.0,alignmentY=0.0,border=,flags=9,maximumSize=,minimumSize=,preferredSize=]
2025-09-02 14:13:16,620 [INFO] ADCParametersView:116 -                Rank 1 : false
2025-09-02 14:13:16,620 [INFO] ADCParametersView:116 -                Rank 2 : false
2025-09-02 14:13:16,620 [INFO] ADCParametersView:116 -                Rank 3 : false
2025-09-02 14:13:16,620 [INFO] ADCParametersView:116 -                Rank 4 : false
2025-09-02 14:13:16,620 [INFO] ADCParametersView:116 -                Rank 5 : true
2025-09-02 14:13:16,620 [INFO] ADCParametersView:116 -                Rank 6 : false
2025-09-02 14:13:16,620 [INFO] ADCParametersView:116 -                Rank 7 : false
2025-09-02 14:13:16,620 [INFO] ADCParametersView:116 -                Rank 8 : false
2025-09-02 14:13:16,621 [INFO] ADCParametersView:116 -                Rank 1 : false
2025-09-02 14:13:16,621 [INFO] ADCParametersView:116 -                Rank 2 : false
2025-09-02 14:13:16,621 [INFO] ADCParametersView:116 -                Rank 3 : false
2025-09-02 14:13:16,621 [INFO] ADCParametersView:116 -                Rank 4 : false
2025-09-02 14:13:16,622 [INFO] ADCParametersView:116 -                Rank 5 : true
2025-09-02 14:13:16,622 [INFO] ADCParametersView:116 -                Rank 6 : false
2025-09-02 14:13:16,622 [INFO] ADCParametersView:116 -                Rank 7 : false
2025-09-02 14:13:16,622 [INFO] ADCParametersView:116 -                Rank 8 : false
2025-09-02 14:13:16,622 [INFO] ADCParametersView:116 -                Rank 1 : false
2025-09-02 14:13:16,622 [INFO] ADCParametersView:116 -                Rank 2 : false
2025-09-02 14:13:16,622 [INFO] ADCParametersView:116 -                Rank 3 : false
2025-09-02 14:13:16,622 [INFO] ADCParametersView:116 -                Rank 4 : false
2025-09-02 14:13:16,622 [INFO] ADCParametersView:116 -                Rank 5 : true
2025-09-02 14:13:16,622 [INFO] ADCParametersView:116 -                Rank 6 : false
2025-09-02 14:13:16,622 [INFO] ADCParametersView:116 -                Rank 7 : false
2025-09-02 14:13:16,622 [INFO] ADCParametersView:116 -                Rank 8 : false
2025-09-02 14:13:16,622 [INFO] ADCParametersView:116 -                Rank 1 : false
2025-09-02 14:13:16,622 [INFO] ADCParametersView:116 -                Rank 2 : false
2025-09-02 14:13:16,622 [INFO] ADCParametersView:116 -                Rank 3 : false
2025-09-02 14:13:16,622 [INFO] ADCParametersView:116 -                Rank 4 : false
2025-09-02 14:13:16,622 [INFO] ADCParametersView:116 -                Rank 5 : true
2025-09-02 14:13:16,622 [INFO] ADCParametersView:116 -                Rank 6 : false
2025-09-02 14:13:16,622 [INFO] ADCParametersView:116 -                Rank 7 : false
2025-09-02 14:13:16,622 [INFO] ADCParametersView:116 -                Rank 8 : false
2025-09-02 14:13:16,622 [INFO] ADCParametersView:116 -                Rank 1 : false
2025-09-02 14:13:16,622 [INFO] ADCParametersView:116 -                Rank 2 : false
2025-09-02 14:13:16,622 [INFO] ADCParametersView:116 -                Rank 3 : false
2025-09-02 14:13:16,622 [INFO] ADCParametersView:116 -                Rank 4 : false
2025-09-02 14:13:16,622 [INFO] ADCParametersView:116 -                Rank 5 : true
2025-09-02 14:13:16,622 [INFO] ADCParametersView:116 -                Rank 6 : false
2025-09-02 14:13:16,622 [INFO] ADCParametersView:116 -                Rank 7 : false
2025-09-02 14:13:16,622 [INFO] ADCParametersView:116 -                Rank 8 : false
2025-09-02 14:13:16,622 [INFO] ADCParametersView:116 -                Rank 1 : false
2025-09-02 14:13:16,622 [INFO] ADCParametersView:116 -                Rank 2 : false
2025-09-02 14:13:16,622 [INFO] ADCParametersView:116 -                Rank 3 : false
2025-09-02 14:13:16,622 [INFO] ADCParametersView:116 -                Rank 4 : false
2025-09-02 14:13:16,622 [INFO] ADCParametersView:116 -                Rank 5 : true
2025-09-02 14:13:16,622 [INFO] ADCParametersView:116 -                Rank 6 : false
2025-09-02 14:13:16,622 [INFO] ADCParametersView:116 -                Rank 7 : false
2025-09-02 14:13:16,622 [INFO] ADCParametersView:116 -                Rank 8 : false
2025-09-02 14:13:16,623 [INFO] ADCParametersView:116 -                Rank 1 : false
2025-09-02 14:13:16,623 [INFO] ADCParametersView:116 -                Rank 2 : false
2025-09-02 14:13:16,623 [INFO] ADCParametersView:116 -                Rank 3 : false
2025-09-02 14:13:16,623 [INFO] ADCParametersView:116 -                Rank 4 : false
2025-09-02 14:13:16,623 [INFO] ADCParametersView:116 -                Rank 5 : true
2025-09-02 14:13:16,623 [INFO] ADCParametersView:116 -                Rank 6 : false
2025-09-02 14:13:16,623 [INFO] ADCParametersView:116 -                Rank 7 : false
2025-09-02 14:13:16,623 [INFO] ADCParametersView:116 -                Rank 8 : false
2025-09-02 14:13:16,623 [INFO] ADCParametersView:116 -                Rank 1 : false
2025-09-02 14:13:16,623 [INFO] ADCParametersView:116 -                Rank 2 : false
2025-09-02 14:13:16,623 [INFO] ADCParametersView:116 -                Rank 3 : false
2025-09-02 14:13:16,623 [INFO] ADCParametersView:116 -                Rank 4 : false
2025-09-02 14:13:16,623 [INFO] ADCParametersView:116 -                Rank 5 : true
2025-09-02 14:13:16,623 [INFO] ADCParametersView:116 -                Rank 6 : false
2025-09-02 14:13:16,623 [INFO] ADCParametersView:116 -                Rank 7 : false
2025-09-02 14:13:16,623 [INFO] ADCParametersView:116 -                Rank 8 : false
2025-09-02 14:13:16,623 [INFO] ADCParametersView:116 -                Rank 1 : false
2025-09-02 14:13:16,623 [INFO] ADCParametersView:116 -                Rank 2 : false
2025-09-02 14:13:16,623 [INFO] ADCParametersView:116 -                Rank 3 : false
2025-09-02 14:13:16,623 [INFO] ADCParametersView:116 -                Rank 4 : false
2025-09-02 14:13:16,623 [INFO] ADCParametersView:116 -                Rank 5 : true
2025-09-02 14:13:16,623 [INFO] ADCParametersView:116 -                Rank 6 : false
2025-09-02 14:13:16,623 [INFO] ADCParametersView:116 -                Rank 7 : false
2025-09-02 14:13:16,623 [INFO] ADCParametersView:116 -                Rank 8 : false
2025-09-02 14:13:16,623 [INFO] ADCParametersView:116 -                Rank 1 : false
2025-09-02 14:13:16,623 [INFO] ADCParametersView:116 -                Rank 2 : false
2025-09-02 14:13:16,623 [INFO] ADCParametersView:116 -                Rank 3 : false
2025-09-02 14:13:16,623 [INFO] ADCParametersView:116 -                Rank 4 : false
2025-09-02 14:13:16,623 [INFO] ADCParametersView:116 -                Rank 5 : true
2025-09-02 14:13:16,623 [INFO] ADCParametersView:116 -                Rank 6 : false
2025-09-02 14:13:16,623 [INFO] ADCParametersView:116 -                Rank 7 : false
2025-09-02 14:13:16,623 [INFO] ADCParametersView:116 -                Rank 8 : false
2025-09-02 14:13:16,623 [INFO] ADCParametersView:116 -                Rank 1 : false
2025-09-02 14:13:16,623 [INFO] ADCParametersView:116 -                Rank 2 : false
2025-09-02 14:13:16,623 [INFO] ADCParametersView:116 -                Rank 3 : false
2025-09-02 14:13:16,624 [INFO] ADCParametersView:116 -                Rank 4 : false
2025-09-02 14:13:16,624 [INFO] ADCParametersView:116 -                Rank 5 : true
2025-09-02 14:13:16,624 [INFO] ADCParametersView:116 -                Rank 6 : false
2025-09-02 14:13:16,624 [INFO] ADCParametersView:116 -                Rank 7 : false
2025-09-02 14:13:16,624 [INFO] ADCParametersView:116 -                Rank 8 : false
2025-09-02 14:13:16,624 [INFO] ADCParametersView:116 -                Rank 1 : false
2025-09-02 14:13:16,624 [INFO] ADCParametersView:116 -                Rank 2 : false
2025-09-02 14:13:16,624 [INFO] ADCParametersView:116 -                Rank 3 : false
2025-09-02 14:13:16,624 [INFO] ADCParametersView:116 -                Rank 4 : false
2025-09-02 14:13:16,624 [INFO] ADCParametersView:116 -                Rank 5 : true
2025-09-02 14:13:16,624 [INFO] ADCParametersView:116 -                Rank 6 : false
2025-09-02 14:13:16,624 [INFO] ADCParametersView:116 -                Rank 7 : false
2025-09-02 14:13:16,624 [INFO] ADCParametersView:116 -                Rank 8 : false
2025-09-02 14:13:16,624 [INFO] ADCParametersView:116 -                Rank 1 : false
2025-09-02 14:13:16,624 [INFO] ADCParametersView:116 -                Rank 2 : false
2025-09-02 14:13:16,624 [INFO] ADCParametersView:116 -                Rank 3 : false
2025-09-02 14:13:16,624 [INFO] ADCParametersView:116 -                Rank 4 : false
2025-09-02 14:13:16,624 [INFO] ADCParametersView:116 -                Rank 5 : true
2025-09-02 14:13:16,624 [INFO] ADCParametersView:116 -                Rank 6 : false
2025-09-02 14:13:16,624 [INFO] ADCParametersView:116 -                Rank 7 : false
2025-09-02 14:13:16,624 [INFO] ADCParametersView:116 -                Rank 8 : false
2025-09-02 14:13:16,624 [INFO] ADCParametersView:116 -                Rank 1 : false
2025-09-02 14:13:16,624 [INFO] ADCParametersView:116 -                Rank 2 : false
2025-09-02 14:13:16,624 [INFO] ADCParametersView:116 -                Rank 3 : false
2025-09-02 14:13:16,624 [INFO] ADCParametersView:116 -                Rank 4 : false
2025-09-02 14:13:16,624 [INFO] ADCParametersView:116 -                Rank 5 : true
2025-09-02 14:13:16,624 [INFO] ADCParametersView:116 -                Rank 6 : false
2025-09-02 14:13:16,624 [INFO] ADCParametersView:116 -                Rank 7 : false
2025-09-02 14:13:16,624 [INFO] ADCParametersView:116 -                Rank 8 : false
2025-09-02 14:13:16,624 [INFO] ADCParametersView:116 -                Rank 2 : false
2025-09-02 14:13:16,624 [INFO] ADCParametersView:116 -                Rank 3 : false
2025-09-02 14:13:16,624 [INFO] ADCParametersView:116 -                Rank 4 : false
2025-09-02 14:13:16,624 [INFO] ADCParametersView:116 -                Rank 5 : true
2025-09-02 14:13:16,624 [INFO] ADCParametersView:116 -                Rank 6 : false
2025-09-02 14:13:16,624 [INFO] ADCParametersView:116 -                Rank 7 : false
2025-09-02 14:13:16,624 [INFO] ADCParametersView:116 -                Rank 8 : false
2025-09-02 14:13:16,624 [INFO] ADCParametersView:116 -                Rank 3 : false
2025-09-02 14:13:16,624 [INFO] ADCParametersView:116 -                Rank 4 : false
2025-09-02 14:13:16,624 [INFO] ADCParametersView:116 -                Rank 5 : true
2025-09-02 14:13:16,625 [INFO] ADCParametersView:116 -                Rank 6 : false
2025-09-02 14:13:16,625 [INFO] ADCParametersView:116 -                Rank 7 : false
2025-09-02 14:13:16,625 [INFO] ADCParametersView:116 -                Rank 8 : false
2025-09-02 14:13:16,625 [INFO] ADCParametersView:116 -                Rank 4 : false
2025-09-02 14:13:16,625 [INFO] ADCParametersView:116 -                Rank 5 : true
2025-09-02 14:13:16,625 [INFO] ADCParametersView:116 -                Rank 6 : false
2025-09-02 14:13:16,625 [INFO] ADCParametersView:116 -                Rank 7 : false
2025-09-02 14:13:16,625 [INFO] ADCParametersView:116 -                Rank 8 : false
2025-09-02 14:13:16,625 [INFO] ADCParametersView:116 -                Rank 5 : true
2025-09-02 14:13:16,625 [INFO] ADCParametersView:116 -                Rank 6 : false
2025-09-02 14:13:16,625 [INFO] ADCParametersView:116 -                Rank 7 : false
2025-09-02 14:13:16,625 [INFO] ADCParametersView:116 -                Rank 8 : false
2025-09-02 14:13:16,625 [INFO] ADCParametersView:116 -                Rank 6 : false
2025-09-02 14:13:16,625 [INFO] ADCParametersView:116 -                Rank 7 : false
2025-09-02 14:13:16,625 [INFO] ADCParametersView:116 -                Rank 8 : false
2025-09-02 14:13:16,625 [INFO] ADCParametersView:116 -                Rank 7 : false
2025-09-02 14:13:16,625 [INFO] ADCParametersView:116 -                Rank 8 : false
2025-09-02 14:13:16,625 [INFO] ADCParametersView:116 -                Rank 8 : false
2025-09-02 14:13:16,670 [INFO] ADCParametersView:116 -                Rank 1 : false
2025-09-02 14:13:16,670 [INFO] ADCParametersView:116 -                Rank 1 : false
2025-09-02 14:13:16,670 [INFO] ADCParametersView:116 -                Rank 2 : false
2025-09-02 14:13:16,670 [INFO] ADCParametersView:116 -                Rank 1 : false
2025-09-02 14:13:16,670 [INFO] ADCParametersView:116 -                Rank 2 : false
2025-09-02 14:13:16,670 [INFO] ADCParametersView:116 -                Rank 3 : false
2025-09-02 14:13:16,670 [INFO] ADCParametersView:116 -                Rank 1 : false
2025-09-02 14:13:16,670 [INFO] ADCParametersView:116 -                Rank 2 : false
2025-09-02 14:13:16,670 [INFO] ADCParametersView:116 -                Rank 3 : false
2025-09-02 14:13:16,670 [INFO] ADCParametersView:116 -                Rank 4 : false
2025-09-02 14:13:16,670 [INFO] ADCParametersView:116 -                Rank 1 : false
2025-09-02 14:13:16,671 [INFO] ADCParametersView:116 -                Rank 2 : false
2025-09-02 14:13:16,671 [INFO] ADCParametersView:116 -                Rank 3 : false
2025-09-02 14:13:16,671 [INFO] ADCParametersView:116 -                Rank 4 : false
2025-09-02 14:13:16,671 [INFO] ADCParametersView:116 -                Rank 5 : true
2025-09-02 14:13:16,671 [INFO] ADCParametersView:116 -                Rank 1 : false
2025-09-02 14:13:16,671 [INFO] ADCParametersView:116 -                Rank 2 : false
2025-09-02 14:13:16,671 [INFO] ADCParametersView:116 -                Rank 3 : false
2025-09-02 14:13:16,671 [INFO] ADCParametersView:116 -                Rank 4 : false
2025-09-02 14:13:16,671 [INFO] ADCParametersView:116 -                Rank 5 : true
2025-09-02 14:13:16,671 [INFO] ADCParametersView:116 -                Rank 6 : false
2025-09-02 14:13:16,671 [INFO] ADCParametersView:116 -                Rank 1 : false
2025-09-02 14:13:16,671 [INFO] ADCParametersView:116 -                Rank 2 : false
2025-09-02 14:13:16,671 [INFO] ADCParametersView:116 -                Rank 3 : false
2025-09-02 14:13:16,671 [INFO] ADCParametersView:116 -                Rank 4 : false
2025-09-02 14:13:16,671 [INFO] ADCParametersView:116 -                Rank 5 : true
2025-09-02 14:13:16,671 [INFO] ADCParametersView:116 -                Rank 6 : false
2025-09-02 14:13:16,671 [INFO] ADCParametersView:116 -                Rank 7 : false
2025-09-02 14:13:16,671 [INFO] ADCParametersView:116 -                Rank 1 : false
2025-09-02 14:13:16,671 [INFO] ADCParametersView:116 -                Rank 2 : false
2025-09-02 14:13:16,671 [INFO] ADCParametersView:116 -                Rank 3 : false
2025-09-02 14:13:16,671 [INFO] ADCParametersView:116 -                Rank 4 : false
2025-09-02 14:13:16,671 [INFO] ADCParametersView:116 -                Rank 5 : true
2025-09-02 14:13:16,671 [INFO] ADCParametersView:116 -                Rank 6 : false
2025-09-02 14:13:16,671 [INFO] ADCParametersView:116 -                Rank 7 : false
2025-09-02 14:13:16,671 [INFO] ADCParametersView:116 -                Rank 8 : false
2025-09-02 14:13:17,832 [INFO] ADCParametersView:116 -                Rank 1 : false
2025-09-02 14:13:17,832 [INFO] ADCParametersView:116 -                Rank 2 : false
2025-09-02 14:13:17,832 [INFO] ADCParametersView:116 -                Rank 3 : false
2025-09-02 14:13:17,832 [INFO] ADCParametersView:116 -                Rank 4 : false
2025-09-02 14:13:17,832 [INFO] ADCParametersView:116 -                Rank 5 : false
2025-09-02 14:13:17,832 [INFO] ADCParametersView:116 -                Rank 6 : false
2025-09-02 14:13:17,832 [INFO] ADCParametersView:116 -                Rank 7 : false
2025-09-02 14:13:17,832 [INFO] ADCParametersView:116 -                Rank 8 : false
2025-09-02 14:13:18,742 [INFO] ADCParametersView:116 -                Rank 1 : false
2025-09-02 14:13:18,742 [INFO] ADCParametersView:116 -                Rank 2 : false
2025-09-02 14:13:18,742 [INFO] ADCParametersView:116 -                Rank 3 : false
2025-09-02 14:13:18,742 [INFO] ADCParametersView:116 -                Rank 4 : false
2025-09-02 14:13:18,742 [INFO] ADCParametersView:116 -                Rank 5 : false
2025-09-02 14:13:18,742 [INFO] ADCParametersView:116 -                Rank 6 : true
2025-09-02 14:13:18,742 [INFO] ADCParametersView:116 -                Rank 7 : false
2025-09-02 14:13:18,742 [INFO] ADCParametersView:116 -                Rank 8 : false
2025-09-02 14:13:23,732 [INFO] NvicIntPanel:101 - NVIC parent = com.st.microxplorer.plugins.ip.nvic.MultiNvicIntPanel[,0,0,0x0,invalid,layout=javax.swing.BoxLayout,alignmentX=0.0,alignmentY=0.0,border=,flags=9,maximumSize=,minimumSize=,preferredSize=]
2025-09-02 14:13:23,804 [INFO] ADCParametersView:116 -                Rank 1 : false
2025-09-02 14:13:23,804 [INFO] ADCParametersView:116 -                Rank 2 : false
2025-09-02 14:13:23,804 [INFO] ADCParametersView:116 -                Rank 3 : false
2025-09-02 14:13:23,804 [INFO] ADCParametersView:116 -                Rank 4 : false
2025-09-02 14:13:23,804 [INFO] ADCParametersView:116 -                Rank 5 : false
2025-09-02 14:13:23,804 [INFO] ADCParametersView:116 -                Rank 6 : true
2025-09-02 14:13:23,804 [INFO] ADCParametersView:116 -                Rank 7 : false
2025-09-02 14:13:23,804 [INFO] ADCParametersView:116 -                Rank 8 : false
2025-09-02 14:13:23,805 [INFO] ADCParametersView:116 -                Rank 1 : false
2025-09-02 14:13:23,805 [INFO] ADCParametersView:116 -                Rank 2 : false
2025-09-02 14:13:23,805 [INFO] ADCParametersView:116 -                Rank 3 : false
2025-09-02 14:13:23,805 [INFO] ADCParametersView:116 -                Rank 4 : false
2025-09-02 14:13:23,805 [INFO] ADCParametersView:116 -                Rank 5 : false
2025-09-02 14:13:23,805 [INFO] ADCParametersView:116 -                Rank 6 : true
2025-09-02 14:13:23,805 [INFO] ADCParametersView:116 -                Rank 7 : false
2025-09-02 14:13:23,805 [INFO] ADCParametersView:116 -                Rank 8 : false
2025-09-02 14:13:23,805 [INFO] ADCParametersView:116 -                Rank 1 : false
2025-09-02 14:13:23,805 [INFO] ADCParametersView:116 -                Rank 2 : false
2025-09-02 14:13:23,805 [INFO] ADCParametersView:116 -                Rank 3 : false
2025-09-02 14:13:23,805 [INFO] ADCParametersView:116 -                Rank 4 : false
2025-09-02 14:13:23,805 [INFO] ADCParametersView:116 -                Rank 5 : false
2025-09-02 14:13:23,805 [INFO] ADCParametersView:116 -                Rank 6 : true
2025-09-02 14:13:23,805 [INFO] ADCParametersView:116 -                Rank 7 : false
2025-09-02 14:13:23,805 [INFO] ADCParametersView:116 -                Rank 8 : false
2025-09-02 14:13:23,805 [INFO] ADCParametersView:116 -                Rank 1 : false
2025-09-02 14:13:23,805 [INFO] ADCParametersView:116 -                Rank 2 : false
2025-09-02 14:13:23,805 [INFO] ADCParametersView:116 -                Rank 3 : false
2025-09-02 14:13:23,805 [INFO] ADCParametersView:116 -                Rank 4 : false
2025-09-02 14:13:23,805 [INFO] ADCParametersView:116 -                Rank 5 : false
2025-09-02 14:13:23,805 [INFO] ADCParametersView:116 -                Rank 6 : true
2025-09-02 14:13:23,805 [INFO] ADCParametersView:116 -                Rank 7 : false
2025-09-02 14:13:23,806 [INFO] ADCParametersView:116 -                Rank 8 : false
2025-09-02 14:13:23,806 [INFO] ADCParametersView:116 -                Rank 1 : false
2025-09-02 14:13:23,806 [INFO] ADCParametersView:116 -                Rank 2 : false
2025-09-02 14:13:23,806 [INFO] ADCParametersView:116 -                Rank 3 : false
2025-09-02 14:13:23,806 [INFO] ADCParametersView:116 -                Rank 4 : false
2025-09-02 14:13:23,806 [INFO] ADCParametersView:116 -                Rank 5 : false
2025-09-02 14:13:23,806 [INFO] ADCParametersView:116 -                Rank 6 : true
2025-09-02 14:13:23,806 [INFO] ADCParametersView:116 -                Rank 7 : false
2025-09-02 14:13:23,806 [INFO] ADCParametersView:116 -                Rank 8 : false
2025-09-02 14:13:23,806 [INFO] ADCParametersView:116 -                Rank 1 : false
2025-09-02 14:13:23,806 [INFO] ADCParametersView:116 -                Rank 2 : false
2025-09-02 14:13:23,806 [INFO] ADCParametersView:116 -                Rank 3 : false
2025-09-02 14:13:23,806 [INFO] ADCParametersView:116 -                Rank 4 : false
2025-09-02 14:13:23,806 [INFO] ADCParametersView:116 -                Rank 5 : false
2025-09-02 14:13:23,806 [INFO] ADCParametersView:116 -                Rank 6 : true
2025-09-02 14:13:23,806 [INFO] ADCParametersView:116 -                Rank 7 : false
2025-09-02 14:13:23,806 [INFO] ADCParametersView:116 -                Rank 8 : false
2025-09-02 14:13:23,806 [INFO] ADCParametersView:116 -                Rank 1 : false
2025-09-02 14:13:23,806 [INFO] ADCParametersView:116 -                Rank 2 : false
2025-09-02 14:13:23,806 [INFO] ADCParametersView:116 -                Rank 3 : false
2025-09-02 14:13:23,806 [INFO] ADCParametersView:116 -                Rank 4 : false
2025-09-02 14:13:23,807 [INFO] ADCParametersView:116 -                Rank 5 : false
2025-09-02 14:13:23,807 [INFO] ADCParametersView:116 -                Rank 6 : true
2025-09-02 14:13:23,807 [INFO] ADCParametersView:116 -                Rank 7 : false
2025-09-02 14:13:23,807 [INFO] ADCParametersView:116 -                Rank 8 : false
2025-09-02 14:13:23,807 [INFO] ADCParametersView:116 -                Rank 1 : false
2025-09-02 14:13:23,807 [INFO] ADCParametersView:116 -                Rank 2 : false
2025-09-02 14:13:23,807 [INFO] ADCParametersView:116 -                Rank 3 : false
2025-09-02 14:13:23,807 [INFO] ADCParametersView:116 -                Rank 4 : false
2025-09-02 14:13:23,807 [INFO] ADCParametersView:116 -                Rank 5 : false
2025-09-02 14:13:23,807 [INFO] ADCParametersView:116 -                Rank 6 : true
2025-09-02 14:13:23,807 [INFO] ADCParametersView:116 -                Rank 7 : false
2025-09-02 14:13:23,807 [INFO] ADCParametersView:116 -                Rank 8 : false
2025-09-02 14:13:23,807 [INFO] ADCParametersView:116 -                Rank 1 : false
2025-09-02 14:13:23,807 [INFO] ADCParametersView:116 -                Rank 2 : false
2025-09-02 14:13:23,807 [INFO] ADCParametersView:116 -                Rank 3 : false
2025-09-02 14:13:23,807 [INFO] ADCParametersView:116 -                Rank 4 : false
2025-09-02 14:13:23,807 [INFO] ADCParametersView:116 -                Rank 5 : false
2025-09-02 14:13:23,807 [INFO] ADCParametersView:116 -                Rank 6 : true
2025-09-02 14:13:23,807 [INFO] ADCParametersView:116 -                Rank 7 : false
2025-09-02 14:13:23,807 [INFO] ADCParametersView:116 -                Rank 8 : false
2025-09-02 14:13:23,807 [INFO] ADCParametersView:116 -                Rank 1 : false
2025-09-02 14:13:23,807 [INFO] ADCParametersView:116 -                Rank 2 : false
2025-09-02 14:13:23,807 [INFO] ADCParametersView:116 -                Rank 3 : false
2025-09-02 14:13:23,807 [INFO] ADCParametersView:116 -                Rank 4 : false
2025-09-02 14:13:23,807 [INFO] ADCParametersView:116 -                Rank 5 : false
2025-09-02 14:13:23,807 [INFO] ADCParametersView:116 -                Rank 6 : true
2025-09-02 14:13:23,808 [INFO] ADCParametersView:116 -                Rank 7 : false
2025-09-02 14:13:23,808 [INFO] ADCParametersView:116 -                Rank 8 : false
2025-09-02 14:13:23,808 [INFO] ADCParametersView:116 -                Rank 1 : false
2025-09-02 14:13:23,808 [INFO] ADCParametersView:116 -                Rank 2 : false
2025-09-02 14:13:23,808 [INFO] ADCParametersView:116 -                Rank 3 : false
2025-09-02 14:13:23,808 [INFO] ADCParametersView:116 -                Rank 4 : false
2025-09-02 14:13:23,808 [INFO] ADCParametersView:116 -                Rank 5 : false
2025-09-02 14:13:23,808 [INFO] ADCParametersView:116 -                Rank 6 : true
2025-09-02 14:13:23,808 [INFO] ADCParametersView:116 -                Rank 7 : false
2025-09-02 14:13:23,808 [INFO] ADCParametersView:116 -                Rank 8 : false
2025-09-02 14:13:23,808 [INFO] ADCParametersView:116 -                Rank 1 : false
2025-09-02 14:13:23,808 [INFO] ADCParametersView:116 -                Rank 2 : false
2025-09-02 14:13:23,808 [INFO] ADCParametersView:116 -                Rank 3 : false
2025-09-02 14:13:23,808 [INFO] ADCParametersView:116 -                Rank 4 : false
2025-09-02 14:13:23,808 [INFO] ADCParametersView:116 -                Rank 5 : false
2025-09-02 14:13:23,808 [INFO] ADCParametersView:116 -                Rank 6 : true
2025-09-02 14:13:23,808 [INFO] ADCParametersView:116 -                Rank 7 : false
2025-09-02 14:13:23,808 [INFO] ADCParametersView:116 -                Rank 8 : false
2025-09-02 14:13:23,808 [INFO] ADCParametersView:116 -                Rank 1 : false
2025-09-02 14:13:23,808 [INFO] ADCParametersView:116 -                Rank 2 : false
2025-09-02 14:13:23,808 [INFO] ADCParametersView:116 -                Rank 3 : false
2025-09-02 14:13:23,808 [INFO] ADCParametersView:116 -                Rank 4 : false
2025-09-02 14:13:23,808 [INFO] ADCParametersView:116 -                Rank 5 : false
2025-09-02 14:13:23,808 [INFO] ADCParametersView:116 -                Rank 6 : true
2025-09-02 14:13:23,808 [INFO] ADCParametersView:116 -                Rank 7 : false
2025-09-02 14:13:23,808 [INFO] ADCParametersView:116 -                Rank 8 : false
2025-09-02 14:13:23,808 [INFO] ADCParametersView:116 -                Rank 1 : false
2025-09-02 14:13:23,808 [INFO] ADCParametersView:116 -                Rank 2 : false
2025-09-02 14:13:23,808 [INFO] ADCParametersView:116 -                Rank 3 : false
2025-09-02 14:13:23,808 [INFO] ADCParametersView:116 -                Rank 4 : false
2025-09-02 14:13:23,808 [INFO] ADCParametersView:116 -                Rank 5 : false
2025-09-02 14:13:23,808 [INFO] ADCParametersView:116 -                Rank 6 : true
2025-09-02 14:13:23,808 [INFO] ADCParametersView:116 -                Rank 7 : false
2025-09-02 14:13:23,808 [INFO] ADCParametersView:116 -                Rank 8 : false
2025-09-02 14:13:23,808 [INFO] ADCParametersView:116 -                Rank 2 : false
2025-09-02 14:13:23,808 [INFO] ADCParametersView:116 -                Rank 3 : false
2025-09-02 14:13:23,808 [INFO] ADCParametersView:116 -                Rank 4 : false
2025-09-02 14:13:23,808 [INFO] ADCParametersView:116 -                Rank 5 : false
2025-09-02 14:13:23,808 [INFO] ADCParametersView:116 -                Rank 6 : true
2025-09-02 14:13:23,808 [INFO] ADCParametersView:116 -                Rank 7 : false
2025-09-02 14:13:23,809 [INFO] ADCParametersView:116 -                Rank 8 : false
2025-09-02 14:13:23,809 [INFO] ADCParametersView:116 -                Rank 3 : false
2025-09-02 14:13:23,809 [INFO] ADCParametersView:116 -                Rank 4 : false
2025-09-02 14:13:23,809 [INFO] ADCParametersView:116 -                Rank 5 : false
2025-09-02 14:13:23,809 [INFO] ADCParametersView:116 -                Rank 6 : true
2025-09-02 14:13:23,809 [INFO] ADCParametersView:116 -                Rank 7 : false
2025-09-02 14:13:23,809 [INFO] ADCParametersView:116 -                Rank 8 : false
2025-09-02 14:13:23,809 [INFO] ADCParametersView:116 -                Rank 4 : false
2025-09-02 14:13:23,809 [INFO] ADCParametersView:116 -                Rank 5 : false
2025-09-02 14:13:23,809 [INFO] ADCParametersView:116 -                Rank 6 : true
2025-09-02 14:13:23,809 [INFO] ADCParametersView:116 -                Rank 7 : false
2025-09-02 14:13:23,809 [INFO] ADCParametersView:116 -                Rank 8 : false
2025-09-02 14:13:23,809 [INFO] ADCParametersView:116 -                Rank 5 : false
2025-09-02 14:13:23,809 [INFO] ADCParametersView:116 -                Rank 6 : true
2025-09-02 14:13:23,809 [INFO] ADCParametersView:116 -                Rank 7 : false
2025-09-02 14:13:23,809 [INFO] ADCParametersView:116 -                Rank 8 : false
2025-09-02 14:13:23,809 [INFO] ADCParametersView:116 -                Rank 6 : true
2025-09-02 14:13:23,809 [INFO] ADCParametersView:116 -                Rank 7 : false
2025-09-02 14:13:23,809 [INFO] ADCParametersView:116 -                Rank 8 : false
2025-09-02 14:13:23,809 [INFO] ADCParametersView:116 -                Rank 7 : false
2025-09-02 14:13:23,809 [INFO] ADCParametersView:116 -                Rank 8 : false
2025-09-02 14:13:23,809 [INFO] ADCParametersView:116 -                Rank 8 : false
2025-09-02 14:13:23,855 [INFO] ADCParametersView:116 -                Rank 1 : false
2025-09-02 14:13:23,855 [INFO] ADCParametersView:116 -                Rank 1 : false
2025-09-02 14:13:23,856 [INFO] ADCParametersView:116 -                Rank 2 : false
2025-09-02 14:13:23,856 [INFO] ADCParametersView:116 -                Rank 1 : false
2025-09-02 14:13:23,856 [INFO] ADCParametersView:116 -                Rank 2 : false
2025-09-02 14:13:23,856 [INFO] ADCParametersView:116 -                Rank 3 : false
2025-09-02 14:13:23,856 [INFO] ADCParametersView:116 -                Rank 1 : false
2025-09-02 14:13:23,856 [INFO] ADCParametersView:116 -                Rank 2 : false
2025-09-02 14:13:23,856 [INFO] ADCParametersView:116 -                Rank 3 : false
2025-09-02 14:13:23,856 [INFO] ADCParametersView:116 -                Rank 4 : false
2025-09-02 14:13:23,856 [INFO] ADCParametersView:116 -                Rank 1 : false
2025-09-02 14:13:23,856 [INFO] ADCParametersView:116 -                Rank 2 : false
2025-09-02 14:13:23,856 [INFO] ADCParametersView:116 -                Rank 3 : false
2025-09-02 14:13:23,856 [INFO] ADCParametersView:116 -                Rank 4 : false
2025-09-02 14:13:23,856 [INFO] ADCParametersView:116 -                Rank 5 : false
2025-09-02 14:13:23,856 [INFO] ADCParametersView:116 -                Rank 1 : false
2025-09-02 14:13:23,856 [INFO] ADCParametersView:116 -                Rank 2 : false
2025-09-02 14:13:23,856 [INFO] ADCParametersView:116 -                Rank 3 : false
2025-09-02 14:13:23,856 [INFO] ADCParametersView:116 -                Rank 4 : false
2025-09-02 14:13:23,856 [INFO] ADCParametersView:116 -                Rank 5 : false
2025-09-02 14:13:23,856 [INFO] ADCParametersView:116 -                Rank 6 : true
2025-09-02 14:13:23,857 [INFO] ADCParametersView:116 -                Rank 1 : false
2025-09-02 14:13:23,857 [INFO] ADCParametersView:116 -                Rank 2 : false
2025-09-02 14:13:23,857 [INFO] ADCParametersView:116 -                Rank 3 : false
2025-09-02 14:13:23,857 [INFO] ADCParametersView:116 -                Rank 4 : false
2025-09-02 14:13:23,857 [INFO] ADCParametersView:116 -                Rank 5 : false
2025-09-02 14:13:23,857 [INFO] ADCParametersView:116 -                Rank 6 : true
2025-09-02 14:13:23,857 [INFO] ADCParametersView:116 -                Rank 7 : false
2025-09-02 14:13:23,857 [INFO] ADCParametersView:116 -                Rank 1 : false
2025-09-02 14:13:23,857 [INFO] ADCParametersView:116 -                Rank 2 : false
2025-09-02 14:13:23,857 [INFO] ADCParametersView:116 -                Rank 3 : false
2025-09-02 14:13:23,857 [INFO] ADCParametersView:116 -                Rank 4 : false
2025-09-02 14:13:23,857 [INFO] ADCParametersView:116 -                Rank 5 : false
2025-09-02 14:13:23,857 [INFO] ADCParametersView:116 -                Rank 6 : true
2025-09-02 14:13:23,857 [INFO] ADCParametersView:116 -                Rank 7 : false
2025-09-02 14:13:23,857 [INFO] ADCParametersView:116 -                Rank 8 : false
2025-09-02 14:13:30,780 [INFO] NvicIntPanel:101 - NVIC parent = com.st.microxplorer.plugins.ip.nvic.MultiNvicIntPanel[,0,0,0x0,invalid,layout=javax.swing.BoxLayout,alignmentX=0.0,alignmentY=0.0,border=,flags=9,maximumSize=,minimumSize=,preferredSize=]
2025-09-02 14:13:30,839 [INFO] ADCParametersView:116 -                Rank 1 : false
2025-09-02 14:13:30,839 [INFO] ADCParametersView:116 -                Rank 2 : false
2025-09-02 14:13:30,839 [INFO] ADCParametersView:116 -                Rank 3 : false
2025-09-02 14:13:30,839 [INFO] ADCParametersView:116 -                Rank 4 : false
2025-09-02 14:13:30,839 [INFO] ADCParametersView:116 -                Rank 5 : false
2025-09-02 14:13:30,839 [INFO] ADCParametersView:116 -                Rank 6 : true
2025-09-02 14:13:30,839 [INFO] ADCParametersView:116 -                Rank 7 : false
2025-09-02 14:13:30,839 [INFO] ADCParametersView:116 -                Rank 8 : false
2025-09-02 14:13:30,840 [INFO] ADCParametersView:116 -                Rank 1 : false
2025-09-02 14:13:30,840 [INFO] ADCParametersView:116 -                Rank 2 : false
2025-09-02 14:13:30,840 [INFO] ADCParametersView:116 -                Rank 3 : false
2025-09-02 14:13:30,840 [INFO] ADCParametersView:116 -                Rank 4 : false
2025-09-02 14:13:30,840 [INFO] ADCParametersView:116 -                Rank 5 : false
2025-09-02 14:13:30,840 [INFO] ADCParametersView:116 -                Rank 6 : true
2025-09-02 14:13:30,840 [INFO] ADCParametersView:116 -                Rank 7 : false
2025-09-02 14:13:30,840 [INFO] ADCParametersView:116 -                Rank 8 : false
2025-09-02 14:13:30,840 [INFO] ADCParametersView:116 -                Rank 1 : false
2025-09-02 14:13:30,840 [INFO] ADCParametersView:116 -                Rank 2 : false
2025-09-02 14:13:30,840 [INFO] ADCParametersView:116 -                Rank 3 : false
2025-09-02 14:13:30,840 [INFO] ADCParametersView:116 -                Rank 4 : false
2025-09-02 14:13:30,841 [INFO] ADCParametersView:116 -                Rank 5 : false
2025-09-02 14:13:30,841 [INFO] ADCParametersView:116 -                Rank 6 : true
2025-09-02 14:13:30,841 [INFO] ADCParametersView:116 -                Rank 7 : false
2025-09-02 14:13:30,841 [INFO] ADCParametersView:116 -                Rank 8 : false
2025-09-02 14:13:30,841 [INFO] ADCParametersView:116 -                Rank 1 : false
2025-09-02 14:13:30,841 [INFO] ADCParametersView:116 -                Rank 2 : false
2025-09-02 14:13:30,841 [INFO] ADCParametersView:116 -                Rank 3 : false
2025-09-02 14:13:30,841 [INFO] ADCParametersView:116 -                Rank 4 : false
2025-09-02 14:13:30,841 [INFO] ADCParametersView:116 -                Rank 5 : false
2025-09-02 14:13:30,841 [INFO] ADCParametersView:116 -                Rank 6 : true
2025-09-02 14:13:30,841 [INFO] ADCParametersView:116 -                Rank 7 : false
2025-09-02 14:13:30,841 [INFO] ADCParametersView:116 -                Rank 8 : false
2025-09-02 14:13:30,841 [INFO] ADCParametersView:116 -                Rank 1 : false
2025-09-02 14:13:30,841 [INFO] ADCParametersView:116 -                Rank 2 : false
2025-09-02 14:13:30,841 [INFO] ADCParametersView:116 -                Rank 3 : false
2025-09-02 14:13:30,841 [INFO] ADCParametersView:116 -                Rank 4 : false
2025-09-02 14:13:30,841 [INFO] ADCParametersView:116 -                Rank 5 : false
2025-09-02 14:13:30,841 [INFO] ADCParametersView:116 -                Rank 6 : true
2025-09-02 14:13:30,841 [INFO] ADCParametersView:116 -                Rank 7 : false
2025-09-02 14:13:30,841 [INFO] ADCParametersView:116 -                Rank 8 : false
2025-09-02 14:13:30,841 [INFO] ADCParametersView:116 -                Rank 1 : false
2025-09-02 14:13:30,841 [INFO] ADCParametersView:116 -                Rank 2 : false
2025-09-02 14:13:30,841 [INFO] ADCParametersView:116 -                Rank 3 : false
2025-09-02 14:13:30,841 [INFO] ADCParametersView:116 -                Rank 4 : false
2025-09-02 14:13:30,841 [INFO] ADCParametersView:116 -                Rank 5 : false
2025-09-02 14:13:30,841 [INFO] ADCParametersView:116 -                Rank 6 : true
2025-09-02 14:13:30,841 [INFO] ADCParametersView:116 -                Rank 7 : false
2025-09-02 14:13:30,841 [INFO] ADCParametersView:116 -                Rank 8 : false
2025-09-02 14:13:30,841 [INFO] ADCParametersView:116 -                Rank 1 : false
2025-09-02 14:13:30,841 [INFO] ADCParametersView:116 -                Rank 2 : false
2025-09-02 14:13:30,841 [INFO] ADCParametersView:116 -                Rank 3 : false
2025-09-02 14:13:30,841 [INFO] ADCParametersView:116 -                Rank 4 : false
2025-09-02 14:13:30,841 [INFO] ADCParametersView:116 -                Rank 5 : false
2025-09-02 14:13:30,841 [INFO] ADCParametersView:116 -                Rank 6 : true
2025-09-02 14:13:30,841 [INFO] ADCParametersView:116 -                Rank 7 : false
2025-09-02 14:13:30,841 [INFO] ADCParametersView:116 -                Rank 8 : false
2025-09-02 14:13:30,841 [INFO] ADCParametersView:116 -                Rank 1 : false
2025-09-02 14:13:30,842 [INFO] ADCParametersView:116 -                Rank 2 : false
2025-09-02 14:13:30,842 [INFO] ADCParametersView:116 -                Rank 3 : false
2025-09-02 14:13:30,842 [INFO] ADCParametersView:116 -                Rank 4 : false
2025-09-02 14:13:30,842 [INFO] ADCParametersView:116 -                Rank 5 : false
2025-09-02 14:13:30,842 [INFO] ADCParametersView:116 -                Rank 6 : true
2025-09-02 14:13:30,842 [INFO] ADCParametersView:116 -                Rank 7 : false
2025-09-02 14:13:30,842 [INFO] ADCParametersView:116 -                Rank 8 : false
2025-09-02 14:13:30,842 [INFO] ADCParametersView:116 -                Rank 1 : false
2025-09-02 14:13:30,842 [INFO] ADCParametersView:116 -                Rank 2 : false
2025-09-02 14:13:30,842 [INFO] ADCParametersView:116 -                Rank 3 : false
2025-09-02 14:13:30,842 [INFO] ADCParametersView:116 -                Rank 4 : false
2025-09-02 14:13:30,842 [INFO] ADCParametersView:116 -                Rank 5 : false
2025-09-02 14:13:30,842 [INFO] ADCParametersView:116 -                Rank 6 : true
2025-09-02 14:13:30,842 [INFO] ADCParametersView:116 -                Rank 7 : false
2025-09-02 14:13:30,842 [INFO] ADCParametersView:116 -                Rank 8 : false
2025-09-02 14:13:30,842 [INFO] ADCParametersView:116 -                Rank 1 : false
2025-09-02 14:13:30,842 [INFO] ADCParametersView:116 -                Rank 2 : false
2025-09-02 14:13:30,842 [INFO] ADCParametersView:116 -                Rank 3 : false
2025-09-02 14:13:30,842 [INFO] ADCParametersView:116 -                Rank 4 : false
2025-09-02 14:13:30,842 [INFO] ADCParametersView:116 -                Rank 5 : false
2025-09-02 14:13:30,842 [INFO] ADCParametersView:116 -                Rank 6 : true
2025-09-02 14:13:30,842 [INFO] ADCParametersView:116 -                Rank 7 : false
2025-09-02 14:13:30,842 [INFO] ADCParametersView:116 -                Rank 8 : false
2025-09-02 14:13:30,842 [INFO] ADCParametersView:116 -                Rank 1 : false
2025-09-02 14:13:30,842 [INFO] ADCParametersView:116 -                Rank 2 : false
2025-09-02 14:13:30,842 [INFO] ADCParametersView:116 -                Rank 3 : false
2025-09-02 14:13:30,842 [INFO] ADCParametersView:116 -                Rank 4 : false
2025-09-02 14:13:30,842 [INFO] ADCParametersView:116 -                Rank 5 : false
2025-09-02 14:13:30,842 [INFO] ADCParametersView:116 -                Rank 6 : true
2025-09-02 14:13:30,842 [INFO] ADCParametersView:116 -                Rank 7 : false
2025-09-02 14:13:30,842 [INFO] ADCParametersView:116 -                Rank 8 : false
2025-09-02 14:13:30,842 [INFO] ADCParametersView:116 -                Rank 1 : false
2025-09-02 14:13:30,842 [INFO] ADCParametersView:116 -                Rank 2 : false
2025-09-02 14:13:30,842 [INFO] ADCParametersView:116 -                Rank 3 : false
2025-09-02 14:13:30,842 [INFO] ADCParametersView:116 -                Rank 4 : false
2025-09-02 14:13:30,842 [INFO] ADCParametersView:116 -                Rank 5 : false
2025-09-02 14:13:30,842 [INFO] ADCParametersView:116 -                Rank 6 : true
2025-09-02 14:13:30,842 [INFO] ADCParametersView:116 -                Rank 7 : false
2025-09-02 14:13:30,842 [INFO] ADCParametersView:116 -                Rank 8 : false
2025-09-02 14:13:30,843 [INFO] ADCParametersView:116 -                Rank 1 : false
2025-09-02 14:13:30,843 [INFO] ADCParametersView:116 -                Rank 2 : false
2025-09-02 14:13:30,843 [INFO] ADCParametersView:116 -                Rank 3 : false
2025-09-02 14:13:30,843 [INFO] ADCParametersView:116 -                Rank 4 : false
2025-09-02 14:13:30,843 [INFO] ADCParametersView:116 -                Rank 5 : false
2025-09-02 14:13:30,843 [INFO] ADCParametersView:116 -                Rank 6 : true
2025-09-02 14:13:30,843 [INFO] ADCParametersView:116 -                Rank 7 : false
2025-09-02 14:13:30,843 [INFO] ADCParametersView:116 -                Rank 8 : false
2025-09-02 14:13:30,843 [INFO] ADCParametersView:116 -                Rank 1 : false
2025-09-02 14:13:30,843 [INFO] ADCParametersView:116 -                Rank 2 : false
2025-09-02 14:13:30,843 [INFO] ADCParametersView:116 -                Rank 3 : false
2025-09-02 14:13:30,843 [INFO] ADCParametersView:116 -                Rank 4 : false
2025-09-02 14:13:30,843 [INFO] ADCParametersView:116 -                Rank 5 : false
2025-09-02 14:13:30,843 [INFO] ADCParametersView:116 -                Rank 6 : true
2025-09-02 14:13:30,843 [INFO] ADCParametersView:116 -                Rank 7 : false
2025-09-02 14:13:30,843 [INFO] ADCParametersView:116 -                Rank 8 : false
2025-09-02 14:13:30,843 [INFO] ADCParametersView:116 -                Rank 2 : false
2025-09-02 14:13:30,843 [INFO] ADCParametersView:116 -                Rank 3 : false
2025-09-02 14:13:30,843 [INFO] ADCParametersView:116 -                Rank 4 : false
2025-09-02 14:13:30,843 [INFO] ADCParametersView:116 -                Rank 5 : false
2025-09-02 14:13:30,843 [INFO] ADCParametersView:116 -                Rank 6 : true
2025-09-02 14:13:30,843 [INFO] ADCParametersView:116 -                Rank 7 : false
2025-09-02 14:13:30,843 [INFO] ADCParametersView:116 -                Rank 8 : false
2025-09-02 14:13:30,843 [INFO] ADCParametersView:116 -                Rank 3 : false
2025-09-02 14:13:30,843 [INFO] ADCParametersView:116 -                Rank 4 : false
2025-09-02 14:13:30,843 [INFO] ADCParametersView:116 -                Rank 5 : false
2025-09-02 14:13:30,843 [INFO] ADCParametersView:116 -                Rank 6 : true
2025-09-02 14:13:30,843 [INFO] ADCParametersView:116 -                Rank 7 : false
2025-09-02 14:13:30,843 [INFO] ADCParametersView:116 -                Rank 8 : false
2025-09-02 14:13:30,843 [INFO] ADCParametersView:116 -                Rank 4 : false
2025-09-02 14:13:30,843 [INFO] ADCParametersView:116 -                Rank 5 : false
2025-09-02 14:13:30,843 [INFO] ADCParametersView:116 -                Rank 6 : true
2025-09-02 14:13:30,843 [INFO] ADCParametersView:116 -                Rank 7 : false
2025-09-02 14:13:30,843 [INFO] ADCParametersView:116 -                Rank 8 : false
2025-09-02 14:13:30,843 [INFO] ADCParametersView:116 -                Rank 5 : false
2025-09-02 14:13:30,843 [INFO] ADCParametersView:116 -                Rank 6 : true
2025-09-02 14:13:30,843 [INFO] ADCParametersView:116 -                Rank 7 : false
2025-09-02 14:13:30,843 [INFO] ADCParametersView:116 -                Rank 8 : false
2025-09-02 14:13:30,843 [INFO] ADCParametersView:116 -                Rank 6 : true
2025-09-02 14:13:30,844 [INFO] ADCParametersView:116 -                Rank 7 : false
2025-09-02 14:13:30,844 [INFO] ADCParametersView:116 -                Rank 8 : false
2025-09-02 14:13:30,844 [INFO] ADCParametersView:116 -                Rank 7 : false
2025-09-02 14:13:30,844 [INFO] ADCParametersView:116 -                Rank 8 : false
2025-09-02 14:13:30,844 [INFO] ADCParametersView:116 -                Rank 8 : false
2025-09-02 14:13:30,888 [INFO] ADCParametersView:116 -                Rank 1 : false
2025-09-02 14:13:30,888 [INFO] ADCParametersView:116 -                Rank 1 : false
2025-09-02 14:13:30,888 [INFO] ADCParametersView:116 -                Rank 2 : false
2025-09-02 14:13:30,888 [INFO] ADCParametersView:116 -                Rank 1 : false
2025-09-02 14:13:30,888 [INFO] ADCParametersView:116 -                Rank 2 : false
2025-09-02 14:13:30,888 [INFO] ADCParametersView:116 -                Rank 3 : false
2025-09-02 14:13:30,889 [INFO] ADCParametersView:116 -                Rank 1 : false
2025-09-02 14:13:30,889 [INFO] ADCParametersView:116 -                Rank 2 : false
2025-09-02 14:13:30,889 [INFO] ADCParametersView:116 -                Rank 3 : false
2025-09-02 14:13:30,889 [INFO] ADCParametersView:116 -                Rank 4 : false
2025-09-02 14:13:30,889 [INFO] ADCParametersView:116 -                Rank 1 : false
2025-09-02 14:13:30,889 [INFO] ADCParametersView:116 -                Rank 2 : false
2025-09-02 14:13:30,889 [INFO] ADCParametersView:116 -                Rank 3 : false
2025-09-02 14:13:30,889 [INFO] ADCParametersView:116 -                Rank 4 : false
2025-09-02 14:13:30,889 [INFO] ADCParametersView:116 -                Rank 5 : false
2025-09-02 14:13:30,889 [INFO] ADCParametersView:116 -                Rank 1 : false
2025-09-02 14:13:30,889 [INFO] ADCParametersView:116 -                Rank 2 : false
2025-09-02 14:13:30,889 [INFO] ADCParametersView:116 -                Rank 3 : false
2025-09-02 14:13:30,889 [INFO] ADCParametersView:116 -                Rank 4 : false
2025-09-02 14:13:30,889 [INFO] ADCParametersView:116 -                Rank 5 : false
2025-09-02 14:13:30,889 [INFO] ADCParametersView:116 -                Rank 6 : true
2025-09-02 14:13:30,889 [INFO] ADCParametersView:116 -                Rank 1 : false
2025-09-02 14:13:30,889 [INFO] ADCParametersView:116 -                Rank 2 : false
2025-09-02 14:13:30,889 [INFO] ADCParametersView:116 -                Rank 3 : false
2025-09-02 14:13:30,889 [INFO] ADCParametersView:116 -                Rank 4 : false
2025-09-02 14:13:30,889 [INFO] ADCParametersView:116 -                Rank 5 : false
2025-09-02 14:13:30,889 [INFO] ADCParametersView:116 -                Rank 6 : true
2025-09-02 14:13:30,889 [INFO] ADCParametersView:116 -                Rank 7 : false
2025-09-02 14:13:30,889 [INFO] ADCParametersView:116 -                Rank 1 : false
2025-09-02 14:13:30,889 [INFO] ADCParametersView:116 -                Rank 2 : false
2025-09-02 14:13:30,889 [INFO] ADCParametersView:116 -                Rank 3 : false
2025-09-02 14:13:30,890 [INFO] ADCParametersView:116 -                Rank 4 : false
2025-09-02 14:13:30,890 [INFO] ADCParametersView:116 -                Rank 5 : false
2025-09-02 14:13:30,890 [INFO] ADCParametersView:116 -                Rank 6 : true
2025-09-02 14:13:30,890 [INFO] ADCParametersView:116 -                Rank 7 : false
2025-09-02 14:13:30,890 [INFO] ADCParametersView:116 -                Rank 8 : false
2025-09-02 14:13:32,315 [INFO] ADCParametersView:116 -                Rank 1 : false
2025-09-02 14:13:32,315 [INFO] ADCParametersView:116 -                Rank 2 : false
2025-09-02 14:13:32,315 [INFO] ADCParametersView:116 -                Rank 3 : false
2025-09-02 14:13:32,315 [INFO] ADCParametersView:116 -                Rank 4 : false
2025-09-02 14:13:32,315 [INFO] ADCParametersView:116 -                Rank 5 : false
2025-09-02 14:13:32,315 [INFO] ADCParametersView:116 -                Rank 6 : false
2025-09-02 14:13:32,315 [INFO] ADCParametersView:116 -                Rank 7 : false
2025-09-02 14:13:32,315 [INFO] ADCParametersView:116 -                Rank 8 : false
2025-09-02 14:13:33,013 [INFO] ADCParametersView:116 -                Rank 1 : false
2025-09-02 14:13:33,013 [INFO] ADCParametersView:116 -                Rank 2 : false
2025-09-02 14:13:33,013 [INFO] ADCParametersView:116 -                Rank 3 : false
2025-09-02 14:13:33,013 [INFO] ADCParametersView:116 -                Rank 4 : false
2025-09-02 14:13:33,013 [INFO] ADCParametersView:116 -                Rank 5 : false
2025-09-02 14:13:33,013 [INFO] ADCParametersView:116 -                Rank 6 : false
2025-09-02 14:13:33,013 [INFO] ADCParametersView:116 -                Rank 7 : true
2025-09-02 14:13:33,013 [INFO] ADCParametersView:116 -                Rank 8 : false
2025-09-02 14:13:36,436 [INFO] NvicIntPanel:101 - NVIC parent = com.st.microxplorer.plugins.ip.nvic.MultiNvicIntPanel[,0,0,0x0,invalid,layout=javax.swing.BoxLayout,alignmentX=0.0,alignmentY=0.0,border=,flags=9,maximumSize=,minimumSize=,preferredSize=]
2025-09-02 14:13:36,498 [INFO] ADCParametersView:116 -                Rank 1 : false
2025-09-02 14:13:36,498 [INFO] ADCParametersView:116 -                Rank 2 : false
2025-09-02 14:13:36,498 [INFO] ADCParametersView:116 -                Rank 3 : false
2025-09-02 14:13:36,498 [INFO] ADCParametersView:116 -                Rank 4 : false
2025-09-02 14:13:36,498 [INFO] ADCParametersView:116 -                Rank 5 : false
2025-09-02 14:13:36,498 [INFO] ADCParametersView:116 -                Rank 6 : false
2025-09-02 14:13:36,498 [INFO] ADCParametersView:116 -                Rank 7 : true
2025-09-02 14:13:36,498 [INFO] ADCParametersView:116 -                Rank 8 : false
2025-09-02 14:13:36,499 [INFO] ADCParametersView:116 -                Rank 1 : false
2025-09-02 14:13:36,499 [INFO] ADCParametersView:116 -                Rank 2 : false
2025-09-02 14:13:36,499 [INFO] ADCParametersView:116 -                Rank 3 : false
2025-09-02 14:13:36,499 [INFO] ADCParametersView:116 -                Rank 4 : false
2025-09-02 14:13:36,499 [INFO] ADCParametersView:116 -                Rank 5 : false
2025-09-02 14:13:36,499 [INFO] ADCParametersView:116 -                Rank 6 : false
2025-09-02 14:13:36,499 [INFO] ADCParametersView:116 -                Rank 7 : true
2025-09-02 14:13:36,499 [INFO] ADCParametersView:116 -                Rank 8 : false
2025-09-02 14:13:36,499 [INFO] ADCParametersView:116 -                Rank 1 : false
2025-09-02 14:13:36,499 [INFO] ADCParametersView:116 -                Rank 2 : false
2025-09-02 14:13:36,499 [INFO] ADCParametersView:116 -                Rank 3 : false
2025-09-02 14:13:36,499 [INFO] ADCParametersView:116 -                Rank 4 : false
2025-09-02 14:13:36,499 [INFO] ADCParametersView:116 -                Rank 5 : false
2025-09-02 14:13:36,499 [INFO] ADCParametersView:116 -                Rank 6 : false
2025-09-02 14:13:36,499 [INFO] ADCParametersView:116 -                Rank 7 : true
2025-09-02 14:13:36,499 [INFO] ADCParametersView:116 -                Rank 8 : false
2025-09-02 14:13:36,499 [INFO] ADCParametersView:116 -                Rank 1 : false
2025-09-02 14:13:36,499 [INFO] ADCParametersView:116 -                Rank 2 : false
2025-09-02 14:13:36,499 [INFO] ADCParametersView:116 -                Rank 3 : false
2025-09-02 14:13:36,499 [INFO] ADCParametersView:116 -                Rank 4 : false
2025-09-02 14:13:36,499 [INFO] ADCParametersView:116 -                Rank 5 : false
2025-09-02 14:13:36,499 [INFO] ADCParametersView:116 -                Rank 6 : false
2025-09-02 14:13:36,499 [INFO] ADCParametersView:116 -                Rank 7 : true
2025-09-02 14:13:36,499 [INFO] ADCParametersView:116 -                Rank 8 : false
2025-09-02 14:13:36,500 [INFO] ADCParametersView:116 -                Rank 1 : false
2025-09-02 14:13:36,500 [INFO] ADCParametersView:116 -                Rank 2 : false
2025-09-02 14:13:36,500 [INFO] ADCParametersView:116 -                Rank 3 : false
2025-09-02 14:13:36,500 [INFO] ADCParametersView:116 -                Rank 4 : false
2025-09-02 14:13:36,500 [INFO] ADCParametersView:116 -                Rank 5 : false
2025-09-02 14:13:36,500 [INFO] ADCParametersView:116 -                Rank 6 : false
2025-09-02 14:13:36,500 [INFO] ADCParametersView:116 -                Rank 7 : true
2025-09-02 14:13:36,500 [INFO] ADCParametersView:116 -                Rank 8 : false
2025-09-02 14:13:36,500 [INFO] ADCParametersView:116 -                Rank 1 : false
2025-09-02 14:13:36,500 [INFO] ADCParametersView:116 -                Rank 2 : false
2025-09-02 14:13:36,500 [INFO] ADCParametersView:116 -                Rank 3 : false
2025-09-02 14:13:36,500 [INFO] ADCParametersView:116 -                Rank 4 : false
2025-09-02 14:13:36,500 [INFO] ADCParametersView:116 -                Rank 5 : false
2025-09-02 14:13:36,500 [INFO] ADCParametersView:116 -                Rank 6 : false
2025-09-02 14:13:36,500 [INFO] ADCParametersView:116 -                Rank 7 : true
2025-09-02 14:13:36,500 [INFO] ADCParametersView:116 -                Rank 8 : false
2025-09-02 14:13:36,500 [INFO] ADCParametersView:116 -                Rank 1 : false
2025-09-02 14:13:36,500 [INFO] ADCParametersView:116 -                Rank 2 : false
2025-09-02 14:13:36,500 [INFO] ADCParametersView:116 -                Rank 3 : false
2025-09-02 14:13:36,500 [INFO] ADCParametersView:116 -                Rank 4 : false
2025-09-02 14:13:36,500 [INFO] ADCParametersView:116 -                Rank 5 : false
2025-09-02 14:13:36,500 [INFO] ADCParametersView:116 -                Rank 6 : false
2025-09-02 14:13:36,500 [INFO] ADCParametersView:116 -                Rank 7 : true
2025-09-02 14:13:36,500 [INFO] ADCParametersView:116 -                Rank 8 : false
2025-09-02 14:13:36,500 [INFO] ADCParametersView:116 -                Rank 1 : false
2025-09-02 14:13:36,500 [INFO] ADCParametersView:116 -                Rank 2 : false
2025-09-02 14:13:36,500 [INFO] ADCParametersView:116 -                Rank 3 : false
2025-09-02 14:13:36,500 [INFO] ADCParametersView:116 -                Rank 4 : false
2025-09-02 14:13:36,500 [INFO] ADCParametersView:116 -                Rank 5 : false
2025-09-02 14:13:36,500 [INFO] ADCParametersView:116 -                Rank 6 : false
2025-09-02 14:13:36,500 [INFO] ADCParametersView:116 -                Rank 7 : true
2025-09-02 14:13:36,500 [INFO] ADCParametersView:116 -                Rank 8 : false
2025-09-02 14:13:36,500 [INFO] ADCParametersView:116 -                Rank 1 : false
2025-09-02 14:13:36,500 [INFO] ADCParametersView:116 -                Rank 2 : false
2025-09-02 14:13:36,500 [INFO] ADCParametersView:116 -                Rank 3 : false
2025-09-02 14:13:36,500 [INFO] ADCParametersView:116 -                Rank 4 : false
2025-09-02 14:13:36,500 [INFO] ADCParametersView:116 -                Rank 5 : false
2025-09-02 14:13:36,500 [INFO] ADCParametersView:116 -                Rank 6 : false
2025-09-02 14:13:36,500 [INFO] ADCParametersView:116 -                Rank 7 : true
2025-09-02 14:13:36,500 [INFO] ADCParametersView:116 -                Rank 8 : false
2025-09-02 14:13:36,501 [INFO] ADCParametersView:116 -                Rank 1 : false
2025-09-02 14:13:36,501 [INFO] ADCParametersView:116 -                Rank 2 : false
2025-09-02 14:13:36,501 [INFO] ADCParametersView:116 -                Rank 3 : false
2025-09-02 14:13:36,501 [INFO] ADCParametersView:116 -                Rank 4 : false
2025-09-02 14:13:36,501 [INFO] ADCParametersView:116 -                Rank 5 : false
2025-09-02 14:13:36,501 [INFO] ADCParametersView:116 -                Rank 6 : false
2025-09-02 14:13:36,501 [INFO] ADCParametersView:116 -                Rank 7 : true
2025-09-02 14:13:36,501 [INFO] ADCParametersView:116 -                Rank 8 : false
2025-09-02 14:13:36,501 [INFO] ADCParametersView:116 -                Rank 1 : false
2025-09-02 14:13:36,501 [INFO] ADCParametersView:116 -                Rank 2 : false
2025-09-02 14:13:36,501 [INFO] ADCParametersView:116 -                Rank 3 : false
2025-09-02 14:13:36,501 [INFO] ADCParametersView:116 -                Rank 4 : false
2025-09-02 14:13:36,501 [INFO] ADCParametersView:116 -                Rank 5 : false
2025-09-02 14:13:36,501 [INFO] ADCParametersView:116 -                Rank 6 : false
2025-09-02 14:13:36,501 [INFO] ADCParametersView:116 -                Rank 7 : true
2025-09-02 14:13:36,501 [INFO] ADCParametersView:116 -                Rank 8 : false
2025-09-02 14:13:36,501 [INFO] ADCParametersView:116 -                Rank 1 : false
2025-09-02 14:13:36,501 [INFO] ADCParametersView:116 -                Rank 2 : false
2025-09-02 14:13:36,501 [INFO] ADCParametersView:116 -                Rank 3 : false
2025-09-02 14:13:36,501 [INFO] ADCParametersView:116 -                Rank 4 : false
2025-09-02 14:13:36,501 [INFO] ADCParametersView:116 -                Rank 5 : false
2025-09-02 14:13:36,501 [INFO] ADCParametersView:116 -                Rank 6 : false
2025-09-02 14:13:36,501 [INFO] ADCParametersView:116 -                Rank 7 : true
2025-09-02 14:13:36,501 [INFO] ADCParametersView:116 -                Rank 8 : false
2025-09-02 14:13:36,501 [INFO] ADCParametersView:116 -                Rank 1 : false
2025-09-02 14:13:36,501 [INFO] ADCParametersView:116 -                Rank 2 : false
2025-09-02 14:13:36,501 [INFO] ADCParametersView:116 -                Rank 3 : false
2025-09-02 14:13:36,501 [INFO] ADCParametersView:116 -                Rank 4 : false
2025-09-02 14:13:36,501 [INFO] ADCParametersView:116 -                Rank 5 : false
2025-09-02 14:13:36,501 [INFO] ADCParametersView:116 -                Rank 6 : false
2025-09-02 14:13:36,501 [INFO] ADCParametersView:116 -                Rank 7 : true
2025-09-02 14:13:36,501 [INFO] ADCParametersView:116 -                Rank 8 : false
2025-09-02 14:13:36,501 [INFO] ADCParametersView:116 -                Rank 1 : false
2025-09-02 14:13:36,501 [INFO] ADCParametersView:116 -                Rank 2 : false
2025-09-02 14:13:36,501 [INFO] ADCParametersView:116 -                Rank 3 : false
2025-09-02 14:13:36,501 [INFO] ADCParametersView:116 -                Rank 4 : false
2025-09-02 14:13:36,501 [INFO] ADCParametersView:116 -                Rank 5 : false
2025-09-02 14:13:36,501 [INFO] ADCParametersView:116 -                Rank 6 : false
2025-09-02 14:13:36,501 [INFO] ADCParametersView:116 -                Rank 7 : true
2025-09-02 14:13:36,501 [INFO] ADCParametersView:116 -                Rank 8 : false
2025-09-02 14:13:36,501 [INFO] ADCParametersView:116 -                Rank 2 : false
2025-09-02 14:13:36,502 [INFO] ADCParametersView:116 -                Rank 3 : false
2025-09-02 14:13:36,502 [INFO] ADCParametersView:116 -                Rank 4 : false
2025-09-02 14:13:36,502 [INFO] ADCParametersView:116 -                Rank 5 : false
2025-09-02 14:13:36,502 [INFO] ADCParametersView:116 -                Rank 6 : false
2025-09-02 14:13:36,502 [INFO] ADCParametersView:116 -                Rank 7 : true
2025-09-02 14:13:36,502 [INFO] ADCParametersView:116 -                Rank 8 : false
2025-09-02 14:13:36,502 [INFO] ADCParametersView:116 -                Rank 3 : false
2025-09-02 14:13:36,502 [INFO] ADCParametersView:116 -                Rank 4 : false
2025-09-02 14:13:36,502 [INFO] ADCParametersView:116 -                Rank 5 : false
2025-09-02 14:13:36,502 [INFO] ADCParametersView:116 -                Rank 6 : false
2025-09-02 14:13:36,502 [INFO] ADCParametersView:116 -                Rank 7 : true
2025-09-02 14:13:36,502 [INFO] ADCParametersView:116 -                Rank 8 : false
2025-09-02 14:13:36,502 [INFO] ADCParametersView:116 -                Rank 4 : false
2025-09-02 14:13:36,502 [INFO] ADCParametersView:116 -                Rank 5 : false
2025-09-02 14:13:36,502 [INFO] ADCParametersView:116 -                Rank 6 : false
2025-09-02 14:13:36,502 [INFO] ADCParametersView:116 -                Rank 7 : true
2025-09-02 14:13:36,502 [INFO] ADCParametersView:116 -                Rank 8 : false
2025-09-02 14:13:36,502 [INFO] ADCParametersView:116 -                Rank 5 : false
2025-09-02 14:13:36,502 [INFO] ADCParametersView:116 -                Rank 6 : false
2025-09-02 14:13:36,502 [INFO] ADCParametersView:116 -                Rank 7 : true
2025-09-02 14:13:36,502 [INFO] ADCParametersView:116 -                Rank 8 : false
2025-09-02 14:13:36,502 [INFO] ADCParametersView:116 -                Rank 6 : false
2025-09-02 14:13:36,502 [INFO] ADCParametersView:116 -                Rank 7 : true
2025-09-02 14:13:36,502 [INFO] ADCParametersView:116 -                Rank 8 : false
2025-09-02 14:13:36,502 [INFO] ADCParametersView:116 -                Rank 7 : true
2025-09-02 14:13:36,502 [INFO] ADCParametersView:116 -                Rank 8 : false
2025-09-02 14:13:36,502 [INFO] ADCParametersView:116 -                Rank 8 : false
2025-09-02 14:13:36,547 [INFO] ADCParametersView:116 -                Rank 1 : false
2025-09-02 14:13:36,547 [INFO] ADCParametersView:116 -                Rank 1 : false
2025-09-02 14:13:36,547 [INFO] ADCParametersView:116 -                Rank 2 : false
2025-09-02 14:13:36,547 [INFO] ADCParametersView:116 -                Rank 1 : false
2025-09-02 14:13:36,547 [INFO] ADCParametersView:116 -                Rank 2 : false
2025-09-02 14:13:36,547 [INFO] ADCParametersView:116 -                Rank 3 : false
2025-09-02 14:13:36,547 [INFO] ADCParametersView:116 -                Rank 1 : false
2025-09-02 14:13:36,547 [INFO] ADCParametersView:116 -                Rank 2 : false
2025-09-02 14:13:36,547 [INFO] ADCParametersView:116 -                Rank 3 : false
2025-09-02 14:13:36,547 [INFO] ADCParametersView:116 -                Rank 4 : false
2025-09-02 14:13:36,547 [INFO] ADCParametersView:116 -                Rank 1 : false
2025-09-02 14:13:36,547 [INFO] ADCParametersView:116 -                Rank 2 : false
2025-09-02 14:13:36,547 [INFO] ADCParametersView:116 -                Rank 3 : false
2025-09-02 14:13:36,547 [INFO] ADCParametersView:116 -                Rank 4 : false
2025-09-02 14:13:36,547 [INFO] ADCParametersView:116 -                Rank 5 : false
2025-09-02 14:13:36,549 [INFO] ADCParametersView:116 -                Rank 1 : false
2025-09-02 14:13:36,549 [INFO] ADCParametersView:116 -                Rank 2 : false
2025-09-02 14:13:36,549 [INFO] ADCParametersView:116 -                Rank 3 : false
2025-09-02 14:13:36,549 [INFO] ADCParametersView:116 -                Rank 4 : false
2025-09-02 14:13:36,549 [INFO] ADCParametersView:116 -                Rank 5 : false
2025-09-02 14:13:36,549 [INFO] ADCParametersView:116 -                Rank 6 : false
2025-09-02 14:13:36,549 [INFO] ADCParametersView:116 -                Rank 1 : false
2025-09-02 14:13:36,549 [INFO] ADCParametersView:116 -                Rank 2 : false
2025-09-02 14:13:36,549 [INFO] ADCParametersView:116 -                Rank 3 : false
2025-09-02 14:13:36,549 [INFO] ADCParametersView:116 -                Rank 4 : false
2025-09-02 14:13:36,549 [INFO] ADCParametersView:116 -                Rank 5 : false
2025-09-02 14:13:36,549 [INFO] ADCParametersView:116 -                Rank 6 : false
2025-09-02 14:13:36,549 [INFO] ADCParametersView:116 -                Rank 7 : true
2025-09-02 14:13:36,549 [INFO] ADCParametersView:116 -                Rank 1 : false
2025-09-02 14:13:36,549 [INFO] ADCParametersView:116 -                Rank 2 : false
2025-09-02 14:13:36,549 [INFO] ADCParametersView:116 -                Rank 3 : false
2025-09-02 14:13:36,549 [INFO] ADCParametersView:116 -                Rank 4 : false
2025-09-02 14:13:36,549 [INFO] ADCParametersView:116 -                Rank 5 : false
2025-09-02 14:13:36,549 [INFO] ADCParametersView:116 -                Rank 6 : false
2025-09-02 14:13:36,549 [INFO] ADCParametersView:116 -                Rank 7 : true
2025-09-02 14:13:36,549 [INFO] ADCParametersView:116 -                Rank 8 : false
2025-09-02 14:13:39,870 [INFO] NvicIntPanel:101 - NVIC parent = com.st.microxplorer.plugins.ip.nvic.MultiNvicIntPanel[,0,0,0x0,invalid,layout=javax.swing.BoxLayout,alignmentX=0.0,alignmentY=0.0,border=,flags=9,maximumSize=,minimumSize=,preferredSize=]
2025-09-02 14:13:39,942 [INFO] ADCParametersView:116 -                Rank 1 : false
2025-09-02 14:13:39,942 [INFO] ADCParametersView:116 -                Rank 2 : false
2025-09-02 14:13:39,942 [INFO] ADCParametersView:116 -                Rank 3 : false
2025-09-02 14:13:39,942 [INFO] ADCParametersView:116 -                Rank 4 : false
2025-09-02 14:13:39,942 [INFO] ADCParametersView:116 -                Rank 5 : false
2025-09-02 14:13:39,942 [INFO] ADCParametersView:116 -                Rank 6 : false
2025-09-02 14:13:39,942 [INFO] ADCParametersView:116 -                Rank 7 : true
2025-09-02 14:13:39,942 [INFO] ADCParametersView:116 -                Rank 8 : false
2025-09-02 14:13:39,943 [INFO] ADCParametersView:116 -                Rank 1 : false
2025-09-02 14:13:39,944 [INFO] ADCParametersView:116 -                Rank 2 : false
2025-09-02 14:13:39,944 [INFO] ADCParametersView:116 -                Rank 3 : false
2025-09-02 14:13:39,944 [INFO] ADCParametersView:116 -                Rank 4 : false
2025-09-02 14:13:39,944 [INFO] ADCParametersView:116 -                Rank 5 : false
2025-09-02 14:13:39,944 [INFO] ADCParametersView:116 -                Rank 6 : false
2025-09-02 14:13:39,944 [INFO] ADCParametersView:116 -                Rank 7 : true
2025-09-02 14:13:39,944 [INFO] ADCParametersView:116 -                Rank 8 : false
2025-09-02 14:13:39,944 [INFO] ADCParametersView:116 -                Rank 1 : false
2025-09-02 14:13:39,944 [INFO] ADCParametersView:116 -                Rank 2 : false
2025-09-02 14:13:39,944 [INFO] ADCParametersView:116 -                Rank 3 : false
2025-09-02 14:13:39,944 [INFO] ADCParametersView:116 -                Rank 4 : false
2025-09-02 14:13:39,944 [INFO] ADCParametersView:116 -                Rank 5 : false
2025-09-02 14:13:39,944 [INFO] ADCParametersView:116 -                Rank 6 : false
2025-09-02 14:13:39,944 [INFO] ADCParametersView:116 -                Rank 7 : true
2025-09-02 14:13:39,944 [INFO] ADCParametersView:116 -                Rank 8 : false
2025-09-02 14:13:39,944 [INFO] ADCParametersView:116 -                Rank 1 : false
2025-09-02 14:13:39,944 [INFO] ADCParametersView:116 -                Rank 2 : false
2025-09-02 14:13:39,944 [INFO] ADCParametersView:116 -                Rank 3 : false
2025-09-02 14:13:39,944 [INFO] ADCParametersView:116 -                Rank 4 : false
2025-09-02 14:13:39,944 [INFO] ADCParametersView:116 -                Rank 5 : false
2025-09-02 14:13:39,944 [INFO] ADCParametersView:116 -                Rank 6 : false
2025-09-02 14:13:39,944 [INFO] ADCParametersView:116 -                Rank 7 : true
2025-09-02 14:13:39,945 [INFO] ADCParametersView:116 -                Rank 8 : false
2025-09-02 14:13:39,945 [INFO] ADCParametersView:116 -                Rank 1 : false
2025-09-02 14:13:39,945 [INFO] ADCParametersView:116 -                Rank 2 : false
2025-09-02 14:13:39,945 [INFO] ADCParametersView:116 -                Rank 3 : false
2025-09-02 14:13:39,945 [INFO] ADCParametersView:116 -                Rank 4 : false
2025-09-02 14:13:39,945 [INFO] ADCParametersView:116 -                Rank 5 : false
2025-09-02 14:13:39,945 [INFO] ADCParametersView:116 -                Rank 6 : false
2025-09-02 14:13:39,945 [INFO] ADCParametersView:116 -                Rank 7 : true
2025-09-02 14:13:39,945 [INFO] ADCParametersView:116 -                Rank 8 : false
2025-09-02 14:13:39,945 [INFO] ADCParametersView:116 -                Rank 1 : false
2025-09-02 14:13:39,945 [INFO] ADCParametersView:116 -                Rank 2 : false
2025-09-02 14:13:39,945 [INFO] ADCParametersView:116 -                Rank 3 : false
2025-09-02 14:13:39,945 [INFO] ADCParametersView:116 -                Rank 4 : false
2025-09-02 14:13:39,945 [INFO] ADCParametersView:116 -                Rank 5 : false
2025-09-02 14:13:39,945 [INFO] ADCParametersView:116 -                Rank 6 : false
2025-09-02 14:13:39,945 [INFO] ADCParametersView:116 -                Rank 7 : true
2025-09-02 14:13:39,945 [INFO] ADCParametersView:116 -                Rank 8 : false
2025-09-02 14:13:39,946 [INFO] ADCParametersView:116 -                Rank 1 : false
2025-09-02 14:13:39,946 [INFO] ADCParametersView:116 -                Rank 2 : false
2025-09-02 14:13:39,946 [INFO] ADCParametersView:116 -                Rank 3 : false
2025-09-02 14:13:39,946 [INFO] ADCParametersView:116 -                Rank 4 : false
2025-09-02 14:13:39,946 [INFO] ADCParametersView:116 -                Rank 5 : false
2025-09-02 14:13:39,946 [INFO] ADCParametersView:116 -                Rank 6 : false
2025-09-02 14:13:39,946 [INFO] ADCParametersView:116 -                Rank 7 : true
2025-09-02 14:13:39,946 [INFO] ADCParametersView:116 -                Rank 8 : false
2025-09-02 14:13:39,946 [INFO] ADCParametersView:116 -                Rank 1 : false
2025-09-02 14:13:39,946 [INFO] ADCParametersView:116 -                Rank 2 : false
2025-09-02 14:13:39,946 [INFO] ADCParametersView:116 -                Rank 3 : false
2025-09-02 14:13:39,946 [INFO] ADCParametersView:116 -                Rank 4 : false
2025-09-02 14:13:39,946 [INFO] ADCParametersView:116 -                Rank 5 : false
2025-09-02 14:13:39,946 [INFO] ADCParametersView:116 -                Rank 6 : false
2025-09-02 14:13:39,946 [INFO] ADCParametersView:116 -                Rank 7 : true
2025-09-02 14:13:39,946 [INFO] ADCParametersView:116 -                Rank 8 : false
2025-09-02 14:13:39,946 [INFO] ADCParametersView:116 -                Rank 1 : false
2025-09-02 14:13:39,946 [INFO] ADCParametersView:116 -                Rank 2 : false
2025-09-02 14:13:39,946 [INFO] ADCParametersView:116 -                Rank 3 : false
2025-09-02 14:13:39,946 [INFO] ADCParametersView:116 -                Rank 4 : false
2025-09-02 14:13:39,946 [INFO] ADCParametersView:116 -                Rank 5 : false
2025-09-02 14:13:39,946 [INFO] ADCParametersView:116 -                Rank 6 : false
2025-09-02 14:13:39,946 [INFO] ADCParametersView:116 -                Rank 7 : true
2025-09-02 14:13:39,946 [INFO] ADCParametersView:116 -                Rank 8 : false
2025-09-02 14:13:39,946 [INFO] ADCParametersView:116 -                Rank 1 : false
2025-09-02 14:13:39,946 [INFO] ADCParametersView:116 -                Rank 2 : false
2025-09-02 14:13:39,946 [INFO] ADCParametersView:116 -                Rank 3 : false
2025-09-02 14:13:39,946 [INFO] ADCParametersView:116 -                Rank 4 : false
2025-09-02 14:13:39,946 [INFO] ADCParametersView:116 -                Rank 5 : false
2025-09-02 14:13:39,946 [INFO] ADCParametersView:116 -                Rank 6 : false
2025-09-02 14:13:39,946 [INFO] ADCParametersView:116 -                Rank 7 : true
2025-09-02 14:13:39,946 [INFO] ADCParametersView:116 -                Rank 8 : false
2025-09-02 14:13:39,946 [INFO] ADCParametersView:116 -                Rank 1 : false
2025-09-02 14:13:39,946 [INFO] ADCParametersView:116 -                Rank 2 : false
2025-09-02 14:13:39,946 [INFO] ADCParametersView:116 -                Rank 3 : false
2025-09-02 14:13:39,946 [INFO] ADCParametersView:116 -                Rank 4 : false
2025-09-02 14:13:39,946 [INFO] ADCParametersView:116 -                Rank 5 : false
2025-09-02 14:13:39,946 [INFO] ADCParametersView:116 -                Rank 6 : false
2025-09-02 14:13:39,946 [INFO] ADCParametersView:116 -                Rank 7 : true
2025-09-02 14:13:39,947 [INFO] ADCParametersView:116 -                Rank 8 : false
2025-09-02 14:13:39,947 [INFO] ADCParametersView:116 -                Rank 1 : false
2025-09-02 14:13:39,947 [INFO] ADCParametersView:116 -                Rank 2 : false
2025-09-02 14:13:39,947 [INFO] ADCParametersView:116 -                Rank 3 : false
2025-09-02 14:13:39,947 [INFO] ADCParametersView:116 -                Rank 4 : false
2025-09-02 14:13:39,947 [INFO] ADCParametersView:116 -                Rank 5 : false
2025-09-02 14:13:39,947 [INFO] ADCParametersView:116 -                Rank 6 : false
2025-09-02 14:13:39,947 [INFO] ADCParametersView:116 -                Rank 7 : true
2025-09-02 14:13:39,947 [INFO] ADCParametersView:116 -                Rank 8 : false
2025-09-02 14:13:39,947 [INFO] ADCParametersView:116 -                Rank 1 : false
2025-09-02 14:13:39,947 [INFO] ADCParametersView:116 -                Rank 2 : false
2025-09-02 14:13:39,947 [INFO] ADCParametersView:116 -                Rank 3 : false
2025-09-02 14:13:39,947 [INFO] ADCParametersView:116 -                Rank 4 : false
2025-09-02 14:13:39,947 [INFO] ADCParametersView:116 -                Rank 5 : false
2025-09-02 14:13:39,947 [INFO] ADCParametersView:116 -                Rank 6 : false
2025-09-02 14:13:39,947 [INFO] ADCParametersView:116 -                Rank 7 : true
2025-09-02 14:13:39,947 [INFO] ADCParametersView:116 -                Rank 8 : false
2025-09-02 14:13:39,947 [INFO] ADCParametersView:116 -                Rank 1 : false
2025-09-02 14:13:39,947 [INFO] ADCParametersView:116 -                Rank 2 : false
2025-09-02 14:13:39,947 [INFO] ADCParametersView:116 -                Rank 3 : false
2025-09-02 14:13:39,947 [INFO] ADCParametersView:116 -                Rank 4 : false
2025-09-02 14:13:39,947 [INFO] ADCParametersView:116 -                Rank 5 : false
2025-09-02 14:13:39,947 [INFO] ADCParametersView:116 -                Rank 6 : false
2025-09-02 14:13:39,947 [INFO] ADCParametersView:116 -                Rank 7 : true
2025-09-02 14:13:39,947 [INFO] ADCParametersView:116 -                Rank 8 : false
2025-09-02 14:13:39,947 [INFO] ADCParametersView:116 -                Rank 2 : false
2025-09-02 14:13:39,947 [INFO] ADCParametersView:116 -                Rank 3 : false
2025-09-02 14:13:39,947 [INFO] ADCParametersView:116 -                Rank 4 : false
2025-09-02 14:13:39,947 [INFO] ADCParametersView:116 -                Rank 5 : false
2025-09-02 14:13:39,947 [INFO] ADCParametersView:116 -                Rank 6 : false
2025-09-02 14:13:39,947 [INFO] ADCParametersView:116 -                Rank 7 : true
2025-09-02 14:13:39,947 [INFO] ADCParametersView:116 -                Rank 8 : false
2025-09-02 14:13:39,947 [INFO] ADCParametersView:116 -                Rank 3 : false
2025-09-02 14:13:39,947 [INFO] ADCParametersView:116 -                Rank 4 : false
2025-09-02 14:13:39,948 [INFO] ADCParametersView:116 -                Rank 5 : false
2025-09-02 14:13:39,948 [INFO] ADCParametersView:116 -                Rank 6 : false
2025-09-02 14:13:39,948 [INFO] ADCParametersView:116 -                Rank 7 : true
2025-09-02 14:13:39,948 [INFO] ADCParametersView:116 -                Rank 8 : false
2025-09-02 14:13:39,948 [INFO] ADCParametersView:116 -                Rank 4 : false
2025-09-02 14:13:39,948 [INFO] ADCParametersView:116 -                Rank 5 : false
2025-09-02 14:13:39,948 [INFO] ADCParametersView:116 -                Rank 6 : false
2025-09-02 14:13:39,948 [INFO] ADCParametersView:116 -                Rank 7 : true
2025-09-02 14:13:39,948 [INFO] ADCParametersView:116 -                Rank 8 : false
2025-09-02 14:13:39,948 [INFO] ADCParametersView:116 -                Rank 5 : false
2025-09-02 14:13:39,948 [INFO] ADCParametersView:116 -                Rank 6 : false
2025-09-02 14:13:39,948 [INFO] ADCParametersView:116 -                Rank 7 : true
2025-09-02 14:13:39,948 [INFO] ADCParametersView:116 -                Rank 8 : false
2025-09-02 14:13:39,948 [INFO] ADCParametersView:116 -                Rank 6 : false
2025-09-02 14:13:39,948 [INFO] ADCParametersView:116 -                Rank 7 : true
2025-09-02 14:13:39,948 [INFO] ADCParametersView:116 -                Rank 8 : false
2025-09-02 14:13:39,948 [INFO] ADCParametersView:116 -                Rank 7 : true
2025-09-02 14:13:39,948 [INFO] ADCParametersView:116 -                Rank 8 : false
2025-09-02 14:13:39,948 [INFO] ADCParametersView:116 -                Rank 8 : false
2025-09-02 14:13:39,995 [INFO] ADCParametersView:116 -                Rank 1 : false
2025-09-02 14:13:39,995 [INFO] ADCParametersView:116 -                Rank 1 : false
2025-09-02 14:13:39,995 [INFO] ADCParametersView:116 -                Rank 2 : false
2025-09-02 14:13:39,995 [INFO] ADCParametersView:116 -                Rank 1 : false
2025-09-02 14:13:39,995 [INFO] ADCParametersView:116 -                Rank 2 : false
2025-09-02 14:13:39,996 [INFO] ADCParametersView:116 -                Rank 3 : false
2025-09-02 14:13:39,996 [INFO] ADCParametersView:116 -                Rank 1 : false
2025-09-02 14:13:39,996 [INFO] ADCParametersView:116 -                Rank 2 : false
2025-09-02 14:13:39,996 [INFO] ADCParametersView:116 -                Rank 3 : false
2025-09-02 14:13:39,996 [INFO] ADCParametersView:116 -                Rank 4 : false
2025-09-02 14:13:39,996 [INFO] ADCParametersView:116 -                Rank 1 : false
2025-09-02 14:13:39,996 [INFO] ADCParametersView:116 -                Rank 2 : false
2025-09-02 14:13:39,996 [INFO] ADCParametersView:116 -                Rank 3 : false
2025-09-02 14:13:39,996 [INFO] ADCParametersView:116 -                Rank 4 : false
2025-09-02 14:13:39,996 [INFO] ADCParametersView:116 -                Rank 5 : false
2025-09-02 14:13:39,996 [INFO] ADCParametersView:116 -                Rank 1 : false
2025-09-02 14:13:39,996 [INFO] ADCParametersView:116 -                Rank 2 : false
2025-09-02 14:13:39,996 [INFO] ADCParametersView:116 -                Rank 3 : false
2025-09-02 14:13:39,996 [INFO] ADCParametersView:116 -                Rank 4 : false
2025-09-02 14:13:39,996 [INFO] ADCParametersView:116 -                Rank 5 : false
2025-09-02 14:13:39,996 [INFO] ADCParametersView:116 -                Rank 6 : false
2025-09-02 14:13:39,997 [INFO] ADCParametersView:116 -                Rank 1 : false
2025-09-02 14:13:39,997 [INFO] ADCParametersView:116 -                Rank 2 : false
2025-09-02 14:13:39,997 [INFO] ADCParametersView:116 -                Rank 3 : false
2025-09-02 14:13:39,997 [INFO] ADCParametersView:116 -                Rank 4 : false
2025-09-02 14:13:39,997 [INFO] ADCParametersView:116 -                Rank 5 : false
2025-09-02 14:13:39,997 [INFO] ADCParametersView:116 -                Rank 6 : false
2025-09-02 14:13:39,997 [INFO] ADCParametersView:116 -                Rank 7 : true
2025-09-02 14:13:39,997 [INFO] ADCParametersView:116 -                Rank 1 : false
2025-09-02 14:13:39,997 [INFO] ADCParametersView:116 -                Rank 2 : false
2025-09-02 14:13:39,997 [INFO] ADCParametersView:116 -                Rank 3 : false
2025-09-02 14:13:39,997 [INFO] ADCParametersView:116 -                Rank 4 : false
2025-09-02 14:13:39,997 [INFO] ADCParametersView:116 -                Rank 5 : false
2025-09-02 14:13:39,997 [INFO] ADCParametersView:116 -                Rank 6 : false
2025-09-02 14:13:39,997 [INFO] ADCParametersView:116 -                Rank 7 : true
2025-09-02 14:13:39,997 [INFO] ADCParametersView:116 -                Rank 8 : false
2025-09-02 14:13:41,793 [INFO] ADCParametersView:116 -                Rank 1 : false
2025-09-02 14:13:41,793 [INFO] ADCParametersView:116 -                Rank 2 : false
2025-09-02 14:13:41,793 [INFO] ADCParametersView:116 -                Rank 3 : false
2025-09-02 14:13:41,793 [INFO] ADCParametersView:116 -                Rank 4 : false
2025-09-02 14:13:41,793 [INFO] ADCParametersView:116 -                Rank 5 : false
2025-09-02 14:13:41,793 [INFO] ADCParametersView:116 -                Rank 6 : false
2025-09-02 14:13:41,793 [INFO] ADCParametersView:116 -                Rank 7 : true
2025-09-02 14:13:41,793 [INFO] ADCParametersView:116 -                Rank 8 : true
2025-09-02 14:13:43,900 [INFO] NvicIntPanel:101 - NVIC parent = com.st.microxplorer.plugins.ip.nvic.MultiNvicIntPanel[,0,0,0x0,invalid,layout=javax.swing.BoxLayout,alignmentX=0.0,alignmentY=0.0,border=,flags=9,maximumSize=,minimumSize=,preferredSize=]
2025-09-02 14:13:43,956 [INFO] ADCParametersView:116 -                Rank 1 : false
2025-09-02 14:13:43,957 [INFO] ADCParametersView:116 -                Rank 2 : false
2025-09-02 14:13:43,957 [INFO] ADCParametersView:116 -                Rank 3 : false
2025-09-02 14:13:43,957 [INFO] ADCParametersView:116 -                Rank 4 : false
2025-09-02 14:13:43,957 [INFO] ADCParametersView:116 -                Rank 5 : false
2025-09-02 14:13:43,957 [INFO] ADCParametersView:116 -                Rank 6 : false
2025-09-02 14:13:43,957 [INFO] ADCParametersView:116 -                Rank 7 : true
2025-09-02 14:13:43,957 [INFO] ADCParametersView:116 -                Rank 8 : true
2025-09-02 14:13:43,958 [INFO] ADCParametersView:116 -                Rank 1 : false
2025-09-02 14:13:43,958 [INFO] ADCParametersView:116 -                Rank 2 : false
2025-09-02 14:13:43,958 [INFO] ADCParametersView:116 -                Rank 3 : false
2025-09-02 14:13:43,958 [INFO] ADCParametersView:116 -                Rank 4 : false
2025-09-02 14:13:43,958 [INFO] ADCParametersView:116 -                Rank 5 : false
2025-09-02 14:13:43,958 [INFO] ADCParametersView:116 -                Rank 6 : false
2025-09-02 14:13:43,958 [INFO] ADCParametersView:116 -                Rank 7 : true
2025-09-02 14:13:43,958 [INFO] ADCParametersView:116 -                Rank 8 : true
2025-09-02 14:13:43,958 [INFO] ADCParametersView:116 -                Rank 1 : false
2025-09-02 14:13:43,958 [INFO] ADCParametersView:116 -                Rank 2 : false
2025-09-02 14:13:43,958 [INFO] ADCParametersView:116 -                Rank 3 : false
2025-09-02 14:13:43,958 [INFO] ADCParametersView:116 -                Rank 4 : false
2025-09-02 14:13:43,958 [INFO] ADCParametersView:116 -                Rank 5 : false
2025-09-02 14:13:43,958 [INFO] ADCParametersView:116 -                Rank 6 : false
2025-09-02 14:13:43,958 [INFO] ADCParametersView:116 -                Rank 7 : true
2025-09-02 14:13:43,958 [INFO] ADCParametersView:116 -                Rank 8 : true
2025-09-02 14:13:43,959 [INFO] ADCParametersView:116 -                Rank 1 : false
2025-09-02 14:13:43,959 [INFO] ADCParametersView:116 -                Rank 2 : false
2025-09-02 14:13:43,959 [INFO] ADCParametersView:116 -                Rank 3 : false
2025-09-02 14:13:43,959 [INFO] ADCParametersView:116 -                Rank 4 : false
2025-09-02 14:13:43,959 [INFO] ADCParametersView:116 -                Rank 5 : false
2025-09-02 14:13:43,959 [INFO] ADCParametersView:116 -                Rank 6 : false
2025-09-02 14:13:43,959 [INFO] ADCParametersView:116 -                Rank 7 : true
2025-09-02 14:13:43,959 [INFO] ADCParametersView:116 -                Rank 8 : true
2025-09-02 14:13:43,959 [INFO] ADCParametersView:116 -                Rank 1 : false
2025-09-02 14:13:43,959 [INFO] ADCParametersView:116 -                Rank 2 : false
2025-09-02 14:13:43,959 [INFO] ADCParametersView:116 -                Rank 3 : false
2025-09-02 14:13:43,959 [INFO] ADCParametersView:116 -                Rank 4 : false
2025-09-02 14:13:43,959 [INFO] ADCParametersView:116 -                Rank 5 : false
2025-09-02 14:13:43,959 [INFO] ADCParametersView:116 -                Rank 6 : false
2025-09-02 14:13:43,959 [INFO] ADCParametersView:116 -                Rank 7 : true
2025-09-02 14:13:43,959 [INFO] ADCParametersView:116 -                Rank 8 : true
2025-09-02 14:13:43,959 [INFO] ADCParametersView:116 -                Rank 1 : false
2025-09-02 14:13:43,959 [INFO] ADCParametersView:116 -                Rank 2 : false
2025-09-02 14:13:43,959 [INFO] ADCParametersView:116 -                Rank 3 : false
2025-09-02 14:13:43,959 [INFO] ADCParametersView:116 -                Rank 4 : false
2025-09-02 14:13:43,959 [INFO] ADCParametersView:116 -                Rank 5 : false
2025-09-02 14:13:43,959 [INFO] ADCParametersView:116 -                Rank 6 : false
2025-09-02 14:13:43,959 [INFO] ADCParametersView:116 -                Rank 7 : true
2025-09-02 14:13:43,959 [INFO] ADCParametersView:116 -                Rank 8 : true
2025-09-02 14:13:43,959 [INFO] ADCParametersView:116 -                Rank 1 : false
2025-09-02 14:13:43,959 [INFO] ADCParametersView:116 -                Rank 2 : false
2025-09-02 14:13:43,959 [INFO] ADCParametersView:116 -                Rank 3 : false
2025-09-02 14:13:43,959 [INFO] ADCParametersView:116 -                Rank 4 : false
2025-09-02 14:13:43,959 [INFO] ADCParametersView:116 -                Rank 5 : false
2025-09-02 14:13:43,959 [INFO] ADCParametersView:116 -                Rank 6 : false
2025-09-02 14:13:43,959 [INFO] ADCParametersView:116 -                Rank 7 : true
2025-09-02 14:13:43,959 [INFO] ADCParametersView:116 -                Rank 8 : true
2025-09-02 14:13:43,959 [INFO] ADCParametersView:116 -                Rank 1 : false
2025-09-02 14:13:43,959 [INFO] ADCParametersView:116 -                Rank 2 : false
2025-09-02 14:13:43,959 [INFO] ADCParametersView:116 -                Rank 3 : false
2025-09-02 14:13:43,959 [INFO] ADCParametersView:116 -                Rank 4 : false
2025-09-02 14:13:43,959 [INFO] ADCParametersView:116 -                Rank 5 : false
2025-09-02 14:13:43,960 [INFO] ADCParametersView:116 -                Rank 6 : false
2025-09-02 14:13:43,960 [INFO] ADCParametersView:116 -                Rank 7 : true
2025-09-02 14:13:43,960 [INFO] ADCParametersView:116 -                Rank 8 : true
2025-09-02 14:13:43,960 [INFO] ADCParametersView:116 -                Rank 1 : false
2025-09-02 14:13:43,960 [INFO] ADCParametersView:116 -                Rank 2 : false
2025-09-02 14:13:43,960 [INFO] ADCParametersView:116 -                Rank 3 : false
2025-09-02 14:13:43,960 [INFO] ADCParametersView:116 -                Rank 4 : false
2025-09-02 14:13:43,960 [INFO] ADCParametersView:116 -                Rank 5 : false
2025-09-02 14:13:43,960 [INFO] ADCParametersView:116 -                Rank 6 : false
2025-09-02 14:13:43,960 [INFO] ADCParametersView:116 -                Rank 7 : true
2025-09-02 14:13:43,960 [INFO] ADCParametersView:116 -                Rank 8 : true
2025-09-02 14:13:43,960 [INFO] ADCParametersView:116 -                Rank 1 : false
2025-09-02 14:13:43,960 [INFO] ADCParametersView:116 -                Rank 2 : false
2025-09-02 14:13:43,960 [INFO] ADCParametersView:116 -                Rank 3 : false
2025-09-02 14:13:43,960 [INFO] ADCParametersView:116 -                Rank 4 : false
2025-09-02 14:13:43,960 [INFO] ADCParametersView:116 -                Rank 5 : false
2025-09-02 14:13:43,960 [INFO] ADCParametersView:116 -                Rank 6 : false
2025-09-02 14:13:43,960 [INFO] ADCParametersView:116 -                Rank 7 : true
2025-09-02 14:13:43,960 [INFO] ADCParametersView:116 -                Rank 8 : true
2025-09-02 14:13:43,960 [INFO] ADCParametersView:116 -                Rank 1 : false
2025-09-02 14:13:43,960 [INFO] ADCParametersView:116 -                Rank 2 : false
2025-09-02 14:13:43,960 [INFO] ADCParametersView:116 -                Rank 3 : false
2025-09-02 14:13:43,960 [INFO] ADCParametersView:116 -                Rank 4 : false
2025-09-02 14:13:43,960 [INFO] ADCParametersView:116 -                Rank 5 : false
2025-09-02 14:13:43,960 [INFO] ADCParametersView:116 -                Rank 6 : false
2025-09-02 14:13:43,960 [INFO] ADCParametersView:116 -                Rank 7 : true
2025-09-02 14:13:43,960 [INFO] ADCParametersView:116 -                Rank 8 : true
2025-09-02 14:13:43,960 [INFO] ADCParametersView:116 -                Rank 1 : false
2025-09-02 14:13:43,960 [INFO] ADCParametersView:116 -                Rank 2 : false
2025-09-02 14:13:43,960 [INFO] ADCParametersView:116 -                Rank 3 : false
2025-09-02 14:13:43,960 [INFO] ADCParametersView:116 -                Rank 4 : false
2025-09-02 14:13:43,960 [INFO] ADCParametersView:116 -                Rank 5 : false
2025-09-02 14:13:43,960 [INFO] ADCParametersView:116 -                Rank 6 : false
2025-09-02 14:13:43,960 [INFO] ADCParametersView:116 -                Rank 7 : true
2025-09-02 14:13:43,960 [INFO] ADCParametersView:116 -                Rank 8 : true
2025-09-02 14:13:43,960 [INFO] ADCParametersView:116 -                Rank 1 : false
2025-09-02 14:13:43,960 [INFO] ADCParametersView:116 -                Rank 2 : false
2025-09-02 14:13:43,960 [INFO] ADCParametersView:116 -                Rank 3 : false
2025-09-02 14:13:43,960 [INFO] ADCParametersView:116 -                Rank 4 : false
2025-09-02 14:13:43,960 [INFO] ADCParametersView:116 -                Rank 5 : false
2025-09-02 14:13:43,961 [INFO] ADCParametersView:116 -                Rank 6 : false
2025-09-02 14:13:43,961 [INFO] ADCParametersView:116 -                Rank 7 : true
2025-09-02 14:13:43,961 [INFO] ADCParametersView:116 -                Rank 8 : true
2025-09-02 14:13:43,961 [INFO] ADCParametersView:116 -                Rank 1 : false
2025-09-02 14:13:43,961 [INFO] ADCParametersView:116 -                Rank 2 : false
2025-09-02 14:13:43,961 [INFO] ADCParametersView:116 -                Rank 3 : false
2025-09-02 14:13:43,961 [INFO] ADCParametersView:116 -                Rank 4 : false
2025-09-02 14:13:43,961 [INFO] ADCParametersView:116 -                Rank 5 : false
2025-09-02 14:13:43,961 [INFO] ADCParametersView:116 -                Rank 6 : false
2025-09-02 14:13:43,961 [INFO] ADCParametersView:116 -                Rank 7 : true
2025-09-02 14:13:43,961 [INFO] ADCParametersView:116 -                Rank 8 : true
2025-09-02 14:13:43,961 [INFO] ADCParametersView:116 -                Rank 2 : false
2025-09-02 14:13:43,961 [INFO] ADCParametersView:116 -                Rank 3 : false
2025-09-02 14:13:43,961 [INFO] ADCParametersView:116 -                Rank 4 : false
2025-09-02 14:13:43,961 [INFO] ADCParametersView:116 -                Rank 5 : false
2025-09-02 14:13:43,961 [INFO] ADCParametersView:116 -                Rank 6 : false
2025-09-02 14:13:43,961 [INFO] ADCParametersView:116 -                Rank 7 : true
2025-09-02 14:13:43,961 [INFO] ADCParametersView:116 -                Rank 8 : true
2025-09-02 14:13:43,961 [INFO] ADCParametersView:116 -                Rank 3 : false
2025-09-02 14:13:43,961 [INFO] ADCParametersView:116 -                Rank 4 : false
2025-09-02 14:13:43,961 [INFO] ADCParametersView:116 -                Rank 5 : false
2025-09-02 14:13:43,961 [INFO] ADCParametersView:116 -                Rank 6 : false
2025-09-02 14:13:43,961 [INFO] ADCParametersView:116 -                Rank 7 : true
2025-09-02 14:13:43,961 [INFO] ADCParametersView:116 -                Rank 8 : true
2025-09-02 14:13:43,961 [INFO] ADCParametersView:116 -                Rank 4 : false
2025-09-02 14:13:43,961 [INFO] ADCParametersView:116 -                Rank 5 : false
2025-09-02 14:13:43,961 [INFO] ADCParametersView:116 -                Rank 6 : false
2025-09-02 14:13:43,962 [INFO] ADCParametersView:116 -                Rank 7 : true
2025-09-02 14:13:43,962 [INFO] ADCParametersView:116 -                Rank 8 : true
2025-09-02 14:13:43,962 [INFO] ADCParametersView:116 -                Rank 5 : false
2025-09-02 14:13:43,962 [INFO] ADCParametersView:116 -                Rank 6 : false
2025-09-02 14:13:43,962 [INFO] ADCParametersView:116 -                Rank 7 : true
2025-09-02 14:13:43,962 [INFO] ADCParametersView:116 -                Rank 8 : true
2025-09-02 14:13:43,962 [INFO] ADCParametersView:116 -                Rank 6 : false
2025-09-02 14:13:43,962 [INFO] ADCParametersView:116 -                Rank 7 : true
2025-09-02 14:13:43,962 [INFO] ADCParametersView:116 -                Rank 8 : true
2025-09-02 14:13:43,962 [INFO] ADCParametersView:116 -                Rank 7 : true
2025-09-02 14:13:43,962 [INFO] ADCParametersView:116 -                Rank 8 : true
2025-09-02 14:13:43,962 [INFO] ADCParametersView:116 -                Rank 8 : true
2025-09-02 14:13:44,008 [INFO] ADCParametersView:116 -                Rank 1 : false
2025-09-02 14:13:44,008 [INFO] ADCParametersView:116 -                Rank 1 : false
2025-09-02 14:13:44,008 [INFO] ADCParametersView:116 -                Rank 2 : false
2025-09-02 14:13:44,008 [INFO] ADCParametersView:116 -                Rank 1 : false
2025-09-02 14:13:44,008 [INFO] ADCParametersView:116 -                Rank 2 : false
2025-09-02 14:13:44,008 [INFO] ADCParametersView:116 -                Rank 3 : false
2025-09-02 14:13:44,008 [INFO] ADCParametersView:116 -                Rank 1 : false
2025-09-02 14:13:44,008 [INFO] ADCParametersView:116 -                Rank 2 : false
2025-09-02 14:13:44,008 [INFO] ADCParametersView:116 -                Rank 3 : false
2025-09-02 14:13:44,008 [INFO] ADCParametersView:116 -                Rank 4 : false
2025-09-02 14:13:44,008 [INFO] ADCParametersView:116 -                Rank 1 : false
2025-09-02 14:13:44,008 [INFO] ADCParametersView:116 -                Rank 2 : false
2025-09-02 14:13:44,008 [INFO] ADCParametersView:116 -                Rank 3 : false
2025-09-02 14:13:44,008 [INFO] ADCParametersView:116 -                Rank 4 : false
2025-09-02 14:13:44,008 [INFO] ADCParametersView:116 -                Rank 5 : false
2025-09-02 14:13:44,008 [INFO] ADCParametersView:116 -                Rank 1 : false
2025-09-02 14:13:44,008 [INFO] ADCParametersView:116 -                Rank 2 : false
2025-09-02 14:13:44,008 [INFO] ADCParametersView:116 -                Rank 3 : false
2025-09-02 14:13:44,008 [INFO] ADCParametersView:116 -                Rank 4 : false
2025-09-02 14:13:44,008 [INFO] ADCParametersView:116 -                Rank 5 : false
2025-09-02 14:13:44,008 [INFO] ADCParametersView:116 -                Rank 6 : false
2025-09-02 14:13:44,009 [INFO] ADCParametersView:116 -                Rank 1 : false
2025-09-02 14:13:44,009 [INFO] ADCParametersView:116 -                Rank 2 : false
2025-09-02 14:13:44,009 [INFO] ADCParametersView:116 -                Rank 3 : false
2025-09-02 14:13:44,009 [INFO] ADCParametersView:116 -                Rank 4 : false
2025-09-02 14:13:44,009 [INFO] ADCParametersView:116 -                Rank 5 : false
2025-09-02 14:13:44,009 [INFO] ADCParametersView:116 -                Rank 6 : false
2025-09-02 14:13:44,009 [INFO] ADCParametersView:116 -                Rank 7 : true
2025-09-02 14:13:44,009 [INFO] ADCParametersView:116 -                Rank 1 : false
2025-09-02 14:13:44,009 [INFO] ADCParametersView:116 -                Rank 2 : false
2025-09-02 14:13:44,009 [INFO] ADCParametersView:116 -                Rank 3 : false
2025-09-02 14:13:44,009 [INFO] ADCParametersView:116 -                Rank 4 : false
2025-09-02 14:13:44,009 [INFO] ADCParametersView:116 -                Rank 5 : false
2025-09-02 14:13:44,009 [INFO] ADCParametersView:116 -                Rank 6 : false
2025-09-02 14:13:44,009 [INFO] ADCParametersView:116 -                Rank 7 : true
2025-09-02 14:13:44,009 [INFO] ADCParametersView:116 -                Rank 8 : true
2025-09-02 14:13:46,137 [INFO] NvicIntPanel:101 - NVIC parent = com.st.microxplorer.plugins.ip.nvic.MultiNvicIntPanel[,0,0,0x0,invalid,layout=javax.swing.BoxLayout,alignmentX=0.0,alignmentY=0.0,border=,flags=9,maximumSize=,minimumSize=,preferredSize=]
2025-09-02 14:13:46,192 [INFO] ADCParametersView:116 -                Rank 1 : false
2025-09-02 14:13:46,192 [INFO] ADCParametersView:116 -                Rank 2 : false
2025-09-02 14:13:46,192 [INFO] ADCParametersView:116 -                Rank 3 : false
2025-09-02 14:13:46,192 [INFO] ADCParametersView:116 -                Rank 4 : false
2025-09-02 14:13:46,192 [INFO] ADCParametersView:116 -                Rank 5 : false
2025-09-02 14:13:46,192 [INFO] ADCParametersView:116 -                Rank 6 : false
2025-09-02 14:13:46,192 [INFO] ADCParametersView:116 -                Rank 7 : true
2025-09-02 14:13:46,192 [INFO] ADCParametersView:116 -                Rank 8 : true
2025-09-02 14:13:46,195 [INFO] ADCParametersView:116 -                Rank 1 : false
2025-09-02 14:13:46,195 [INFO] ADCParametersView:116 -                Rank 2 : false
2025-09-02 14:13:46,195 [INFO] ADCParametersView:116 -                Rank 3 : false
2025-09-02 14:13:46,195 [INFO] ADCParametersView:116 -                Rank 4 : false
2025-09-02 14:13:46,195 [INFO] ADCParametersView:116 -                Rank 5 : false
2025-09-02 14:13:46,195 [INFO] ADCParametersView:116 -                Rank 6 : false
2025-09-02 14:13:46,195 [INFO] ADCParametersView:116 -                Rank 7 : true
2025-09-02 14:13:46,195 [INFO] ADCParametersView:116 -                Rank 8 : true
2025-09-02 14:13:46,195 [INFO] ADCParametersView:116 -                Rank 1 : false
2025-09-02 14:13:46,195 [INFO] ADCParametersView:116 -                Rank 2 : false
2025-09-02 14:13:46,195 [INFO] ADCParametersView:116 -                Rank 3 : false
2025-09-02 14:13:46,195 [INFO] ADCParametersView:116 -                Rank 4 : false
2025-09-02 14:13:46,195 [INFO] ADCParametersView:116 -                Rank 5 : false
2025-09-02 14:13:46,195 [INFO] ADCParametersView:116 -                Rank 6 : false
2025-09-02 14:13:46,195 [INFO] ADCParametersView:116 -                Rank 7 : true
2025-09-02 14:13:46,195 [INFO] ADCParametersView:116 -                Rank 8 : true
2025-09-02 14:13:46,195 [INFO] ADCParametersView:116 -                Rank 1 : false
2025-09-02 14:13:46,195 [INFO] ADCParametersView:116 -                Rank 2 : false
2025-09-02 14:13:46,195 [INFO] ADCParametersView:116 -                Rank 3 : false
2025-09-02 14:13:46,195 [INFO] ADCParametersView:116 -                Rank 4 : false
2025-09-02 14:13:46,195 [INFO] ADCParametersView:116 -                Rank 5 : false
2025-09-02 14:13:46,195 [INFO] ADCParametersView:116 -                Rank 6 : false
2025-09-02 14:13:46,195 [INFO] ADCParametersView:116 -                Rank 7 : true
2025-09-02 14:13:46,195 [INFO] ADCParametersView:116 -                Rank 8 : true
2025-09-02 14:13:46,195 [INFO] ADCParametersView:116 -                Rank 1 : false
2025-09-02 14:13:46,195 [INFO] ADCParametersView:116 -                Rank 2 : false
2025-09-02 14:13:46,195 [INFO] ADCParametersView:116 -                Rank 3 : false
2025-09-02 14:13:46,195 [INFO] ADCParametersView:116 -                Rank 4 : false
2025-09-02 14:13:46,195 [INFO] ADCParametersView:116 -                Rank 5 : false
2025-09-02 14:13:46,195 [INFO] ADCParametersView:116 -                Rank 6 : false
2025-09-02 14:13:46,195 [INFO] ADCParametersView:116 -                Rank 7 : true
2025-09-02 14:13:46,195 [INFO] ADCParametersView:116 -                Rank 8 : true
2025-09-02 14:13:46,195 [INFO] ADCParametersView:116 -                Rank 1 : false
2025-09-02 14:13:46,195 [INFO] ADCParametersView:116 -                Rank 2 : false
2025-09-02 14:13:46,195 [INFO] ADCParametersView:116 -                Rank 3 : false
2025-09-02 14:13:46,195 [INFO] ADCParametersView:116 -                Rank 4 : false
2025-09-02 14:13:46,196 [INFO] ADCParametersView:116 -                Rank 5 : false
2025-09-02 14:13:46,196 [INFO] ADCParametersView:116 -                Rank 6 : false
2025-09-02 14:13:46,196 [INFO] ADCParametersView:116 -                Rank 7 : true
2025-09-02 14:13:46,196 [INFO] ADCParametersView:116 -                Rank 8 : true
2025-09-02 14:13:46,196 [INFO] ADCParametersView:116 -                Rank 1 : false
2025-09-02 14:13:46,196 [INFO] ADCParametersView:116 -                Rank 2 : false
2025-09-02 14:13:46,196 [INFO] ADCParametersView:116 -                Rank 3 : false
2025-09-02 14:13:46,196 [INFO] ADCParametersView:116 -                Rank 4 : false
2025-09-02 14:13:46,196 [INFO] ADCParametersView:116 -                Rank 5 : false
2025-09-02 14:13:46,196 [INFO] ADCParametersView:116 -                Rank 6 : false
2025-09-02 14:13:46,196 [INFO] ADCParametersView:116 -                Rank 7 : true
2025-09-02 14:13:46,196 [INFO] ADCParametersView:116 -                Rank 8 : true
2025-09-02 14:13:46,196 [INFO] ADCParametersView:116 -                Rank 1 : false
2025-09-02 14:13:46,196 [INFO] ADCParametersView:116 -                Rank 2 : false
2025-09-02 14:13:46,196 [INFO] ADCParametersView:116 -                Rank 3 : false
2025-09-02 14:13:46,196 [INFO] ADCParametersView:116 -                Rank 4 : false
2025-09-02 14:13:46,196 [INFO] ADCParametersView:116 -                Rank 5 : false
2025-09-02 14:13:46,196 [INFO] ADCParametersView:116 -                Rank 6 : false
2025-09-02 14:13:46,196 [INFO] ADCParametersView:116 -                Rank 7 : true
2025-09-02 14:13:46,196 [INFO] ADCParametersView:116 -                Rank 8 : true
2025-09-02 14:13:46,196 [INFO] ADCParametersView:116 -                Rank 1 : false
2025-09-02 14:13:46,196 [INFO] ADCParametersView:116 -                Rank 2 : false
2025-09-02 14:13:46,196 [INFO] ADCParametersView:116 -                Rank 3 : false
2025-09-02 14:13:46,196 [INFO] ADCParametersView:116 -                Rank 4 : false
2025-09-02 14:13:46,196 [INFO] ADCParametersView:116 -                Rank 5 : false
2025-09-02 14:13:46,196 [INFO] ADCParametersView:116 -                Rank 6 : false
2025-09-02 14:13:46,196 [INFO] ADCParametersView:116 -                Rank 7 : true
2025-09-02 14:13:46,196 [INFO] ADCParametersView:116 -                Rank 8 : true
2025-09-02 14:13:46,196 [INFO] ADCParametersView:116 -                Rank 1 : false
2025-09-02 14:13:46,196 [INFO] ADCParametersView:116 -                Rank 2 : false
2025-09-02 14:13:46,196 [INFO] ADCParametersView:116 -                Rank 3 : false
2025-09-02 14:13:46,196 [INFO] ADCParametersView:116 -                Rank 4 : false
2025-09-02 14:13:46,196 [INFO] ADCParametersView:116 -                Rank 5 : false
2025-09-02 14:13:46,196 [INFO] ADCParametersView:116 -                Rank 6 : false
2025-09-02 14:13:46,196 [INFO] ADCParametersView:116 -                Rank 7 : true
2025-09-02 14:13:46,196 [INFO] ADCParametersView:116 -                Rank 8 : true
2025-09-02 14:13:46,196 [INFO] ADCParametersView:116 -                Rank 1 : false
2025-09-02 14:13:46,196 [INFO] ADCParametersView:116 -                Rank 2 : false
2025-09-02 14:13:46,196 [INFO] ADCParametersView:116 -                Rank 3 : false
2025-09-02 14:13:46,196 [INFO] ADCParametersView:116 -                Rank 4 : false
2025-09-02 14:13:46,197 [INFO] ADCParametersView:116 -                Rank 5 : false
2025-09-02 14:13:46,197 [INFO] ADCParametersView:116 -                Rank 6 : false
2025-09-02 14:13:46,197 [INFO] ADCParametersView:116 -                Rank 7 : true
2025-09-02 14:13:46,197 [INFO] ADCParametersView:116 -                Rank 8 : true
2025-09-02 14:13:46,197 [INFO] ADCParametersView:116 -                Rank 1 : false
2025-09-02 14:13:46,197 [INFO] ADCParametersView:116 -                Rank 2 : false
2025-09-02 14:13:46,197 [INFO] ADCParametersView:116 -                Rank 3 : false
2025-09-02 14:13:46,197 [INFO] ADCParametersView:116 -                Rank 4 : false
2025-09-02 14:13:46,197 [INFO] ADCParametersView:116 -                Rank 5 : false
2025-09-02 14:13:46,197 [INFO] ADCParametersView:116 -                Rank 6 : false
2025-09-02 14:13:46,197 [INFO] ADCParametersView:116 -                Rank 7 : true
2025-09-02 14:13:46,197 [INFO] ADCParametersView:116 -                Rank 8 : true
2025-09-02 14:13:46,197 [INFO] ADCParametersView:116 -                Rank 1 : false
2025-09-02 14:13:46,197 [INFO] ADCParametersView:116 -                Rank 2 : false
2025-09-02 14:13:46,197 [INFO] ADCParametersView:116 -                Rank 3 : false
2025-09-02 14:13:46,197 [INFO] ADCParametersView:116 -                Rank 4 : false
2025-09-02 14:13:46,197 [INFO] ADCParametersView:116 -                Rank 5 : false
2025-09-02 14:13:46,197 [INFO] ADCParametersView:116 -                Rank 6 : false
2025-09-02 14:13:46,197 [INFO] ADCParametersView:116 -                Rank 7 : true
2025-09-02 14:13:46,197 [INFO] ADCParametersView:116 -                Rank 8 : true
2025-09-02 14:13:46,197 [INFO] ADCParametersView:116 -                Rank 1 : false
2025-09-02 14:13:46,197 [INFO] ADCParametersView:116 -                Rank 2 : false
2025-09-02 14:13:46,197 [INFO] ADCParametersView:116 -                Rank 3 : false
2025-09-02 14:13:46,197 [INFO] ADCParametersView:116 -                Rank 4 : false
2025-09-02 14:13:46,197 [INFO] ADCParametersView:116 -                Rank 5 : false
2025-09-02 14:13:46,197 [INFO] ADCParametersView:116 -                Rank 6 : false
2025-09-02 14:13:46,197 [INFO] ADCParametersView:116 -                Rank 7 : true
2025-09-02 14:13:46,197 [INFO] ADCParametersView:116 -                Rank 8 : true
2025-09-02 14:13:46,197 [INFO] ADCParametersView:116 -                Rank 2 : false
2025-09-02 14:13:46,197 [INFO] ADCParametersView:116 -                Rank 3 : false
2025-09-02 14:13:46,197 [INFO] ADCParametersView:116 -                Rank 4 : false
2025-09-02 14:13:46,197 [INFO] ADCParametersView:116 -                Rank 5 : false
2025-09-02 14:13:46,197 [INFO] ADCParametersView:116 -                Rank 6 : false
2025-09-02 14:13:46,197 [INFO] ADCParametersView:116 -                Rank 7 : true
2025-09-02 14:13:46,197 [INFO] ADCParametersView:116 -                Rank 8 : true
2025-09-02 14:13:46,197 [INFO] ADCParametersView:116 -                Rank 3 : false
2025-09-02 14:13:46,197 [INFO] ADCParametersView:116 -                Rank 4 : false
2025-09-02 14:13:46,197 [INFO] ADCParametersView:116 -                Rank 5 : false
2025-09-02 14:13:46,197 [INFO] ADCParametersView:116 -                Rank 6 : false
2025-09-02 14:13:46,197 [INFO] ADCParametersView:116 -                Rank 7 : true
2025-09-02 14:13:46,197 [INFO] ADCParametersView:116 -                Rank 8 : true
2025-09-02 14:13:46,197 [INFO] ADCParametersView:116 -                Rank 4 : false
2025-09-02 14:13:46,197 [INFO] ADCParametersView:116 -                Rank 5 : false
2025-09-02 14:13:46,197 [INFO] ADCParametersView:116 -                Rank 6 : false
2025-09-02 14:13:46,197 [INFO] ADCParametersView:116 -                Rank 7 : true
2025-09-02 14:13:46,198 [INFO] ADCParametersView:116 -                Rank 8 : true
2025-09-02 14:13:46,198 [INFO] ADCParametersView:116 -                Rank 5 : false
2025-09-02 14:13:46,198 [INFO] ADCParametersView:116 -                Rank 6 : false
2025-09-02 14:13:46,198 [INFO] ADCParametersView:116 -                Rank 7 : true
2025-09-02 14:13:46,198 [INFO] ADCParametersView:116 -                Rank 8 : true
2025-09-02 14:13:46,198 [INFO] ADCParametersView:116 -                Rank 6 : false
2025-09-02 14:13:46,198 [INFO] ADCParametersView:116 -                Rank 7 : true
2025-09-02 14:13:46,198 [INFO] ADCParametersView:116 -                Rank 8 : true
2025-09-02 14:13:46,198 [INFO] ADCParametersView:116 -                Rank 7 : true
2025-09-02 14:13:46,198 [INFO] ADCParametersView:116 -                Rank 8 : true
2025-09-02 14:13:46,198 [INFO] ADCParametersView:116 -                Rank 8 : true
2025-09-02 14:13:46,243 [INFO] ADCParametersView:116 -                Rank 1 : false
2025-09-02 14:13:46,243 [INFO] ADCParametersView:116 -                Rank 1 : false
2025-09-02 14:13:46,243 [INFO] ADCParametersView:116 -                Rank 2 : false
2025-09-02 14:13:46,243 [INFO] ADCParametersView:116 -                Rank 1 : false
2025-09-02 14:13:46,243 [INFO] ADCParametersView:116 -                Rank 2 : false
2025-09-02 14:13:46,243 [INFO] ADCParametersView:116 -                Rank 3 : false
2025-09-02 14:13:46,243 [INFO] ADCParametersView:116 -                Rank 1 : false
2025-09-02 14:13:46,243 [INFO] ADCParametersView:116 -                Rank 2 : false
2025-09-02 14:13:46,243 [INFO] ADCParametersView:116 -                Rank 3 : false
2025-09-02 14:13:46,243 [INFO] ADCParametersView:116 -                Rank 4 : false
2025-09-02 14:13:46,243 [INFO] ADCParametersView:116 -                Rank 1 : false
2025-09-02 14:13:46,243 [INFO] ADCParametersView:116 -                Rank 2 : false
2025-09-02 14:13:46,243 [INFO] ADCParametersView:116 -                Rank 3 : false
2025-09-02 14:13:46,243 [INFO] ADCParametersView:116 -                Rank 4 : false
2025-09-02 14:13:46,243 [INFO] ADCParametersView:116 -                Rank 5 : false
2025-09-02 14:13:46,243 [INFO] ADCParametersView:116 -                Rank 1 : false
2025-09-02 14:13:46,243 [INFO] ADCParametersView:116 -                Rank 2 : false
2025-09-02 14:13:46,243 [INFO] ADCParametersView:116 -                Rank 3 : false
2025-09-02 14:13:46,244 [INFO] ADCParametersView:116 -                Rank 4 : false
2025-09-02 14:13:46,244 [INFO] ADCParametersView:116 -                Rank 5 : false
2025-09-02 14:13:46,244 [INFO] ADCParametersView:116 -                Rank 6 : false
2025-09-02 14:13:46,244 [INFO] ADCParametersView:116 -                Rank 1 : false
2025-09-02 14:13:46,244 [INFO] ADCParametersView:116 -                Rank 2 : false
2025-09-02 14:13:46,244 [INFO] ADCParametersView:116 -                Rank 3 : false
2025-09-02 14:13:46,244 [INFO] ADCParametersView:116 -                Rank 4 : false
2025-09-02 14:13:46,244 [INFO] ADCParametersView:116 -                Rank 5 : false
2025-09-02 14:13:46,244 [INFO] ADCParametersView:116 -                Rank 6 : false
2025-09-02 14:13:46,244 [INFO] ADCParametersView:116 -                Rank 7 : true
2025-09-02 14:13:46,244 [INFO] ADCParametersView:116 -                Rank 1 : false
2025-09-02 14:13:46,244 [INFO] ADCParametersView:116 -                Rank 2 : false
2025-09-02 14:13:46,244 [INFO] ADCParametersView:116 -                Rank 3 : false
2025-09-02 14:13:46,244 [INFO] ADCParametersView:116 -                Rank 4 : false
2025-09-02 14:13:46,244 [INFO] ADCParametersView:116 -                Rank 5 : false
2025-09-02 14:13:46,244 [INFO] ADCParametersView:116 -                Rank 6 : false
2025-09-02 14:13:46,244 [INFO] ADCParametersView:116 -                Rank 7 : true
2025-09-02 14:13:46,244 [INFO] ADCParametersView:116 -                Rank 8 : true
2025-09-02 14:15:21,757 [INFO] DmaTabbedPanel:205 - Cannot restore the selected Tab for DMA
2025-09-02 14:16:24,755 [INFO] ADCParametersView:116 -                Rank 1 : false
2025-09-02 14:16:24,755 [INFO] ADCParametersView:116 -                Rank 2 : false
2025-09-02 14:16:24,755 [INFO] ADCParametersView:116 -                Rank 3 : false
2025-09-02 14:16:24,756 [INFO] ADCParametersView:116 -                Rank 4 : false
2025-09-02 14:16:24,756 [INFO] ADCParametersView:116 -                Rank 5 : false
2025-09-02 14:16:24,756 [INFO] ADCParametersView:116 -                Rank 6 : false
2025-09-02 14:16:24,756 [INFO] ADCParametersView:116 -                Rank 7 : true
2025-09-02 14:16:24,756 [INFO] ADCParametersView:116 -                Rank 8 : true
2025-09-02 14:16:24,757 [INFO] ADCParametersView:116 -                Rank 1 : false
2025-09-02 14:16:24,757 [INFO] ADCParametersView:116 -                Rank 2 : false
2025-09-02 14:16:24,757 [INFO] ADCParametersView:116 -                Rank 3 : false
2025-09-02 14:16:24,757 [INFO] ADCParametersView:116 -                Rank 4 : false
2025-09-02 14:16:24,757 [INFO] ADCParametersView:116 -                Rank 5 : false
2025-09-02 14:16:24,757 [INFO] ADCParametersView:116 -                Rank 6 : false
2025-09-02 14:16:24,757 [INFO] ADCParametersView:116 -                Rank 7 : true
2025-09-02 14:16:24,757 [INFO] ADCParametersView:116 -                Rank 8 : true
2025-09-02 14:16:24,757 [INFO] ADCParametersView:116 -                Rank 1 : false
2025-09-02 14:16:24,757 [INFO] ADCParametersView:116 -                Rank 2 : false
2025-09-02 14:16:24,757 [INFO] ADCParametersView:116 -                Rank 3 : false
2025-09-02 14:16:24,757 [INFO] ADCParametersView:116 -                Rank 4 : false
2025-09-02 14:16:24,757 [INFO] ADCParametersView:116 -                Rank 5 : false
2025-09-02 14:16:24,757 [INFO] ADCParametersView:116 -                Rank 6 : false
2025-09-02 14:16:24,757 [INFO] ADCParametersView:116 -                Rank 7 : true
2025-09-02 14:16:24,757 [INFO] ADCParametersView:116 -                Rank 8 : true
2025-09-02 14:16:24,757 [INFO] ADCParametersView:116 -                Rank 1 : false
2025-09-02 14:16:24,757 [INFO] ADCParametersView:116 -                Rank 2 : false
2025-09-02 14:16:24,757 [INFO] ADCParametersView:116 -                Rank 3 : false
2025-09-02 14:16:24,757 [INFO] ADCParametersView:116 -                Rank 4 : false
2025-09-02 14:16:24,757 [INFO] ADCParametersView:116 -                Rank 5 : false
2025-09-02 14:16:24,757 [INFO] ADCParametersView:116 -                Rank 6 : false
2025-09-02 14:16:24,757 [INFO] ADCParametersView:116 -                Rank 7 : true
2025-09-02 14:16:24,757 [INFO] ADCParametersView:116 -                Rank 8 : true
2025-09-02 14:16:24,757 [INFO] ADCParametersView:116 -                Rank 1 : false
2025-09-02 14:16:24,757 [INFO] ADCParametersView:116 -                Rank 2 : false
2025-09-02 14:16:24,757 [INFO] ADCParametersView:116 -                Rank 3 : false
2025-09-02 14:16:24,757 [INFO] ADCParametersView:116 -                Rank 4 : false
2025-09-02 14:16:24,757 [INFO] ADCParametersView:116 -                Rank 5 : false
2025-09-02 14:16:24,757 [INFO] ADCParametersView:116 -                Rank 6 : false
2025-09-02 14:16:24,757 [INFO] ADCParametersView:116 -                Rank 7 : true
2025-09-02 14:16:24,757 [INFO] ADCParametersView:116 -                Rank 8 : true
2025-09-02 14:16:24,757 [INFO] ADCParametersView:116 -                Rank 1 : false
2025-09-02 14:16:24,757 [INFO] ADCParametersView:116 -                Rank 2 : false
2025-09-02 14:16:24,757 [INFO] ADCParametersView:116 -                Rank 3 : false
2025-09-02 14:16:24,757 [INFO] ADCParametersView:116 -                Rank 4 : false
2025-09-02 14:16:24,757 [INFO] ADCParametersView:116 -                Rank 5 : false
2025-09-02 14:16:24,757 [INFO] ADCParametersView:116 -                Rank 6 : false
2025-09-02 14:16:24,757 [INFO] ADCParametersView:116 -                Rank 7 : true
2025-09-02 14:16:24,757 [INFO] ADCParametersView:116 -                Rank 8 : true
2025-09-02 14:16:24,758 [INFO] ADCParametersView:116 -                Rank 1 : false
2025-09-02 14:16:24,758 [INFO] ADCParametersView:116 -                Rank 2 : false
2025-09-02 14:16:24,758 [INFO] ADCParametersView:116 -                Rank 3 : false
2025-09-02 14:16:24,758 [INFO] ADCParametersView:116 -                Rank 4 : false
2025-09-02 14:16:24,758 [INFO] ADCParametersView:116 -                Rank 5 : false
2025-09-02 14:16:24,758 [INFO] ADCParametersView:116 -                Rank 6 : false
2025-09-02 14:16:24,758 [INFO] ADCParametersView:116 -                Rank 7 : true
2025-09-02 14:16:24,758 [INFO] ADCParametersView:116 -                Rank 8 : true
2025-09-02 14:16:24,758 [INFO] ADCParametersView:116 -                Rank 1 : false
2025-09-02 14:16:24,758 [INFO] ADCParametersView:116 -                Rank 2 : false
2025-09-02 14:16:24,758 [INFO] ADCParametersView:116 -                Rank 3 : false
2025-09-02 14:16:24,758 [INFO] ADCParametersView:116 -                Rank 4 : false
2025-09-02 14:16:24,758 [INFO] ADCParametersView:116 -                Rank 5 : false
2025-09-02 14:16:24,758 [INFO] ADCParametersView:116 -                Rank 6 : false
2025-09-02 14:16:24,758 [INFO] ADCParametersView:116 -                Rank 7 : true
2025-09-02 14:16:24,758 [INFO] ADCParametersView:116 -                Rank 8 : true
2025-09-02 14:16:24,758 [INFO] ADCParametersView:116 -                Rank 1 : false
2025-09-02 14:16:24,758 [INFO] ADCParametersView:116 -                Rank 2 : false
2025-09-02 14:16:24,758 [INFO] ADCParametersView:116 -                Rank 3 : false
2025-09-02 14:16:24,758 [INFO] ADCParametersView:116 -                Rank 4 : false
2025-09-02 14:16:24,758 [INFO] ADCParametersView:116 -                Rank 5 : false
2025-09-02 14:16:24,758 [INFO] ADCParametersView:116 -                Rank 6 : false
2025-09-02 14:16:24,758 [INFO] ADCParametersView:116 -                Rank 7 : true
2025-09-02 14:16:24,758 [INFO] ADCParametersView:116 -                Rank 8 : true
2025-09-02 14:16:24,758 [INFO] ADCParametersView:116 -                Rank 1 : false
2025-09-02 14:16:24,758 [INFO] ADCParametersView:116 -                Rank 2 : false
2025-09-02 14:16:24,758 [INFO] ADCParametersView:116 -                Rank 3 : false
2025-09-02 14:16:24,758 [INFO] ADCParametersView:116 -                Rank 4 : false
2025-09-02 14:16:24,758 [INFO] ADCParametersView:116 -                Rank 5 : false
2025-09-02 14:16:24,758 [INFO] ADCParametersView:116 -                Rank 6 : false
2025-09-02 14:16:24,758 [INFO] ADCParametersView:116 -                Rank 7 : true
2025-09-02 14:16:24,758 [INFO] ADCParametersView:116 -                Rank 8 : true
2025-09-02 14:16:24,758 [INFO] ADCParametersView:116 -                Rank 1 : false
2025-09-02 14:16:24,758 [INFO] ADCParametersView:116 -                Rank 2 : false
2025-09-02 14:16:24,758 [INFO] ADCParametersView:116 -                Rank 3 : false
2025-09-02 14:16:24,758 [INFO] ADCParametersView:116 -                Rank 4 : false
2025-09-02 14:16:24,758 [INFO] ADCParametersView:116 -                Rank 5 : false
2025-09-02 14:16:24,758 [INFO] ADCParametersView:116 -                Rank 6 : false
2025-09-02 14:16:24,758 [INFO] ADCParametersView:116 -                Rank 7 : true
2025-09-02 14:16:24,758 [INFO] ADCParametersView:116 -                Rank 8 : true
2025-09-02 14:16:24,758 [INFO] ADCParametersView:116 -                Rank 1 : false
2025-09-02 14:16:24,758 [INFO] ADCParametersView:116 -                Rank 2 : false
2025-09-02 14:16:24,758 [INFO] ADCParametersView:116 -                Rank 3 : false
2025-09-02 14:16:24,759 [INFO] ADCParametersView:116 -                Rank 4 : false
2025-09-02 14:16:24,759 [INFO] ADCParametersView:116 -                Rank 5 : false
2025-09-02 14:16:24,759 [INFO] ADCParametersView:116 -                Rank 6 : false
2025-09-02 14:16:24,759 [INFO] ADCParametersView:116 -                Rank 7 : true
2025-09-02 14:16:24,759 [INFO] ADCParametersView:116 -                Rank 8 : true
2025-09-02 14:16:24,759 [INFO] ADCParametersView:116 -                Rank 1 : false
2025-09-02 14:16:24,759 [INFO] ADCParametersView:116 -                Rank 2 : false
2025-09-02 14:16:24,759 [INFO] ADCParametersView:116 -                Rank 3 : false
2025-09-02 14:16:24,759 [INFO] ADCParametersView:116 -                Rank 4 : false
2025-09-02 14:16:24,759 [INFO] ADCParametersView:116 -                Rank 5 : false
2025-09-02 14:16:24,759 [INFO] ADCParametersView:116 -                Rank 6 : false
2025-09-02 14:16:24,759 [INFO] ADCParametersView:116 -                Rank 7 : true
2025-09-02 14:16:24,759 [INFO] ADCParametersView:116 -                Rank 8 : true
2025-09-02 14:16:24,759 [INFO] ADCParametersView:116 -                Rank 1 : false
2025-09-02 14:16:24,759 [INFO] ADCParametersView:116 -                Rank 2 : false
2025-09-02 14:16:24,759 [INFO] ADCParametersView:116 -                Rank 3 : false
2025-09-02 14:16:24,759 [INFO] ADCParametersView:116 -                Rank 4 : false
2025-09-02 14:16:24,759 [INFO] ADCParametersView:116 -                Rank 5 : false
2025-09-02 14:16:24,759 [INFO] ADCParametersView:116 -                Rank 6 : false
2025-09-02 14:16:24,759 [INFO] ADCParametersView:116 -                Rank 7 : true
2025-09-02 14:16:24,759 [INFO] ADCParametersView:116 -                Rank 8 : true
2025-09-02 14:16:24,759 [INFO] ADCParametersView:116 -                Rank 2 : false
2025-09-02 14:16:24,759 [INFO] ADCParametersView:116 -                Rank 3 : false
2025-09-02 14:16:24,759 [INFO] ADCParametersView:116 -                Rank 4 : false
2025-09-02 14:16:24,759 [INFO] ADCParametersView:116 -                Rank 5 : false
2025-09-02 14:16:24,759 [INFO] ADCParametersView:116 -                Rank 6 : false
2025-09-02 14:16:24,759 [INFO] ADCParametersView:116 -                Rank 7 : true
2025-09-02 14:16:24,759 [INFO] ADCParametersView:116 -                Rank 8 : true
2025-09-02 14:16:24,759 [INFO] ADCParametersView:116 -                Rank 3 : false
2025-09-02 14:16:24,759 [INFO] ADCParametersView:116 -                Rank 4 : false
2025-09-02 14:16:24,759 [INFO] ADCParametersView:116 -                Rank 5 : false
2025-09-02 14:16:24,759 [INFO] ADCParametersView:116 -                Rank 6 : false
2025-09-02 14:16:24,759 [INFO] ADCParametersView:116 -                Rank 7 : true
2025-09-02 14:16:24,759 [INFO] ADCParametersView:116 -                Rank 8 : true
2025-09-02 14:16:24,759 [INFO] ADCParametersView:116 -                Rank 4 : false
2025-09-02 14:16:24,759 [INFO] ADCParametersView:116 -                Rank 5 : false
2025-09-02 14:16:24,759 [INFO] ADCParametersView:116 -                Rank 6 : false
2025-09-02 14:16:24,759 [INFO] ADCParametersView:116 -                Rank 7 : true
2025-09-02 14:16:24,759 [INFO] ADCParametersView:116 -                Rank 8 : true
2025-09-02 14:16:24,759 [INFO] ADCParametersView:116 -                Rank 5 : false
2025-09-02 14:16:24,759 [INFO] ADCParametersView:116 -                Rank 6 : false
2025-09-02 14:16:24,759 [INFO] ADCParametersView:116 -                Rank 7 : true
2025-09-02 14:16:24,759 [INFO] ADCParametersView:116 -                Rank 8 : true
2025-09-02 14:16:24,759 [INFO] ADCParametersView:116 -                Rank 6 : false
2025-09-02 14:16:24,760 [INFO] ADCParametersView:116 -                Rank 7 : true
2025-09-02 14:16:24,760 [INFO] ADCParametersView:116 -                Rank 8 : true
2025-09-02 14:16:24,760 [INFO] ADCParametersView:116 -                Rank 7 : true
2025-09-02 14:16:24,760 [INFO] ADCParametersView:116 -                Rank 8 : true
2025-09-02 14:16:24,760 [INFO] ADCParametersView:116 -                Rank 8 : true
2025-09-02 14:16:24,809 [INFO] ADCParametersView:116 -                Rank 1 : false
2025-09-02 14:16:24,810 [INFO] ADCParametersView:116 -                Rank 1 : false
2025-09-02 14:16:24,810 [INFO] ADCParametersView:116 -                Rank 2 : false
2025-09-02 14:16:24,810 [INFO] ADCParametersView:116 -                Rank 1 : false
2025-09-02 14:16:24,810 [INFO] ADCParametersView:116 -                Rank 2 : false
2025-09-02 14:16:24,810 [INFO] ADCParametersView:116 -                Rank 3 : false
2025-09-02 14:16:24,810 [INFO] ADCParametersView:116 -                Rank 1 : false
2025-09-02 14:16:24,810 [INFO] ADCParametersView:116 -                Rank 2 : false
2025-09-02 14:16:24,810 [INFO] ADCParametersView:116 -                Rank 3 : false
2025-09-02 14:16:24,810 [INFO] ADCParametersView:116 -                Rank 4 : false
2025-09-02 14:16:24,810 [INFO] ADCParametersView:116 -                Rank 1 : false
2025-09-02 14:16:24,810 [INFO] ADCParametersView:116 -                Rank 2 : false
2025-09-02 14:16:24,810 [INFO] ADCParametersView:116 -                Rank 3 : false
2025-09-02 14:16:24,810 [INFO] ADCParametersView:116 -                Rank 4 : false
2025-09-02 14:16:24,810 [INFO] ADCParametersView:116 -                Rank 5 : false
2025-09-02 14:16:24,810 [INFO] ADCParametersView:116 -                Rank 1 : false
2025-09-02 14:16:24,810 [INFO] ADCParametersView:116 -                Rank 2 : false
2025-09-02 14:16:24,810 [INFO] ADCParametersView:116 -                Rank 3 : false
2025-09-02 14:16:24,810 [INFO] ADCParametersView:116 -                Rank 4 : false
2025-09-02 14:16:24,810 [INFO] ADCParametersView:116 -                Rank 5 : false
2025-09-02 14:16:24,810 [INFO] ADCParametersView:116 -                Rank 6 : false
2025-09-02 14:16:24,810 [INFO] ADCParametersView:116 -                Rank 1 : false
2025-09-02 14:16:24,810 [INFO] ADCParametersView:116 -                Rank 2 : false
2025-09-02 14:16:24,810 [INFO] ADCParametersView:116 -                Rank 3 : false
2025-09-02 14:16:24,810 [INFO] ADCParametersView:116 -                Rank 4 : false
2025-09-02 14:16:24,810 [INFO] ADCParametersView:116 -                Rank 5 : false
2025-09-02 14:16:24,810 [INFO] ADCParametersView:116 -                Rank 6 : false
2025-09-02 14:16:24,810 [INFO] ADCParametersView:116 -                Rank 7 : true
2025-09-02 14:16:24,810 [INFO] ADCParametersView:116 -                Rank 1 : false
2025-09-02 14:16:24,811 [INFO] ADCParametersView:116 -                Rank 2 : false
2025-09-02 14:16:24,811 [INFO] ADCParametersView:116 -                Rank 3 : false
2025-09-02 14:16:24,811 [INFO] ADCParametersView:116 -                Rank 4 : false
2025-09-02 14:16:24,811 [INFO] ADCParametersView:116 -                Rank 5 : false
2025-09-02 14:16:24,811 [INFO] ADCParametersView:116 -                Rank 6 : false
2025-09-02 14:16:24,811 [INFO] ADCParametersView:116 -                Rank 7 : true
2025-09-02 14:16:24,811 [INFO] ADCParametersView:116 -                Rank 8 : true
2025-09-02 14:16:24,892 [INFO] ADCParametersView:116 -                Rank 1 : false
2025-09-02 14:16:24,892 [INFO] ADCParametersView:116 -                Rank 2 : false
2025-09-02 14:16:24,892 [INFO] ADCParametersView:116 -                Rank 3 : false
2025-09-02 14:16:24,892 [INFO] ADCParametersView:116 -                Rank 4 : false
2025-09-02 14:16:24,892 [INFO] ADCParametersView:116 -                Rank 5 : false
2025-09-02 14:16:24,892 [INFO] ADCParametersView:116 -                Rank 6 : false
2025-09-02 14:16:24,892 [INFO] ADCParametersView:116 -                Rank 7 : true
2025-09-02 14:16:24,892 [INFO] ADCParametersView:116 -                Rank 8 : true
2025-09-02 14:16:24,894 [INFO] ADCParametersView:116 -                Rank 1 : false
2025-09-02 14:16:24,894 [INFO] ADCParametersView:116 -                Rank 2 : false
2025-09-02 14:16:24,894 [INFO] ADCParametersView:116 -                Rank 3 : false
2025-09-02 14:16:24,894 [INFO] ADCParametersView:116 -                Rank 4 : false
2025-09-02 14:16:24,894 [INFO] ADCParametersView:116 -                Rank 5 : false
2025-09-02 14:16:24,894 [INFO] ADCParametersView:116 -                Rank 6 : false
2025-09-02 14:16:24,894 [INFO] ADCParametersView:116 -                Rank 7 : true
2025-09-02 14:16:24,894 [INFO] ADCParametersView:116 -                Rank 8 : true
2025-09-02 14:16:24,894 [INFO] ADCParametersView:116 -                Rank 1 : false
2025-09-02 14:16:24,894 [INFO] ADCParametersView:116 -                Rank 2 : false
2025-09-02 14:16:24,894 [INFO] ADCParametersView:116 -                Rank 3 : false
2025-09-02 14:16:24,895 [INFO] ADCParametersView:116 -                Rank 4 : false
2025-09-02 14:16:24,895 [INFO] ADCParametersView:116 -                Rank 5 : false
2025-09-02 14:16:24,895 [INFO] ADCParametersView:116 -                Rank 6 : false
2025-09-02 14:16:24,895 [INFO] ADCParametersView:116 -                Rank 7 : true
2025-09-02 14:16:24,895 [INFO] ADCParametersView:116 -                Rank 8 : true
2025-09-02 14:16:24,895 [INFO] ADCParametersView:116 -                Rank 1 : false
2025-09-02 14:16:24,895 [INFO] ADCParametersView:116 -                Rank 2 : false
2025-09-02 14:16:24,895 [INFO] ADCParametersView:116 -                Rank 3 : false
2025-09-02 14:16:24,895 [INFO] ADCParametersView:116 -                Rank 4 : false
2025-09-02 14:16:24,895 [INFO] ADCParametersView:116 -                Rank 5 : false
2025-09-02 14:16:24,895 [INFO] ADCParametersView:116 -                Rank 6 : false
2025-09-02 14:16:24,895 [INFO] ADCParametersView:116 -                Rank 7 : true
2025-09-02 14:16:24,895 [INFO] ADCParametersView:116 -                Rank 8 : true
2025-09-02 14:16:24,895 [INFO] ADCParametersView:116 -                Rank 1 : false
2025-09-02 14:16:24,895 [INFO] ADCParametersView:116 -                Rank 2 : false
2025-09-02 14:16:24,895 [INFO] ADCParametersView:116 -                Rank 3 : false
2025-09-02 14:16:24,895 [INFO] ADCParametersView:116 -                Rank 4 : false
2025-09-02 14:16:24,895 [INFO] ADCParametersView:116 -                Rank 5 : false
2025-09-02 14:16:24,895 [INFO] ADCParametersView:116 -                Rank 6 : false
2025-09-02 14:16:24,895 [INFO] ADCParametersView:116 -                Rank 7 : true
2025-09-02 14:16:24,895 [INFO] ADCParametersView:116 -                Rank 8 : true
2025-09-02 14:16:24,895 [INFO] ADCParametersView:116 -                Rank 1 : false
2025-09-02 14:16:24,895 [INFO] ADCParametersView:116 -                Rank 2 : false
2025-09-02 14:16:24,895 [INFO] ADCParametersView:116 -                Rank 3 : false
2025-09-02 14:16:24,895 [INFO] ADCParametersView:116 -                Rank 4 : false
2025-09-02 14:16:24,895 [INFO] ADCParametersView:116 -                Rank 5 : false
2025-09-02 14:16:24,895 [INFO] ADCParametersView:116 -                Rank 6 : false
2025-09-02 14:16:24,896 [INFO] ADCParametersView:116 -                Rank 7 : true
2025-09-02 14:16:24,896 [INFO] ADCParametersView:116 -                Rank 8 : true
2025-09-02 14:16:24,896 [INFO] ADCParametersView:116 -                Rank 1 : false
2025-09-02 14:16:24,896 [INFO] ADCParametersView:116 -                Rank 2 : false
2025-09-02 14:16:24,896 [INFO] ADCParametersView:116 -                Rank 3 : false
2025-09-02 14:16:24,896 [INFO] ADCParametersView:116 -                Rank 4 : false
2025-09-02 14:16:24,896 [INFO] ADCParametersView:116 -                Rank 5 : false
2025-09-02 14:16:24,896 [INFO] ADCParametersView:116 -                Rank 6 : false
2025-09-02 14:16:24,896 [INFO] ADCParametersView:116 -                Rank 7 : true
2025-09-02 14:16:24,896 [INFO] ADCParametersView:116 -                Rank 8 : true
2025-09-02 14:16:24,896 [INFO] ADCParametersView:116 -                Rank 1 : false
2025-09-02 14:16:24,896 [INFO] ADCParametersView:116 -                Rank 2 : false
2025-09-02 14:16:24,896 [INFO] ADCParametersView:116 -                Rank 3 : false
2025-09-02 14:16:24,896 [INFO] ADCParametersView:116 -                Rank 4 : false
2025-09-02 14:16:24,896 [INFO] ADCParametersView:116 -                Rank 5 : false
2025-09-02 14:16:24,896 [INFO] ADCParametersView:116 -                Rank 6 : false
2025-09-02 14:16:24,896 [INFO] ADCParametersView:116 -                Rank 7 : true
2025-09-02 14:16:24,896 [INFO] ADCParametersView:116 -                Rank 8 : true
2025-09-02 14:16:24,896 [INFO] ADCParametersView:116 -                Rank 1 : false
2025-09-02 14:16:24,896 [INFO] ADCParametersView:116 -                Rank 2 : false
2025-09-02 14:16:24,896 [INFO] ADCParametersView:116 -                Rank 3 : false
2025-09-02 14:16:24,896 [INFO] ADCParametersView:116 -                Rank 4 : false
2025-09-02 14:16:24,896 [INFO] ADCParametersView:116 -                Rank 5 : false
2025-09-02 14:16:24,896 [INFO] ADCParametersView:116 -                Rank 6 : false
2025-09-02 14:16:24,896 [INFO] ADCParametersView:116 -                Rank 7 : true
2025-09-02 14:16:24,896 [INFO] ADCParametersView:116 -                Rank 8 : true
2025-09-02 14:16:24,896 [INFO] ADCParametersView:116 -                Rank 1 : false
2025-09-02 14:16:24,896 [INFO] ADCParametersView:116 -                Rank 2 : false
2025-09-02 14:16:24,897 [INFO] ADCParametersView:116 -                Rank 3 : false
2025-09-02 14:16:24,897 [INFO] ADCParametersView:116 -                Rank 4 : false
2025-09-02 14:16:24,897 [INFO] ADCParametersView:116 -                Rank 5 : false
2025-09-02 14:16:24,897 [INFO] ADCParametersView:116 -                Rank 6 : false
2025-09-02 14:16:24,897 [INFO] ADCParametersView:116 -                Rank 7 : true
2025-09-02 14:16:24,897 [INFO] ADCParametersView:116 -                Rank 8 : true
2025-09-02 14:16:24,897 [INFO] ADCParametersView:116 -                Rank 1 : false
2025-09-02 14:16:24,897 [INFO] ADCParametersView:116 -                Rank 2 : false
2025-09-02 14:16:24,897 [INFO] ADCParametersView:116 -                Rank 3 : false
2025-09-02 14:16:24,897 [INFO] ADCParametersView:116 -                Rank 4 : false
2025-09-02 14:16:24,897 [INFO] ADCParametersView:116 -                Rank 5 : false
2025-09-02 14:16:24,897 [INFO] ADCParametersView:116 -                Rank 6 : false
2025-09-02 14:16:24,897 [INFO] ADCParametersView:116 -                Rank 7 : true
2025-09-02 14:16:24,897 [INFO] ADCParametersView:116 -                Rank 8 : true
2025-09-02 14:16:24,897 [INFO] ADCParametersView:116 -                Rank 1 : false
2025-09-02 14:16:24,897 [INFO] ADCParametersView:116 -                Rank 2 : false
2025-09-02 14:16:24,897 [INFO] ADCParametersView:116 -                Rank 3 : false
2025-09-02 14:16:24,897 [INFO] ADCParametersView:116 -                Rank 4 : false
2025-09-02 14:16:24,897 [INFO] ADCParametersView:116 -                Rank 5 : false
2025-09-02 14:16:24,897 [INFO] ADCParametersView:116 -                Rank 6 : false
2025-09-02 14:16:24,897 [INFO] ADCParametersView:116 -                Rank 7 : true
2025-09-02 14:16:24,897 [INFO] ADCParametersView:116 -                Rank 8 : true
2025-09-02 14:16:24,897 [INFO] ADCParametersView:116 -                Rank 1 : false
2025-09-02 14:16:24,897 [INFO] ADCParametersView:116 -                Rank 2 : false
2025-09-02 14:16:24,897 [INFO] ADCParametersView:116 -                Rank 3 : false
2025-09-02 14:16:24,897 [INFO] ADCParametersView:116 -                Rank 4 : false
2025-09-02 14:16:24,897 [INFO] ADCParametersView:116 -                Rank 5 : false
2025-09-02 14:16:24,897 [INFO] ADCParametersView:116 -                Rank 6 : false
2025-09-02 14:16:24,897 [INFO] ADCParametersView:116 -                Rank 7 : true
2025-09-02 14:16:24,897 [INFO] ADCParametersView:116 -                Rank 8 : true
2025-09-02 14:16:24,897 [INFO] ADCParametersView:116 -                Rank 1 : false
2025-09-02 14:16:24,897 [INFO] ADCParametersView:116 -                Rank 2 : false
2025-09-02 14:16:24,897 [INFO] ADCParametersView:116 -                Rank 3 : false
2025-09-02 14:16:24,897 [INFO] ADCParametersView:116 -                Rank 4 : false
2025-09-02 14:16:24,897 [INFO] ADCParametersView:116 -                Rank 5 : false
2025-09-02 14:16:24,897 [INFO] ADCParametersView:116 -                Rank 6 : false
2025-09-02 14:16:24,897 [INFO] ADCParametersView:116 -                Rank 7 : true
2025-09-02 14:16:24,897 [INFO] ADCParametersView:116 -                Rank 8 : true
2025-09-02 14:16:24,897 [INFO] ADCParametersView:116 -                Rank 2 : false
2025-09-02 14:16:24,897 [INFO] ADCParametersView:116 -                Rank 3 : false
2025-09-02 14:16:24,897 [INFO] ADCParametersView:116 -                Rank 4 : false
2025-09-02 14:16:24,898 [INFO] ADCParametersView:116 -                Rank 5 : false
2025-09-02 14:16:24,898 [INFO] ADCParametersView:116 -                Rank 6 : false
2025-09-02 14:16:24,898 [INFO] ADCParametersView:116 -                Rank 7 : true
2025-09-02 14:16:24,898 [INFO] ADCParametersView:116 -                Rank 8 : true
2025-09-02 14:16:24,898 [INFO] ADCParametersView:116 -                Rank 3 : false
2025-09-02 14:16:24,898 [INFO] ADCParametersView:116 -                Rank 4 : false
2025-09-02 14:16:24,898 [INFO] ADCParametersView:116 -                Rank 5 : false
2025-09-02 14:16:24,898 [INFO] ADCParametersView:116 -                Rank 6 : false
2025-09-02 14:16:24,898 [INFO] ADCParametersView:116 -                Rank 7 : true
2025-09-02 14:16:24,898 [INFO] ADCParametersView:116 -                Rank 8 : true
2025-09-02 14:16:24,898 [INFO] ADCParametersView:116 -                Rank 4 : false
2025-09-02 14:16:24,898 [INFO] ADCParametersView:116 -                Rank 5 : false
2025-09-02 14:16:24,898 [INFO] ADCParametersView:116 -                Rank 6 : false
2025-09-02 14:16:24,898 [INFO] ADCParametersView:116 -                Rank 7 : true
2025-09-02 14:16:24,898 [INFO] ADCParametersView:116 -                Rank 8 : true
2025-09-02 14:16:24,898 [INFO] ADCParametersView:116 -                Rank 5 : false
2025-09-02 14:16:24,898 [INFO] ADCParametersView:116 -                Rank 6 : false
2025-09-02 14:16:24,898 [INFO] ADCParametersView:116 -                Rank 7 : true
2025-09-02 14:16:24,898 [INFO] ADCParametersView:116 -                Rank 8 : true
2025-09-02 14:16:24,898 [INFO] ADCParametersView:116 -                Rank 6 : false
2025-09-02 14:16:24,898 [INFO] ADCParametersView:116 -                Rank 7 : true
2025-09-02 14:16:24,898 [INFO] ADCParametersView:116 -                Rank 8 : true
2025-09-02 14:16:24,898 [INFO] ADCParametersView:116 -                Rank 7 : true
2025-09-02 14:16:24,898 [INFO] ADCParametersView:116 -                Rank 8 : true
2025-09-02 14:16:24,898 [INFO] ADCParametersView:116 -                Rank 8 : true
2025-09-02 14:16:24,943 [INFO] ADCParametersView:116 -                Rank 1 : false
2025-09-02 14:16:24,943 [INFO] ADCParametersView:116 -                Rank 1 : false
2025-09-02 14:16:24,943 [INFO] ADCParametersView:116 -                Rank 2 : false
2025-09-02 14:16:24,943 [INFO] ADCParametersView:116 -                Rank 1 : false
2025-09-02 14:16:24,943 [INFO] ADCParametersView:116 -                Rank 2 : false
2025-09-02 14:16:24,943 [INFO] ADCParametersView:116 -                Rank 3 : false
2025-09-02 14:16:24,943 [INFO] ADCParametersView:116 -                Rank 1 : false
2025-09-02 14:16:24,943 [INFO] ADCParametersView:116 -                Rank 2 : false
2025-09-02 14:16:24,943 [INFO] ADCParametersView:116 -                Rank 3 : false
2025-09-02 14:16:24,943 [INFO] ADCParametersView:116 -                Rank 4 : false
2025-09-02 14:16:24,943 [INFO] ADCParametersView:116 -                Rank 1 : false
2025-09-02 14:16:24,943 [INFO] ADCParametersView:116 -                Rank 2 : false
2025-09-02 14:16:24,943 [INFO] ADCParametersView:116 -                Rank 3 : false
2025-09-02 14:16:24,943 [INFO] ADCParametersView:116 -                Rank 4 : false
2025-09-02 14:16:24,943 [INFO] ADCParametersView:116 -                Rank 5 : false
2025-09-02 14:16:24,943 [INFO] ADCParametersView:116 -                Rank 1 : false
2025-09-02 14:16:24,943 [INFO] ADCParametersView:116 -                Rank 2 : false
2025-09-02 14:16:24,943 [INFO] ADCParametersView:116 -                Rank 3 : false
2025-09-02 14:16:24,943 [INFO] ADCParametersView:116 -                Rank 4 : false
2025-09-02 14:16:24,943 [INFO] ADCParametersView:116 -                Rank 5 : false
2025-09-02 14:16:24,943 [INFO] ADCParametersView:116 -                Rank 6 : false
2025-09-02 14:16:24,944 [INFO] ADCParametersView:116 -                Rank 1 : false
2025-09-02 14:16:24,944 [INFO] ADCParametersView:116 -                Rank 2 : false
2025-09-02 14:16:24,944 [INFO] ADCParametersView:116 -                Rank 3 : false
2025-09-02 14:16:24,944 [INFO] ADCParametersView:116 -                Rank 4 : false
2025-09-02 14:16:24,944 [INFO] ADCParametersView:116 -                Rank 5 : false
2025-09-02 14:16:24,944 [INFO] ADCParametersView:116 -                Rank 6 : false
2025-09-02 14:16:24,944 [INFO] ADCParametersView:116 -                Rank 7 : true
2025-09-02 14:16:24,944 [INFO] ADCParametersView:116 -                Rank 1 : false
2025-09-02 14:16:24,944 [INFO] ADCParametersView:116 -                Rank 2 : false
2025-09-02 14:16:24,944 [INFO] ADCParametersView:116 -                Rank 3 : false
2025-09-02 14:16:24,944 [INFO] ADCParametersView:116 -                Rank 4 : false
2025-09-02 14:16:24,944 [INFO] ADCParametersView:116 -                Rank 5 : false
2025-09-02 14:16:24,944 [INFO] ADCParametersView:116 -                Rank 6 : false
2025-09-02 14:16:24,944 [INFO] ADCParametersView:116 -                Rank 7 : true
2025-09-02 14:16:24,944 [INFO] ADCParametersView:116 -                Rank 8 : true
2025-09-02 14:16:28,364 [INFO] NvicIntPanel:101 - NVIC parent = com.st.microxplorer.plugins.ip.nvic.MultiNvicIntPanel[,0,0,0x0,invalid,layout=javax.swing.BoxLayout,alignmentX=0.0,alignmentY=0.0,border=,flags=9,maximumSize=,minimumSize=,preferredSize=]
2025-09-02 14:16:28,422 [INFO] ADCParametersView:116 -                Rank 1 : false
2025-09-02 14:16:28,422 [INFO] ADCParametersView:116 -                Rank 2 : false
2025-09-02 14:16:28,422 [INFO] ADCParametersView:116 -                Rank 3 : false
2025-09-02 14:16:28,422 [INFO] ADCParametersView:116 -                Rank 4 : false
2025-09-02 14:16:28,422 [INFO] ADCParametersView:116 -                Rank 5 : false
2025-09-02 14:16:28,422 [INFO] ADCParametersView:116 -                Rank 6 : false
2025-09-02 14:16:28,422 [INFO] ADCParametersView:116 -                Rank 7 : true
2025-09-02 14:16:28,422 [INFO] ADCParametersView:116 -                Rank 8 : true
2025-09-02 14:16:28,424 [INFO] ADCParametersView:116 -                Rank 1 : false
2025-09-02 14:16:28,424 [INFO] ADCParametersView:116 -                Rank 2 : false
2025-09-02 14:16:28,424 [INFO] ADCParametersView:116 -                Rank 3 : false
2025-09-02 14:16:28,424 [INFO] ADCParametersView:116 -                Rank 4 : false
2025-09-02 14:16:28,424 [INFO] ADCParametersView:116 -                Rank 5 : false
2025-09-02 14:16:28,424 [INFO] ADCParametersView:116 -                Rank 6 : false
2025-09-02 14:16:28,424 [INFO] ADCParametersView:116 -                Rank 7 : true
2025-09-02 14:16:28,424 [INFO] ADCParametersView:116 -                Rank 8 : true
2025-09-02 14:16:28,424 [INFO] ADCParametersView:116 -                Rank 1 : false
2025-09-02 14:16:28,424 [INFO] ADCParametersView:116 -                Rank 2 : false
2025-09-02 14:16:28,424 [INFO] ADCParametersView:116 -                Rank 3 : false
2025-09-02 14:16:28,424 [INFO] ADCParametersView:116 -                Rank 4 : false
2025-09-02 14:16:28,424 [INFO] ADCParametersView:116 -                Rank 5 : false
2025-09-02 14:16:28,424 [INFO] ADCParametersView:116 -                Rank 6 : false
2025-09-02 14:16:28,424 [INFO] ADCParametersView:116 -                Rank 7 : true
2025-09-02 14:16:28,424 [INFO] ADCParametersView:116 -                Rank 8 : true
2025-09-02 14:16:28,424 [INFO] ADCParametersView:116 -                Rank 1 : false
2025-09-02 14:16:28,424 [INFO] ADCParametersView:116 -                Rank 2 : false
2025-09-02 14:16:28,424 [INFO] ADCParametersView:116 -                Rank 3 : false
2025-09-02 14:16:28,424 [INFO] ADCParametersView:116 -                Rank 4 : false
2025-09-02 14:16:28,424 [INFO] ADCParametersView:116 -                Rank 5 : false
2025-09-02 14:16:28,424 [INFO] ADCParametersView:116 -                Rank 6 : false
2025-09-02 14:16:28,424 [INFO] ADCParametersView:116 -                Rank 7 : true
2025-09-02 14:16:28,424 [INFO] ADCParametersView:116 -                Rank 8 : true
2025-09-02 14:16:28,424 [INFO] ADCParametersView:116 -                Rank 1 : false
2025-09-02 14:16:28,424 [INFO] ADCParametersView:116 -                Rank 2 : false
2025-09-02 14:16:28,424 [INFO] ADCParametersView:116 -                Rank 3 : false
2025-09-02 14:16:28,424 [INFO] ADCParametersView:116 -                Rank 4 : false
2025-09-02 14:16:28,424 [INFO] ADCParametersView:116 -                Rank 5 : false
2025-09-02 14:16:28,424 [INFO] ADCParametersView:116 -                Rank 6 : false
2025-09-02 14:16:28,425 [INFO] ADCParametersView:116 -                Rank 7 : true
2025-09-02 14:16:28,425 [INFO] ADCParametersView:116 -                Rank 8 : true
2025-09-02 14:16:28,425 [INFO] ADCParametersView:116 -                Rank 1 : false
2025-09-02 14:16:28,425 [INFO] ADCParametersView:116 -                Rank 2 : false
2025-09-02 14:16:28,425 [INFO] ADCParametersView:116 -                Rank 3 : false
2025-09-02 14:16:28,425 [INFO] ADCParametersView:116 -                Rank 4 : false
2025-09-02 14:16:28,425 [INFO] ADCParametersView:116 -                Rank 5 : false
2025-09-02 14:16:28,425 [INFO] ADCParametersView:116 -                Rank 6 : false
2025-09-02 14:16:28,425 [INFO] ADCParametersView:116 -                Rank 7 : true
2025-09-02 14:16:28,425 [INFO] ADCParametersView:116 -                Rank 8 : true
2025-09-02 14:16:28,425 [INFO] ADCParametersView:116 -                Rank 1 : false
2025-09-02 14:16:28,425 [INFO] ADCParametersView:116 -                Rank 2 : false
2025-09-02 14:16:28,425 [INFO] ADCParametersView:116 -                Rank 3 : false
2025-09-02 14:16:28,425 [INFO] ADCParametersView:116 -                Rank 4 : false
2025-09-02 14:16:28,425 [INFO] ADCParametersView:116 -                Rank 5 : false
2025-09-02 14:16:28,425 [INFO] ADCParametersView:116 -                Rank 6 : false
2025-09-02 14:16:28,425 [INFO] ADCParametersView:116 -                Rank 7 : true
2025-09-02 14:16:28,425 [INFO] ADCParametersView:116 -                Rank 8 : true
2025-09-02 14:16:28,425 [INFO] ADCParametersView:116 -                Rank 1 : false
2025-09-02 14:16:28,425 [INFO] ADCParametersView:116 -                Rank 2 : false
2025-09-02 14:16:28,425 [INFO] ADCParametersView:116 -                Rank 3 : false
2025-09-02 14:16:28,425 [INFO] ADCParametersView:116 -                Rank 4 : false
2025-09-02 14:16:28,425 [INFO] ADCParametersView:116 -                Rank 5 : false
2025-09-02 14:16:28,425 [INFO] ADCParametersView:116 -                Rank 6 : false
2025-09-02 14:16:28,425 [INFO] ADCParametersView:116 -                Rank 7 : true
2025-09-02 14:16:28,425 [INFO] ADCParametersView:116 -                Rank 8 : true
2025-09-02 14:16:28,425 [INFO] ADCParametersView:116 -                Rank 1 : false
2025-09-02 14:16:28,425 [INFO] ADCParametersView:116 -                Rank 2 : false
2025-09-02 14:16:28,425 [INFO] ADCParametersView:116 -                Rank 3 : false
2025-09-02 14:16:28,425 [INFO] ADCParametersView:116 -                Rank 4 : false
2025-09-02 14:16:28,425 [INFO] ADCParametersView:116 -                Rank 5 : false
2025-09-02 14:16:28,425 [INFO] ADCParametersView:116 -                Rank 6 : false
2025-09-02 14:16:28,425 [INFO] ADCParametersView:116 -                Rank 7 : true
2025-09-02 14:16:28,425 [INFO] ADCParametersView:116 -                Rank 8 : true
2025-09-02 14:16:28,425 [INFO] ADCParametersView:116 -                Rank 1 : false
2025-09-02 14:16:28,425 [INFO] ADCParametersView:116 -                Rank 2 : false
2025-09-02 14:16:28,425 [INFO] ADCParametersView:116 -                Rank 3 : false
2025-09-02 14:16:28,425 [INFO] ADCParametersView:116 -                Rank 4 : false
2025-09-02 14:16:28,425 [INFO] ADCParametersView:116 -                Rank 5 : false
2025-09-02 14:16:28,425 [INFO] ADCParametersView:116 -                Rank 6 : false
2025-09-02 14:16:28,425 [INFO] ADCParametersView:116 -                Rank 7 : true
2025-09-02 14:16:28,425 [INFO] ADCParametersView:116 -                Rank 8 : true
2025-09-02 14:16:28,425 [INFO] ADCParametersView:116 -                Rank 1 : false
2025-09-02 14:16:28,426 [INFO] ADCParametersView:116 -                Rank 2 : false
2025-09-02 14:16:28,426 [INFO] ADCParametersView:116 -                Rank 3 : false
2025-09-02 14:16:28,426 [INFO] ADCParametersView:116 -                Rank 4 : false
2025-09-02 14:16:28,426 [INFO] ADCParametersView:116 -                Rank 5 : false
2025-09-02 14:16:28,426 [INFO] ADCParametersView:116 -                Rank 6 : false
2025-09-02 14:16:28,426 [INFO] ADCParametersView:116 -                Rank 7 : true
2025-09-02 14:16:28,426 [INFO] ADCParametersView:116 -                Rank 8 : true
2025-09-02 14:16:28,426 [INFO] ADCParametersView:116 -                Rank 1 : false
2025-09-02 14:16:28,426 [INFO] ADCParametersView:116 -                Rank 2 : false
2025-09-02 14:16:28,426 [INFO] ADCParametersView:116 -                Rank 3 : false
2025-09-02 14:16:28,426 [INFO] ADCParametersView:116 -                Rank 4 : false
2025-09-02 14:16:28,426 [INFO] ADCParametersView:116 -                Rank 5 : false
2025-09-02 14:16:28,426 [INFO] ADCParametersView:116 -                Rank 6 : false
2025-09-02 14:16:28,426 [INFO] ADCParametersView:116 -                Rank 7 : true
2025-09-02 14:16:28,426 [INFO] ADCParametersView:116 -                Rank 8 : true
2025-09-02 14:16:28,426 [INFO] ADCParametersView:116 -                Rank 1 : false
2025-09-02 14:16:28,426 [INFO] ADCParametersView:116 -                Rank 2 : false
2025-09-02 14:16:28,426 [INFO] ADCParametersView:116 -                Rank 3 : false
2025-09-02 14:16:28,426 [INFO] ADCParametersView:116 -                Rank 4 : false
2025-09-02 14:16:28,426 [INFO] ADCParametersView:116 -                Rank 5 : false
2025-09-02 14:16:28,426 [INFO] ADCParametersView:116 -                Rank 6 : false
2025-09-02 14:16:28,426 [INFO] ADCParametersView:116 -                Rank 7 : true
2025-09-02 14:16:28,426 [INFO] ADCParametersView:116 -                Rank 8 : true
2025-09-02 14:16:28,426 [INFO] ADCParametersView:116 -                Rank 1 : false
2025-09-02 14:16:28,426 [INFO] ADCParametersView:116 -                Rank 2 : false
2025-09-02 14:16:28,426 [INFO] ADCParametersView:116 -                Rank 3 : false
2025-09-02 14:16:28,426 [INFO] ADCParametersView:116 -                Rank 4 : false
2025-09-02 14:16:28,426 [INFO] ADCParametersView:116 -                Rank 5 : false
2025-09-02 14:16:28,426 [INFO] ADCParametersView:116 -                Rank 6 : false
2025-09-02 14:16:28,426 [INFO] ADCParametersView:116 -                Rank 7 : true
2025-09-02 14:16:28,426 [INFO] ADCParametersView:116 -                Rank 8 : true
2025-09-02 14:16:28,426 [INFO] ADCParametersView:116 -                Rank 2 : false
2025-09-02 14:16:28,426 [INFO] ADCParametersView:116 -                Rank 3 : false
2025-09-02 14:16:28,426 [INFO] ADCParametersView:116 -                Rank 4 : false
2025-09-02 14:16:28,426 [INFO] ADCParametersView:116 -                Rank 5 : false
2025-09-02 14:16:28,426 [INFO] ADCParametersView:116 -                Rank 6 : false
2025-09-02 14:16:28,426 [INFO] ADCParametersView:116 -                Rank 7 : true
2025-09-02 14:16:28,426 [INFO] ADCParametersView:116 -                Rank 8 : true
2025-09-02 14:16:28,426 [INFO] ADCParametersView:116 -                Rank 3 : false
2025-09-02 14:16:28,426 [INFO] ADCParametersView:116 -                Rank 4 : false
2025-09-02 14:16:28,426 [INFO] ADCParametersView:116 -                Rank 5 : false
2025-09-02 14:16:28,426 [INFO] ADCParametersView:116 -                Rank 6 : false
2025-09-02 14:16:28,426 [INFO] ADCParametersView:116 -                Rank 7 : true
2025-09-02 14:16:28,426 [INFO] ADCParametersView:116 -                Rank 8 : true
2025-09-02 14:16:28,426 [INFO] ADCParametersView:116 -                Rank 4 : false
2025-09-02 14:16:28,427 [INFO] ADCParametersView:116 -                Rank 5 : false
2025-09-02 14:16:28,427 [INFO] ADCParametersView:116 -                Rank 6 : false
2025-09-02 14:16:28,427 [INFO] ADCParametersView:116 -                Rank 7 : true
2025-09-02 14:16:28,427 [INFO] ADCParametersView:116 -                Rank 8 : true
2025-09-02 14:16:28,427 [INFO] ADCParametersView:116 -                Rank 5 : false
2025-09-02 14:16:28,427 [INFO] ADCParametersView:116 -                Rank 6 : false
2025-09-02 14:16:28,427 [INFO] ADCParametersView:116 -                Rank 7 : true
2025-09-02 14:16:28,427 [INFO] ADCParametersView:116 -                Rank 8 : true
2025-09-02 14:16:28,427 [INFO] ADCParametersView:116 -                Rank 6 : false
2025-09-02 14:16:28,427 [INFO] ADCParametersView:116 -                Rank 7 : true
2025-09-02 14:16:28,427 [INFO] ADCParametersView:116 -                Rank 8 : true
2025-09-02 14:16:28,427 [INFO] ADCParametersView:116 -                Rank 7 : true
2025-09-02 14:16:28,427 [INFO] ADCParametersView:116 -                Rank 8 : true
2025-09-02 14:16:28,427 [INFO] ADCParametersView:116 -                Rank 8 : true
2025-09-02 14:16:28,478 [INFO] ADCParametersView:116 -                Rank 1 : false
2025-09-02 14:16:28,478 [INFO] ADCParametersView:116 -                Rank 1 : false
2025-09-02 14:16:28,478 [INFO] ADCParametersView:116 -                Rank 2 : false
2025-09-02 14:16:28,478 [INFO] ADCParametersView:116 -                Rank 1 : false
2025-09-02 14:16:28,478 [INFO] ADCParametersView:116 -                Rank 2 : false
2025-09-02 14:16:28,478 [INFO] ADCParametersView:116 -                Rank 3 : false
2025-09-02 14:16:28,478 [INFO] ADCParametersView:116 -                Rank 1 : false
2025-09-02 14:16:28,478 [INFO] ADCParametersView:116 -                Rank 2 : false
2025-09-02 14:16:28,478 [INFO] ADCParametersView:116 -                Rank 3 : false
2025-09-02 14:16:28,478 [INFO] ADCParametersView:116 -                Rank 4 : false
2025-09-02 14:16:28,479 [INFO] ADCParametersView:116 -                Rank 1 : false
2025-09-02 14:16:28,479 [INFO] ADCParametersView:116 -                Rank 2 : false
2025-09-02 14:16:28,479 [INFO] ADCParametersView:116 -                Rank 3 : false
2025-09-02 14:16:28,479 [INFO] ADCParametersView:116 -                Rank 4 : false
2025-09-02 14:16:28,479 [INFO] ADCParametersView:116 -                Rank 5 : false
2025-09-02 14:16:28,479 [INFO] ADCParametersView:116 -                Rank 1 : false
2025-09-02 14:16:28,479 [INFO] ADCParametersView:116 -                Rank 2 : false
2025-09-02 14:16:28,479 [INFO] ADCParametersView:116 -                Rank 3 : false
2025-09-02 14:16:28,479 [INFO] ADCParametersView:116 -                Rank 4 : false
2025-09-02 14:16:28,479 [INFO] ADCParametersView:116 -                Rank 5 : false
2025-09-02 14:16:28,479 [INFO] ADCParametersView:116 -                Rank 6 : false
2025-09-02 14:16:28,479 [INFO] ADCParametersView:116 -                Rank 1 : false
2025-09-02 14:16:28,479 [INFO] ADCParametersView:116 -                Rank 2 : false
2025-09-02 14:16:28,479 [INFO] ADCParametersView:116 -                Rank 3 : false
2025-09-02 14:16:28,479 [INFO] ADCParametersView:116 -                Rank 4 : false
2025-09-02 14:16:28,479 [INFO] ADCParametersView:116 -                Rank 5 : false
2025-09-02 14:16:28,479 [INFO] ADCParametersView:116 -                Rank 6 : false
2025-09-02 14:16:28,479 [INFO] ADCParametersView:116 -                Rank 7 : true
2025-09-02 14:16:28,479 [INFO] ADCParametersView:116 -                Rank 1 : false
2025-09-02 14:16:28,479 [INFO] ADCParametersView:116 -                Rank 2 : false
2025-09-02 14:16:28,479 [INFO] ADCParametersView:116 -                Rank 3 : false
2025-09-02 14:16:28,479 [INFO] ADCParametersView:116 -                Rank 4 : false
2025-09-02 14:16:28,479 [INFO] ADCParametersView:116 -                Rank 5 : false
2025-09-02 14:16:28,479 [INFO] ADCParametersView:116 -                Rank 6 : false
2025-09-02 14:16:28,479 [INFO] ADCParametersView:116 -                Rank 7 : true
2025-09-02 14:16:28,479 [INFO] ADCParametersView:116 -                Rank 8 : true
2025-09-02 14:17:06,445 [INFO] UtilMem:75 - End SaveConfig() Used Memory: 683867200 Bytes (1055916032)
2025-09-02 14:17:07,139 [INFO] UtilMem:75 - End SaveConfig() Used Memory: 728955968 Bytes (1055916032)
2025-09-02 14:17:07,373 [INFO] BlockDiagram:2775 - set Specific Code input for plugin: SYS
2025-09-02 14:17:07,373 [INFO] BlockDiagram:2775 - set Specific Code input for plugin: ADC
2025-09-02 14:17:07,373 [INFO] BlockDiagram:2775 - set Specific Code input for plugin: RCC
2025-09-02 14:17:07,373 [INFO] BlockDiagram:2775 - set Specific Code input for plugin: NVIC
2025-09-02 14:17:07,373 [INFO] BlockDiagram:2775 - set Specific Code input for plugin: USART
2025-09-02 14:17:07,373 [INFO] BlockDiagram:2775 - set Specific Code input for plugin: CORTEX_M7
2025-09-02 14:17:07,373 [INFO] BlockDiagram:2775 - set Specific Code input for plugin: DMA
2025-09-02 14:17:07,374 [INFO] BlockDiagram:2775 - set Specific Code input for plugin: GPIO
2025-09-02 14:17:07,375 [INFO] CodeGenerator:892 - code generatio: config db path: C:\ST\STM32CubeIDE_1.19.0\STM32CubeIDE\plugins\com.st.stm32cube.common.mx_6.15.0.202507011659\\db\
2025-09-02 14:17:07,559 [INFO] CodeEngine:265 - oldGeneratedFile, C:\Users\USERIT\STM32CubeIDE\MAD_Lab\Special_Problem_1\MXTmpFiles\license.tmp_save
2025-09-02 14:17:07,786 [INFO] CodeEngine:289 - Generated code: C:\Users\USERIT\STM32CubeIDE\MAD_Lab\Special_Problem_1\MXTmpFiles\license.tmp
2025-09-02 14:17:07,820 [INFO] CodeEngine:265 - oldGeneratedFile, C:\Users\USERIT\STM32CubeIDE\MAD_Lab\Special_Problem_1\Core\Src\gpio.c_save
2025-09-02 14:17:07,969 [INFO] CodeEngine:289 - Generated code: C:\Users\USERIT\STM32CubeIDE\MAD_Lab\Special_Problem_1\Core\Src\gpio.c
2025-09-02 14:17:07,985 [INFO] CodeEngine:265 - oldGeneratedFile, C:\Users\USERIT\STM32CubeIDE\MAD_Lab\Special_Problem_1\Core\Inc\gpio.h_save
2025-09-02 14:17:08,077 [INFO] CodeEngine:289 - Generated code: C:\Users\USERIT\STM32CubeIDE\MAD_Lab\Special_Problem_1\Core\Inc\gpio.h
2025-09-02 14:17:08,242 [INFO] CodeEngine:265 - oldGeneratedFile, C:\Users\USERIT\STM32CubeIDE\MAD_Lab\Special_Problem_1\Core\Src\adc.c_save
2025-09-02 14:17:08,468 [INFO] CodeEngine:289 - Generated code: C:\Users\USERIT\STM32CubeIDE\MAD_Lab\Special_Problem_1\Core\Src\adc.c
2025-09-02 14:17:08,477 [INFO] CodeEngine:265 - oldGeneratedFile, C:\Users\USERIT\STM32CubeIDE\MAD_Lab\Special_Problem_1\Core\Inc\adc.h_save
2025-09-02 14:17:08,559 [INFO] CodeEngine:289 - Generated code: C:\Users\USERIT\STM32CubeIDE\MAD_Lab\Special_Problem_1\Core\Inc\adc.h
2025-09-02 14:17:08,574 [INFO] CodeEngine:265 - oldGeneratedFile, C:\Users\USERIT\STM32CubeIDE\MAD_Lab\Special_Problem_1\MXTmpFiles\cortex.tmp_save
2025-09-02 14:17:08,711 [INFO] CodeEngine:289 - Generated code: C:\Users\USERIT\STM32CubeIDE\MAD_Lab\Special_Problem_1\MXTmpFiles\cortex.tmp
2025-09-02 14:17:08,745 [INFO] CodeEngine:265 - oldGeneratedFile, C:\Users\USERIT\STM32CubeIDE\MAD_Lab\Special_Problem_1\Core\Src\dma.c_save
2025-09-02 14:17:08,891 [INFO] CodeEngine:289 - Generated code: C:\Users\USERIT\STM32CubeIDE\MAD_Lab\Special_Problem_1\Core\Src\dma.c
2025-09-02 14:17:08,909 [INFO] CodeEngine:265 - oldGeneratedFile, C:\Users\USERIT\STM32CubeIDE\MAD_Lab\Special_Problem_1\Core\Inc\dma.h_save
2025-09-02 14:17:09,005 [INFO] CodeEngine:289 - Generated code: C:\Users\USERIT\STM32CubeIDE\MAD_Lab\Special_Problem_1\Core\Inc\dma.h
2025-09-02 14:17:09,033 [INFO] CodeEngine:265 - oldGeneratedFile, C:\Users\USERIT\STM32CubeIDE\MAD_Lab\Special_Problem_1\Core\Src\usart.c_save
2025-09-02 14:17:09,170 [INFO] CodeEngine:289 - Generated code: C:\Users\USERIT\STM32CubeIDE\MAD_Lab\Special_Problem_1\Core\Src\usart.c
2025-09-02 14:17:09,178 [INFO] CodeEngine:265 - oldGeneratedFile, C:\Users\USERIT\STM32CubeIDE\MAD_Lab\Special_Problem_1\Core\Inc\usart.h_save
2025-09-02 14:17:09,238 [INFO] CodeEngine:289 - Generated code: C:\Users\USERIT\STM32CubeIDE\MAD_Lab\Special_Problem_1\Core\Inc\usart.h
2025-09-02 14:17:09,256 [INFO] CodeEngine:265 - oldGeneratedFile, C:\Users\USERIT\STM32CubeIDE\MAD_Lab\Special_Problem_1\Core\Src\stm32f7xx_it.c_save
2025-09-02 14:17:09,426 [INFO] CodeEngine:289 - Generated code: C:\Users\USERIT\STM32CubeIDE\MAD_Lab\Special_Problem_1\Core\Src\stm32f7xx_it.c
2025-09-02 14:17:09,433 [INFO] CodeEngine:265 - oldGeneratedFile, C:\Users\USERIT\STM32CubeIDE\MAD_Lab\Special_Problem_1\Core\Inc\stm32f7xx_it.h_save
2025-09-02 14:17:09,521 [INFO] CodeEngine:289 - Generated code: C:\Users\USERIT\STM32CubeIDE\MAD_Lab\Special_Problem_1\Core\Inc\stm32f7xx_it.h
2025-09-02 14:17:09,539 [INFO] CodeEngine:265 - oldGeneratedFile, C:\Users\USERIT\STM32CubeIDE\MAD_Lab\Special_Problem_1\Core\Src\stm32f7xx_hal_msp.c_save
2025-09-02 14:17:09,673 [INFO] CodeEngine:289 - Generated code: C:\Users\USERIT\STM32CubeIDE\MAD_Lab\Special_Problem_1\Core\Src\stm32f7xx_hal_msp.c
2025-09-02 14:17:09,680 [INFO] CodeEngine:265 - oldGeneratedFile, C:\Users\USERIT\STM32CubeIDE\MAD_Lab\Special_Problem_1\MXTmpFiles\system.tmp_save
2025-09-02 14:17:09,747 [INFO] CodeEngine:289 - Generated code: C:\Users\USERIT\STM32CubeIDE\MAD_Lab\Special_Problem_1\MXTmpFiles\system.tmp
2025-09-02 14:17:09,763 [INFO] CodeEngine:321 - oldGeneratedFile, C:\Users\USERIT\STM32CubeIDE\MAD_Lab\Special_Problem_1\Core\Inc\stm32f7xx_hal_conf.h_save
2025-09-02 14:17:09,939 [INFO] CodeEngine:345 - Generated code: C:\Users\USERIT\STM32CubeIDE\MAD_Lab\Special_Problem_1\Core\Inc\stm32f7xx_hal_conf.h
2025-09-02 14:17:09,995 [INFO] CodeEngine:265 - oldGeneratedFile, C:\Users\USERIT\STM32CubeIDE\MAD_Lab\Special_Problem_1\Core\Inc\main.h_save
2025-09-02 14:17:10,173 [INFO] CodeEngine:289 - Generated code: C:\Users\USERIT\STM32CubeIDE\MAD_Lab\Special_Problem_1\Core\Inc\main.h
2025-09-02 14:17:10,182 [INFO] CodeEngine:265 - oldGeneratedFile, C:\Users\USERIT\STM32CubeIDE\MAD_Lab\Special_Problem_1\Core\Src\main.c_save
2025-09-02 14:17:10,341 [INFO] CodeEngine:289 - Generated code: C:\Users\USERIT\STM32CubeIDE\MAD_Lab\Special_Problem_1\Core\Src\main.c
2025-09-02 14:17:10,854 [INFO] ProjectBuilder:3606 - Time for Copy HAL[1] : 200mS.
2025-09-02 14:17:10,857 [INFO] ProjectBuilder:5216 - Project Generator version: 4.7.0-B52
2025-09-02 14:17:10,932 [INFO] ConfigFileManager:1595 - The Die is : DIE451
2025-09-02 14:17:11,877 [INFO] ProjectBuilder:5496 - Time for Generating toolchain IDE Files: 1020mS.
2025-09-02 14:17:11,878 [INFO] ProjectBuilder:3463 - Time for Copy CMSIS : 1mS.
2025-09-02 14:17:11,881 [INFO] ProjectBuilder:3463 - Time for Copy CMSIS : 0mS.
2025-09-02 14:19:39,455 [INFO] ADCParametersView:116 -                Rank 1 : false
2025-09-02 14:19:39,456 [INFO] ADCParametersView:116 -                Rank 2 : false
2025-09-02 14:19:39,456 [INFO] ADCParametersView:116 -                Rank 3 : false
2025-09-02 14:19:39,456 [INFO] ADCParametersView:116 -                Rank 4 : false
2025-09-02 14:19:39,456 [INFO] ADCParametersView:116 -                Rank 5 : false
2025-09-02 14:19:39,456 [INFO] ADCParametersView:116 -                Rank 6 : false
2025-09-02 14:19:39,456 [INFO] ADCParametersView:116 -                Rank 7 : true
2025-09-02 14:19:39,456 [INFO] ADCParametersView:116 -                Rank 8 : true
2025-09-02 14:19:39,457 [INFO] ADCParametersView:116 -                Rank 1 : false
2025-09-02 14:19:39,457 [INFO] ADCParametersView:116 -                Rank 2 : false
2025-09-02 14:19:39,457 [INFO] ADCParametersView:116 -                Rank 3 : false
2025-09-02 14:19:39,457 [INFO] ADCParametersView:116 -                Rank 4 : false
2025-09-02 14:19:39,457 [INFO] ADCParametersView:116 -                Rank 5 : false
2025-09-02 14:19:39,457 [INFO] ADCParametersView:116 -                Rank 6 : false
2025-09-02 14:19:39,457 [INFO] ADCParametersView:116 -                Rank 7 : true
2025-09-02 14:19:39,457 [INFO] ADCParametersView:116 -                Rank 8 : true
2025-09-02 14:19:39,457 [INFO] ADCParametersView:116 -                Rank 1 : false
2025-09-02 14:19:39,457 [INFO] ADCParametersView:116 -                Rank 2 : false
2025-09-02 14:19:39,457 [INFO] ADCParametersView:116 -                Rank 3 : false
2025-09-02 14:19:39,457 [INFO] ADCParametersView:116 -                Rank 4 : false
2025-09-02 14:19:39,457 [INFO] ADCParametersView:116 -                Rank 5 : false
2025-09-02 14:19:39,457 [INFO] ADCParametersView:116 -                Rank 6 : false
2025-09-02 14:19:39,457 [INFO] ADCParametersView:116 -                Rank 7 : true
2025-09-02 14:19:39,457 [INFO] ADCParametersView:116 -                Rank 8 : true
2025-09-02 14:19:39,457 [INFO] ADCParametersView:116 -                Rank 1 : false
2025-09-02 14:19:39,458 [INFO] ADCParametersView:116 -                Rank 2 : false
2025-09-02 14:19:39,458 [INFO] ADCParametersView:116 -                Rank 3 : false
2025-09-02 14:19:39,458 [INFO] ADCParametersView:116 -                Rank 4 : false
2025-09-02 14:19:39,458 [INFO] ADCParametersView:116 -                Rank 5 : false
2025-09-02 14:19:39,458 [INFO] ADCParametersView:116 -                Rank 6 : false
2025-09-02 14:19:39,458 [INFO] ADCParametersView:116 -                Rank 7 : true
2025-09-02 14:19:39,458 [INFO] ADCParametersView:116 -                Rank 8 : true
2025-09-02 14:19:39,458 [INFO] ADCParametersView:116 -                Rank 1 : false
2025-09-02 14:19:39,458 [INFO] ADCParametersView:116 -                Rank 2 : false
2025-09-02 14:19:39,458 [INFO] ADCParametersView:116 -                Rank 3 : false
2025-09-02 14:19:39,458 [INFO] ADCParametersView:116 -                Rank 4 : false
2025-09-02 14:19:39,458 [INFO] ADCParametersView:116 -                Rank 5 : false
2025-09-02 14:19:39,458 [INFO] ADCParametersView:116 -                Rank 6 : false
2025-09-02 14:19:39,458 [INFO] ADCParametersView:116 -                Rank 7 : true
2025-09-02 14:19:39,458 [INFO] ADCParametersView:116 -                Rank 8 : true
2025-09-02 14:19:39,458 [INFO] ADCParametersView:116 -                Rank 1 : false
2025-09-02 14:19:39,458 [INFO] ADCParametersView:116 -                Rank 2 : false
2025-09-02 14:19:39,458 [INFO] ADCParametersView:116 -                Rank 3 : false
2025-09-02 14:19:39,458 [INFO] ADCParametersView:116 -                Rank 4 : false
2025-09-02 14:19:39,458 [INFO] ADCParametersView:116 -                Rank 5 : false
2025-09-02 14:19:39,458 [INFO] ADCParametersView:116 -                Rank 6 : false
2025-09-02 14:19:39,458 [INFO] ADCParametersView:116 -                Rank 7 : true
2025-09-02 14:19:39,458 [INFO] ADCParametersView:116 -                Rank 8 : true
2025-09-02 14:19:39,458 [INFO] ADCParametersView:116 -                Rank 1 : false
2025-09-02 14:19:39,458 [INFO] ADCParametersView:116 -                Rank 2 : false
2025-09-02 14:19:39,458 [INFO] ADCParametersView:116 -                Rank 3 : false
2025-09-02 14:19:39,458 [INFO] ADCParametersView:116 -                Rank 4 : false
2025-09-02 14:19:39,458 [INFO] ADCParametersView:116 -                Rank 5 : false
2025-09-02 14:19:39,458 [INFO] ADCParametersView:116 -                Rank 6 : false
2025-09-02 14:19:39,458 [INFO] ADCParametersView:116 -                Rank 7 : true
2025-09-02 14:19:39,458 [INFO] ADCParametersView:116 -                Rank 8 : true
2025-09-02 14:19:39,458 [INFO] ADCParametersView:116 -                Rank 1 : false
2025-09-02 14:19:39,458 [INFO] ADCParametersView:116 -                Rank 2 : false
2025-09-02 14:19:39,458 [INFO] ADCParametersView:116 -                Rank 3 : false
2025-09-02 14:19:39,458 [INFO] ADCParametersView:116 -                Rank 4 : false
2025-09-02 14:19:39,458 [INFO] ADCParametersView:116 -                Rank 5 : false
2025-09-02 14:19:39,459 [INFO] ADCParametersView:116 -                Rank 6 : false
2025-09-02 14:19:39,459 [INFO] ADCParametersView:116 -                Rank 7 : true
2025-09-02 14:19:39,459 [INFO] ADCParametersView:116 -                Rank 8 : true
2025-09-02 14:19:39,459 [INFO] ADCParametersView:116 -                Rank 1 : false
2025-09-02 14:19:39,459 [INFO] ADCParametersView:116 -                Rank 2 : false
2025-09-02 14:19:39,459 [INFO] ADCParametersView:116 -                Rank 3 : false
2025-09-02 14:19:39,459 [INFO] ADCParametersView:116 -                Rank 4 : false
2025-09-02 14:19:39,459 [INFO] ADCParametersView:116 -                Rank 5 : false
2025-09-02 14:19:39,459 [INFO] ADCParametersView:116 -                Rank 6 : false
2025-09-02 14:19:39,459 [INFO] ADCParametersView:116 -                Rank 7 : true
2025-09-02 14:19:39,459 [INFO] ADCParametersView:116 -                Rank 8 : true
2025-09-02 14:19:39,459 [INFO] ADCParametersView:116 -                Rank 1 : false
2025-09-02 14:19:39,459 [INFO] ADCParametersView:116 -                Rank 2 : false
2025-09-02 14:19:39,459 [INFO] ADCParametersView:116 -                Rank 3 : false
2025-09-02 14:19:39,459 [INFO] ADCParametersView:116 -                Rank 4 : false
2025-09-02 14:19:39,459 [INFO] ADCParametersView:116 -                Rank 5 : false
2025-09-02 14:19:39,459 [INFO] ADCParametersView:116 -                Rank 6 : false
2025-09-02 14:19:39,459 [INFO] ADCParametersView:116 -                Rank 7 : true
2025-09-02 14:19:39,459 [INFO] ADCParametersView:116 -                Rank 8 : true
2025-09-02 14:19:39,459 [INFO] ADCParametersView:116 -                Rank 1 : false
2025-09-02 14:19:39,459 [INFO] ADCParametersView:116 -                Rank 2 : false
2025-09-02 14:19:39,459 [INFO] ADCParametersView:116 -                Rank 3 : false
2025-09-02 14:19:39,459 [INFO] ADCParametersView:116 -                Rank 4 : false
2025-09-02 14:19:39,459 [INFO] ADCParametersView:116 -                Rank 5 : false
2025-09-02 14:19:39,459 [INFO] ADCParametersView:116 -                Rank 6 : false
2025-09-02 14:19:39,459 [INFO] ADCParametersView:116 -                Rank 7 : true
2025-09-02 14:19:39,459 [INFO] ADCParametersView:116 -                Rank 8 : true
2025-09-02 14:19:39,459 [INFO] ADCParametersView:116 -                Rank 1 : false
2025-09-02 14:19:39,459 [INFO] ADCParametersView:116 -                Rank 2 : false
2025-09-02 14:19:39,459 [INFO] ADCParametersView:116 -                Rank 3 : false
2025-09-02 14:19:39,459 [INFO] ADCParametersView:116 -                Rank 4 : false
2025-09-02 14:19:39,459 [INFO] ADCParametersView:116 -                Rank 5 : false
2025-09-02 14:19:39,459 [INFO] ADCParametersView:116 -                Rank 6 : false
2025-09-02 14:19:39,459 [INFO] ADCParametersView:116 -                Rank 7 : true
2025-09-02 14:19:39,459 [INFO] ADCParametersView:116 -                Rank 8 : true
2025-09-02 14:19:39,459 [INFO] ADCParametersView:116 -                Rank 1 : false
2025-09-02 14:19:39,459 [INFO] ADCParametersView:116 -                Rank 2 : false
2025-09-02 14:19:39,459 [INFO] ADCParametersView:116 -                Rank 3 : false
2025-09-02 14:19:39,459 [INFO] ADCParametersView:116 -                Rank 4 : false
2025-09-02 14:19:39,459 [INFO] ADCParametersView:116 -                Rank 5 : false
2025-09-02 14:19:39,459 [INFO] ADCParametersView:116 -                Rank 6 : false
2025-09-02 14:19:39,459 [INFO] ADCParametersView:116 -                Rank 7 : true
2025-09-02 14:19:39,459 [INFO] ADCParametersView:116 -                Rank 8 : true
2025-09-02 14:19:39,460 [INFO] ADCParametersView:116 -                Rank 1 : false
2025-09-02 14:19:39,460 [INFO] ADCParametersView:116 -                Rank 2 : false
2025-09-02 14:19:39,460 [INFO] ADCParametersView:116 -                Rank 3 : false
2025-09-02 14:19:39,460 [INFO] ADCParametersView:116 -                Rank 4 : false
2025-09-02 14:19:39,460 [INFO] ADCParametersView:116 -                Rank 5 : false
2025-09-02 14:19:39,460 [INFO] ADCParametersView:116 -                Rank 6 : false
2025-09-02 14:19:39,460 [INFO] ADCParametersView:116 -                Rank 7 : true
2025-09-02 14:19:39,460 [INFO] ADCParametersView:116 -                Rank 8 : true
2025-09-02 14:19:39,460 [INFO] ADCParametersView:116 -                Rank 2 : false
2025-09-02 14:19:39,460 [INFO] ADCParametersView:116 -                Rank 3 : false
2025-09-02 14:19:39,460 [INFO] ADCParametersView:116 -                Rank 4 : false
2025-09-02 14:19:39,460 [INFO] ADCParametersView:116 -                Rank 5 : false
2025-09-02 14:19:39,460 [INFO] ADCParametersView:116 -                Rank 6 : false
2025-09-02 14:19:39,460 [INFO] ADCParametersView:116 -                Rank 7 : true
2025-09-02 14:19:39,460 [INFO] ADCParametersView:116 -                Rank 8 : true
2025-09-02 14:19:39,460 [INFO] ADCParametersView:116 -                Rank 3 : false
2025-09-02 14:19:39,460 [INFO] ADCParametersView:116 -                Rank 4 : false
2025-09-02 14:19:39,460 [INFO] ADCParametersView:116 -                Rank 5 : false
2025-09-02 14:19:39,460 [INFO] ADCParametersView:116 -                Rank 6 : false
2025-09-02 14:19:39,460 [INFO] ADCParametersView:116 -                Rank 7 : true
2025-09-02 14:19:39,460 [INFO] ADCParametersView:116 -                Rank 8 : true
2025-09-02 14:19:39,460 [INFO] ADCParametersView:116 -                Rank 4 : false
2025-09-02 14:19:39,460 [INFO] ADCParametersView:116 -                Rank 5 : false
2025-09-02 14:19:39,460 [INFO] ADCParametersView:116 -                Rank 6 : false
2025-09-02 14:19:39,460 [INFO] ADCParametersView:116 -                Rank 7 : true
2025-09-02 14:19:39,460 [INFO] ADCParametersView:116 -                Rank 8 : true
2025-09-02 14:19:39,460 [INFO] ADCParametersView:116 -                Rank 5 : false
2025-09-02 14:19:39,460 [INFO] ADCParametersView:116 -                Rank 6 : false
2025-09-02 14:19:39,460 [INFO] ADCParametersView:116 -                Rank 7 : true
2025-09-02 14:19:39,460 [INFO] ADCParametersView:116 -                Rank 8 : true
2025-09-02 14:19:39,460 [INFO] ADCParametersView:116 -                Rank 6 : false
2025-09-02 14:19:39,460 [INFO] ADCParametersView:116 -                Rank 7 : true
2025-09-02 14:19:39,460 [INFO] ADCParametersView:116 -                Rank 8 : true
2025-09-02 14:19:39,460 [INFO] ADCParametersView:116 -                Rank 7 : true
2025-09-02 14:19:39,460 [INFO] ADCParametersView:116 -                Rank 8 : true
2025-09-02 14:19:39,460 [INFO] ADCParametersView:116 -                Rank 8 : true
2025-09-02 14:19:39,510 [INFO] ADCParametersView:116 -                Rank 1 : false
2025-09-02 14:19:39,510 [INFO] ADCParametersView:116 -                Rank 1 : false
2025-09-02 14:19:39,510 [INFO] ADCParametersView:116 -                Rank 2 : false
2025-09-02 14:19:39,510 [INFO] ADCParametersView:116 -                Rank 1 : false
2025-09-02 14:19:39,510 [INFO] ADCParametersView:116 -                Rank 2 : false
2025-09-02 14:19:39,511 [INFO] ADCParametersView:116 -                Rank 3 : false
2025-09-02 14:19:39,511 [INFO] ADCParametersView:116 -                Rank 1 : false
2025-09-02 14:19:39,511 [INFO] ADCParametersView:116 -                Rank 2 : false
2025-09-02 14:19:39,511 [INFO] ADCParametersView:116 -                Rank 3 : false
2025-09-02 14:19:39,511 [INFO] ADCParametersView:116 -                Rank 4 : false
2025-09-02 14:19:39,511 [INFO] ADCParametersView:116 -                Rank 1 : false
2025-09-02 14:19:39,511 [INFO] ADCParametersView:116 -                Rank 2 : false
2025-09-02 14:19:39,511 [INFO] ADCParametersView:116 -                Rank 3 : false
2025-09-02 14:19:39,511 [INFO] ADCParametersView:116 -                Rank 4 : false
2025-09-02 14:19:39,511 [INFO] ADCParametersView:116 -                Rank 5 : false
2025-09-02 14:19:39,511 [INFO] ADCParametersView:116 -                Rank 1 : false
2025-09-02 14:19:39,511 [INFO] ADCParametersView:116 -                Rank 2 : false
2025-09-02 14:19:39,511 [INFO] ADCParametersView:116 -                Rank 3 : false
2025-09-02 14:19:39,511 [INFO] ADCParametersView:116 -                Rank 4 : false
2025-09-02 14:19:39,511 [INFO] ADCParametersView:116 -                Rank 5 : false
2025-09-02 14:19:39,511 [INFO] ADCParametersView:116 -                Rank 6 : false
2025-09-02 14:19:39,511 [INFO] ADCParametersView:116 -                Rank 1 : false
2025-09-02 14:19:39,511 [INFO] ADCParametersView:116 -                Rank 2 : false
2025-09-02 14:19:39,511 [INFO] ADCParametersView:116 -                Rank 3 : false
2025-09-02 14:19:39,511 [INFO] ADCParametersView:116 -                Rank 4 : false
2025-09-02 14:19:39,511 [INFO] ADCParametersView:116 -                Rank 5 : false
2025-09-02 14:19:39,511 [INFO] ADCParametersView:116 -                Rank 6 : false
2025-09-02 14:19:39,511 [INFO] ADCParametersView:116 -                Rank 7 : true
2025-09-02 14:19:39,511 [INFO] ADCParametersView:116 -                Rank 1 : false
2025-09-02 14:19:39,511 [INFO] ADCParametersView:116 -                Rank 2 : false
2025-09-02 14:19:39,511 [INFO] ADCParametersView:116 -                Rank 3 : false
2025-09-02 14:19:39,511 [INFO] ADCParametersView:116 -                Rank 4 : false
2025-09-02 14:19:39,511 [INFO] ADCParametersView:116 -                Rank 5 : false
2025-09-02 14:19:39,511 [INFO] ADCParametersView:116 -                Rank 6 : false
2025-09-02 14:19:39,511 [INFO] ADCParametersView:116 -                Rank 7 : true
2025-09-02 14:19:39,511 [INFO] ADCParametersView:116 -                Rank 8 : true
2025-09-02 14:19:39,567 [INFO] ADCParametersView:116 -                Rank 1 : false
2025-09-02 14:19:39,567 [INFO] ADCParametersView:116 -                Rank 2 : false
2025-09-02 14:19:39,567 [INFO] ADCParametersView:116 -                Rank 3 : false
2025-09-02 14:19:39,567 [INFO] ADCParametersView:116 -                Rank 4 : false
2025-09-02 14:19:39,567 [INFO] ADCParametersView:116 -                Rank 5 : false
2025-09-02 14:19:39,567 [INFO] ADCParametersView:116 -                Rank 6 : false
2025-09-02 14:19:39,567 [INFO] ADCParametersView:116 -                Rank 7 : true
2025-09-02 14:19:39,567 [INFO] ADCParametersView:116 -                Rank 8 : true
2025-09-02 14:19:39,568 [INFO] ADCParametersView:116 -                Rank 1 : false
2025-09-02 14:19:39,568 [INFO] ADCParametersView:116 -                Rank 2 : false
2025-09-02 14:19:39,568 [INFO] ADCParametersView:116 -                Rank 3 : false
2025-09-02 14:19:39,568 [INFO] ADCParametersView:116 -                Rank 4 : false
2025-09-02 14:19:39,568 [INFO] ADCParametersView:116 -                Rank 5 : false
2025-09-02 14:19:39,568 [INFO] ADCParametersView:116 -                Rank 6 : false
2025-09-02 14:19:39,568 [INFO] ADCParametersView:116 -                Rank 7 : true
2025-09-02 14:19:39,568 [INFO] ADCParametersView:116 -                Rank 8 : true
2025-09-02 14:19:39,568 [INFO] ADCParametersView:116 -                Rank 1 : false
2025-09-02 14:19:39,568 [INFO] ADCParametersView:116 -                Rank 2 : false
2025-09-02 14:19:39,568 [INFO] ADCParametersView:116 -                Rank 3 : false
2025-09-02 14:19:39,568 [INFO] ADCParametersView:116 -                Rank 4 : false
2025-09-02 14:19:39,568 [INFO] ADCParametersView:116 -                Rank 5 : false
2025-09-02 14:19:39,568 [INFO] ADCParametersView:116 -                Rank 6 : false
2025-09-02 14:19:39,568 [INFO] ADCParametersView:116 -                Rank 7 : true
2025-09-02 14:19:39,568 [INFO] ADCParametersView:116 -                Rank 8 : true
2025-09-02 14:19:39,568 [INFO] ADCParametersView:116 -                Rank 1 : false
2025-09-02 14:19:39,568 [INFO] ADCParametersView:116 -                Rank 2 : false
2025-09-02 14:19:39,568 [INFO] ADCParametersView:116 -                Rank 3 : false
2025-09-02 14:19:39,568 [INFO] ADCParametersView:116 -                Rank 4 : false
2025-09-02 14:19:39,568 [INFO] ADCParametersView:116 -                Rank 5 : false
2025-09-02 14:19:39,568 [INFO] ADCParametersView:116 -                Rank 6 : false
2025-09-02 14:19:39,568 [INFO] ADCParametersView:116 -                Rank 7 : true
2025-09-02 14:19:39,568 [INFO] ADCParametersView:116 -                Rank 8 : true
2025-09-02 14:19:39,568 [INFO] ADCParametersView:116 -                Rank 1 : false
2025-09-02 14:19:39,568 [INFO] ADCParametersView:116 -                Rank 2 : false
2025-09-02 14:19:39,569 [INFO] ADCParametersView:116 -                Rank 3 : false
2025-09-02 14:19:39,569 [INFO] ADCParametersView:116 -                Rank 4 : false
2025-09-02 14:19:39,569 [INFO] ADCParametersView:116 -                Rank 5 : false
2025-09-02 14:19:39,569 [INFO] ADCParametersView:116 -                Rank 6 : false
2025-09-02 14:19:39,569 [INFO] ADCParametersView:116 -                Rank 7 : true
2025-09-02 14:19:39,569 [INFO] ADCParametersView:116 -                Rank 8 : true
2025-09-02 14:19:39,569 [INFO] ADCParametersView:116 -                Rank 1 : false
2025-09-02 14:19:39,569 [INFO] ADCParametersView:116 -                Rank 2 : false
2025-09-02 14:19:39,569 [INFO] ADCParametersView:116 -                Rank 3 : false
2025-09-02 14:19:39,569 [INFO] ADCParametersView:116 -                Rank 4 : false
2025-09-02 14:19:39,569 [INFO] ADCParametersView:116 -                Rank 5 : false
2025-09-02 14:19:39,569 [INFO] ADCParametersView:116 -                Rank 6 : false
2025-09-02 14:19:39,569 [INFO] ADCParametersView:116 -                Rank 7 : true
2025-09-02 14:19:39,569 [INFO] ADCParametersView:116 -                Rank 8 : true
2025-09-02 14:19:39,569 [INFO] ADCParametersView:116 -                Rank 1 : false
2025-09-02 14:19:39,569 [INFO] ADCParametersView:116 -                Rank 2 : false
2025-09-02 14:19:39,569 [INFO] ADCParametersView:116 -                Rank 3 : false
2025-09-02 14:19:39,569 [INFO] ADCParametersView:116 -                Rank 4 : false
2025-09-02 14:19:39,569 [INFO] ADCParametersView:116 -                Rank 5 : false
2025-09-02 14:19:39,569 [INFO] ADCParametersView:116 -                Rank 6 : false
2025-09-02 14:19:39,569 [INFO] ADCParametersView:116 -                Rank 7 : true
2025-09-02 14:19:39,569 [INFO] ADCParametersView:116 -                Rank 8 : true
2025-09-02 14:19:39,569 [INFO] ADCParametersView:116 -                Rank 1 : false
2025-09-02 14:19:39,569 [INFO] ADCParametersView:116 -                Rank 2 : false
2025-09-02 14:19:39,569 [INFO] ADCParametersView:116 -                Rank 3 : false
2025-09-02 14:19:39,569 [INFO] ADCParametersView:116 -                Rank 4 : false
2025-09-02 14:19:39,569 [INFO] ADCParametersView:116 -                Rank 5 : false
2025-09-02 14:19:39,569 [INFO] ADCParametersView:116 -                Rank 6 : false
2025-09-02 14:19:39,569 [INFO] ADCParametersView:116 -                Rank 7 : true
2025-09-02 14:19:39,569 [INFO] ADCParametersView:116 -                Rank 8 : true
2025-09-02 14:19:39,569 [INFO] ADCParametersView:116 -                Rank 1 : false
2025-09-02 14:19:39,569 [INFO] ADCParametersView:116 -                Rank 2 : false
2025-09-02 14:19:39,569 [INFO] ADCParametersView:116 -                Rank 3 : false
2025-09-02 14:19:39,569 [INFO] ADCParametersView:116 -                Rank 4 : false
2025-09-02 14:19:39,569 [INFO] ADCParametersView:116 -                Rank 5 : false
2025-09-02 14:19:39,569 [INFO] ADCParametersView:116 -                Rank 6 : false
2025-09-02 14:19:39,569 [INFO] ADCParametersView:116 -                Rank 7 : true
2025-09-02 14:19:39,569 [INFO] ADCParametersView:116 -                Rank 8 : true
2025-09-02 14:19:39,569 [INFO] ADCParametersView:116 -                Rank 1 : false
2025-09-02 14:19:39,569 [INFO] ADCParametersView:116 -                Rank 2 : false
2025-09-02 14:19:39,569 [INFO] ADCParametersView:116 -                Rank 3 : false
2025-09-02 14:19:39,569 [INFO] ADCParametersView:116 -                Rank 4 : false
2025-09-02 14:19:39,569 [INFO] ADCParametersView:116 -                Rank 5 : false
2025-09-02 14:19:39,569 [INFO] ADCParametersView:116 -                Rank 6 : false
2025-09-02 14:19:39,569 [INFO] ADCParametersView:116 -                Rank 7 : true
2025-09-02 14:19:39,570 [INFO] ADCParametersView:116 -                Rank 8 : true
2025-09-02 14:19:39,570 [INFO] ADCParametersView:116 -                Rank 1 : false
2025-09-02 14:19:39,570 [INFO] ADCParametersView:116 -                Rank 2 : false
2025-09-02 14:19:39,570 [INFO] ADCParametersView:116 -                Rank 3 : false
2025-09-02 14:19:39,570 [INFO] ADCParametersView:116 -                Rank 4 : false
2025-09-02 14:19:39,570 [INFO] ADCParametersView:116 -                Rank 5 : false
2025-09-02 14:19:39,570 [INFO] ADCParametersView:116 -                Rank 6 : false
2025-09-02 14:19:39,570 [INFO] ADCParametersView:116 -                Rank 7 : true
2025-09-02 14:19:39,570 [INFO] ADCParametersView:116 -                Rank 8 : true
2025-09-02 14:19:39,570 [INFO] ADCParametersView:116 -                Rank 1 : false
2025-09-02 14:19:39,570 [INFO] ADCParametersView:116 -                Rank 2 : false
2025-09-02 14:19:39,570 [INFO] ADCParametersView:116 -                Rank 3 : false
2025-09-02 14:19:39,570 [INFO] ADCParametersView:116 -                Rank 4 : false
2025-09-02 14:19:39,570 [INFO] ADCParametersView:116 -                Rank 5 : false
2025-09-02 14:19:39,570 [INFO] ADCParametersView:116 -                Rank 6 : false
2025-09-02 14:19:39,570 [INFO] ADCParametersView:116 -                Rank 7 : true
2025-09-02 14:19:39,570 [INFO] ADCParametersView:116 -                Rank 8 : true
2025-09-02 14:19:39,570 [INFO] ADCParametersView:116 -                Rank 1 : false
2025-09-02 14:19:39,570 [INFO] ADCParametersView:116 -                Rank 2 : false
2025-09-02 14:19:39,570 [INFO] ADCParametersView:116 -                Rank 3 : false
2025-09-02 14:19:39,570 [INFO] ADCParametersView:116 -                Rank 4 : false
2025-09-02 14:19:39,570 [INFO] ADCParametersView:116 -                Rank 5 : false
2025-09-02 14:19:39,570 [INFO] ADCParametersView:116 -                Rank 6 : false
2025-09-02 14:19:39,570 [INFO] ADCParametersView:116 -                Rank 7 : true
2025-09-02 14:19:39,570 [INFO] ADCParametersView:116 -                Rank 8 : true
2025-09-02 14:19:39,570 [INFO] ADCParametersView:116 -                Rank 1 : false
2025-09-02 14:19:39,570 [INFO] ADCParametersView:116 -                Rank 2 : false
2025-09-02 14:19:39,570 [INFO] ADCParametersView:116 -                Rank 3 : false
2025-09-02 14:19:39,570 [INFO] ADCParametersView:116 -                Rank 4 : false
2025-09-02 14:19:39,570 [INFO] ADCParametersView:116 -                Rank 5 : false
2025-09-02 14:19:39,570 [INFO] ADCParametersView:116 -                Rank 6 : false
2025-09-02 14:19:39,570 [INFO] ADCParametersView:116 -                Rank 7 : true
2025-09-02 14:19:39,570 [INFO] ADCParametersView:116 -                Rank 8 : true
2025-09-02 14:19:39,570 [INFO] ADCParametersView:116 -                Rank 2 : false
2025-09-02 14:19:39,570 [INFO] ADCParametersView:116 -                Rank 3 : false
2025-09-02 14:19:39,570 [INFO] ADCParametersView:116 -                Rank 4 : false
2025-09-02 14:19:39,570 [INFO] ADCParametersView:116 -                Rank 5 : false
2025-09-02 14:19:39,570 [INFO] ADCParametersView:116 -                Rank 6 : false
2025-09-02 14:19:39,570 [INFO] ADCParametersView:116 -                Rank 7 : true
2025-09-02 14:19:39,570 [INFO] ADCParametersView:116 -                Rank 8 : true
2025-09-02 14:19:39,570 [INFO] ADCParametersView:116 -                Rank 3 : false
2025-09-02 14:19:39,570 [INFO] ADCParametersView:116 -                Rank 4 : false
2025-09-02 14:19:39,570 [INFO] ADCParametersView:116 -                Rank 5 : false
2025-09-02 14:19:39,570 [INFO] ADCParametersView:116 -                Rank 6 : false
2025-09-02 14:19:39,570 [INFO] ADCParametersView:116 -                Rank 7 : true
2025-09-02 14:19:39,570 [INFO] ADCParametersView:116 -                Rank 8 : true
2025-09-02 14:19:39,571 [INFO] ADCParametersView:116 -                Rank 4 : false
2025-09-02 14:19:39,571 [INFO] ADCParametersView:116 -                Rank 5 : false
2025-09-02 14:19:39,571 [INFO] ADCParametersView:116 -                Rank 6 : false
2025-09-02 14:19:39,571 [INFO] ADCParametersView:116 -                Rank 7 : true
2025-09-02 14:19:39,571 [INFO] ADCParametersView:116 -                Rank 8 : true
2025-09-02 14:19:39,571 [INFO] ADCParametersView:116 -                Rank 5 : false
2025-09-02 14:19:39,571 [INFO] ADCParametersView:116 -                Rank 6 : false
2025-09-02 14:19:39,571 [INFO] ADCParametersView:116 -                Rank 7 : true
2025-09-02 14:19:39,571 [INFO] ADCParametersView:116 -                Rank 8 : true
2025-09-02 14:19:39,571 [INFO] ADCParametersView:116 -                Rank 6 : false
2025-09-02 14:19:39,571 [INFO] ADCParametersView:116 -                Rank 7 : true
2025-09-02 14:19:39,571 [INFO] ADCParametersView:116 -                Rank 8 : true
2025-09-02 14:19:39,571 [INFO] ADCParametersView:116 -                Rank 7 : true
2025-09-02 14:19:39,571 [INFO] ADCParametersView:116 -                Rank 8 : true
2025-09-02 14:19:39,571 [INFO] ADCParametersView:116 -                Rank 8 : true
2025-09-02 14:19:39,615 [INFO] ADCParametersView:116 -                Rank 1 : false
2025-09-02 14:19:39,615 [INFO] ADCParametersView:116 -                Rank 1 : false
2025-09-02 14:19:39,615 [INFO] ADCParametersView:116 -                Rank 2 : false
2025-09-02 14:19:39,615 [INFO] ADCParametersView:116 -                Rank 1 : false
2025-09-02 14:19:39,615 [INFO] ADCParametersView:116 -                Rank 2 : false
2025-09-02 14:19:39,615 [INFO] ADCParametersView:116 -                Rank 3 : false
2025-09-02 14:19:39,615 [INFO] ADCParametersView:116 -                Rank 1 : false
2025-09-02 14:19:39,615 [INFO] ADCParametersView:116 -                Rank 2 : false
2025-09-02 14:19:39,615 [INFO] ADCParametersView:116 -                Rank 3 : false
2025-09-02 14:19:39,616 [INFO] ADCParametersView:116 -                Rank 4 : false
2025-09-02 14:19:39,616 [INFO] ADCParametersView:116 -                Rank 1 : false
2025-09-02 14:19:39,616 [INFO] ADCParametersView:116 -                Rank 2 : false
2025-09-02 14:19:39,616 [INFO] ADCParametersView:116 -                Rank 3 : false
2025-09-02 14:19:39,616 [INFO] ADCParametersView:116 -                Rank 4 : false
2025-09-02 14:19:39,616 [INFO] ADCParametersView:116 -                Rank 5 : false
2025-09-02 14:19:39,616 [INFO] ADCParametersView:116 -                Rank 1 : false
2025-09-02 14:19:39,616 [INFO] ADCParametersView:116 -                Rank 2 : false
2025-09-02 14:19:39,616 [INFO] ADCParametersView:116 -                Rank 3 : false
2025-09-02 14:19:39,616 [INFO] ADCParametersView:116 -                Rank 4 : false
2025-09-02 14:19:39,616 [INFO] ADCParametersView:116 -                Rank 5 : false
2025-09-02 14:19:39,616 [INFO] ADCParametersView:116 -                Rank 6 : false
2025-09-02 14:19:39,616 [INFO] ADCParametersView:116 -                Rank 1 : false
2025-09-02 14:19:39,616 [INFO] ADCParametersView:116 -                Rank 2 : false
2025-09-02 14:19:39,616 [INFO] ADCParametersView:116 -                Rank 3 : false
2025-09-02 14:19:39,616 [INFO] ADCParametersView:116 -                Rank 4 : false
2025-09-02 14:19:39,616 [INFO] ADCParametersView:116 -                Rank 5 : false
2025-09-02 14:19:39,616 [INFO] ADCParametersView:116 -                Rank 6 : false
2025-09-02 14:19:39,616 [INFO] ADCParametersView:116 -                Rank 7 : true
2025-09-02 14:19:39,616 [INFO] ADCParametersView:116 -                Rank 1 : false
2025-09-02 14:19:39,616 [INFO] ADCParametersView:116 -                Rank 2 : false
2025-09-02 14:19:39,616 [INFO] ADCParametersView:116 -                Rank 3 : false
2025-09-02 14:19:39,616 [INFO] ADCParametersView:116 -                Rank 4 : false
2025-09-02 14:19:39,616 [INFO] ADCParametersView:116 -                Rank 5 : false
2025-09-02 14:19:39,616 [INFO] ADCParametersView:116 -                Rank 6 : false
2025-09-02 14:19:39,616 [INFO] ADCParametersView:116 -                Rank 7 : true
2025-09-02 14:19:39,616 [INFO] ADCParametersView:116 -                Rank 8 : true
2025-09-02 14:19:58,649 [INFO] NvicIntPanel:101 - NVIC parent = com.st.microxplorer.plugins.ip.nvic.MultiNvicIntPanel[,0,0,0x0,invalid,layout=javax.swing.BoxLayout,alignmentX=0.0,alignmentY=0.0,border=,flags=9,maximumSize=,minimumSize=,preferredSize=]
2025-09-02 14:19:58,717 [INFO] ADCParametersView:116 -                Rank 1 : false
2025-09-02 14:19:58,717 [INFO] ADCParametersView:116 -                Rank 2 : false
2025-09-02 14:19:58,717 [INFO] ADCParametersView:116 -                Rank 3 : false
2025-09-02 14:19:58,717 [INFO] ADCParametersView:116 -                Rank 4 : false
2025-09-02 14:19:58,717 [INFO] ADCParametersView:116 -                Rank 5 : false
2025-09-02 14:19:58,717 [INFO] ADCParametersView:116 -                Rank 6 : false
2025-09-02 14:19:58,717 [INFO] ADCParametersView:116 -                Rank 7 : true
2025-09-02 14:19:58,717 [INFO] ADCParametersView:116 -                Rank 8 : true
2025-09-02 14:19:58,718 [INFO] ADCParametersView:116 -                Rank 1 : false
2025-09-02 14:19:58,718 [INFO] ADCParametersView:116 -                Rank 2 : false
2025-09-02 14:19:58,718 [INFO] ADCParametersView:116 -                Rank 3 : false
2025-09-02 14:19:58,718 [INFO] ADCParametersView:116 -                Rank 4 : false
2025-09-02 14:19:58,718 [INFO] ADCParametersView:116 -                Rank 5 : false
2025-09-02 14:19:58,718 [INFO] ADCParametersView:116 -                Rank 6 : false
2025-09-02 14:19:58,718 [INFO] ADCParametersView:116 -                Rank 7 : true
2025-09-02 14:19:58,718 [INFO] ADCParametersView:116 -                Rank 8 : true
2025-09-02 14:19:58,718 [INFO] ADCParametersView:116 -                Rank 1 : false
2025-09-02 14:19:58,718 [INFO] ADCParametersView:116 -                Rank 2 : false
2025-09-02 14:19:58,718 [INFO] ADCParametersView:116 -                Rank 3 : false
2025-09-02 14:19:58,718 [INFO] ADCParametersView:116 -                Rank 4 : false
2025-09-02 14:19:58,718 [INFO] ADCParametersView:116 -                Rank 5 : false
2025-09-02 14:19:58,718 [INFO] ADCParametersView:116 -                Rank 6 : false
2025-09-02 14:19:58,718 [INFO] ADCParametersView:116 -                Rank 7 : true
2025-09-02 14:19:58,718 [INFO] ADCParametersView:116 -                Rank 8 : true
2025-09-02 14:19:58,718 [INFO] ADCParametersView:116 -                Rank 1 : false
2025-09-02 14:19:58,719 [INFO] ADCParametersView:116 -                Rank 2 : false
2025-09-02 14:19:58,719 [INFO] ADCParametersView:116 -                Rank 3 : false
2025-09-02 14:19:58,719 [INFO] ADCParametersView:116 -                Rank 4 : false
2025-09-02 14:19:58,719 [INFO] ADCParametersView:116 -                Rank 5 : false
2025-09-02 14:19:58,719 [INFO] ADCParametersView:116 -                Rank 6 : false
2025-09-02 14:19:58,719 [INFO] ADCParametersView:116 -                Rank 7 : true
2025-09-02 14:19:58,719 [INFO] ADCParametersView:116 -                Rank 8 : true
2025-09-02 14:19:58,719 [INFO] ADCParametersView:116 -                Rank 1 : false
2025-09-02 14:19:58,719 [INFO] ADCParametersView:116 -                Rank 2 : false
2025-09-02 14:19:58,719 [INFO] ADCParametersView:116 -                Rank 3 : false
2025-09-02 14:19:58,719 [INFO] ADCParametersView:116 -                Rank 4 : false
2025-09-02 14:19:58,719 [INFO] ADCParametersView:116 -                Rank 5 : false
2025-09-02 14:19:58,719 [INFO] ADCParametersView:116 -                Rank 6 : false
2025-09-02 14:19:58,719 [INFO] ADCParametersView:116 -                Rank 7 : true
2025-09-02 14:19:58,719 [INFO] ADCParametersView:116 -                Rank 8 : true
2025-09-02 14:19:58,719 [INFO] ADCParametersView:116 -                Rank 1 : false
2025-09-02 14:19:58,719 [INFO] ADCParametersView:116 -                Rank 2 : false
2025-09-02 14:19:58,719 [INFO] ADCParametersView:116 -                Rank 3 : false
2025-09-02 14:19:58,719 [INFO] ADCParametersView:116 -                Rank 4 : false
2025-09-02 14:19:58,719 [INFO] ADCParametersView:116 -                Rank 5 : false
2025-09-02 14:19:58,719 [INFO] ADCParametersView:116 -                Rank 6 : false
2025-09-02 14:19:58,719 [INFO] ADCParametersView:116 -                Rank 7 : true
2025-09-02 14:19:58,719 [INFO] ADCParametersView:116 -                Rank 8 : true
2025-09-02 14:19:58,719 [INFO] ADCParametersView:116 -                Rank 1 : false
2025-09-02 14:19:58,719 [INFO] ADCParametersView:116 -                Rank 2 : false
2025-09-02 14:19:58,719 [INFO] ADCParametersView:116 -                Rank 3 : false
2025-09-02 14:19:58,719 [INFO] ADCParametersView:116 -                Rank 4 : false
2025-09-02 14:19:58,719 [INFO] ADCParametersView:116 -                Rank 5 : false
2025-09-02 14:19:58,719 [INFO] ADCParametersView:116 -                Rank 6 : false
2025-09-02 14:19:58,719 [INFO] ADCParametersView:116 -                Rank 7 : true
2025-09-02 14:19:58,719 [INFO] ADCParametersView:116 -                Rank 8 : true
2025-09-02 14:19:58,719 [INFO] ADCParametersView:116 -                Rank 1 : false
2025-09-02 14:19:58,719 [INFO] ADCParametersView:116 -                Rank 2 : false
2025-09-02 14:19:58,719 [INFO] ADCParametersView:116 -                Rank 3 : false
2025-09-02 14:19:58,719 [INFO] ADCParametersView:116 -                Rank 4 : false
2025-09-02 14:19:58,719 [INFO] ADCParametersView:116 -                Rank 5 : false
2025-09-02 14:19:58,719 [INFO] ADCParametersView:116 -                Rank 6 : false
2025-09-02 14:19:58,719 [INFO] ADCParametersView:116 -                Rank 7 : true
2025-09-02 14:19:58,719 [INFO] ADCParametersView:116 -                Rank 8 : true
2025-09-02 14:19:58,719 [INFO] ADCParametersView:116 -                Rank 1 : false
2025-09-02 14:19:58,719 [INFO] ADCParametersView:116 -                Rank 2 : false
2025-09-02 14:19:58,719 [INFO] ADCParametersView:116 -                Rank 3 : false
2025-09-02 14:19:58,719 [INFO] ADCParametersView:116 -                Rank 4 : false
2025-09-02 14:19:58,719 [INFO] ADCParametersView:116 -                Rank 5 : false
2025-09-02 14:19:58,720 [INFO] ADCParametersView:116 -                Rank 6 : false
2025-09-02 14:19:58,720 [INFO] ADCParametersView:116 -                Rank 7 : true
2025-09-02 14:19:58,720 [INFO] ADCParametersView:116 -                Rank 8 : true
2025-09-02 14:19:58,720 [INFO] ADCParametersView:116 -                Rank 1 : false
2025-09-02 14:19:58,720 [INFO] ADCParametersView:116 -                Rank 2 : false
2025-09-02 14:19:58,720 [INFO] ADCParametersView:116 -                Rank 3 : false
2025-09-02 14:19:58,720 [INFO] ADCParametersView:116 -                Rank 4 : false
2025-09-02 14:19:58,720 [INFO] ADCParametersView:116 -                Rank 5 : false
2025-09-02 14:19:58,720 [INFO] ADCParametersView:116 -                Rank 6 : false
2025-09-02 14:19:58,720 [INFO] ADCParametersView:116 -                Rank 7 : true
2025-09-02 14:19:58,720 [INFO] ADCParametersView:116 -                Rank 8 : true
2025-09-02 14:19:58,720 [INFO] ADCParametersView:116 -                Rank 1 : false
2025-09-02 14:19:58,720 [INFO] ADCParametersView:116 -                Rank 2 : false
2025-09-02 14:19:58,720 [INFO] ADCParametersView:116 -                Rank 3 : false
2025-09-02 14:19:58,720 [INFO] ADCParametersView:116 -                Rank 4 : false
2025-09-02 14:19:58,720 [INFO] ADCParametersView:116 -                Rank 5 : false
2025-09-02 14:19:58,720 [INFO] ADCParametersView:116 -                Rank 6 : false
2025-09-02 14:19:58,720 [INFO] ADCParametersView:116 -                Rank 7 : true
2025-09-02 14:19:58,720 [INFO] ADCParametersView:116 -                Rank 8 : true
2025-09-02 14:19:58,720 [INFO] ADCParametersView:116 -                Rank 1 : false
2025-09-02 14:19:58,720 [INFO] ADCParametersView:116 -                Rank 2 : false
2025-09-02 14:19:58,720 [INFO] ADCParametersView:116 -                Rank 3 : false
2025-09-02 14:19:58,720 [INFO] ADCParametersView:116 -                Rank 4 : false
2025-09-02 14:19:58,720 [INFO] ADCParametersView:116 -                Rank 5 : false
2025-09-02 14:19:58,720 [INFO] ADCParametersView:116 -                Rank 6 : false
2025-09-02 14:19:58,720 [INFO] ADCParametersView:116 -                Rank 7 : true
2025-09-02 14:19:58,720 [INFO] ADCParametersView:116 -                Rank 8 : true
2025-09-02 14:19:58,720 [INFO] ADCParametersView:116 -                Rank 1 : false
2025-09-02 14:19:58,720 [INFO] ADCParametersView:116 -                Rank 2 : false
2025-09-02 14:19:58,720 [INFO] ADCParametersView:116 -                Rank 3 : false
2025-09-02 14:19:58,720 [INFO] ADCParametersView:116 -                Rank 4 : false
2025-09-02 14:19:58,720 [INFO] ADCParametersView:116 -                Rank 5 : false
2025-09-02 14:19:58,720 [INFO] ADCParametersView:116 -                Rank 6 : false
2025-09-02 14:19:58,720 [INFO] ADCParametersView:116 -                Rank 7 : true
2025-09-02 14:19:58,720 [INFO] ADCParametersView:116 -                Rank 8 : true
2025-09-02 14:19:58,720 [INFO] ADCParametersView:116 -                Rank 1 : false
2025-09-02 14:19:58,720 [INFO] ADCParametersView:116 -                Rank 2 : false
2025-09-02 14:19:58,720 [INFO] ADCParametersView:116 -                Rank 3 : false
2025-09-02 14:19:58,720 [INFO] ADCParametersView:116 -                Rank 4 : false
2025-09-02 14:19:58,720 [INFO] ADCParametersView:116 -                Rank 5 : false
2025-09-02 14:19:58,720 [INFO] ADCParametersView:116 -                Rank 6 : false
2025-09-02 14:19:58,720 [INFO] ADCParametersView:116 -                Rank 7 : true
2025-09-02 14:19:58,720 [INFO] ADCParametersView:116 -                Rank 8 : true
2025-09-02 14:19:58,720 [INFO] ADCParametersView:116 -                Rank 2 : false
2025-09-02 14:19:58,720 [INFO] ADCParametersView:116 -                Rank 3 : false
2025-09-02 14:19:58,721 [INFO] ADCParametersView:116 -                Rank 4 : false
2025-09-02 14:19:58,721 [INFO] ADCParametersView:116 -                Rank 5 : false
2025-09-02 14:19:58,721 [INFO] ADCParametersView:116 -                Rank 6 : false
2025-09-02 14:19:58,721 [INFO] ADCParametersView:116 -                Rank 7 : true
2025-09-02 14:19:58,721 [INFO] ADCParametersView:116 -                Rank 8 : true
2025-09-02 14:19:58,721 [INFO] ADCParametersView:116 -                Rank 3 : false
2025-09-02 14:19:58,721 [INFO] ADCParametersView:116 -                Rank 4 : false
2025-09-02 14:19:58,721 [INFO] ADCParametersView:116 -                Rank 5 : false
2025-09-02 14:19:58,721 [INFO] ADCParametersView:116 -                Rank 6 : false
2025-09-02 14:19:58,721 [INFO] ADCParametersView:116 -                Rank 7 : true
2025-09-02 14:19:58,721 [INFO] ADCParametersView:116 -                Rank 8 : true
2025-09-02 14:19:58,721 [INFO] ADCParametersView:116 -                Rank 4 : false
2025-09-02 14:19:58,721 [INFO] ADCParametersView:116 -                Rank 5 : false
2025-09-02 14:19:58,721 [INFO] ADCParametersView:116 -                Rank 6 : false
2025-09-02 14:19:58,721 [INFO] ADCParametersView:116 -                Rank 7 : true
2025-09-02 14:19:58,721 [INFO] ADCParametersView:116 -                Rank 8 : true
2025-09-02 14:19:58,721 [INFO] ADCParametersView:116 -                Rank 5 : false
2025-09-02 14:19:58,721 [INFO] ADCParametersView:116 -                Rank 6 : false
2025-09-02 14:19:58,721 [INFO] ADCParametersView:116 -                Rank 7 : true
2025-09-02 14:19:58,721 [INFO] ADCParametersView:116 -                Rank 8 : true
2025-09-02 14:19:58,721 [INFO] ADCParametersView:116 -                Rank 6 : false
2025-09-02 14:19:58,721 [INFO] ADCParametersView:116 -                Rank 7 : true
2025-09-02 14:19:58,721 [INFO] ADCParametersView:116 -                Rank 8 : true
2025-09-02 14:19:58,721 [INFO] ADCParametersView:116 -                Rank 7 : true
2025-09-02 14:19:58,721 [INFO] ADCParametersView:116 -                Rank 8 : true
2025-09-02 14:19:58,721 [INFO] ADCParametersView:116 -                Rank 8 : true
2025-09-02 14:19:58,797 [INFO] ADCParametersView:116 -                Rank 1 : false
2025-09-02 14:19:58,797 [INFO] ADCParametersView:116 -                Rank 1 : false
2025-09-02 14:19:58,798 [INFO] ADCParametersView:116 -                Rank 2 : false
2025-09-02 14:19:58,798 [INFO] ADCParametersView:116 -                Rank 1 : false
2025-09-02 14:19:58,798 [INFO] ADCParametersView:116 -                Rank 2 : false
2025-09-02 14:19:58,798 [INFO] ADCParametersView:116 -                Rank 3 : false
2025-09-02 14:19:58,798 [INFO] ADCParametersView:116 -                Rank 1 : false
2025-09-02 14:19:58,798 [INFO] ADCParametersView:116 -                Rank 2 : false
2025-09-02 14:19:58,798 [INFO] ADCParametersView:116 -                Rank 3 : false
2025-09-02 14:19:58,798 [INFO] ADCParametersView:116 -                Rank 4 : false
2025-09-02 14:19:58,798 [INFO] ADCParametersView:116 -                Rank 1 : false
2025-09-02 14:19:58,798 [INFO] ADCParametersView:116 -                Rank 2 : false
2025-09-02 14:19:58,798 [INFO] ADCParametersView:116 -                Rank 3 : false
2025-09-02 14:19:58,798 [INFO] ADCParametersView:116 -                Rank 4 : false
2025-09-02 14:19:58,798 [INFO] ADCParametersView:116 -                Rank 5 : false
2025-09-02 14:19:58,798 [INFO] ADCParametersView:116 -                Rank 1 : false
2025-09-02 14:19:58,798 [INFO] ADCParametersView:116 -                Rank 2 : false
2025-09-02 14:19:58,798 [INFO] ADCParametersView:116 -                Rank 3 : false
2025-09-02 14:19:58,798 [INFO] ADCParametersView:116 -                Rank 4 : false
2025-09-02 14:19:58,799 [INFO] ADCParametersView:116 -                Rank 5 : false
2025-09-02 14:19:58,799 [INFO] ADCParametersView:116 -                Rank 6 : false
2025-09-02 14:19:58,799 [INFO] ADCParametersView:116 -                Rank 1 : false
2025-09-02 14:19:58,799 [INFO] ADCParametersView:116 -                Rank 2 : false
2025-09-02 14:19:58,799 [INFO] ADCParametersView:116 -                Rank 3 : false
2025-09-02 14:19:58,799 [INFO] ADCParametersView:116 -                Rank 4 : false
2025-09-02 14:19:58,799 [INFO] ADCParametersView:116 -                Rank 5 : false
2025-09-02 14:19:58,799 [INFO] ADCParametersView:116 -                Rank 6 : false
2025-09-02 14:19:58,799 [INFO] ADCParametersView:116 -                Rank 7 : true
2025-09-02 14:19:58,799 [INFO] ADCParametersView:116 -                Rank 1 : false
2025-09-02 14:19:58,799 [INFO] ADCParametersView:116 -                Rank 2 : false
2025-09-02 14:19:58,799 [INFO] ADCParametersView:116 -                Rank 3 : false
2025-09-02 14:19:58,799 [INFO] ADCParametersView:116 -                Rank 4 : false
2025-09-02 14:19:58,799 [INFO] ADCParametersView:116 -                Rank 5 : false
2025-09-02 14:19:58,799 [INFO] ADCParametersView:116 -                Rank 6 : false
2025-09-02 14:19:58,799 [INFO] ADCParametersView:116 -                Rank 7 : true
2025-09-02 14:19:58,799 [INFO] ADCParametersView:116 -                Rank 8 : true
2025-09-02 14:20:27,563 [INFO] NvicIntPanel:101 - NVIC parent = com.st.microxplorer.plugins.ip.nvic.MultiNvicIntPanel[,0,0,0x0,invalid,layout=javax.swing.BoxLayout,alignmentX=0.0,alignmentY=0.0,border=,flags=9,maximumSize=,minimumSize=,preferredSize=]
2025-09-02 14:20:27,624 [INFO] ADCParametersView:116 -                Rank 1 : false
2025-09-02 14:20:27,625 [INFO] ADCParametersView:116 -                Rank 2 : false
2025-09-02 14:20:27,625 [INFO] ADCParametersView:116 -                Rank 3 : false
2025-09-02 14:20:27,625 [INFO] ADCParametersView:116 -                Rank 4 : false
2025-09-02 14:20:27,625 [INFO] ADCParametersView:116 -                Rank 5 : false
2025-09-02 14:20:27,625 [INFO] ADCParametersView:116 -                Rank 6 : false
2025-09-02 14:20:27,625 [INFO] ADCParametersView:116 -                Rank 7 : true
2025-09-02 14:20:27,625 [INFO] ADCParametersView:116 -                Rank 8 : true
2025-09-02 14:20:27,627 [INFO] ADCParametersView:116 -                Rank 1 : false
2025-09-02 14:20:27,627 [INFO] ADCParametersView:116 -                Rank 2 : false
2025-09-02 14:20:27,627 [INFO] ADCParametersView:116 -                Rank 3 : false
2025-09-02 14:20:27,628 [INFO] ADCParametersView:116 -                Rank 4 : false
2025-09-02 14:20:27,628 [INFO] ADCParametersView:116 -                Rank 5 : false
2025-09-02 14:20:27,628 [INFO] ADCParametersView:116 -                Rank 6 : false
2025-09-02 14:20:27,628 [INFO] ADCParametersView:116 -                Rank 7 : true
2025-09-02 14:20:27,628 [INFO] ADCParametersView:116 -                Rank 8 : true
2025-09-02 14:20:27,628 [INFO] ADCParametersView:116 -                Rank 1 : false
2025-09-02 14:20:27,628 [INFO] ADCParametersView:116 -                Rank 2 : false
2025-09-02 14:20:27,628 [INFO] ADCParametersView:116 -                Rank 3 : false
2025-09-02 14:20:27,628 [INFO] ADCParametersView:116 -                Rank 4 : false
2025-09-02 14:20:27,628 [INFO] ADCParametersView:116 -                Rank 5 : false
2025-09-02 14:20:27,628 [INFO] ADCParametersView:116 -                Rank 6 : false
2025-09-02 14:20:27,628 [INFO] ADCParametersView:116 -                Rank 7 : true
2025-09-02 14:20:27,628 [INFO] ADCParametersView:116 -                Rank 8 : true
2025-09-02 14:20:27,628 [INFO] ADCParametersView:116 -                Rank 1 : false
2025-09-02 14:20:27,628 [INFO] ADCParametersView:116 -                Rank 2 : false
2025-09-02 14:20:27,628 [INFO] ADCParametersView:116 -                Rank 3 : false
2025-09-02 14:20:27,628 [INFO] ADCParametersView:116 -                Rank 4 : false
2025-09-02 14:20:27,628 [INFO] ADCParametersView:116 -                Rank 5 : false
2025-09-02 14:20:27,628 [INFO] ADCParametersView:116 -                Rank 6 : false
2025-09-02 14:20:27,628 [INFO] ADCParametersView:116 -                Rank 7 : true
2025-09-02 14:20:27,628 [INFO] ADCParametersView:116 -                Rank 8 : true
2025-09-02 14:20:27,628 [INFO] ADCParametersView:116 -                Rank 1 : false
2025-09-02 14:20:27,628 [INFO] ADCParametersView:116 -                Rank 2 : false
2025-09-02 14:20:27,628 [INFO] ADCParametersView:116 -                Rank 3 : false
2025-09-02 14:20:27,628 [INFO] ADCParametersView:116 -                Rank 4 : false
2025-09-02 14:20:27,628 [INFO] ADCParametersView:116 -                Rank 5 : false
2025-09-02 14:20:27,628 [INFO] ADCParametersView:116 -                Rank 6 : false
2025-09-02 14:20:27,628 [INFO] ADCParametersView:116 -                Rank 7 : true
2025-09-02 14:20:27,628 [INFO] ADCParametersView:116 -                Rank 8 : true
2025-09-02 14:20:27,628 [INFO] ADCParametersView:116 -                Rank 1 : false
2025-09-02 14:20:27,628 [INFO] ADCParametersView:116 -                Rank 2 : false
2025-09-02 14:20:27,628 [INFO] ADCParametersView:116 -                Rank 3 : false
2025-09-02 14:20:27,628 [INFO] ADCParametersView:116 -                Rank 4 : false
2025-09-02 14:20:27,628 [INFO] ADCParametersView:116 -                Rank 5 : false
2025-09-02 14:20:27,628 [INFO] ADCParametersView:116 -                Rank 6 : false
2025-09-02 14:20:27,628 [INFO] ADCParametersView:116 -                Rank 7 : true
2025-09-02 14:20:27,628 [INFO] ADCParametersView:116 -                Rank 8 : true
2025-09-02 14:20:27,629 [INFO] ADCParametersView:116 -                Rank 1 : false
2025-09-02 14:20:27,629 [INFO] ADCParametersView:116 -                Rank 2 : false
2025-09-02 14:20:27,629 [INFO] ADCParametersView:116 -                Rank 3 : false
2025-09-02 14:20:27,629 [INFO] ADCParametersView:116 -                Rank 4 : false
2025-09-02 14:20:27,629 [INFO] ADCParametersView:116 -                Rank 5 : false
2025-09-02 14:20:27,629 [INFO] ADCParametersView:116 -                Rank 6 : false
2025-09-02 14:20:27,629 [INFO] ADCParametersView:116 -                Rank 7 : true
2025-09-02 14:20:27,629 [INFO] ADCParametersView:116 -                Rank 8 : true
2025-09-02 14:20:27,629 [INFO] ADCParametersView:116 -                Rank 1 : false
2025-09-02 14:20:27,629 [INFO] ADCParametersView:116 -                Rank 2 : false
2025-09-02 14:20:27,629 [INFO] ADCParametersView:116 -                Rank 3 : false
2025-09-02 14:20:27,629 [INFO] ADCParametersView:116 -                Rank 4 : false
2025-09-02 14:20:27,629 [INFO] ADCParametersView:116 -                Rank 5 : false
2025-09-02 14:20:27,629 [INFO] ADCParametersView:116 -                Rank 6 : false
2025-09-02 14:20:27,629 [INFO] ADCParametersView:116 -                Rank 7 : true
2025-09-02 14:20:27,629 [INFO] ADCParametersView:116 -                Rank 8 : true
2025-09-02 14:20:27,629 [INFO] ADCParametersView:116 -                Rank 1 : false
2025-09-02 14:20:27,629 [INFO] ADCParametersView:116 -                Rank 2 : false
2025-09-02 14:20:27,629 [INFO] ADCParametersView:116 -                Rank 3 : false
2025-09-02 14:20:27,629 [INFO] ADCParametersView:116 -                Rank 4 : false
2025-09-02 14:20:27,629 [INFO] ADCParametersView:116 -                Rank 5 : false
2025-09-02 14:20:27,629 [INFO] ADCParametersView:116 -                Rank 6 : false
2025-09-02 14:20:27,629 [INFO] ADCParametersView:116 -                Rank 7 : true
2025-09-02 14:20:27,629 [INFO] ADCParametersView:116 -                Rank 8 : true
2025-09-02 14:20:27,629 [INFO] ADCParametersView:116 -                Rank 1 : false
2025-09-02 14:20:27,629 [INFO] ADCParametersView:116 -                Rank 2 : false
2025-09-02 14:20:27,629 [INFO] ADCParametersView:116 -                Rank 3 : false
2025-09-02 14:20:27,629 [INFO] ADCParametersView:116 -                Rank 4 : false
2025-09-02 14:20:27,629 [INFO] ADCParametersView:116 -                Rank 5 : false
2025-09-02 14:20:27,629 [INFO] ADCParametersView:116 -                Rank 6 : false
2025-09-02 14:20:27,629 [INFO] ADCParametersView:116 -                Rank 7 : true
2025-09-02 14:20:27,629 [INFO] ADCParametersView:116 -                Rank 8 : true
2025-09-02 14:20:27,629 [INFO] ADCParametersView:116 -                Rank 1 : false
2025-09-02 14:20:27,629 [INFO] ADCParametersView:116 -                Rank 2 : false
2025-09-02 14:20:27,629 [INFO] ADCParametersView:116 -                Rank 3 : false
2025-09-02 14:20:27,629 [INFO] ADCParametersView:116 -                Rank 4 : false
2025-09-02 14:20:27,629 [INFO] ADCParametersView:116 -                Rank 5 : false
2025-09-02 14:20:27,629 [INFO] ADCParametersView:116 -                Rank 6 : false
2025-09-02 14:20:27,629 [INFO] ADCParametersView:116 -                Rank 7 : true
2025-09-02 14:20:27,629 [INFO] ADCParametersView:116 -                Rank 8 : true
2025-09-02 14:20:27,629 [INFO] ADCParametersView:116 -                Rank 1 : false
2025-09-02 14:20:27,629 [INFO] ADCParametersView:116 -                Rank 2 : false
2025-09-02 14:20:27,629 [INFO] ADCParametersView:116 -                Rank 3 : false
2025-09-02 14:20:27,630 [INFO] ADCParametersView:116 -                Rank 4 : false
2025-09-02 14:20:27,630 [INFO] ADCParametersView:116 -                Rank 5 : false
2025-09-02 14:20:27,630 [INFO] ADCParametersView:116 -                Rank 6 : false
2025-09-02 14:20:27,630 [INFO] ADCParametersView:116 -                Rank 7 : true
2025-09-02 14:20:27,630 [INFO] ADCParametersView:116 -                Rank 8 : true
2025-09-02 14:20:27,630 [INFO] ADCParametersView:116 -                Rank 1 : false
2025-09-02 14:20:27,630 [INFO] ADCParametersView:116 -                Rank 2 : false
2025-09-02 14:20:27,630 [INFO] ADCParametersView:116 -                Rank 3 : false
2025-09-02 14:20:27,630 [INFO] ADCParametersView:116 -                Rank 4 : false
2025-09-02 14:20:27,630 [INFO] ADCParametersView:116 -                Rank 5 : false
2025-09-02 14:20:27,630 [INFO] ADCParametersView:116 -                Rank 6 : false
2025-09-02 14:20:27,630 [INFO] ADCParametersView:116 -                Rank 7 : true
2025-09-02 14:20:27,630 [INFO] ADCParametersView:116 -                Rank 8 : true
2025-09-02 14:20:27,630 [INFO] ADCParametersView:116 -                Rank 1 : false
2025-09-02 14:20:27,630 [INFO] ADCParametersView:116 -                Rank 2 : false
2025-09-02 14:20:27,630 [INFO] ADCParametersView:116 -                Rank 3 : false
2025-09-02 14:20:27,630 [INFO] ADCParametersView:116 -                Rank 4 : false
2025-09-02 14:20:27,630 [INFO] ADCParametersView:116 -                Rank 5 : false
2025-09-02 14:20:27,630 [INFO] ADCParametersView:116 -                Rank 6 : false
2025-09-02 14:20:27,630 [INFO] ADCParametersView:116 -                Rank 7 : true
2025-09-02 14:20:27,630 [INFO] ADCParametersView:116 -                Rank 8 : true
2025-09-02 14:20:27,630 [INFO] ADCParametersView:116 -                Rank 1 : false
2025-09-02 14:20:27,630 [INFO] ADCParametersView:116 -                Rank 2 : false
2025-09-02 14:20:27,630 [INFO] ADCParametersView:116 -                Rank 3 : false
2025-09-02 14:20:27,630 [INFO] ADCParametersView:116 -                Rank 4 : false
2025-09-02 14:20:27,630 [INFO] ADCParametersView:116 -                Rank 5 : false
2025-09-02 14:20:27,630 [INFO] ADCParametersView:116 -                Rank 6 : false
2025-09-02 14:20:27,630 [INFO] ADCParametersView:116 -                Rank 7 : true
2025-09-02 14:20:27,630 [INFO] ADCParametersView:116 -                Rank 8 : true
2025-09-02 14:20:27,630 [INFO] ADCParametersView:116 -                Rank 2 : false
2025-09-02 14:20:27,630 [INFO] ADCParametersView:116 -                Rank 3 : false
2025-09-02 14:20:27,630 [INFO] ADCParametersView:116 -                Rank 4 : false
2025-09-02 14:20:27,630 [INFO] ADCParametersView:116 -                Rank 5 : false
2025-09-02 14:20:27,630 [INFO] ADCParametersView:116 -                Rank 6 : false
2025-09-02 14:20:27,630 [INFO] ADCParametersView:116 -                Rank 7 : true
2025-09-02 14:20:27,630 [INFO] ADCParametersView:116 -                Rank 8 : true
2025-09-02 14:20:27,630 [INFO] ADCParametersView:116 -                Rank 3 : false
2025-09-02 14:20:27,630 [INFO] ADCParametersView:116 -                Rank 4 : false
2025-09-02 14:20:27,630 [INFO] ADCParametersView:116 -                Rank 5 : false
2025-09-02 14:20:27,630 [INFO] ADCParametersView:116 -                Rank 6 : false
2025-09-02 14:20:27,630 [INFO] ADCParametersView:116 -                Rank 7 : true
2025-09-02 14:20:27,630 [INFO] ADCParametersView:116 -                Rank 8 : true
2025-09-02 14:20:27,630 [INFO] ADCParametersView:116 -                Rank 4 : false
2025-09-02 14:20:27,630 [INFO] ADCParametersView:116 -                Rank 5 : false
2025-09-02 14:20:27,631 [INFO] ADCParametersView:116 -                Rank 6 : false
2025-09-02 14:20:27,631 [INFO] ADCParametersView:116 -                Rank 7 : true
2025-09-02 14:20:27,631 [INFO] ADCParametersView:116 -                Rank 8 : true
2025-09-02 14:20:27,631 [INFO] ADCParametersView:116 -                Rank 5 : false
2025-09-02 14:20:27,631 [INFO] ADCParametersView:116 -                Rank 6 : false
2025-09-02 14:20:27,631 [INFO] ADCParametersView:116 -                Rank 7 : true
2025-09-02 14:20:27,631 [INFO] ADCParametersView:116 -                Rank 8 : true
2025-09-02 14:20:27,631 [INFO] ADCParametersView:116 -                Rank 6 : false
2025-09-02 14:20:27,631 [INFO] ADCParametersView:116 -                Rank 7 : true
2025-09-02 14:20:27,631 [INFO] ADCParametersView:116 -                Rank 8 : true
2025-09-02 14:20:27,631 [INFO] ADCParametersView:116 -                Rank 7 : true
2025-09-02 14:20:27,631 [INFO] ADCParametersView:116 -                Rank 8 : true
2025-09-02 14:20:27,631 [INFO] ADCParametersView:116 -                Rank 8 : true
2025-09-02 14:20:27,683 [INFO] ADCParametersView:116 -                Rank 1 : false
2025-09-02 14:20:27,683 [INFO] ADCParametersView:116 -                Rank 1 : false
2025-09-02 14:20:27,683 [INFO] ADCParametersView:116 -                Rank 2 : false
2025-09-02 14:20:27,683 [INFO] ADCParametersView:116 -                Rank 1 : false
2025-09-02 14:20:27,683 [INFO] ADCParametersView:116 -                Rank 2 : false
2025-09-02 14:20:27,683 [INFO] ADCParametersView:116 -                Rank 3 : false
2025-09-02 14:20:27,683 [INFO] ADCParametersView:116 -                Rank 1 : false
2025-09-02 14:20:27,683 [INFO] ADCParametersView:116 -                Rank 2 : false
2025-09-02 14:20:27,683 [INFO] ADCParametersView:116 -                Rank 3 : false
2025-09-02 14:20:27,683 [INFO] ADCParametersView:116 -                Rank 4 : false
2025-09-02 14:20:27,684 [INFO] ADCParametersView:116 -                Rank 1 : false
2025-09-02 14:20:27,684 [INFO] ADCParametersView:116 -                Rank 2 : false
2025-09-02 14:20:27,684 [INFO] ADCParametersView:116 -                Rank 3 : false
2025-09-02 14:20:27,684 [INFO] ADCParametersView:116 -                Rank 4 : false
2025-09-02 14:20:27,684 [INFO] ADCParametersView:116 -                Rank 5 : false
2025-09-02 14:20:27,684 [INFO] ADCParametersView:116 -                Rank 1 : false
2025-09-02 14:20:27,684 [INFO] ADCParametersView:116 -                Rank 2 : false
2025-09-02 14:20:27,684 [INFO] ADCParametersView:116 -                Rank 3 : false
2025-09-02 14:20:27,684 [INFO] ADCParametersView:116 -                Rank 4 : false
2025-09-02 14:20:27,684 [INFO] ADCParametersView:116 -                Rank 5 : false
2025-09-02 14:20:27,684 [INFO] ADCParametersView:116 -                Rank 6 : false
2025-09-02 14:20:27,684 [INFO] ADCParametersView:116 -                Rank 1 : false
2025-09-02 14:20:27,684 [INFO] ADCParametersView:116 -                Rank 2 : false
2025-09-02 14:20:27,684 [INFO] ADCParametersView:116 -                Rank 3 : false
2025-09-02 14:20:27,684 [INFO] ADCParametersView:116 -                Rank 4 : false
2025-09-02 14:20:27,684 [INFO] ADCParametersView:116 -                Rank 5 : false
2025-09-02 14:20:27,684 [INFO] ADCParametersView:116 -                Rank 6 : false
2025-09-02 14:20:27,684 [INFO] ADCParametersView:116 -                Rank 7 : true
2025-09-02 14:20:27,684 [INFO] ADCParametersView:116 -                Rank 1 : false
2025-09-02 14:20:27,684 [INFO] ADCParametersView:116 -                Rank 2 : false
2025-09-02 14:20:27,684 [INFO] ADCParametersView:116 -                Rank 3 : false
2025-09-02 14:20:27,684 [INFO] ADCParametersView:116 -                Rank 4 : false
2025-09-02 14:20:27,684 [INFO] ADCParametersView:116 -                Rank 5 : false
2025-09-02 14:20:27,684 [INFO] ADCParametersView:116 -                Rank 6 : false
2025-09-02 14:20:27,684 [INFO] ADCParametersView:116 -                Rank 7 : true
2025-09-02 14:20:27,684 [INFO] ADCParametersView:116 -                Rank 8 : true
2025-09-02 14:20:36,276 [INFO] NvicIntPanel:101 - NVIC parent = com.st.microxplorer.plugins.ip.nvic.MultiNvicIntPanel[,0,0,0x0,invalid,layout=javax.swing.BoxLayout,alignmentX=0.0,alignmentY=0.0,border=,flags=9,maximumSize=,minimumSize=,preferredSize=]
2025-09-02 14:20:36,337 [INFO] ADCParametersView:116 -                Rank 1 : false
2025-09-02 14:20:36,338 [INFO] ADCParametersView:116 -                Rank 2 : false
2025-09-02 14:20:36,338 [INFO] ADCParametersView:116 -                Rank 3 : false
2025-09-02 14:20:36,338 [INFO] ADCParametersView:116 -                Rank 4 : false
2025-09-02 14:20:36,338 [INFO] ADCParametersView:116 -                Rank 5 : false
2025-09-02 14:20:36,338 [INFO] ADCParametersView:116 -                Rank 6 : false
2025-09-02 14:20:36,338 [INFO] ADCParametersView:116 -                Rank 7 : true
2025-09-02 14:20:36,338 [INFO] ADCParametersView:116 -                Rank 8 : true
2025-09-02 14:20:36,339 [INFO] ADCParametersView:116 -                Rank 1 : false
2025-09-02 14:20:36,339 [INFO] ADCParametersView:116 -                Rank 2 : false
2025-09-02 14:20:36,339 [INFO] ADCParametersView:116 -                Rank 3 : false
2025-09-02 14:20:36,339 [INFO] ADCParametersView:116 -                Rank 4 : false
2025-09-02 14:20:36,339 [INFO] ADCParametersView:116 -                Rank 5 : false
2025-09-02 14:20:36,339 [INFO] ADCParametersView:116 -                Rank 6 : false
2025-09-02 14:20:36,339 [INFO] ADCParametersView:116 -                Rank 7 : true
2025-09-02 14:20:36,339 [INFO] ADCParametersView:116 -                Rank 8 : true
2025-09-02 14:20:36,339 [INFO] ADCParametersView:116 -                Rank 1 : false
2025-09-02 14:20:36,339 [INFO] ADCParametersView:116 -                Rank 2 : false
2025-09-02 14:20:36,339 [INFO] ADCParametersView:116 -                Rank 3 : false
2025-09-02 14:20:36,339 [INFO] ADCParametersView:116 -                Rank 4 : false
2025-09-02 14:20:36,339 [INFO] ADCParametersView:116 -                Rank 5 : false
2025-09-02 14:20:36,339 [INFO] ADCParametersView:116 -                Rank 6 : false
2025-09-02 14:20:36,340 [INFO] ADCParametersView:116 -                Rank 7 : true
2025-09-02 14:20:36,340 [INFO] ADCParametersView:116 -                Rank 8 : true
2025-09-02 14:20:36,340 [INFO] ADCParametersView:116 -                Rank 1 : false
2025-09-02 14:20:36,340 [INFO] ADCParametersView:116 -                Rank 2 : false
2025-09-02 14:20:36,340 [INFO] ADCParametersView:116 -                Rank 3 : false
2025-09-02 14:20:36,340 [INFO] ADCParametersView:116 -                Rank 4 : false
2025-09-02 14:20:36,340 [INFO] ADCParametersView:116 -                Rank 5 : false
2025-09-02 14:20:36,340 [INFO] ADCParametersView:116 -                Rank 6 : false
2025-09-02 14:20:36,340 [INFO] ADCParametersView:116 -                Rank 7 : true
2025-09-02 14:20:36,340 [INFO] ADCParametersView:116 -                Rank 8 : true
2025-09-02 14:20:36,340 [INFO] ADCParametersView:116 -                Rank 1 : false
2025-09-02 14:20:36,340 [INFO] ADCParametersView:116 -                Rank 2 : false
2025-09-02 14:20:36,340 [INFO] ADCParametersView:116 -                Rank 3 : false
2025-09-02 14:20:36,340 [INFO] ADCParametersView:116 -                Rank 4 : false
2025-09-02 14:20:36,340 [INFO] ADCParametersView:116 -                Rank 5 : false
2025-09-02 14:20:36,340 [INFO] ADCParametersView:116 -                Rank 6 : false
2025-09-02 14:20:36,340 [INFO] ADCParametersView:116 -                Rank 7 : true
2025-09-02 14:20:36,340 [INFO] ADCParametersView:116 -                Rank 8 : true
2025-09-02 14:20:36,340 [INFO] ADCParametersView:116 -                Rank 1 : false
2025-09-02 14:20:36,340 [INFO] ADCParametersView:116 -                Rank 2 : false
2025-09-02 14:20:36,340 [INFO] ADCParametersView:116 -                Rank 3 : false
2025-09-02 14:20:36,340 [INFO] ADCParametersView:116 -                Rank 4 : false
2025-09-02 14:20:36,340 [INFO] ADCParametersView:116 -                Rank 5 : false
2025-09-02 14:20:36,340 [INFO] ADCParametersView:116 -                Rank 6 : false
2025-09-02 14:20:36,340 [INFO] ADCParametersView:116 -                Rank 7 : true
2025-09-02 14:20:36,340 [INFO] ADCParametersView:116 -                Rank 8 : true
2025-09-02 14:20:36,340 [INFO] ADCParametersView:116 -                Rank 1 : false
2025-09-02 14:20:36,340 [INFO] ADCParametersView:116 -                Rank 2 : false
2025-09-02 14:20:36,340 [INFO] ADCParametersView:116 -                Rank 3 : false
2025-09-02 14:20:36,340 [INFO] ADCParametersView:116 -                Rank 4 : false
2025-09-02 14:20:36,340 [INFO] ADCParametersView:116 -                Rank 5 : false
2025-09-02 14:20:36,340 [INFO] ADCParametersView:116 -                Rank 6 : false
2025-09-02 14:20:36,340 [INFO] ADCParametersView:116 -                Rank 7 : true
2025-09-02 14:20:36,340 [INFO] ADCParametersView:116 -                Rank 8 : true
2025-09-02 14:20:36,340 [INFO] ADCParametersView:116 -                Rank 1 : false
2025-09-02 14:20:36,340 [INFO] ADCParametersView:116 -                Rank 2 : false
2025-09-02 14:20:36,340 [INFO] ADCParametersView:116 -                Rank 3 : false
2025-09-02 14:20:36,340 [INFO] ADCParametersView:116 -                Rank 4 : false
2025-09-02 14:20:36,340 [INFO] ADCParametersView:116 -                Rank 5 : false
2025-09-02 14:20:36,340 [INFO] ADCParametersView:116 -                Rank 6 : false
2025-09-02 14:20:36,340 [INFO] ADCParametersView:116 -                Rank 7 : true
2025-09-02 14:20:36,341 [INFO] ADCParametersView:116 -                Rank 8 : true
2025-09-02 14:20:36,341 [INFO] ADCParametersView:116 -                Rank 1 : false
2025-09-02 14:20:36,341 [INFO] ADCParametersView:116 -                Rank 2 : false
2025-09-02 14:20:36,341 [INFO] ADCParametersView:116 -                Rank 3 : false
2025-09-02 14:20:36,341 [INFO] ADCParametersView:116 -                Rank 4 : false
2025-09-02 14:20:36,341 [INFO] ADCParametersView:116 -                Rank 5 : false
2025-09-02 14:20:36,341 [INFO] ADCParametersView:116 -                Rank 6 : false
2025-09-02 14:20:36,341 [INFO] ADCParametersView:116 -                Rank 7 : true
2025-09-02 14:20:36,341 [INFO] ADCParametersView:116 -                Rank 8 : true
2025-09-02 14:20:36,341 [INFO] ADCParametersView:116 -                Rank 1 : false
2025-09-02 14:20:36,341 [INFO] ADCParametersView:116 -                Rank 2 : false
2025-09-02 14:20:36,341 [INFO] ADCParametersView:116 -                Rank 3 : false
2025-09-02 14:20:36,341 [INFO] ADCParametersView:116 -                Rank 4 : false
2025-09-02 14:20:36,341 [INFO] ADCParametersView:116 -                Rank 5 : false
2025-09-02 14:20:36,341 [INFO] ADCParametersView:116 -                Rank 6 : false
2025-09-02 14:20:36,341 [INFO] ADCParametersView:116 -                Rank 7 : true
2025-09-02 14:20:36,341 [INFO] ADCParametersView:116 -                Rank 8 : true
2025-09-02 14:20:36,341 [INFO] ADCParametersView:116 -                Rank 1 : false
2025-09-02 14:20:36,341 [INFO] ADCParametersView:116 -                Rank 2 : false
2025-09-02 14:20:36,341 [INFO] ADCParametersView:116 -                Rank 3 : false
2025-09-02 14:20:36,341 [INFO] ADCParametersView:116 -                Rank 4 : false
2025-09-02 14:20:36,341 [INFO] ADCParametersView:116 -                Rank 5 : false
2025-09-02 14:20:36,341 [INFO] ADCParametersView:116 -                Rank 6 : false
2025-09-02 14:20:36,341 [INFO] ADCParametersView:116 -                Rank 7 : true
2025-09-02 14:20:36,341 [INFO] ADCParametersView:116 -                Rank 8 : true
2025-09-02 14:20:36,341 [INFO] ADCParametersView:116 -                Rank 1 : false
2025-09-02 14:20:36,341 [INFO] ADCParametersView:116 -                Rank 2 : false
2025-09-02 14:20:36,341 [INFO] ADCParametersView:116 -                Rank 3 : false
2025-09-02 14:20:36,341 [INFO] ADCParametersView:116 -                Rank 4 : false
2025-09-02 14:20:36,341 [INFO] ADCParametersView:116 -                Rank 5 : false
2025-09-02 14:20:36,341 [INFO] ADCParametersView:116 -                Rank 6 : false
2025-09-02 14:20:36,341 [INFO] ADCParametersView:116 -                Rank 7 : true
2025-09-02 14:20:36,341 [INFO] ADCParametersView:116 -                Rank 8 : true
2025-09-02 14:20:36,341 [INFO] ADCParametersView:116 -                Rank 1 : false
2025-09-02 14:20:36,341 [INFO] ADCParametersView:116 -                Rank 2 : false
2025-09-02 14:20:36,341 [INFO] ADCParametersView:116 -                Rank 3 : false
2025-09-02 14:20:36,341 [INFO] ADCParametersView:116 -                Rank 4 : false
2025-09-02 14:20:36,341 [INFO] ADCParametersView:116 -                Rank 5 : false
2025-09-02 14:20:36,341 [INFO] ADCParametersView:116 -                Rank 6 : false
2025-09-02 14:20:36,341 [INFO] ADCParametersView:116 -                Rank 7 : true
2025-09-02 14:20:36,341 [INFO] ADCParametersView:116 -                Rank 8 : true
2025-09-02 14:20:36,341 [INFO] ADCParametersView:116 -                Rank 1 : false
2025-09-02 14:20:36,341 [INFO] ADCParametersView:116 -                Rank 2 : false
2025-09-02 14:20:36,341 [INFO] ADCParametersView:116 -                Rank 3 : false
2025-09-02 14:20:36,342 [INFO] ADCParametersView:116 -                Rank 4 : false
2025-09-02 14:20:36,342 [INFO] ADCParametersView:116 -                Rank 5 : false
2025-09-02 14:20:36,342 [INFO] ADCParametersView:116 -                Rank 6 : false
2025-09-02 14:20:36,342 [INFO] ADCParametersView:116 -                Rank 7 : true
2025-09-02 14:20:36,342 [INFO] ADCParametersView:116 -                Rank 8 : true
2025-09-02 14:20:36,342 [INFO] ADCParametersView:116 -                Rank 2 : false
2025-09-02 14:20:36,342 [INFO] ADCParametersView:116 -                Rank 3 : false
2025-09-02 14:20:36,342 [INFO] ADCParametersView:116 -                Rank 4 : false
2025-09-02 14:20:36,342 [INFO] ADCParametersView:116 -                Rank 5 : false
2025-09-02 14:20:36,342 [INFO] ADCParametersView:116 -                Rank 6 : false
2025-09-02 14:20:36,342 [INFO] ADCParametersView:116 -                Rank 7 : true
2025-09-02 14:20:36,342 [INFO] ADCParametersView:116 -                Rank 8 : true
2025-09-02 14:20:36,342 [INFO] ADCParametersView:116 -                Rank 3 : false
2025-09-02 14:20:36,342 [INFO] ADCParametersView:116 -                Rank 4 : false
2025-09-02 14:20:36,342 [INFO] ADCParametersView:116 -                Rank 5 : false
2025-09-02 14:20:36,342 [INFO] ADCParametersView:116 -                Rank 6 : false
2025-09-02 14:20:36,342 [INFO] ADCParametersView:116 -                Rank 7 : true
2025-09-02 14:20:36,342 [INFO] ADCParametersView:116 -                Rank 8 : true
2025-09-02 14:20:36,342 [INFO] ADCParametersView:116 -                Rank 4 : false
2025-09-02 14:20:36,342 [INFO] ADCParametersView:116 -                Rank 5 : false
2025-09-02 14:20:36,342 [INFO] ADCParametersView:116 -                Rank 6 : false
2025-09-02 14:20:36,342 [INFO] ADCParametersView:116 -                Rank 7 : true
2025-09-02 14:20:36,342 [INFO] ADCParametersView:116 -                Rank 8 : true
2025-09-02 14:20:36,342 [INFO] ADCParametersView:116 -                Rank 5 : false
2025-09-02 14:20:36,342 [INFO] ADCParametersView:116 -                Rank 6 : false
2025-09-02 14:20:36,342 [INFO] ADCParametersView:116 -                Rank 7 : true
2025-09-02 14:20:36,342 [INFO] ADCParametersView:116 -                Rank 8 : true
2025-09-02 14:20:36,342 [INFO] ADCParametersView:116 -                Rank 6 : false
2025-09-02 14:20:36,342 [INFO] ADCParametersView:116 -                Rank 7 : true
2025-09-02 14:20:36,342 [INFO] ADCParametersView:116 -                Rank 8 : true
2025-09-02 14:20:36,342 [INFO] ADCParametersView:116 -                Rank 7 : true
2025-09-02 14:20:36,342 [INFO] ADCParametersView:116 -                Rank 8 : true
2025-09-02 14:20:36,342 [INFO] ADCParametersView:116 -                Rank 8 : true
2025-09-02 14:20:36,386 [INFO] ADCParametersView:116 -                Rank 1 : false
2025-09-02 14:20:36,386 [INFO] ADCParametersView:116 -                Rank 1 : false
2025-09-02 14:20:36,386 [INFO] ADCParametersView:116 -                Rank 2 : false
2025-09-02 14:20:36,386 [INFO] ADCParametersView:116 -                Rank 1 : false
2025-09-02 14:20:36,387 [INFO] ADCParametersView:116 -                Rank 2 : false
2025-09-02 14:20:36,387 [INFO] ADCParametersView:116 -                Rank 3 : false
2025-09-02 14:20:36,387 [INFO] ADCParametersView:116 -                Rank 1 : false
2025-09-02 14:20:36,387 [INFO] ADCParametersView:116 -                Rank 2 : false
2025-09-02 14:20:36,387 [INFO] ADCParametersView:116 -                Rank 3 : false
2025-09-02 14:20:36,387 [INFO] ADCParametersView:116 -                Rank 4 : false
2025-09-02 14:20:36,387 [INFO] ADCParametersView:116 -                Rank 1 : false
2025-09-02 14:20:36,387 [INFO] ADCParametersView:116 -                Rank 2 : false
2025-09-02 14:20:36,387 [INFO] ADCParametersView:116 -                Rank 3 : false
2025-09-02 14:20:36,387 [INFO] ADCParametersView:116 -                Rank 4 : false
2025-09-02 14:20:36,387 [INFO] ADCParametersView:116 -                Rank 5 : false
2025-09-02 14:20:36,387 [INFO] ADCParametersView:116 -                Rank 1 : false
2025-09-02 14:20:36,387 [INFO] ADCParametersView:116 -                Rank 2 : false
2025-09-02 14:20:36,387 [INFO] ADCParametersView:116 -                Rank 3 : false
2025-09-02 14:20:36,387 [INFO] ADCParametersView:116 -                Rank 4 : false
2025-09-02 14:20:36,387 [INFO] ADCParametersView:116 -                Rank 5 : false
2025-09-02 14:20:36,387 [INFO] ADCParametersView:116 -                Rank 6 : false
2025-09-02 14:20:36,387 [INFO] ADCParametersView:116 -                Rank 1 : false
2025-09-02 14:20:36,387 [INFO] ADCParametersView:116 -                Rank 2 : false
2025-09-02 14:20:36,387 [INFO] ADCParametersView:116 -                Rank 3 : false
2025-09-02 14:20:36,387 [INFO] ADCParametersView:116 -                Rank 4 : false
2025-09-02 14:20:36,387 [INFO] ADCParametersView:116 -                Rank 5 : false
2025-09-02 14:20:36,387 [INFO] ADCParametersView:116 -                Rank 6 : false
2025-09-02 14:20:36,387 [INFO] ADCParametersView:116 -                Rank 7 : true
2025-09-02 14:20:36,387 [INFO] ADCParametersView:116 -                Rank 1 : false
2025-09-02 14:20:36,387 [INFO] ADCParametersView:116 -                Rank 2 : false
2025-09-02 14:20:36,387 [INFO] ADCParametersView:116 -                Rank 3 : false
2025-09-02 14:20:36,387 [INFO] ADCParametersView:116 -                Rank 4 : false
2025-09-02 14:20:36,387 [INFO] ADCParametersView:116 -                Rank 5 : false
2025-09-02 14:20:36,387 [INFO] ADCParametersView:116 -                Rank 6 : false
2025-09-02 14:20:36,387 [INFO] ADCParametersView:116 -                Rank 7 : true
2025-09-02 14:20:36,389 [INFO] ADCParametersView:116 -                Rank 8 : true
2025-09-02 14:21:14,643 [INFO] UtilMem:75 - End SaveConfig() Used Memory: 837793456 Bytes (1055916032)
2025-09-02 14:21:15,207 [INFO] UtilMem:75 - End SaveConfig() Used Memory: 881311408 Bytes (1055916032)
2025-09-02 14:21:15,411 [INFO] BlockDiagram:2775 - set Specific Code input for plugin: SYS
2025-09-02 14:21:15,411 [INFO] BlockDiagram:2775 - set Specific Code input for plugin: ADC
2025-09-02 14:21:15,411 [INFO] BlockDiagram:2775 - set Specific Code input for plugin: RCC
2025-09-02 14:21:15,411 [INFO] BlockDiagram:2775 - set Specific Code input for plugin: NVIC
2025-09-02 14:21:15,411 [INFO] BlockDiagram:2775 - set Specific Code input for plugin: USART
2025-09-02 14:21:15,411 [INFO] BlockDiagram:2775 - set Specific Code input for plugin: CORTEX_M7
2025-09-02 14:21:15,411 [INFO] BlockDiagram:2775 - set Specific Code input for plugin: DMA
2025-09-02 14:21:15,411 [INFO] BlockDiagram:2775 - set Specific Code input for plugin: GPIO
2025-09-02 14:21:15,413 [INFO] CodeGenerator:892 - code generatio: config db path: C:\ST\STM32CubeIDE_1.19.0\STM32CubeIDE\plugins\com.st.stm32cube.common.mx_6.15.0.202507011659\\db\
2025-09-02 14:21:15,434 [INFO] Argument:325 - Argument : hdmavalue: null
2025-09-02 14:21:15,434 [INFO] Argument:327 - 	 sub Args: 
2025-09-02 14:21:15,434 [INFO] Argument:325 - Argument : Instancevalue: DMA2_Stream0
2025-09-02 14:21:15,435 [INFO] Argument:335 - Argument : Instancevalue: DMA2_Stream0
2025-09-02 14:21:15,435 [INFO] Argument:325 - Argument : Initvalue: null
2025-09-02 14:21:15,435 [INFO] Argument:327 - 	 sub Args: 
2025-09-02 14:21:15,435 [INFO] Argument:325 - Argument : Channelvalue: DMA_CHANNEL_0
2025-09-02 14:21:15,435 [INFO] Argument:335 - Argument : Channelvalue: DMA_CHANNEL_0
2025-09-02 14:21:15,435 [INFO] Argument:325 - Argument : Directionvalue: DMA_PERIPH_TO_MEMORY
2025-09-02 14:21:15,435 [INFO] Argument:335 - Argument : Directionvalue: DMA_PERIPH_TO_MEMORY
2025-09-02 14:21:15,435 [INFO] Argument:325 - Argument : PeriphIncvalue: DMA_PINC_DISABLE
2025-09-02 14:21:15,435 [INFO] Argument:335 - Argument : PeriphIncvalue: DMA_PINC_DISABLE
2025-09-02 14:21:15,435 [INFO] Argument:325 - Argument : MemIncvalue: DMA_MINC_ENABLE
2025-09-02 14:21:15,435 [INFO] Argument:335 - Argument : MemIncvalue: DMA_MINC_ENABLE
2025-09-02 14:21:15,435 [INFO] Argument:325 - Argument : PeriphDataAlignmentvalue: DMA_PDATAALIGN_WORD
2025-09-02 14:21:15,435 [INFO] Argument:335 - Argument : PeriphDataAlignmentvalue: DMA_PDATAALIGN_WORD
2025-09-02 14:21:15,435 [INFO] Argument:325 - Argument : MemDataAlignmentvalue: DMA_MDATAALIGN_WORD
2025-09-02 14:21:15,435 [INFO] Argument:335 - Argument : MemDataAlignmentvalue: DMA_MDATAALIGN_WORD
2025-09-02 14:21:15,435 [INFO] Argument:325 - Argument : Modevalue: DMA_CIRCULAR
2025-09-02 14:21:15,435 [INFO] Argument:335 - Argument : Modevalue: DMA_CIRCULAR
2025-09-02 14:21:15,435 [INFO] Argument:325 - Argument : Priorityvalue: DMA_PRIORITY_LOW
2025-09-02 14:21:15,435 [INFO] Argument:335 - Argument : Priorityvalue: DMA_PRIORITY_LOW
2025-09-02 14:21:15,435 [INFO] Argument:325 - Argument : FIFOModevalue: DMA_FIFOMODE_DISABLE
2025-09-02 14:21:15,435 [INFO] Argument:335 - Argument : FIFOModevalue: DMA_FIFOMODE_DISABLE
2025-09-02 14:21:15,435 [INFO] Argument:325 - Argument : FIFOThresholdvalue: null
2025-09-02 14:21:15,435 [INFO] Argument:335 - Argument : FIFOThresholdvalue: null
2025-09-02 14:21:15,435 [INFO] Argument:325 - Argument : MemBurstvalue: null
2025-09-02 14:21:15,435 [INFO] Argument:335 - Argument : MemBurstvalue: null
2025-09-02 14:21:15,435 [INFO] Argument:325 - Argument : PeriphBurstvalue: null
2025-09-02 14:21:15,435 [INFO] Argument:335 - Argument : PeriphBurstvalue: null
2025-09-02 14:21:15,435 [INFO] Argument:325 - Argument : Lockvalue: null
2025-09-02 14:21:15,435 [INFO] Argument:335 - Argument : Lockvalue: null
2025-09-02 14:21:15,435 [INFO] Argument:325 - Argument : Statevalue: null
2025-09-02 14:21:15,435 [INFO] Argument:335 - Argument : Statevalue: null
2025-09-02 14:21:15,435 [INFO] Argument:325 - Argument : Parentvalue: null
2025-09-02 14:21:15,435 [INFO] Argument:335 - Argument : Parentvalue: null
2025-09-02 14:21:15,437 [INFO] Argument:325 - Argument : XferCpltCallbackvalue: null
2025-09-02 14:21:15,437 [INFO] Argument:335 - Argument : XferCpltCallbackvalue: null
2025-09-02 14:21:15,437 [INFO] Argument:325 - Argument : XferHalfCpltCallbackvalue: null
2025-09-02 14:21:15,437 [INFO] Argument:335 - Argument : XferHalfCpltCallbackvalue: null
2025-09-02 14:21:15,437 [INFO] Argument:325 - Argument : XferM1CpltCallbackvalue: null
2025-09-02 14:21:15,437 [INFO] Argument:335 - Argument : XferM1CpltCallbackvalue: null
2025-09-02 14:21:15,437 [INFO] Argument:325 - Argument : XferErrorCallbackvalue: null
2025-09-02 14:21:15,437 [INFO] Argument:335 - Argument : XferErrorCallbackvalue: null
2025-09-02 14:21:15,437 [INFO] Argument:325 - Argument : ErrorCodevalue: null
2025-09-02 14:21:15,437 [INFO] Argument:335 - Argument : ErrorCodevalue: null
2025-09-02 14:21:15,568 [INFO] CodeEngine:265 - oldGeneratedFile, C:\Users\USERIT\STM32CubeIDE\MAD_Lab\Special_Problem_1\MXTmpFiles\license.tmp_save
2025-09-02 14:21:15,684 [INFO] CodeEngine:289 - Generated code: C:\Users\USERIT\STM32CubeIDE\MAD_Lab\Special_Problem_1\MXTmpFiles\license.tmp
2025-09-02 14:21:15,713 [INFO] CodeEngine:265 - oldGeneratedFile, C:\Users\USERIT\STM32CubeIDE\MAD_Lab\Special_Problem_1\Core\Src\gpio.c_save
2025-09-02 14:21:15,819 [INFO] CodeEngine:289 - Generated code: C:\Users\USERIT\STM32CubeIDE\MAD_Lab\Special_Problem_1\Core\Src\gpio.c
2025-09-02 14:21:15,826 [INFO] CodeEngine:265 - oldGeneratedFile, C:\Users\USERIT\STM32CubeIDE\MAD_Lab\Special_Problem_1\Core\Inc\gpio.h_save
2025-09-02 14:21:15,884 [INFO] CodeEngine:289 - Generated code: C:\Users\USERIT\STM32CubeIDE\MAD_Lab\Special_Problem_1\Core\Inc\gpio.h
2025-09-02 14:21:16,009 [INFO] CodeEngine:265 - oldGeneratedFile, C:\Users\USERIT\STM32CubeIDE\MAD_Lab\Special_Problem_1\Core\Src\adc.c_save
2025-09-02 14:21:16,177 [INFO] CodeEngine:289 - Generated code: C:\Users\USERIT\STM32CubeIDE\MAD_Lab\Special_Problem_1\Core\Src\adc.c
2025-09-02 14:21:16,188 [INFO] CodeEngine:265 - oldGeneratedFile, C:\Users\USERIT\STM32CubeIDE\MAD_Lab\Special_Problem_1\Core\Inc\adc.h_save
2025-09-02 14:21:16,240 [INFO] CodeEngine:289 - Generated code: C:\Users\USERIT\STM32CubeIDE\MAD_Lab\Special_Problem_1\Core\Inc\adc.h
2025-09-02 14:21:16,250 [INFO] CodeEngine:265 - oldGeneratedFile, C:\Users\USERIT\STM32CubeIDE\MAD_Lab\Special_Problem_1\MXTmpFiles\cortex.tmp_save
2025-09-02 14:21:16,344 [INFO] CodeEngine:289 - Generated code: C:\Users\USERIT\STM32CubeIDE\MAD_Lab\Special_Problem_1\MXTmpFiles\cortex.tmp
2025-09-02 14:21:16,361 [INFO] CodeEngine:265 - oldGeneratedFile, C:\Users\USERIT\STM32CubeIDE\MAD_Lab\Special_Problem_1\Core\Src\dma.c_save
2025-09-02 14:21:16,483 [INFO] CodeEngine:289 - Generated code: C:\Users\USERIT\STM32CubeIDE\MAD_Lab\Special_Problem_1\Core\Src\dma.c
2025-09-02 14:21:16,492 [INFO] CodeEngine:265 - oldGeneratedFile, C:\Users\USERIT\STM32CubeIDE\MAD_Lab\Special_Problem_1\Core\Inc\dma.h_save
2025-09-02 14:21:16,541 [INFO] CodeEngine:289 - Generated code: C:\Users\USERIT\STM32CubeIDE\MAD_Lab\Special_Problem_1\Core\Inc\dma.h
2025-09-02 14:21:16,553 [INFO] CodeEngine:265 - oldGeneratedFile, C:\Users\USERIT\STM32CubeIDE\MAD_Lab\Special_Problem_1\Core\Src\usart.c_save
2025-09-02 14:21:16,661 [INFO] CodeEngine:289 - Generated code: C:\Users\USERIT\STM32CubeIDE\MAD_Lab\Special_Problem_1\Core\Src\usart.c
2025-09-02 14:21:16,667 [INFO] CodeEngine:265 - oldGeneratedFile, C:\Users\USERIT\STM32CubeIDE\MAD_Lab\Special_Problem_1\Core\Inc\usart.h_save
2025-09-02 14:21:16,718 [INFO] CodeEngine:289 - Generated code: C:\Users\USERIT\STM32CubeIDE\MAD_Lab\Special_Problem_1\Core\Inc\usart.h
2025-09-02 14:21:16,730 [INFO] CodeEngine:265 - oldGeneratedFile, C:\Users\USERIT\STM32CubeIDE\MAD_Lab\Special_Problem_1\Core\Src\stm32f7xx_it.c_save
2025-09-02 14:21:16,826 [INFO] CodeEngine:289 - Generated code: C:\Users\USERIT\STM32CubeIDE\MAD_Lab\Special_Problem_1\Core\Src\stm32f7xx_it.c
2025-09-02 14:21:16,831 [INFO] CodeEngine:265 - oldGeneratedFile, C:\Users\USERIT\STM32CubeIDE\MAD_Lab\Special_Problem_1\Core\Inc\stm32f7xx_it.h_save
2025-09-02 14:21:16,887 [INFO] CodeEngine:289 - Generated code: C:\Users\USERIT\STM32CubeIDE\MAD_Lab\Special_Problem_1\Core\Inc\stm32f7xx_it.h
2025-09-02 14:21:16,902 [INFO] CodeEngine:265 - oldGeneratedFile, C:\Users\USERIT\STM32CubeIDE\MAD_Lab\Special_Problem_1\Core\Src\stm32f7xx_hal_msp.c_save
2025-09-02 14:21:17,011 [INFO] CodeEngine:289 - Generated code: C:\Users\USERIT\STM32CubeIDE\MAD_Lab\Special_Problem_1\Core\Src\stm32f7xx_hal_msp.c
2025-09-02 14:21:17,015 [INFO] CodeEngine:265 - oldGeneratedFile, C:\Users\USERIT\STM32CubeIDE\MAD_Lab\Special_Problem_1\MXTmpFiles\system.tmp_save
2025-09-02 14:21:17,074 [INFO] CodeEngine:289 - Generated code: C:\Users\USERIT\STM32CubeIDE\MAD_Lab\Special_Problem_1\MXTmpFiles\system.tmp
2025-09-02 14:21:17,093 [INFO] CodeEngine:321 - oldGeneratedFile, C:\Users\USERIT\STM32CubeIDE\MAD_Lab\Special_Problem_1\Core\Inc\stm32f7xx_hal_conf.h_save
2025-09-02 14:21:17,212 [INFO] CodeEngine:345 - Generated code: C:\Users\USERIT\STM32CubeIDE\MAD_Lab\Special_Problem_1\Core\Inc\stm32f7xx_hal_conf.h
2025-09-02 14:21:17,254 [INFO] CodeEngine:265 - oldGeneratedFile, C:\Users\USERIT\STM32CubeIDE\MAD_Lab\Special_Problem_1\Core\Inc\main.h_save
2025-09-02 14:21:17,353 [INFO] CodeEngine:289 - Generated code: C:\Users\USERIT\STM32CubeIDE\MAD_Lab\Special_Problem_1\Core\Inc\main.h
2025-09-02 14:21:17,360 [INFO] CodeEngine:265 - oldGeneratedFile, C:\Users\USERIT\STM32CubeIDE\MAD_Lab\Special_Problem_1\Core\Src\main.c_save
2025-09-02 14:21:17,456 [INFO] CodeEngine:289 - Generated code: C:\Users\USERIT\STM32CubeIDE\MAD_Lab\Special_Problem_1\Core\Src\main.c
2025-09-02 14:21:17,723 [INFO] ProjectBuilder:3606 - Time for Copy HAL[1] : 127mS.
2025-09-02 14:21:17,726 [INFO] ProjectBuilder:5216 - Project Generator version: 4.7.0-B52
2025-09-02 14:21:17,795 [INFO] ConfigFileManager:1595 - The Die is : DIE451
2025-09-02 14:21:18,536 [INFO] ProjectBuilder:5496 - Time for Generating toolchain IDE Files: 809mS.
2025-09-02 14:21:18,538 [INFO] ProjectBuilder:3463 - Time for Copy CMSIS : 2mS.
2025-09-02 14:21:18,541 [INFO] ProjectBuilder:3463 - Time for Copy CMSIS : 0mS.
2025-09-02 14:24:33,763 [INFO] ADCParametersView:116 -                Rank 1 : false
2025-09-02 14:24:33,764 [INFO] ADCParametersView:116 -                Rank 2 : false
2025-09-02 14:24:33,764 [INFO] ADCParametersView:116 -                Rank 3 : false
2025-09-02 14:24:33,764 [INFO] ADCParametersView:116 -                Rank 4 : false
2025-09-02 14:24:33,764 [INFO] ADCParametersView:116 -                Rank 5 : false
2025-09-02 14:24:33,764 [INFO] ADCParametersView:116 -                Rank 6 : false
2025-09-02 14:24:33,764 [INFO] ADCParametersView:116 -                Rank 7 : true
2025-09-02 14:24:33,764 [INFO] ADCParametersView:116 -                Rank 8 : true
2025-09-02 14:24:33,766 [INFO] ADCParametersView:116 -                Rank 1 : false
2025-09-02 14:24:33,767 [INFO] ADCParametersView:116 -                Rank 2 : false
2025-09-02 14:24:33,767 [INFO] ADCParametersView:116 -                Rank 3 : false
2025-09-02 14:24:33,767 [INFO] ADCParametersView:116 -                Rank 4 : false
2025-09-02 14:24:33,767 [INFO] ADCParametersView:116 -                Rank 5 : false
2025-09-02 14:24:33,767 [INFO] ADCParametersView:116 -                Rank 6 : false
2025-09-02 14:24:33,767 [INFO] ADCParametersView:116 -                Rank 7 : true
2025-09-02 14:24:33,767 [INFO] ADCParametersView:116 -                Rank 8 : true
2025-09-02 14:24:33,768 [INFO] ADCParametersView:116 -                Rank 1 : false
2025-09-02 14:24:33,768 [INFO] ADCParametersView:116 -                Rank 2 : false
2025-09-02 14:24:33,768 [INFO] ADCParametersView:116 -                Rank 3 : false
2025-09-02 14:24:33,768 [INFO] ADCParametersView:116 -                Rank 4 : false
2025-09-02 14:24:33,768 [INFO] ADCParametersView:116 -                Rank 5 : false
2025-09-02 14:24:33,768 [INFO] ADCParametersView:116 -                Rank 6 : false
2025-09-02 14:24:33,768 [INFO] ADCParametersView:116 -                Rank 7 : true
2025-09-02 14:24:33,768 [INFO] ADCParametersView:116 -                Rank 8 : true
2025-09-02 14:24:33,769 [INFO] ADCParametersView:116 -                Rank 1 : false
2025-09-02 14:24:33,769 [INFO] ADCParametersView:116 -                Rank 2 : false
2025-09-02 14:24:33,769 [INFO] ADCParametersView:116 -                Rank 3 : false
2025-09-02 14:24:33,769 [INFO] ADCParametersView:116 -                Rank 4 : false
2025-09-02 14:24:33,770 [INFO] ADCParametersView:116 -                Rank 5 : false
2025-09-02 14:24:33,770 [INFO] ADCParametersView:116 -                Rank 6 : false
2025-09-02 14:24:33,770 [INFO] ADCParametersView:116 -                Rank 7 : true
2025-09-02 14:24:33,770 [INFO] ADCParametersView:116 -                Rank 8 : true
2025-09-02 14:24:33,770 [INFO] ADCParametersView:116 -                Rank 1 : false
2025-09-02 14:24:33,770 [INFO] ADCParametersView:116 -                Rank 2 : false
2025-09-02 14:24:33,770 [INFO] ADCParametersView:116 -                Rank 3 : false
2025-09-02 14:24:33,771 [INFO] ADCParametersView:116 -                Rank 4 : false
2025-09-02 14:24:33,771 [INFO] ADCParametersView:116 -                Rank 5 : false
2025-09-02 14:24:33,771 [INFO] ADCParametersView:116 -                Rank 6 : false
2025-09-02 14:24:33,771 [INFO] ADCParametersView:116 -                Rank 7 : true
2025-09-02 14:24:33,771 [INFO] ADCParametersView:116 -                Rank 8 : true
2025-09-02 14:24:33,771 [INFO] ADCParametersView:116 -                Rank 1 : false
2025-09-02 14:24:33,772 [INFO] ADCParametersView:116 -                Rank 2 : false
2025-09-02 14:24:33,772 [INFO] ADCParametersView:116 -                Rank 3 : false
2025-09-02 14:24:33,772 [INFO] ADCParametersView:116 -                Rank 4 : false
2025-09-02 14:24:33,772 [INFO] ADCParametersView:116 -                Rank 5 : false
2025-09-02 14:24:33,772 [INFO] ADCParametersView:116 -                Rank 6 : false
2025-09-02 14:24:33,772 [INFO] ADCParametersView:116 -                Rank 7 : true
2025-09-02 14:24:33,773 [INFO] ADCParametersView:116 -                Rank 8 : true
2025-09-02 14:24:33,773 [INFO] ADCParametersView:116 -                Rank 1 : false
2025-09-02 14:24:33,774 [INFO] ADCParametersView:116 -                Rank 2 : false
2025-09-02 14:24:33,774 [INFO] ADCParametersView:116 -                Rank 3 : false
2025-09-02 14:24:33,774 [INFO] ADCParametersView:116 -                Rank 4 : false
2025-09-02 14:24:33,774 [INFO] ADCParametersView:116 -                Rank 5 : false
2025-09-02 14:24:33,774 [INFO] ADCParametersView:116 -                Rank 6 : false
2025-09-02 14:24:33,775 [INFO] ADCParametersView:116 -                Rank 7 : true
2025-09-02 14:24:33,775 [INFO] ADCParametersView:116 -                Rank 8 : true
2025-09-02 14:24:33,775 [INFO] ADCParametersView:116 -                Rank 1 : false
2025-09-02 14:24:33,775 [INFO] ADCParametersView:116 -                Rank 2 : false
2025-09-02 14:24:33,775 [INFO] ADCParametersView:116 -                Rank 3 : false
2025-09-02 14:24:33,775 [INFO] ADCParametersView:116 -                Rank 4 : false
2025-09-02 14:24:33,775 [INFO] ADCParametersView:116 -                Rank 5 : false
2025-09-02 14:24:33,775 [INFO] ADCParametersView:116 -                Rank 6 : false
2025-09-02 14:24:33,775 [INFO] ADCParametersView:116 -                Rank 7 : true
2025-09-02 14:24:33,776 [INFO] ADCParametersView:116 -                Rank 8 : true
2025-09-02 14:24:33,776 [INFO] ADCParametersView:116 -                Rank 1 : false
2025-09-02 14:24:33,776 [INFO] ADCParametersView:116 -                Rank 2 : false
2025-09-02 14:24:33,776 [INFO] ADCParametersView:116 -                Rank 3 : false
2025-09-02 14:24:33,776 [INFO] ADCParametersView:116 -                Rank 4 : false
2025-09-02 14:24:33,776 [INFO] ADCParametersView:116 -                Rank 5 : false
2025-09-02 14:24:33,776 [INFO] ADCParametersView:116 -                Rank 6 : false
2025-09-02 14:24:33,776 [INFO] ADCParametersView:116 -                Rank 7 : true
2025-09-02 14:24:33,776 [INFO] ADCParametersView:116 -                Rank 8 : true
2025-09-02 14:24:33,777 [INFO] ADCParametersView:116 -                Rank 1 : false
2025-09-02 14:24:33,777 [INFO] ADCParametersView:116 -                Rank 2 : false
2025-09-02 14:24:33,777 [INFO] ADCParametersView:116 -                Rank 3 : false
2025-09-02 14:24:33,777 [INFO] ADCParametersView:116 -                Rank 4 : false
2025-09-02 14:24:33,777 [INFO] ADCParametersView:116 -                Rank 5 : false
2025-09-02 14:24:33,777 [INFO] ADCParametersView:116 -                Rank 6 : false
2025-09-02 14:24:33,777 [INFO] ADCParametersView:116 -                Rank 7 : true
2025-09-02 14:24:33,777 [INFO] ADCParametersView:116 -                Rank 8 : true
2025-09-02 14:24:33,777 [INFO] ADCParametersView:116 -                Rank 1 : false
2025-09-02 14:24:33,777 [INFO] ADCParametersView:116 -                Rank 2 : false
2025-09-02 14:24:33,778 [INFO] ADCParametersView:116 -                Rank 3 : false
2025-09-02 14:24:33,778 [INFO] ADCParametersView:116 -                Rank 4 : false
2025-09-02 14:24:33,778 [INFO] ADCParametersView:116 -                Rank 5 : false
2025-09-02 14:24:33,778 [INFO] ADCParametersView:116 -                Rank 6 : false
2025-09-02 14:24:33,778 [INFO] ADCParametersView:116 -                Rank 7 : true
2025-09-02 14:24:33,778 [INFO] ADCParametersView:116 -                Rank 8 : true
2025-09-02 14:24:33,778 [INFO] ADCParametersView:116 -                Rank 1 : false
2025-09-02 14:24:33,778 [INFO] ADCParametersView:116 -                Rank 2 : false
2025-09-02 14:24:33,778 [INFO] ADCParametersView:116 -                Rank 3 : false
2025-09-02 14:24:33,778 [INFO] ADCParametersView:116 -                Rank 4 : false
2025-09-02 14:24:33,779 [INFO] ADCParametersView:116 -                Rank 5 : false
2025-09-02 14:24:33,779 [INFO] ADCParametersView:116 -                Rank 6 : false
2025-09-02 14:24:33,779 [INFO] ADCParametersView:116 -                Rank 7 : true
2025-09-02 14:24:33,779 [INFO] ADCParametersView:116 -                Rank 8 : true
2025-09-02 14:24:33,779 [INFO] ADCParametersView:116 -                Rank 1 : false
2025-09-02 14:24:33,779 [INFO] ADCParametersView:116 -                Rank 2 : false
2025-09-02 14:24:33,779 [INFO] ADCParametersView:116 -                Rank 3 : false
2025-09-02 14:24:33,779 [INFO] ADCParametersView:116 -                Rank 4 : false
2025-09-02 14:24:33,780 [INFO] ADCParametersView:116 -                Rank 5 : false
2025-09-02 14:24:33,780 [INFO] ADCParametersView:116 -                Rank 6 : false
2025-09-02 14:24:33,780 [INFO] ADCParametersView:116 -                Rank 7 : true
2025-09-02 14:24:33,780 [INFO] ADCParametersView:116 -                Rank 8 : true
2025-09-02 14:24:33,780 [INFO] ADCParametersView:116 -                Rank 1 : false
2025-09-02 14:24:33,780 [INFO] ADCParametersView:116 -                Rank 2 : false
2025-09-02 14:24:33,780 [INFO] ADCParametersView:116 -                Rank 3 : false
2025-09-02 14:24:33,780 [INFO] ADCParametersView:116 -                Rank 4 : false
2025-09-02 14:24:33,781 [INFO] ADCParametersView:116 -                Rank 5 : false
2025-09-02 14:24:33,781 [INFO] ADCParametersView:116 -                Rank 6 : false
2025-09-02 14:24:33,781 [INFO] ADCParametersView:116 -                Rank 7 : true
2025-09-02 14:24:33,781 [INFO] ADCParametersView:116 -                Rank 8 : true
2025-09-02 14:24:33,781 [INFO] ADCParametersView:116 -                Rank 2 : false
2025-09-02 14:24:33,781 [INFO] ADCParametersView:116 -                Rank 3 : false
2025-09-02 14:24:33,781 [INFO] ADCParametersView:116 -                Rank 4 : false
2025-09-02 14:24:33,781 [INFO] ADCParametersView:116 -                Rank 5 : false
2025-09-02 14:24:33,782 [INFO] ADCParametersView:116 -                Rank 6 : false
2025-09-02 14:24:33,782 [INFO] ADCParametersView:116 -                Rank 7 : true
2025-09-02 14:24:33,782 [INFO] ADCParametersView:116 -                Rank 8 : true
2025-09-02 14:24:33,782 [INFO] ADCParametersView:116 -                Rank 3 : false
2025-09-02 14:24:33,782 [INFO] ADCParametersView:116 -                Rank 4 : false
2025-09-02 14:24:33,782 [INFO] ADCParametersView:116 -                Rank 5 : false
2025-09-02 14:24:33,783 [INFO] ADCParametersView:116 -                Rank 6 : false
2025-09-02 14:24:33,783 [INFO] ADCParametersView:116 -                Rank 7 : true
2025-09-02 14:24:33,783 [INFO] ADCParametersView:116 -                Rank 8 : true
2025-09-02 14:24:33,783 [INFO] ADCParametersView:116 -                Rank 4 : false
2025-09-02 14:24:33,783 [INFO] ADCParametersView:116 -                Rank 5 : false
2025-09-02 14:24:33,783 [INFO] ADCParametersView:116 -                Rank 6 : false
2025-09-02 14:24:33,783 [INFO] ADCParametersView:116 -                Rank 7 : true
2025-09-02 14:24:33,783 [INFO] ADCParametersView:116 -                Rank 8 : true
2025-09-02 14:24:33,783 [INFO] ADCParametersView:116 -                Rank 5 : false
2025-09-02 14:24:33,783 [INFO] ADCParametersView:116 -                Rank 6 : false
2025-09-02 14:24:33,783 [INFO] ADCParametersView:116 -                Rank 7 : true
2025-09-02 14:24:33,784 [INFO] ADCParametersView:116 -                Rank 8 : true
2025-09-02 14:24:33,784 [INFO] ADCParametersView:116 -                Rank 6 : false
2025-09-02 14:24:33,784 [INFO] ADCParametersView:116 -                Rank 7 : true
2025-09-02 14:24:33,784 [INFO] ADCParametersView:116 -                Rank 8 : true
2025-09-02 14:24:33,784 [INFO] ADCParametersView:116 -                Rank 7 : true
2025-09-02 14:24:33,784 [INFO] ADCParametersView:116 -                Rank 8 : true
2025-09-02 14:24:33,784 [INFO] ADCParametersView:116 -                Rank 8 : true
2025-09-02 14:24:33,896 [INFO] ADCParametersView:116 -                Rank 1 : false
2025-09-02 14:24:33,897 [INFO] ADCParametersView:116 -                Rank 1 : false
2025-09-02 14:24:33,897 [INFO] ADCParametersView:116 -                Rank 2 : false
2025-09-02 14:24:33,897 [INFO] ADCParametersView:116 -                Rank 1 : false
2025-09-02 14:24:33,897 [INFO] ADCParametersView:116 -                Rank 2 : false
2025-09-02 14:24:33,897 [INFO] ADCParametersView:116 -                Rank 3 : false
2025-09-02 14:24:33,898 [INFO] ADCParametersView:116 -                Rank 1 : false
2025-09-02 14:24:33,898 [INFO] ADCParametersView:116 -                Rank 2 : false
2025-09-02 14:24:33,898 [INFO] ADCParametersView:116 -                Rank 3 : false
2025-09-02 14:24:33,898 [INFO] ADCParametersView:116 -                Rank 4 : false
2025-09-02 14:24:33,898 [INFO] ADCParametersView:116 -                Rank 1 : false
2025-09-02 14:24:33,898 [INFO] ADCParametersView:116 -                Rank 2 : false
2025-09-02 14:24:33,898 [INFO] ADCParametersView:116 -                Rank 3 : false
2025-09-02 14:24:33,898 [INFO] ADCParametersView:116 -                Rank 4 : false
2025-09-02 14:24:33,898 [INFO] ADCParametersView:116 -                Rank 5 : false
2025-09-02 14:24:33,898 [INFO] ADCParametersView:116 -                Rank 1 : false
2025-09-02 14:24:33,898 [INFO] ADCParametersView:116 -                Rank 2 : false
2025-09-02 14:24:33,898 [INFO] ADCParametersView:116 -                Rank 3 : false
2025-09-02 14:24:33,898 [INFO] ADCParametersView:116 -                Rank 4 : false
2025-09-02 14:24:33,898 [INFO] ADCParametersView:116 -                Rank 5 : false
2025-09-02 14:24:33,898 [INFO] ADCParametersView:116 -                Rank 6 : false
2025-09-02 14:24:33,898 [INFO] ADCParametersView:116 -                Rank 1 : false
2025-09-02 14:24:33,898 [INFO] ADCParametersView:116 -                Rank 2 : false
2025-09-02 14:24:33,898 [INFO] ADCParametersView:116 -                Rank 3 : false
2025-09-02 14:24:33,899 [INFO] ADCParametersView:116 -                Rank 4 : false
2025-09-02 14:24:33,899 [INFO] ADCParametersView:116 -                Rank 5 : false
2025-09-02 14:24:33,899 [INFO] ADCParametersView:116 -                Rank 6 : false
2025-09-02 14:24:33,899 [INFO] ADCParametersView:116 -                Rank 7 : true
2025-09-02 14:24:33,899 [INFO] ADCParametersView:116 -                Rank 1 : false
2025-09-02 14:24:33,899 [INFO] ADCParametersView:116 -                Rank 2 : false
2025-09-02 14:24:33,899 [INFO] ADCParametersView:116 -                Rank 3 : false
2025-09-02 14:24:33,899 [INFO] ADCParametersView:116 -                Rank 4 : false
2025-09-02 14:24:33,899 [INFO] ADCParametersView:116 -                Rank 5 : false
2025-09-02 14:24:33,899 [INFO] ADCParametersView:116 -                Rank 6 : false
2025-09-02 14:24:33,899 [INFO] ADCParametersView:116 -                Rank 7 : true
2025-09-02 14:24:33,899 [INFO] ADCParametersView:116 -                Rank 8 : true
2025-09-02 14:24:34,054 [INFO] ADCParametersView:116 -                Rank 1 : false
2025-09-02 14:24:34,054 [INFO] ADCParametersView:116 -                Rank 2 : false
2025-09-02 14:24:34,055 [INFO] ADCParametersView:116 -                Rank 3 : false
2025-09-02 14:24:34,055 [INFO] ADCParametersView:116 -                Rank 4 : false
2025-09-02 14:24:34,055 [INFO] ADCParametersView:116 -                Rank 5 : false
2025-09-02 14:24:34,055 [INFO] ADCParametersView:116 -                Rank 6 : false
2025-09-02 14:24:34,055 [INFO] ADCParametersView:116 -                Rank 7 : true
2025-09-02 14:24:34,055 [INFO] ADCParametersView:116 -                Rank 8 : true
2025-09-02 14:24:34,057 [INFO] ADCParametersView:116 -                Rank 1 : false
2025-09-02 14:24:34,057 [INFO] ADCParametersView:116 -                Rank 2 : false
2025-09-02 14:24:34,057 [INFO] ADCParametersView:116 -                Rank 3 : false
2025-09-02 14:24:34,057 [INFO] ADCParametersView:116 -                Rank 4 : false
2025-09-02 14:24:34,057 [INFO] ADCParametersView:116 -                Rank 5 : false
2025-09-02 14:24:34,057 [INFO] ADCParametersView:116 -                Rank 6 : false
2025-09-02 14:24:34,058 [INFO] ADCParametersView:116 -                Rank 7 : true
2025-09-02 14:24:34,058 [INFO] ADCParametersView:116 -                Rank 8 : true
2025-09-02 14:24:34,058 [INFO] ADCParametersView:116 -                Rank 1 : false
2025-09-02 14:24:34,058 [INFO] ADCParametersView:116 -                Rank 2 : false
2025-09-02 14:24:34,058 [INFO] ADCParametersView:116 -                Rank 3 : false
2025-09-02 14:24:34,058 [INFO] ADCParametersView:116 -                Rank 4 : false
2025-09-02 14:24:34,058 [INFO] ADCParametersView:116 -                Rank 5 : false
2025-09-02 14:24:34,058 [INFO] ADCParametersView:116 -                Rank 6 : false
2025-09-02 14:24:34,058 [INFO] ADCParametersView:116 -                Rank 7 : true
2025-09-02 14:24:34,058 [INFO] ADCParametersView:116 -                Rank 8 : true
2025-09-02 14:24:34,058 [INFO] ADCParametersView:116 -                Rank 1 : false
2025-09-02 14:24:34,058 [INFO] ADCParametersView:116 -                Rank 2 : false
2025-09-02 14:24:34,058 [INFO] ADCParametersView:116 -                Rank 3 : false
2025-09-02 14:24:34,058 [INFO] ADCParametersView:116 -                Rank 4 : false
2025-09-02 14:24:34,059 [INFO] ADCParametersView:116 -                Rank 5 : false
2025-09-02 14:24:34,059 [INFO] ADCParametersView:116 -                Rank 6 : false
2025-09-02 14:24:34,059 [INFO] ADCParametersView:116 -                Rank 7 : true
2025-09-02 14:24:34,059 [INFO] ADCParametersView:116 -                Rank 8 : true
2025-09-02 14:24:34,059 [INFO] ADCParametersView:116 -                Rank 1 : false
2025-09-02 14:24:34,059 [INFO] ADCParametersView:116 -                Rank 2 : false
2025-09-02 14:24:34,059 [INFO] ADCParametersView:116 -                Rank 3 : false
2025-09-02 14:24:34,059 [INFO] ADCParametersView:116 -                Rank 4 : false
2025-09-02 14:24:34,059 [INFO] ADCParametersView:116 -                Rank 5 : false
2025-09-02 14:24:34,059 [INFO] ADCParametersView:116 -                Rank 6 : false
2025-09-02 14:24:34,059 [INFO] ADCParametersView:116 -                Rank 7 : true
2025-09-02 14:24:34,059 [INFO] ADCParametersView:116 -                Rank 8 : true
2025-09-02 14:24:34,060 [INFO] ADCParametersView:116 -                Rank 1 : false
2025-09-02 14:24:34,060 [INFO] ADCParametersView:116 -                Rank 2 : false
2025-09-02 14:24:34,060 [INFO] ADCParametersView:116 -                Rank 3 : false
2025-09-02 14:24:34,060 [INFO] ADCParametersView:116 -                Rank 4 : false
2025-09-02 14:24:34,060 [INFO] ADCParametersView:116 -                Rank 5 : false
2025-09-02 14:24:34,060 [INFO] ADCParametersView:116 -                Rank 6 : false
2025-09-02 14:24:34,060 [INFO] ADCParametersView:116 -                Rank 7 : true
2025-09-02 14:24:34,060 [INFO] ADCParametersView:116 -                Rank 8 : true
2025-09-02 14:24:34,060 [INFO] ADCParametersView:116 -                Rank 1 : false
2025-09-02 14:24:34,060 [INFO] ADCParametersView:116 -                Rank 2 : false
2025-09-02 14:24:34,060 [INFO] ADCParametersView:116 -                Rank 3 : false
2025-09-02 14:24:34,061 [INFO] ADCParametersView:116 -                Rank 4 : false
2025-09-02 14:24:34,061 [INFO] ADCParametersView:116 -                Rank 5 : false
2025-09-02 14:24:34,061 [INFO] ADCParametersView:116 -                Rank 6 : false
2025-09-02 14:24:34,061 [INFO] ADCParametersView:116 -                Rank 7 : true
2025-09-02 14:24:34,061 [INFO] ADCParametersView:116 -                Rank 8 : true
2025-09-02 14:24:34,061 [INFO] ADCParametersView:116 -                Rank 1 : false
2025-09-02 14:24:34,061 [INFO] ADCParametersView:116 -                Rank 2 : false
2025-09-02 14:24:34,061 [INFO] ADCParametersView:116 -                Rank 3 : false
2025-09-02 14:24:34,061 [INFO] ADCParametersView:116 -                Rank 4 : false
2025-09-02 14:24:34,061 [INFO] ADCParametersView:116 -                Rank 5 : false
2025-09-02 14:24:34,061 [INFO] ADCParametersView:116 -                Rank 6 : false
2025-09-02 14:24:34,061 [INFO] ADCParametersView:116 -                Rank 7 : true
2025-09-02 14:24:34,061 [INFO] ADCParametersView:116 -                Rank 8 : true
2025-09-02 14:24:34,061 [INFO] ADCParametersView:116 -                Rank 1 : false
2025-09-02 14:24:34,061 [INFO] ADCParametersView:116 -                Rank 2 : false
2025-09-02 14:24:34,061 [INFO] ADCParametersView:116 -                Rank 3 : false
2025-09-02 14:24:34,061 [INFO] ADCParametersView:116 -                Rank 4 : false
2025-09-02 14:24:34,061 [INFO] ADCParametersView:116 -                Rank 5 : false
2025-09-02 14:24:34,061 [INFO] ADCParametersView:116 -                Rank 6 : false
2025-09-02 14:24:34,061 [INFO] ADCParametersView:116 -                Rank 7 : true
2025-09-02 14:24:34,061 [INFO] ADCParametersView:116 -                Rank 8 : true
2025-09-02 14:24:34,062 [INFO] ADCParametersView:116 -                Rank 1 : false
2025-09-02 14:24:34,062 [INFO] ADCParametersView:116 -                Rank 2 : false
2025-09-02 14:24:34,062 [INFO] ADCParametersView:116 -                Rank 3 : false
2025-09-02 14:24:34,062 [INFO] ADCParametersView:116 -                Rank 4 : false
2025-09-02 14:24:34,062 [INFO] ADCParametersView:116 -                Rank 5 : false
2025-09-02 14:24:34,062 [INFO] ADCParametersView:116 -                Rank 6 : false
2025-09-02 14:24:34,062 [INFO] ADCParametersView:116 -                Rank 7 : true
2025-09-02 14:24:34,062 [INFO] ADCParametersView:116 -                Rank 8 : true
2025-09-02 14:24:34,062 [INFO] ADCParametersView:116 -                Rank 1 : false
2025-09-02 14:24:34,062 [INFO] ADCParametersView:116 -                Rank 2 : false
2025-09-02 14:24:34,062 [INFO] ADCParametersView:116 -                Rank 3 : false
2025-09-02 14:24:34,062 [INFO] ADCParametersView:116 -                Rank 4 : false
2025-09-02 14:24:34,062 [INFO] ADCParametersView:116 -                Rank 5 : false
2025-09-02 14:24:34,062 [INFO] ADCParametersView:116 -                Rank 6 : false
2025-09-02 14:24:34,062 [INFO] ADCParametersView:116 -                Rank 7 : true
2025-09-02 14:24:34,062 [INFO] ADCParametersView:116 -                Rank 8 : true
2025-09-02 14:24:34,062 [INFO] ADCParametersView:116 -                Rank 1 : false
2025-09-02 14:24:34,063 [INFO] ADCParametersView:116 -                Rank 2 : false
2025-09-02 14:24:34,063 [INFO] ADCParametersView:116 -                Rank 3 : false
2025-09-02 14:24:34,063 [INFO] ADCParametersView:116 -                Rank 4 : false
2025-09-02 14:24:34,063 [INFO] ADCParametersView:116 -                Rank 5 : false
2025-09-02 14:24:34,063 [INFO] ADCParametersView:116 -                Rank 6 : false
2025-09-02 14:24:34,063 [INFO] ADCParametersView:116 -                Rank 7 : true
2025-09-02 14:24:34,063 [INFO] ADCParametersView:116 -                Rank 8 : true
2025-09-02 14:24:34,063 [INFO] ADCParametersView:116 -                Rank 1 : false
2025-09-02 14:24:34,063 [INFO] ADCParametersView:116 -                Rank 2 : false
2025-09-02 14:24:34,063 [INFO] ADCParametersView:116 -                Rank 3 : false
2025-09-02 14:24:34,063 [INFO] ADCParametersView:116 -                Rank 4 : false
2025-09-02 14:24:34,063 [INFO] ADCParametersView:116 -                Rank 5 : false
2025-09-02 14:24:34,063 [INFO] ADCParametersView:116 -                Rank 6 : false
2025-09-02 14:24:34,063 [INFO] ADCParametersView:116 -                Rank 7 : true
2025-09-02 14:24:34,063 [INFO] ADCParametersView:116 -                Rank 8 : true
2025-09-02 14:24:34,063 [INFO] ADCParametersView:116 -                Rank 1 : false
2025-09-02 14:24:34,063 [INFO] ADCParametersView:116 -                Rank 2 : false
2025-09-02 14:24:34,063 [INFO] ADCParametersView:116 -                Rank 3 : false
2025-09-02 14:24:34,063 [INFO] ADCParametersView:116 -                Rank 4 : false
2025-09-02 14:24:34,063 [INFO] ADCParametersView:116 -                Rank 5 : false
2025-09-02 14:24:34,063 [INFO] ADCParametersView:116 -                Rank 6 : false
2025-09-02 14:24:34,063 [INFO] ADCParametersView:116 -                Rank 7 : true
2025-09-02 14:24:34,064 [INFO] ADCParametersView:116 -                Rank 8 : true
2025-09-02 14:24:34,064 [INFO] ADCParametersView:116 -                Rank 2 : false
2025-09-02 14:24:34,064 [INFO] ADCParametersView:116 -                Rank 3 : false
2025-09-02 14:24:34,064 [INFO] ADCParametersView:116 -                Rank 4 : false
2025-09-02 14:24:34,064 [INFO] ADCParametersView:116 -                Rank 5 : false
2025-09-02 14:24:34,064 [INFO] ADCParametersView:116 -                Rank 6 : false
2025-09-02 14:24:34,064 [INFO] ADCParametersView:116 -                Rank 7 : true
2025-09-02 14:24:34,064 [INFO] ADCParametersView:116 -                Rank 8 : true
2025-09-02 14:24:34,064 [INFO] ADCParametersView:116 -                Rank 3 : false
2025-09-02 14:24:34,064 [INFO] ADCParametersView:116 -                Rank 4 : false
2025-09-02 14:24:34,064 [INFO] ADCParametersView:116 -                Rank 5 : false
2025-09-02 14:24:34,064 [INFO] ADCParametersView:116 -                Rank 6 : false
2025-09-02 14:24:34,064 [INFO] ADCParametersView:116 -                Rank 7 : true
2025-09-02 14:24:34,064 [INFO] ADCParametersView:116 -                Rank 8 : true
2025-09-02 14:24:34,064 [INFO] ADCParametersView:116 -                Rank 4 : false
2025-09-02 14:24:34,064 [INFO] ADCParametersView:116 -                Rank 5 : false
2025-09-02 14:24:34,064 [INFO] ADCParametersView:116 -                Rank 6 : false
2025-09-02 14:24:34,064 [INFO] ADCParametersView:116 -                Rank 7 : true
2025-09-02 14:24:34,064 [INFO] ADCParametersView:116 -                Rank 8 : true
2025-09-02 14:24:34,065 [INFO] ADCParametersView:116 -                Rank 5 : false
2025-09-02 14:24:34,065 [INFO] ADCParametersView:116 -                Rank 6 : false
2025-09-02 14:24:34,065 [INFO] ADCParametersView:116 -                Rank 7 : true
2025-09-02 14:24:34,065 [INFO] ADCParametersView:116 -                Rank 8 : true
2025-09-02 14:24:34,065 [INFO] ADCParametersView:116 -                Rank 6 : false
2025-09-02 14:24:34,065 [INFO] ADCParametersView:116 -                Rank 7 : true
2025-09-02 14:24:34,065 [INFO] ADCParametersView:116 -                Rank 8 : true
2025-09-02 14:24:34,065 [INFO] ADCParametersView:116 -                Rank 7 : true
2025-09-02 14:24:34,065 [INFO] ADCParametersView:116 -                Rank 8 : true
2025-09-02 14:24:34,065 [INFO] ADCParametersView:116 -                Rank 8 : true
2025-09-02 14:24:34,164 [INFO] ADCParametersView:116 -                Rank 1 : false
2025-09-02 14:24:34,164 [INFO] ADCParametersView:116 -                Rank 1 : false
2025-09-02 14:24:34,164 [INFO] ADCParametersView:116 -                Rank 2 : false
2025-09-02 14:24:34,164 [INFO] ADCParametersView:116 -                Rank 1 : false
2025-09-02 14:24:34,164 [INFO] ADCParametersView:116 -                Rank 2 : false
2025-09-02 14:24:34,164 [INFO] ADCParametersView:116 -                Rank 3 : false
2025-09-02 14:24:34,165 [INFO] ADCParametersView:116 -                Rank 1 : false
2025-09-02 14:24:34,165 [INFO] ADCParametersView:116 -                Rank 2 : false
2025-09-02 14:24:34,165 [INFO] ADCParametersView:116 -                Rank 3 : false
2025-09-02 14:24:34,165 [INFO] ADCParametersView:116 -                Rank 4 : false
2025-09-02 14:24:34,165 [INFO] ADCParametersView:116 -                Rank 1 : false
2025-09-02 14:24:34,165 [INFO] ADCParametersView:116 -                Rank 2 : false
2025-09-02 14:24:34,165 [INFO] ADCParametersView:116 -                Rank 3 : false
2025-09-02 14:24:34,165 [INFO] ADCParametersView:116 -                Rank 4 : false
2025-09-02 14:24:34,165 [INFO] ADCParametersView:116 -                Rank 5 : false
2025-09-02 14:24:34,165 [INFO] ADCParametersView:116 -                Rank 1 : false
2025-09-02 14:24:34,165 [INFO] ADCParametersView:116 -                Rank 2 : false
2025-09-02 14:24:34,165 [INFO] ADCParametersView:116 -                Rank 3 : false
2025-09-02 14:24:34,165 [INFO] ADCParametersView:116 -                Rank 4 : false
2025-09-02 14:24:34,165 [INFO] ADCParametersView:116 -                Rank 5 : false
2025-09-02 14:24:34,165 [INFO] ADCParametersView:116 -                Rank 6 : false
2025-09-02 14:24:34,165 [INFO] ADCParametersView:116 -                Rank 1 : false
2025-09-02 14:24:34,165 [INFO] ADCParametersView:116 -                Rank 2 : false
2025-09-02 14:24:34,165 [INFO] ADCParametersView:116 -                Rank 3 : false
2025-09-02 14:24:34,165 [INFO] ADCParametersView:116 -                Rank 4 : false
2025-09-02 14:24:34,165 [INFO] ADCParametersView:116 -                Rank 5 : false
2025-09-02 14:24:34,165 [INFO] ADCParametersView:116 -                Rank 6 : false
2025-09-02 14:24:34,165 [INFO] ADCParametersView:116 -                Rank 7 : true
2025-09-02 14:24:34,166 [INFO] ADCParametersView:116 -                Rank 1 : false
2025-09-02 14:24:34,166 [INFO] ADCParametersView:116 -                Rank 2 : false
2025-09-02 14:24:34,166 [INFO] ADCParametersView:116 -                Rank 3 : false
2025-09-02 14:24:34,166 [INFO] ADCParametersView:116 -                Rank 4 : false
2025-09-02 14:24:34,166 [INFO] ADCParametersView:116 -                Rank 5 : false
2025-09-02 14:24:34,166 [INFO] ADCParametersView:116 -                Rank 6 : false
2025-09-02 14:24:34,166 [INFO] ADCParametersView:116 -                Rank 7 : true
2025-09-02 14:24:34,166 [INFO] ADCParametersView:116 -                Rank 8 : true
2025-09-02 14:24:51,244 [INFO] UtilMem:75 - End SaveConfig() Used Memory: 629022600 Bytes (1055916032)
2025-09-02 14:24:51,836 [INFO] UtilMem:75 - End SaveConfig() Used Memory: 678300968 Bytes (1055916032)
2025-09-02 14:24:52,291 [INFO] BlockDiagram:2775 - set Specific Code input for plugin: SYS
2025-09-02 14:24:52,291 [INFO] BlockDiagram:2775 - set Specific Code input for plugin: ADC
2025-09-02 14:24:52,291 [INFO] BlockDiagram:2775 - set Specific Code input for plugin: RCC
2025-09-02 14:24:52,291 [INFO] BlockDiagram:2775 - set Specific Code input for plugin: NVIC
2025-09-02 14:24:52,291 [INFO] BlockDiagram:2775 - set Specific Code input for plugin: USART
2025-09-02 14:24:52,291 [INFO] BlockDiagram:2775 - set Specific Code input for plugin: CORTEX_M7
2025-09-02 14:24:52,292 [INFO] BlockDiagram:2775 - set Specific Code input for plugin: DMA
2025-09-02 14:24:52,293 [INFO] BlockDiagram:2775 - set Specific Code input for plugin: GPIO
2025-09-02 14:24:52,294 [INFO] CodeGenerator:892 - code generatio: config db path: C:\ST\STM32CubeIDE_1.19.0\STM32CubeIDE\plugins\com.st.stm32cube.common.mx_6.15.0.202507011659\\db\
2025-09-02 14:24:52,317 [INFO] Argument:325 - Argument : hdmavalue: null
2025-09-02 14:24:52,317 [INFO] Argument:327 - 	 sub Args: 
2025-09-02 14:24:52,317 [INFO] Argument:325 - Argument : Instancevalue: DMA2_Stream0
2025-09-02 14:24:52,317 [INFO] Argument:335 - Argument : Instancevalue: DMA2_Stream0
2025-09-02 14:24:52,317 [INFO] Argument:325 - Argument : Initvalue: null
2025-09-02 14:24:52,317 [INFO] Argument:327 - 	 sub Args: 
2025-09-02 14:24:52,317 [INFO] Argument:325 - Argument : Channelvalue: DMA_CHANNEL_0
2025-09-02 14:24:52,317 [INFO] Argument:335 - Argument : Channelvalue: DMA_CHANNEL_0
2025-09-02 14:24:52,317 [INFO] Argument:325 - Argument : Directionvalue: DMA_PERIPH_TO_MEMORY
2025-09-02 14:24:52,317 [INFO] Argument:335 - Argument : Directionvalue: DMA_PERIPH_TO_MEMORY
2025-09-02 14:24:52,317 [INFO] Argument:325 - Argument : PeriphIncvalue: DMA_PINC_DISABLE
2025-09-02 14:24:52,317 [INFO] Argument:335 - Argument : PeriphIncvalue: DMA_PINC_DISABLE
2025-09-02 14:24:52,317 [INFO] Argument:325 - Argument : MemIncvalue: DMA_MINC_ENABLE
2025-09-02 14:24:52,317 [INFO] Argument:335 - Argument : MemIncvalue: DMA_MINC_ENABLE
2025-09-02 14:24:52,317 [INFO] Argument:325 - Argument : PeriphDataAlignmentvalue: DMA_PDATAALIGN_WORD
2025-09-02 14:24:52,317 [INFO] Argument:335 - Argument : PeriphDataAlignmentvalue: DMA_PDATAALIGN_WORD
2025-09-02 14:24:52,317 [INFO] Argument:325 - Argument : MemDataAlignmentvalue: DMA_MDATAALIGN_WORD
2025-09-02 14:24:52,317 [INFO] Argument:335 - Argument : MemDataAlignmentvalue: DMA_MDATAALIGN_WORD
2025-09-02 14:24:52,317 [INFO] Argument:325 - Argument : Modevalue: DMA_CIRCULAR
2025-09-02 14:24:52,317 [INFO] Argument:335 - Argument : Modevalue: DMA_CIRCULAR
2025-09-02 14:24:52,317 [INFO] Argument:325 - Argument : Priorityvalue: DMA_PRIORITY_LOW
2025-09-02 14:24:52,317 [INFO] Argument:335 - Argument : Priorityvalue: DMA_PRIORITY_LOW
2025-09-02 14:24:52,318 [INFO] Argument:325 - Argument : FIFOModevalue: DMA_FIFOMODE_DISABLE
2025-09-02 14:24:52,318 [INFO] Argument:335 - Argument : FIFOModevalue: DMA_FIFOMODE_DISABLE
2025-09-02 14:24:52,318 [INFO] Argument:325 - Argument : FIFOThresholdvalue: null
2025-09-02 14:24:52,318 [INFO] Argument:335 - Argument : FIFOThresholdvalue: null
2025-09-02 14:24:52,318 [INFO] Argument:325 - Argument : MemBurstvalue: null
2025-09-02 14:24:52,318 [INFO] Argument:335 - Argument : MemBurstvalue: null
2025-09-02 14:24:52,318 [INFO] Argument:325 - Argument : PeriphBurstvalue: null
2025-09-02 14:24:52,318 [INFO] Argument:335 - Argument : PeriphBurstvalue: null
2025-09-02 14:24:52,318 [INFO] Argument:325 - Argument : Lockvalue: null
2025-09-02 14:24:52,318 [INFO] Argument:335 - Argument : Lockvalue: null
2025-09-02 14:24:52,318 [INFO] Argument:325 - Argument : Statevalue: null
2025-09-02 14:24:52,318 [INFO] Argument:335 - Argument : Statevalue: null
2025-09-02 14:24:52,318 [INFO] Argument:325 - Argument : Parentvalue: null
2025-09-02 14:24:52,318 [INFO] Argument:335 - Argument : Parentvalue: null
2025-09-02 14:24:52,318 [INFO] Argument:325 - Argument : XferCpltCallbackvalue: null
2025-09-02 14:24:52,318 [INFO] Argument:335 - Argument : XferCpltCallbackvalue: null
2025-09-02 14:24:52,318 [INFO] Argument:325 - Argument : XferHalfCpltCallbackvalue: null
2025-09-02 14:24:52,318 [INFO] Argument:335 - Argument : XferHalfCpltCallbackvalue: null
2025-09-02 14:24:52,318 [INFO] Argument:325 - Argument : XferM1CpltCallbackvalue: null
2025-09-02 14:24:52,318 [INFO] Argument:335 - Argument : XferM1CpltCallbackvalue: null
2025-09-02 14:24:52,318 [INFO] Argument:325 - Argument : XferErrorCallbackvalue: null
2025-09-02 14:24:52,318 [INFO] Argument:335 - Argument : XferErrorCallbackvalue: null
2025-09-02 14:24:52,318 [INFO] Argument:325 - Argument : ErrorCodevalue: null
2025-09-02 14:24:52,318 [INFO] Argument:335 - Argument : ErrorCodevalue: null
2025-09-02 14:24:52,512 [INFO] CodeEngine:265 - oldGeneratedFile, C:\Users\USERIT\STM32CubeIDE\MAD_Lab\Special_Problem_1\MXTmpFiles\license.tmp_save
2025-09-02 14:24:52,718 [INFO] CodeEngine:289 - Generated code: C:\Users\USERIT\STM32CubeIDE\MAD_Lab\Special_Problem_1\MXTmpFiles\license.tmp
2025-09-02 14:24:52,751 [INFO] CodeEngine:265 - oldGeneratedFile, C:\Users\USERIT\STM32CubeIDE\MAD_Lab\Special_Problem_1\Core\Src\gpio.c_save
2025-09-02 14:24:52,968 [INFO] CodeEngine:289 - Generated code: C:\Users\USERIT\STM32CubeIDE\MAD_Lab\Special_Problem_1\Core\Src\gpio.c
2025-09-02 14:24:52,977 [INFO] CodeEngine:265 - oldGeneratedFile, C:\Users\USERIT\STM32CubeIDE\MAD_Lab\Special_Problem_1\Core\Inc\gpio.h_save
2025-09-02 14:24:53,060 [INFO] CodeEngine:289 - Generated code: C:\Users\USERIT\STM32CubeIDE\MAD_Lab\Special_Problem_1\Core\Inc\gpio.h
2025-09-02 14:24:53,194 [INFO] CodeEngine:265 - oldGeneratedFile, C:\Users\USERIT\STM32CubeIDE\MAD_Lab\Special_Problem_1\Core\Src\adc.c_save
2025-09-02 14:24:53,376 [INFO] CodeEngine:289 - Generated code: C:\Users\USERIT\STM32CubeIDE\MAD_Lab\Special_Problem_1\Core\Src\adc.c
2025-09-02 14:24:53,387 [INFO] CodeEngine:265 - oldGeneratedFile, C:\Users\USERIT\STM32CubeIDE\MAD_Lab\Special_Problem_1\Core\Inc\adc.h_save
2025-09-02 14:24:53,463 [INFO] CodeEngine:289 - Generated code: C:\Users\USERIT\STM32CubeIDE\MAD_Lab\Special_Problem_1\Core\Inc\adc.h
2025-09-02 14:24:53,476 [INFO] CodeEngine:265 - oldGeneratedFile, C:\Users\USERIT\STM32CubeIDE\MAD_Lab\Special_Problem_1\MXTmpFiles\cortex.tmp_save
2025-09-02 14:24:53,577 [INFO] CodeEngine:289 - Generated code: C:\Users\USERIT\STM32CubeIDE\MAD_Lab\Special_Problem_1\MXTmpFiles\cortex.tmp
2025-09-02 14:24:53,599 [INFO] CodeEngine:265 - oldGeneratedFile, C:\Users\USERIT\STM32CubeIDE\MAD_Lab\Special_Problem_1\Core\Src\dma.c_save
2025-09-02 14:24:53,718 [INFO] CodeEngine:289 - Generated code: C:\Users\USERIT\STM32CubeIDE\MAD_Lab\Special_Problem_1\Core\Src\dma.c
2025-09-02 14:24:53,728 [INFO] CodeEngine:265 - oldGeneratedFile, C:\Users\USERIT\STM32CubeIDE\MAD_Lab\Special_Problem_1\Core\Inc\dma.h_save
2025-09-02 14:24:53,786 [INFO] CodeEngine:289 - Generated code: C:\Users\USERIT\STM32CubeIDE\MAD_Lab\Special_Problem_1\Core\Inc\dma.h
2025-09-02 14:24:53,803 [INFO] CodeEngine:265 - oldGeneratedFile, C:\Users\USERIT\STM32CubeIDE\MAD_Lab\Special_Problem_1\Core\Src\usart.c_save
2025-09-02 14:24:53,937 [INFO] CodeEngine:289 - Generated code: C:\Users\USERIT\STM32CubeIDE\MAD_Lab\Special_Problem_1\Core\Src\usart.c
2025-09-02 14:24:53,946 [INFO] CodeEngine:265 - oldGeneratedFile, C:\Users\USERIT\STM32CubeIDE\MAD_Lab\Special_Problem_1\Core\Inc\usart.h_save
2025-09-02 14:24:54,007 [INFO] CodeEngine:289 - Generated code: C:\Users\USERIT\STM32CubeIDE\MAD_Lab\Special_Problem_1\Core\Inc\usart.h
2025-09-02 14:24:54,023 [INFO] CodeEngine:265 - oldGeneratedFile, C:\Users\USERIT\STM32CubeIDE\MAD_Lab\Special_Problem_1\Core\Src\stm32f7xx_it.c_save
2025-09-02 14:24:54,152 [INFO] CodeEngine:289 - Generated code: C:\Users\USERIT\STM32CubeIDE\MAD_Lab\Special_Problem_1\Core\Src\stm32f7xx_it.c
2025-09-02 14:24:54,161 [INFO] CodeEngine:265 - oldGeneratedFile, C:\Users\USERIT\STM32CubeIDE\MAD_Lab\Special_Problem_1\Core\Inc\stm32f7xx_it.h_save
2025-09-02 14:24:54,229 [INFO] CodeEngine:289 - Generated code: C:\Users\USERIT\STM32CubeIDE\MAD_Lab\Special_Problem_1\Core\Inc\stm32f7xx_it.h
2025-09-02 14:24:54,246 [INFO] CodeEngine:265 - oldGeneratedFile, C:\Users\USERIT\STM32CubeIDE\MAD_Lab\Special_Problem_1\Core\Src\stm32f7xx_hal_msp.c_save
2025-09-02 14:24:54,365 [INFO] CodeEngine:289 - Generated code: C:\Users\USERIT\STM32CubeIDE\MAD_Lab\Special_Problem_1\Core\Src\stm32f7xx_hal_msp.c
2025-09-02 14:24:54,370 [INFO] CodeEngine:265 - oldGeneratedFile, C:\Users\USERIT\STM32CubeIDE\MAD_Lab\Special_Problem_1\MXTmpFiles\system.tmp_save
2025-09-02 14:24:54,424 [INFO] CodeEngine:289 - Generated code: C:\Users\USERIT\STM32CubeIDE\MAD_Lab\Special_Problem_1\MXTmpFiles\system.tmp
2025-09-02 14:24:54,437 [INFO] CodeEngine:321 - oldGeneratedFile, C:\Users\USERIT\STM32CubeIDE\MAD_Lab\Special_Problem_1\Core\Inc\stm32f7xx_hal_conf.h_save
2025-09-02 14:24:54,580 [INFO] CodeEngine:345 - Generated code: C:\Users\USERIT\STM32CubeIDE\MAD_Lab\Special_Problem_1\Core\Inc\stm32f7xx_hal_conf.h
2025-09-02 14:24:54,614 [INFO] CodeEngine:265 - oldGeneratedFile, C:\Users\USERIT\STM32CubeIDE\MAD_Lab\Special_Problem_1\Core\Inc\main.h_save
2025-09-02 14:24:54,717 [INFO] CodeEngine:289 - Generated code: C:\Users\USERIT\STM32CubeIDE\MAD_Lab\Special_Problem_1\Core\Inc\main.h
2025-09-02 14:24:54,725 [INFO] CodeEngine:265 - oldGeneratedFile, C:\Users\USERIT\STM32CubeIDE\MAD_Lab\Special_Problem_1\Core\Src\main.c_save
2025-09-02 14:24:54,809 [INFO] CodeEngine:289 - Generated code: C:\Users\USERIT\STM32CubeIDE\MAD_Lab\Special_Problem_1\Core\Src\main.c
2025-09-02 14:24:55,129 [INFO] ProjectBuilder:3606 - Time for Copy HAL[1] : 130mS.
2025-09-02 14:24:55,131 [INFO] ProjectBuilder:5216 - Project Generator version: 4.7.0-B52
2025-09-02 14:24:55,209 [INFO] ConfigFileManager:1595 - The Die is : DIE451
2025-09-02 14:24:56,193 [INFO] ProjectBuilder:5496 - Time for Generating toolchain IDE Files: 1062mS.
2025-09-02 14:24:56,198 [INFO] ProjectBuilder:3463 - Time for Copy CMSIS : 5mS.
2025-09-02 14:24:56,201 [INFO] ProjectBuilder:3463 - Time for Copy CMSIS : 0mS.
2025-09-02 16:00:00,418 [ERROR] LogOutputStream:75 - [STDERR_REDIRECT] 
2025-09-02 16:00:00,420 [ERROR] LogOutputStream:75 - [STDERR_REDIRECT] 
